"Year","OPR","DPR","CCWM"
2007,-0.119653288575267,1.48059065468509,1.04020767402228
2008,0.808818642565025,-0.0338595896016294,0.754515455094516
2009,0.2457577437971,0.16525461025013,0.287701830075391
2010,0.788074356351313,-0.467293856466841,0.332594523995391
2011,-0.150552526398877,-1.17010259209684,-1.07802387296995
