"Year","OPR","DPR","CCWM"
2007,0.026865602769426,0.71680774023184,0.558753695249376
2008,0.236174092473491,-0.0518887316551167,0.185252390269751
2009,0.0752729250087494,-0.768467312531027,-0.44862858184875
2010,-0.287822947691075,-0.0730159654025622,-0.32038645741188
2011,-0.746783460125399,0.45557349816621,-0.379213317168789
2012,-0.740432582027048,0.791329788756718,-0.139343839098402
2013,-1.45949158423832,2.19253916151453,0.21345118566156
2014,-0.759788379579223,2.06475866029922,0.770223768018819
