"Year","OPR","DPR","CCWM"
2007,-0.100611150660916,0.74567985999009,0.497642981134002
2008,0.566956699237206,0.155154035732296,0.678237205105265
2009,-0.277503560735107,-0.6163594292591,-0.6064880123502
2010,-1.33415432507061,0.070340631149599,-1.15140321900607
2011,0.267993806934962,-0.208141191539817,0.100646787727224
