"Year","OPR","DPR","CCWM"
2010,0.0545666059895506,-0.609581437458281,-0.448153950589225
2011,3.12562642524141,-1.52866538652187,1.88727965306977
2012,3.75209826756325,-0.580525285586685,3.80481630915678
2016,0.178185211716545,-0.252623378586328,-0.018562323177217
2017,1.08140931316539,-0.461816287066864,0.922531517141845
2019,1.16085422490468,0.0232850467589366,1.44886303603337
