"Year","OPR","DPR","CCWM"
2007,0.68550028541358,1.51579225389258,1.59047326268771
2008,-1.73355707376406,1.67120287196838,-0.282548779826275
