"Year","OPR","DPR","CCWM"
2016,0.215320497623203,4.72089723801722,5.03740111966924
