"Year","OPR","DPR","CCWM"
2007,-0.455435297164975,-0.461603497057704,-0.644790583539151
