"Year","OPR","DPR","CCWM"
2007,-0.910457156457219,0.788697000331567,0.00339034029609187
