"Year","OPR","DPR","CCWM"
2007,-0.0953555475133868,-0.00412804057987292,-0.0651378673309295
