"Year","OPR","DPR","CCWM"
2008,0.408461539740349,-0.467286473874346,0.00519862733247218
2009,0.307489702575882,-0.25145880962449,0.0596937770945978
