"Year","OPR","DPR","CCWM"
2008,-1.31229526827955,0.100028977368463,-1.18654382011506
