"Year","OPR","DPR","CCWM"
2007,-0.857902806579145,0.0927545865355405,-0.487951483780193
2008,-0.233931567794293,-1.26159509813916,-1.27964579488028
2009,-0.934701476092088,-1.20735283999209,-1.47354070171118
