"Year","OPR","DPR","CCWM"
2007,-0.500824474230699,0.95021888301161,0.39179089481221
2008,-1.40215610185107,0.156588638987325,-1.22629316920466
