"Year","OPR","DPR","CCWM"
2007,0.36405218647034,0.967028054534495,0.96701268092938
2008,-0.448227189840006,0.0721620915112927,-0.373554363787561
2009,-1.11989584217328,0.157972978221204,-0.714033860978701
2010,-0.036496017602524,0.504830533433326,0.379019970684304
2011,-0.0425786188471149,0.0338776875602896,-0.0153490673252002
2012,-0.178983792345032,0.313307703934754,0.0765676869477516
2013,-0.198856235211246,-0.906454602819955,-1.01806780137442
