"Year","OPR","DPR","CCWM"
2007,0.235321912988302,0.0645163410846553,0.201774844482054
