"Year","OPR","DPR","CCWM"
2007,-0.366055080835001,0.863152215371045,0.413700656046651
2009,0.414165162786418,-0.231641675598576,0.150555995564212
