"Year","OPR","DPR","CCWM"
2014,1.18666300933967,-0.320424642021564,0.883445910948396
2015,0.26441479317071,-0.0680569082822985,0.286527633431149
2016,0.440605229533622,0.0909548787109154,0.674519268830019
2017,1.01211226727083,-0.931295739348304,0.393647872535264
2018,0.273980179917478,-0.328823362426135,0.0190285800974947
2019,0.850666578112619,-0.340283928809657,0.751456615782839
