"Year","OPR","DPR","CCWM"
2008,-0.262814100332485,0.164530437151337,-0.116995790258654
