"Year","OPR","DPR","CCWM"
2007,-0.193419430353664,-2.57115864075355,-2.0673507147733
2008,0.314397769147343,0.244077648183171,0.508046016954546
2009,0.498636487862344,0.208479850075644,0.500635824860788
2010,0.240726843633798,-0.450480865949954,-0.149609930814598
