"Year","OPR","DPR","CCWM"
2007,-1.72857334065319,-0.814163183111039,-1.73908551776443
