"Year","OPR","DPR","CCWM"
2016,-0.0641938126875292,-0.0236265278520054,-0.108718206881411
2017,0.913609303897438,-1.01842389814214,0.188009000253723
2018,1.61522912166759,0.324243196838814,1.32740289420955
2019,0.840766065187801,-1.91717016416408,-0.629834546402474
