"Year","OPR","DPR","CCWM"
2008,1.54169762355167,-0.0153732401016744,1.47923678568256
2011,-0.444008693656593,0.101871742274231,-0.359592300004089
2012,0.474141543817201,0.694930772686,1.17498791775041
2013,0.294154243194605,-0.688466646655626,-0.257256916519386
2014,1.19797360021226,-1.29754120817907,0.192134402688516
2015,-0.51225270463533,-1.1541505017754,-2.03074870077253
2016,-1.01144812425393,-0.722113356773034,-2.06517475713146
2017,-0.00437396177099785,0.201660512893265,0.184329560805919
2018,-0.471279303188831,-0.179816475201267,-0.433061753440661
