"Year","OPR","DPR","CCWM"
2008,0.062520411223096,0.104776617745572,0.147980811147764
2009,-0.229308166825878,-0.971725086634068,-0.80417667747612
2010,0.91639160804833,-0.621019977004359,0.323372520491772
2011,-0.488686751599222,-1.33911316898737,-1.54758358720305
2012,-0.818863194850878,1.02833843933693,-0.0156927985573277
2013,-0.592485834934138,-0.3614559879522,-1.00075946615946
2014,0.581565213366316,2.17917587687493,2.11121454928056
