"Year","OPR","DPR","CCWM"
2007,1.49891730224653,-1.0773277773104,0.161400462509662
