"Year","OPR","DPR","CCWM"
2007,-0.46471592597945,-1.53350214892383,-1.46024500029671
