"Year","OPR","DPR","CCWM"
2007,0.32675728362601,-0.0321133508353626,0.188278222644264
