"Year","OPR","DPR","CCWM"
2013,0.517750811532494,-0.62025796098021,0.0611599084701405
2014,-0.340647322721895,0.167541502085283,-0.199325665230392
2015,-0.517636919100012,0.855994699753916,0.268428093765745
2016,-0.618273053206281,0.999562605263602,0.188233463423713
2017,-0.967079629167204,1.87368754334755,0.549925788964128
2018,-0.429424560342462,-1.56160533204605,-1.14525915638662
2019,-0.496689953637142,0.0318752954142073,-0.583593768925365
