"Year","OPR","DPR","CCWM"
2008,-0.800108855900321,1.95951923535771,0.861553515574855
2009,-0.697046894302761,-1.36320838136706,-1.40217922685333
2011,-0.579325980638935,0.979022490019251,0.202347890798098
