"Year","OPR","DPR","CCWM"
2007,-2.05031455333309,-1.99055010795184,-2.83667075799532
