"Year","OPR","DPR","CCWM"
2017,0.978433847899301,1.3520084321269,2.50060949615562
