"Year","OPR","DPR","CCWM"
2007,-1.34821912331844,-0.176814916222514,-1.01041941247728
