"Year","OPR","DPR","CCWM"
2007,-0.829156630218537,-0.8661900013961,-1.1933781862719
