"Year","OPR","DPR","CCWM"
2007,0.751178345927417,-0.455916066287728,0.144303748952532
2008,1.93131513099176,-2.23528485811856,0.00301649957358765
2009,2.16544659314059,-1.2552776091476,0.75824582858572
2010,0.94766716252344,-0.780671260217002,0.221388446446506
2011,3.33350963363099,-0.101328015869691,3.2263345641808
2012,1.02416063614232,-1.1295888940406,0.161090282778756
2013,1.95299230798889,-2.01868258949518,0.509583533084775
2014,1.53609492396596,-0.770577609019607,0.887997427334332
