"Year","OPR","DPR","CCWM"
2007,-0.279392218715813,-0.244405027360346,-0.36627739173699
2008,-0.504073397135213,0.815285177793739,0.192794399114337
2009,-1.29332116975823,-0.31189416433333,-1.14854494234992
2010,-0.578720503311277,2.85721176547547,1.80795536679369
