"Year","OPR","DPR","CCWM"
2007,-2.30775996252044,-0.147417095683029,-1.61232011536197
