"Year","OPR","DPR","CCWM"
2007,-0.349591062780954,0.0517314596391492,-0.188315518032784
2008,0.168445542353865,0.00253805368061253,0.165142262972104
