"Year","OPR","DPR","CCWM"
2007,-0.953011467367633,0.944792013845333,0.0935837254817256
2008,-0.712893078350375,-0.501135148499344,-1.10831876366147
2009,-0.809159327783065,-0.599489302120781,-0.983556018475466
