"Year","OPR","DPR","CCWM"
2009,-1.52748211384519,-0.763545469602514,-1.61545774985843
