"Year","OPR","DPR","CCWM"
2007,-0.0419384287605205,1.26763370152929,0.929945328484766
2008,-0.625604196009379,-0.0285083359002856,-0.629266535584811
