"Year","OPR","DPR","CCWM"
2007,-0.992678735310584,-1.47006801836852,-1.75573919024754
