"Year","OPR","DPR","CCWM"
2007,-0.711733030688142,0.825034492134171,0.160082863527702
2008,-0.913180265308409,-0.553223696598407,-1.34564500175509
