"Year","OPR","DPR","CCWM"
2007,0.371760591824051,-1.91949035371026,-1.20765771999413
2008,0.891301217452739,0.955578848969407,1.66037697001605
2009,-1.27673319899149,0.60552936703136,-0.535243790772857
