"Year","OPR","DPR","CCWM"
2007,0.463732437280366,2.56050405224077,2.23512079507591
2008,0.391892627883345,0.361187843294187,0.680815959381843
