"Year","OPR","DPR","CCWM"
2007,-1.7380320051264,1.66031083920288,0.123301207323829
2008,-1.33624039037191,0.267868697264233,-1.06959694471815
2009,-1.85730121158897,-3.34418687165006,-3.54733972605949
2010,0.273000298436808,-0.684048760089758,-0.311027147319073
2011,-0.671131677787553,1.47167963188832,0.502288005097833
2012,-1.04456173809534,0.873938332438629,-0.415621795512233
2013,-1.39908038699321,1.51563192334488,-0.304674522159886
2014,-0.324406283104019,1.03446627315737,0.438683870704658
