"Year","OPR","DPR","CCWM"
2007,-0.0219616370358541,1.4441529120241,1.07623271537015
2008,-1.27427158832427,-0.00432848721027229,-1.23686707300146
2009,-1.34095336768134,-0.410385740510467,-1.24785967611152
2010,-0.866036277785021,-0.248429423936451,-0.987469428211682
2011,-0.392703976698773,-0.437708767298743,-0.736950188534471
