"Year","OPR","DPR","CCWM"
2007,-0.381435613821356,-0.552609772478131,-0.665381251867262
2008,-1.83366844838543,0.902455669686497,-1.02122725660684
