"Year","OPR","DPR","CCWM"
2007,-1.26629321383097,-0.228413333924414,-0.996096860639628
2008,0.445696378318018,1.49934734035688,1.68308178261595
2009,0.174619836323751,0.0884099319747519,0.185412596313923
