"Year","OPR","DPR","CCWM"
2007,-0.197849040370591,0.135628934634631,-0.0262670965673652
2008,-0.459662309582734,1.25892120338245,0.606146049392108
2009,-1.20802129806825,-1.48467848851144,-1.8548042144146
