"Year","OPR","DPR","CCWM"
2007,-1.70662917123124,-0.34734497433661,-1.37230630175704
2008,-0.327026545785368,1.08266741006974,0.587366618332165
2009,-1.71937495668465,0.454912096241121,-0.95708435937305
2010,-0.0624530984774713,0.765581682722006,0.568349575150448
2011,-0.651310057848099,-0.264788212656307,-0.856238285974258
2012,-0.492855600961444,-2.07215641971701,-2.44096630169408
2013,0.821497865014743,1.2742921737062,2.05932313288353
