"Year","OPR","DPR","CCWM"
2007,-0.411293122842148,1.13731616726704,0.591305385063259
2008,-0.547504803378164,-0.515126856239334,-0.959935249753289
2009,0.375629504333567,-0.628319340145482,-0.137520612012824
