"Year","OPR","DPR","CCWM"
2007,-0.148850446078423,-0.568490497186554,-0.526096313376297
2008,1.10774857551824,-1.06432543427067,0.183537186853558
2009,0.817578724207432,-0.598901635943079,0.204391801364442
2010,-0.0625354399391621,-0.267308257511625,-0.274861473543221
2011,0.68472670292072,-0.831970979522469,0.0189178326263369
2012,1.46581253359409,-0.124097202601195,1.57919586080925
2013,-0.538267245950522,0.0678056425712337,-0.564947239197496
2014,-0.0127809304346655,0.152097911977249,0.0972674538971077
