"Year","OPR","DPR","CCWM"
2007,-0.85420176094029,0.417653059139071,-0.240205100803111
2008,-0.697044376225392,0.0984743363227972,-0.592395437636351
