"Year","OPR","DPR","CCWM"
2007,0.598310567639602,0.411264366493546,0.699706433758518
2008,-1.15107888779795,1.49545894915211,0.134459677032613
