"Year","OPR","DPR","CCWM"
2007,-0.506165497126676,1.81373711720387,1.04038177355965
2008,-0.768364408084516,-0.170453463891377,-0.885934449746145
