"Year","OPR","DPR","CCWM"
2007,1.2403899160669,-0.226055120730456,0.636068184183999
