"Year","OPR","DPR","CCWM"
2007,-0.205727968585849,2.09810751858543,1.45052622907613
