"Year","OPR","DPR","CCWM"
2007,-0.506011706860445,0.806584515928154,0.27995504740548
2008,-0.0972458202110481,-0.225327324513062,-0.282230346596458
2009,0.0865355666034411,-0.0379491319151019,0.038305075955665
2010,0.597571602953241,0.415308098414684,0.880445989662601
