"Year","OPR","DPR","CCWM"
2007,0.396932298069816,-1.12932001678621,-0.59460778259063
