"Year","OPR","DPR","CCWM"
2007,-0.167450514687596,0.551292954326899,0.307383119710777
