"Year","OPR","DPR","CCWM"
2007,-0.0525700594641182,-0.0397848069187648,-0.0642348828367501
