"Year","OPR","DPR","CCWM"
2007,-0.0954859279959275,1.24793277613919,0.880240558076843
2008,-1.23231740505033,0.102065263503105,-1.10744040767952
2009,-0.844172229266123,-1.48558130044204,-1.58977618226592
2010,-0.788084486261601,0.114878608933889,-0.620276305652526
