"Year","OPR","DPR","CCWM"
2007,-0.767686898248437,-0.778495115846503,-1.08717669414122
2008,0.228902984631574,1.22941194899232,1.24791093387814
