"Year","OPR","DPR","CCWM"
2007,-0.433056257865468,-0.380121789243191,-0.568705993940295
2009,0.215117053353082,0.0345791810794193,0.179701142008863
