"Year","OPR","DPR","CCWM"
2007,-0.484410893857227,1.33158087606913,0.690442753093592
2008,-0.710164311130558,0.973469817714977,0.125398107119354
