"Year","OPR","DPR","CCWM"
2007,-0.119839708542897,1.22749886807717,0.848970326079026
2008,0.454941889385911,-1.65654785874507,-0.942673670173267
2009,-0.131601542692551,1.44292863651791,0.849484501519121
2010,-1.36663649845942,0.0034078647273194,-1.23547042353631
