"Year","OPR","DPR","CCWM"
2016,-1.47807416119267,0.394253276077566,-1.55871409783187
