"Year","OPR","DPR","CCWM"
2007,-0.349048591130879,0.35296232999774,0.0395044677396729
2010,-0.824904443700277,0.275107114726981,-0.522844603153874
