"Year","OPR","DPR","CCWM"
2007,-0.317653116322204,-0.302859556673199,-0.435303367213795
2008,0.592586452091104,0.728824688291396,1.18197166574308
2013,-0.304378476579237,-0.406657024575434,-0.706111609114683
