"Year","OPR","DPR","CCWM"
2007,-1.67252085380835,1.78469789524517,0.25983849796694
