"Year","OPR","DPR","CCWM"
2007,-0.0727472508814638,0.242534433625527,0.13582806678096
2008,-0.376320321997096,0.923204296773418,0.406531589065459
2009,-1.0046475374911,-1.31896327676691,-1.59774200288494
