"Year","OPR","DPR","CCWM"
2007,-0.032928971898382,1.7111279678712,1.27069910649542
2008,-1.27880233647911,-1.94830049771226,-2.8641796286602
2009,-0.619911598022172,-1.49415591495434,-1.43167884450862
2010,-1.44363348137315,-0.857222642087187,-2.00775717660177
