"Year","OPR","DPR","CCWM"
2007,-0.28994366433008,1.60085143672555,1.02026026010804
2008,0.510627780311977,-1.14038705010762,-0.457862733983578
