"Year","OPR","DPR","CCWM"
2007,-1.43055486350004,0.820920038746916,-0.310556565141697
2008,0.142784821960007,1.13664950536256,1.08712202041444
2009,1.90920365023018,-0.474440978053953,1.08286707525887
2010,-0.719435843862829,0.165791044095234,-0.516517391045749
2011,-1.32120564577768,0.764954904926035,-0.703477492289977
