"Year","OPR","DPR","CCWM"
2007,-0.193821376745621,0.893856928125709,0.548909955881596
2008,-0.684501447095762,-0.603591243210929,-1.16637665327347
