"Year","OPR","DPR","CCWM"
2007,-0.996367465020667,1.30525201307204,0.337576922427771
2008,-1.67226749234266,0.502268161972406,-1.19911879536224
