"Year","OPR","DPR","CCWM"
2007,-0.559530126306544,1.65030243470039,0.882258899100791
