"Year","OPR","DPR","CCWM"
2007,-0.679656080759955,0.372529744827145,-0.160751744594935
