"Year","OPR","DPR","CCWM"
2007,0.221445684760394,1.12341224884437,0.992348988683633
