"Year","OPR","DPR","CCWM"
2007,0.163175966248159,-2.92499388429049,-2.10260578645962
2008,-0.491574995265271,0.821283845451691,0.209898479511791
2009,-0.162792968099209,3.11961593708187,1.92545413314003
2010,-0.282727669320078,0.307974265574846,-0.00477179758466654
2011,-0.992779077215321,1.17876974203399,-0.0492528253896302
