"Year","OPR","DPR","CCWM"
2007,-0.340432612815664,0.810357135225485,0.39049897473962
