"Year","OPR","DPR","CCWM"
2007,-0.00718055255955101,0.397808346850081,0.295724943857399
2008,-0.475622982333891,1.16595562594365,0.513086705156174
