"Year","OPR","DPR","CCWM"
2007,0.4547924460625,0.383693825985785,0.585540873231668
2008,-0.770745513495496,-0.344843164727381,-1.03382838508815
