"Year","OPR","DPR","CCWM"
2007,0.0743314035476753,-0.681844413174119,-0.466531940046956
2008,-0.752300089910886,0.912934534551069,0.0340806951282908
