"Year","OPR","DPR","CCWM"
2007,0.0197511856756221,0.512968733609176,0.400202311142624
