"Year","OPR","DPR","CCWM"
2008,-0.384282287151748,0.747395038187825,0.252051319337322
