"Year","OPR","DPR","CCWM"
2007,-0.778029948514322,0.226615941410536,-0.33491883772341
2008,-0.453364140242548,0.543758279699819,0.0151867542337324
2009,-0.136933392040099,0.0384340455981795,-0.0747790839120032
