"Year","OPR","DPR","CCWM"
2007,-0.240364872241989,1.08025309844047,0.659389896044425
2008,0.673715553532013,-0.499567951976474,0.234964012968189
2009,-1.66725791509601,-0.778045749732234,-1.72699995476052
2010,-0.587055138950955,-0.174060876968253,-0.673990067221499
