"Year","OPR","DPR","CCWM"
2007,-0.609863663503788,-0.22180346585153,-0.564153956510577
2008,1.47169289578447,-0.451150288764615,1.04767641900576
2009,-0.421773011645737,0.283875432288267,-0.121880931076409
