"Year","OPR","DPR","CCWM"
2007,-1.13630234054971,-0.68257128140922,-1.25449515855319
