"Year","OPR","DPR","CCWM"
2008,-0.797204432033615,1.13848526645277,0.178923133264885
2009,0.731380866997337,-0.63377284093025,0.118613790440831
2010,-1.11401133456315,-0.0855030152855298,-1.07915427016685
