"Year","OPR","DPR","CCWM"
2007,-2.28075662984513,0.33673299479483,-1.22916259542656
2008,-0.777712951932999,1.39526058478197,0.412156412653079
2009,-3.04424600374478,-0.282389663711767,-2.40743294459172
2010,-0.721038090975144,-0.55456019837744,-1.10598373850526
2011,-0.29763910625329,0.20341965913863,-0.133801519294126
