"Year","OPR","DPR","CCWM"
2007,-0.107293727463854,1.19272118005262,0.830868896347754
2008,-1.0314976683874,0.819326915913146,-0.314278100777948
