"Year","OPR","DPR","CCWM"
2007,-0.105032679922515,-2.14092642348266,-1.68498326800007
2008,-0.962126619406405,0.54190449803496,-0.478746549858676
