"Year","OPR","DPR","CCWM"
2007,0.0417645554902503,1.33331077757647,1.03398144879119
2008,-1.33350683664109,0.853304927625516,-0.578199157652921
2009,-0.842601213244899,-0.122256780302605,-0.695237026669173
2010,0.0855260506576045,-1.11753229218389,-0.834737461839425
