"Year","OPR","DPR","CCWM"
2007,-0.847246165198267,-0.534058722962205,-0.954343046558736
2008,-0.638560597785841,0.550743943542887,-0.158216332034261
2009,-0.405344469817746,-0.479076685271014,-0.609853371785462
2010,-0.93330507657413,-0.316458733720182,-1.10395043644294
