"Year","OPR","DPR","CCWM"
2007,0.566091181362552,-0.110105749245583,0.285050518906857
