"Year","OPR","DPR","CCWM"
2007,0.984903896298101,0.229444911343125,0.813855999398877
