"Year","OPR","DPR","CCWM"
2007,-0.884557960459948,0.384779247434313,-0.284773086324775
2008,-0.563618967334982,0.232247133701887,-0.3515845252742
2009,-0.282732118366842,0.405330575908085,0.0592127414259715
2010,-0.341993093063764,-0.970948113971451,-1.10243967749737
2011,0.0103572428213647,-0.510209115721885,-0.394665428917765
