"Year","OPR","DPR","CCWM"
2007,2.48152404595835,0.0506475232174469,1.65226569553327
2008,0.85213141436141,1.00812442333432,1.6663357665955
2009,0.96300646324487,-0.186664268652622,0.580698853574177
