"Year","OPR","DPR","CCWM"
2007,-0.742859100211292,2.23157973382539,1.20195637841188
2008,-0.578865359592574,1.26536455812833,0.496159328727456
