"Year","OPR","DPR","CCWM"
2011,0.211761672900343,-0.816491488191527,-0.437965665338032
