"Year","OPR","DPR","CCWM"
2007,1.20027451544718,0.198486303890381,0.930558641464694
