"Year","OPR","DPR","CCWM"
2007,-0.21145237063158,0.232433344620577,0.0379845855819504
2008,-1.37281437838539,0.13222900253407,-1.21823261628127
2009,0.0515211508831389,0.975342737863691,0.676758015430643
2010,0.232934953339193,0.689799105845604,0.774127880593005
2011,-0.555397284444248,1.88644130663006,0.94627897675992
2012,-1.17479470390476,0.885851198638941,-0.55512689054067
2013,-0.42274033751764,-0.429903618183777,-0.863493368993311
