"Year","OPR","DPR","CCWM"
2007,-1.41463748168044,1.09738431304435,-0.0914383989615907
