"Year","OPR","DPR","CCWM"
2007,0.309083572487318,-0.705477300631684,-0.331691408346865
2008,0.0482973121342044,-0.450694897683506,-0.329520596014186
2009,-0.628233696268721,-0.434515044930341,-0.743367098159544
2010,0.0804212997549058,-0.444299925321484,-0.289810653294793
