"Year","OPR","DPR","CCWM"
2007,-0.591327867578335,0.516553498432774,0.00545427908103228
