"Year","OPR","DPR","CCWM"
2007,-2.05057501590153,0.335340949040331,-1.08050019138734
2008,-0.942961918434495,-0.573177977472275,-1.39112685676258
2009,-0.715337052017173,0.859569162066032,0.0410639033804537
2010,-0.810388633531098,0.0513716604711812,-0.692325169339194
