"Year","OPR","DPR","CCWM"
2007,-2.04487727434662,-1.01024531537121,-2.09288098530729
2009,-2.5327848138911,-0.796524938337139,-2.3709674604042
2010,-0.288676722663864,0.552792050304712,0.189680018269185
2011,0.0342105493318157,1.3779341518813,1.12756605909761
2012,1.00416050590514,0.452692540619972,1.56767553511891
2013,-0.614267271087357,-0.709070401889687,-1.32803575506315
