"Year","OPR","DPR","CCWM"
2007,0.448932543463345,0.966245134086556,1.0216289346671
2008,-1.98384845098665,1.00741690657261,-1.07894601087539
