"Year","OPR","DPR","CCWM"
2007,-0.864500436575065,1.35996375767623,0.464659456405184
2008,-0.277753812043477,0.601776780135654,0.233581097877119
