"Year","OPR","DPR","CCWM"
2007,0.549329418201626,0.259439397727553,0.553201432786028
2008,0.144538772326857,1.28777315120008,1.21498529117944
2009,-0.204201618480901,1.24156804964179,0.664532048664267
2010,0.142232565118178,0.703858681312252,0.703422910044362
2011,-0.869227494120384,1.08252599829408,-0.00307895459940339
2012,1.25692003564541,0.709677551018754,2.09151883529669
2013,-1.04576925009362,0.903104975648121,-0.427385922293254
