"Year","OPR","DPR","CCWM"
2007,0.848084840877101,1.12562013805577,1.40159172657581
2008,0.11739491673587,0.0514388946712492,0.156559864135971
2009,-1.6218670750401,0.699844800466359,-0.725395544327662
2010,-1.40062742432638,-1.67842980879949,-2.63913336040951
