"Year","OPR","DPR","CCWM"
2007,0.616326773819499,-0.27302253154907,0.194701861896295
2008,-0.124373115002483,-0.0379793685419498,-0.152076734216957
2009,-1.39540745374832,-1.58326627738666,-2.05620616098526
2010,-0.364713760250709,0.312063660092312,-0.0757178419624929
2011,-1.26249633244135,2.5073308340837,0.737638558993027
2012,-1.70361096127403,1.38558192972365,-0.713770733245404
2013,-0.93142472392323,-1.46104662132079,-2.34899539648836
2014,-0.443505676690767,1.67743531164369,0.7888008770305
