"Year","OPR","DPR","CCWM"
2007,1.59656252908564,-0.153929426068404,0.922192154224872
2008,-0.287859711456246,0.325330506330211,-0.00699104158514101
2009,-1.52959608847218,0.49402915530995,-0.792907086493236
2010,-0.274945407674631,0.647063836011194,0.27907438751656
2011,0.385135656000615,0.900739772974142,1.09693813223088
