"Year","OPR","DPR","CCWM"
2007,0.327099099971237,-1.03182595999912,-0.56640807971574
