"Year","OPR","DPR","CCWM"
2007,0.202815148385643,-0.621857847508686,-0.337666791828049
2008,0.681663759972186,-0.863816829677115,-0.0614372952523222
2009,0.723799739397996,-0.224133657955692,0.381517635828535
