"Year","OPR","DPR","CCWM"
2007,0.294400524807341,1.56380737121665,1.37235355975747
2008,-0.685268188744992,1.56477749060433,0.643146842649177
2009,0.924374991344458,-1.86672787707298,-0.548455887838866
2010,-0.0832900042163985,0.311048991991413,0.178440201689889
2011,-0.958626175295401,0.523414301624011,-0.535512389652029
