"Year","OPR","DPR","CCWM"
2007,0.937064935520317,-0.00962844333422748,0.602210401719263
