"Year","OPR","DPR","CCWM"
2007,1.27989770368453,-0.800168242323452,0.22823710273959
2008,0.928405702496918,0.0953821667324632,0.978150722244108
