"Year","OPR","DPR","CCWM"
2007,0.382349297192695,0.314513000308985,0.486182547522959
2008,-0.896141574306897,-0.376670117364175,-1.18175878430422
2009,-0.595259546386,-0.198468833621263,-0.564613006547981
2010,-0.146895520876938,0.824571917452395,0.53999288993038
