"Year","OPR","DPR","CCWM"
2007,1.31353232267421,1.55011498263778,2.02487269015277
2008,-0.568599808905001,-0.195164502933946,-0.713230216309442
2009,-0.85164770525109,0.350867752899354,-0.391800720822911
2010,-1.0288751885526,0.97626228016366,-0.135308895480902
2011,-0.613757802488056,1.86916494657053,0.874675049393388
2012,-1.15484138874413,0.940857300970405,-0.482403335646228
2013,-1.26615566079634,1.23142184374991,-0.397553556006585
2014,-0.989823150678092,1.93364185995262,0.460157242962276
