"Year","OPR","DPR","CCWM"
2007,-1.24058384024002,-0.525228916645444,-1.2035081556905
2008,-1.2454315389124,0.837005243384765,-0.506566772596131
2009,-0.0438803478315632,-2.98823921561282,-1.99023952031903
2010,-1.18527132658257,1.21465949200723,-0.0824119379447689
2012,-0.27729341835177,0.330915874798973,-0.0209567976597303
