"Year","OPR","DPR","CCWM"
2007,0.924220966146027,-0.174593535538014,0.469287120434429
