"Year","OPR","DPR","CCWM"
2007,-0.478443394151621,-0.350075663257288,-0.575537867854833
2008,-1.15164087928535,1.69944091674197,0.304210396016041
2009,-0.916995713345182,1.07750404215751,0.0366612736113361
2010,-0.3770575215726,2.34889106937707,1.57573730013768
