"Year","OPR","DPR","CCWM"
2007,-0.913669859202867,0.838813162334379,0.039144749211205
2008,0.541176163985612,0.992552264095646,1.35238957053826
2009,0.194721808026557,0.911266275930378,0.739308789274114
2010,-1.32292765917345,4.5793987085907,2.539462194484
2011,-0.766311640822442,1.15725095931753,0.158318163736839
2012,-0.430440643746213,1.28852436390517,0.667577028815944
