"Year","OPR","DPR","CCWM"
2007,-0.783611439645575,0.0110231296284678,-0.501348783452056
2008,-1.18888199884483,0.143192293911595,-1.03106820855437
2009,-1.13709024997315,0.094781565266921,-0.767995840862799
2010,-2.77923177875616,0.0180420152867329,-2.5034182879926
2011,-0.10567486316142,0.837270054422333,0.559692457204856
2012,0.566998248773665,0.593661114236576,1.1906286547785
2013,-0.850512307108404,0.519732401423077,-0.534179962416371
2014,0.0191451541114453,1.37965904514265,1.00906507176567
2015,-0.41841512879151,0.443321483555365,-0.0682817459358719
