"Year","OPR","DPR","CCWM"
2007,-0.768589214654283,0.493049827966374,-0.127587383472262
2008,-1.27755889719207,-0.54551381718845,-1.6918578663489
2009,0.283315814784106,1.92539597639205,1.46854825005134
2010,0.16223308494058,0.521828552274881,0.572955398058524
