"Year","OPR","DPR","CCWM"
2007,-0.240821522476668,1.38319516021251,0.887852202473344
2008,-0.405632938871817,-1.80050273574059,-1.89572795230654
2009,0.457433204746335,-0.0036293147341288,0.331560290588218
2010,-0.585409820267189,-0.646867023452887,-1.05844565300381
2011,0.213440284241475,-1.56150732781016,-1.02759999106134
2012,-0.367580195947116,-0.168055812146952,-0.575977245973486
2013,-0.469811659391758,0.183851558728625,-0.384777341893541
