"Year","OPR","DPR","CCWM"
2007,-1.27359606119471,-0.0720354253327691,-0.882761773609929
