"Year","OPR","DPR","CCWM"
2007,-0.269195650187844,-0.460464595659538,-0.522797510671786
2008,-0.343283298557346,1.66923334958701,1.06132852647721
2009,-1.03190349019698,0.230207185446646,-0.602461688454973
2010,-1.35024013289732,0.123481550343016,-1.12259956259345
