"Year","OPR","DPR","CCWM"
2007,-0.0893833988448015,-0.174630688626106,-0.190004413681911
