"Year","OPR","DPR","CCWM"
2007,-1.20551584545491,0.418261998428652,-0.468245223959524
