"Year","OPR","DPR","CCWM"
2007,-0.70287529955029,1.9704206866462,1.0307545490426
2008,-0.136515873835803,-0.873324141512364,-0.861217332056971
