"Year","OPR","DPR","CCWM"
2008,-0.493513578586081,-0.913036626365448,-1.2398774824795
2009,-1.00291172308072,-0.0404578635781948,-0.758664856257066
