"Year","OPR","DPR","CCWM"
2008,-0.301763724263773,0.315964889159898,-0.0282663893472557
2009,-0.340623714192533,0.369201204790305,-0.00672541561066161
