"Year","OPR","DPR","CCWM"
2008,-0.717590659174116,-0.0529230128548329,-0.738674626892812
2009,-0.422009734910044,-0.624555795929712,-0.717352536356521
2010,0.11522373245025,0.26925004210316,0.324185190687684
2013,-0.719583568891894,-0.341627191948051,-1.1308394111878
2014,-0.998113723920987,-1.26314812413172,-1.84408388431202
2015,-1.31322776077227,0.841616925749653,-0.845170560973681
2016,-1.06580500756336,1.35997623069342,-0.0410588800262566
