"Year","OPR","DPR","CCWM"
2008,0.705293252086516,0.286298459782013,0.921606873170857
