"Year","OPR","DPR","CCWM"
2008,-0.127720249157035,-0.618271217327652,-0.639773556978148
