"Year","OPR","DPR","CCWM"
2008,-1.73775957475343,0.392620857014968,-1.35404192087924
2009,-0.17519776771814,-2.70134389823838,-1.89810108021327
