"Year","OPR","DPR","CCWM"
2008,-0.0905849435279416,0.230841814257002,0.105049539441232
2009,0.123296928170744,0.419319350074322,0.364791815472524
