"Year","OPR","DPR","CCWM"
2008,0.779687602811083,-0.407032556962366,0.414778174616757
2009,0.039643574324362,0.608355872061515,0.427599032575349
2010,-0.507381646071652,1.09546986087847,0.4345024198637
2011,-0.425876441392065,-0.535515717561498,-0.847483223962114
2012,-0.0801836446022568,-0.96533057990006,-0.964739184785301
2013,0.289913638479557,-1.94047965195151,-1.35000650826896
2014,-0.462503043425618,-0.573218376057048,-0.845817236063926
