"Year","OPR","DPR","CCWM"
2010,-0.77564249952472,0.0122037512388771,-0.692815473044419
