"Year","OPR","DPR","CCWM"
2008,-0.764714481939642,2.06013477247769,0.979807579134228
