"Year","OPR","DPR","CCWM"
2008,-0.0236735071472727,0.12375980445584,0.080409570447455
2009,0.272658856782145,0.118230203037582,0.276525078096637
