"Year","OPR","DPR","CCWM"
2008,-0.504766943674602,1.37616957273877,0.660378269686127
2009,-0.2615910473722,0.757524867192607,0.305440689372719
