"Year","OPR","DPR","CCWM"
2007,-1.18178464457096,-1.14727683328959,-1.63498860888732
2008,-0.536071724592084,-0.216666798274486,-0.699700414810217
2009,-0.0359731325747582,1.24888576477642,0.792138716992477
2010,0.403378005304558,0.435968623647736,0.721360239780829
2011,-0.244589035173061,-0.437186435832882,-0.589609409765272
