"Year","OPR","DPR","CCWM"
2008,0.309215340345925,-0.167783010139742,0.159187982858743
2009,0.0245877334291507,-0.915929714173137,-0.582262870601688
2010,-0.576432644344508,-0.58050513587786,-0.996141346484393
2011,-0.318067504014909,-0.161337735569887,-0.443564309953433
