"Year","OPR","DPR","CCWM"
2008,-1.78335410383565,-0.327590368932421,-1.99943809665463
