"Year","OPR","DPR","CCWM"
2008,-1.40381818291259,-0.447194121140129,-1.73197059883844
2009,-1.71339334779776,-0.362842672901585,-1.48859575057321
2010,0.14723445944429,-0.805503684065758,-0.524120607381423
2011,-0.303482412559873,0.556575714563161,0.140692737979446
2012,-1.03142631141215,0.473865100580055,-0.761949657423455
