"Year","OPR","DPR","CCWM"
2008,-0.931139343492426,-0.382602410680752,-1.22058257604126
2009,-0.164790549921854,0.579261052064982,0.259290642185405
