"Year","OPR","DPR","CCWM"
2008,-1.12486334193664,-0.280439967374159,-1.32278024351165
2009,-1.30300910750683,-0.821383342725693,-1.48948779236554
2010,-0.710856054792697,0.576576055365133,-0.173424417590751
2011,-0.0831415643419578,-0.146093326206328,-0.198424724764551
2013,-1.15220764379859,-0.706782793102515,-1.94953069764664
