"Year","OPR","DPR","CCWM"
2008,0.0225013368405233,0.389904265275729,0.347289130940439
2009,-0.0873440484229551,-0.464861649579386,-0.368389301814404
2010,-1.12816880011691,0.583846022292503,-0.545599666115867
2011,0.707295127658408,-0.210021503144902,0.534930061691385
