"Year","OPR","DPR","CCWM"
2008,-0.334226954610055,-1.69016512945235,-1.73450499145623
2009,-0.799651878480577,-2.71933817673741,-2.36576117506158
2010,-0.758944634007032,-0.516063424634688,-1.10890478971033
2011,-0.80303683924879,0.023148707393529,-0.778219400693378
2012,-0.873761578676223,1.26055162545589,0.13077791409074
