"Year","OPR","DPR","CCWM"
2008,0.0415369393343042,-0.426309201531625,-0.315704924567709
2009,0.57575400562177,-0.165728288414896,0.311713534555708
