"Year","OPR","DPR","CCWM"
2008,-0.890462465302332,0.780432667169604,-0.210253665556757
2009,-0.566863624199198,0.399919477554098,-0.151756848277634
