"Year","OPR","DPR","CCWM"
2008,-1.81104138473291,2.31982759662917,0.18396631461196
2009,-1.69442614777207,0.0247021810759507,-1.22078941527505
2010,0.0889805969744479,1.23315292709158,1.08723046737884
2011,-0.799881881785912,1.67353157471071,0.534775684168852
2012,0.0721760053504158,1.26098086389484,1.22263290504882
2013,-1.95922293267146,1.93501128818209,-0.589504296805361
2014,-0.139838011886084,-0.420368718818666,-0.433209436118891
2015,-0.726916343308581,0.238450697781132,-0.728782564751554
2016,-1.04482204195512,1.14627387977783,-0.228430386263977
