"Year","OPR","DPR","CCWM"
2008,0.853815680765536,0.142601998348405,0.945383255624455
2009,0.872781961585261,0.555223625565995,1.00099477638369
2010,0.589274285489208,-0.0179158984313474,0.519292260345185
2011,-0.38778134052379,0.912339509937076,0.339430728074679
2012,-1.21224135954442,-0.143947799047734,-1.52880424375335
2013,0.515670912953884,0.13496157557989,0.714935730064316
2014,-0.605649738183683,-0.855653146001774,-1.18304484767671
