"Year","OPR","DPR","CCWM"
2008,0.274238714527651,-1.48510429890652,-0.974430214386217
2009,1.16832444254324,0.298301111728193,1.04838637070818
2010,0.0419555199195069,-0.277539747821178,-0.188538431537019
