"Year","OPR","DPR","CCWM"
2008,0.13117919527567,-0.0878401192023773,0.0536231614792835
