"Year","OPR","DPR","CCWM"
2008,0.508900954849836,-1.19112895258681,-0.5018959194014
2009,-0.81514545595848,-1.3932462036476,-1.50807827778715
2010,-0.237654556636592,-0.956984315648874,-0.996504397978332
2011,-0.386904456656516,-0.420548907668657,-0.717577884612369
2012,-0.158173716264035,0.0607215056771683,-0.127643645601488
2013,-0.754584950007515,-0.497352665567365,-1.30671159961701
