"Year","OPR","DPR","CCWM"
2008,0.292788565681533,-0.144696751607068,0.162563571787782
2011,-0.477463910064765,0.583932098286656,-0.0101803974513096
