"Year","OPR","DPR","CCWM"
2008,-0.472346438524354,0.389254102540678,-0.132172533755014
2009,-0.646178960705369,-1.15483500199191,-1.22849631251709
2010,-0.0451829179238112,0.0343700564297632,-0.0128824633794924
2011,-0.265889322934177,-2.71990566320886,-2.42247292382729
2012,-0.961556796412694,1.08450514449999,-0.129590228535506
2013,-0.0526315919693704,0.176807780052694,0.0926217472554749
2014,-1.10239992514243,1.21491626677245,-0.161797820887956
