"Year","OPR","DPR","CCWM"
2008,-2.2179404080419,-0.437784706519307,-2.51203117835198
2009,-2.08374385604814,0.936578589129219,-0.907445426958518
2010,-0.668012698217438,0.796105170895852,0.0445933057826484
