"Year","OPR","DPR","CCWM"
2008,0.180171020130911,0.843512943238608,0.878579322234815
