"Year","OPR","DPR","CCWM"
2008,0.254575505481925,0.194080836982636,0.408409496597871
2009,0.0435115060055161,0.463604252187889,0.33556638405601
2010,0.178618400633441,0.017911065634638,0.17645927054585
2011,-1.20531112680813,2.45705521523525,0.754462378763028
