"Year","OPR","DPR","CCWM"
2008,-1.24650924960365,0.548684958793315,-0.748314370060829
