"Year","OPR","DPR","CCWM"
2008,-0.900673508400305,0.250027001137962,-0.66294590466953
2009,0.259549106060011,1.3675917365972,1.08566645470931
