"Year","OPR","DPR","CCWM"
2008,-0.301747615311656,0.754213138873099,0.337621342321195
