"Year","OPR","DPR","CCWM"
2008,-1.09740144906864,-1.085939286451,-1.96867452601946
2009,-0.683229423686934,0.200764313785578,-0.367214238636748
2010,-0.278570850176396,0.387944160569013,0.0642730485032664
