"Year","OPR","DPR","CCWM"
2008,-1.82090591649082,2.39656578723452,0.238484298882043
