"Year","OPR","DPR","CCWM"
2008,-0.402808921466032,1.29275087747207,0.689412104622457
