"Year","OPR","DPR","CCWM"
2008,-1.09291427280623,-0.185901332405909,-1.2129338921028
