"Year","OPR","DPR","CCWM"
2008,-0.579097025214593,-0.0979789178789693,-0.642254016011813
