"Year","OPR","DPR","CCWM"
2008,0.107718163611016,0.271801029166819,0.331164225447161
