"Year","OPR","DPR","CCWM"
2008,0.263207281986313,0.0726428966743613,0.315380792627566
2009,-0.257857078474876,0.665377645780538,0.247782127168804
2010,-0.277283236026954,1.48114463311544,0.957806953702542
2011,-1.1908103445827,-0.545121138001987,-1.61390157992458
2012,-1.50571950648672,1.04133058460261,-0.796480841955498
