"Year","OPR","DPR","CCWM"
2008,-0.00399161205381898,0.677606276225616,0.561837387841592
2009,0.254083347045646,-0.000530347913820106,0.185140167483658
