"Year","OPR","DPR","CCWM"
2008,-0.519796543062667,2.23879489723839,1.36599637895912
2009,0.284406589364056,0.576417225688679,0.585353116325946
2010,1.34761390202001,0.624813812685674,1.7310451341929
