"Year","OPR","DPR","CCWM"
2008,-1.41066446500926,-0.19477003048446,-1.5278599106686
