"Year","OPR","DPR","CCWM"
2008,-1.7216746394926,0.39551428479609,-1.33605916948047
2009,-1.2009016653445,0.687507786010763,-0.426163921321643
