"Year","OPR","DPR","CCWM"
2008,0.450657702160694,-0.609364240354066,-0.0725772980137752
