"Year","OPR","DPR","CCWM"
2008,-0.544855368964727,-1.73184526397928,-1.97315009997792
2009,-1.67805290053854,-2.39113021876354,-2.79194159839681
2010,-1.2607866186936,-0.525845509016766,-1.57158784761562
2011,-0.629996747225725,2.49416088638225,1.3546092624621
