"Year","OPR","DPR","CCWM"
2008,0.522522637285487,-1.0363464870932,-0.359492362352091
