"Year","OPR","DPR","CCWM"
2008,-0.64719955103265,0.0694876529777682,-0.568354663799482
2009,0.0648506819963894,1.2907333017245,0.893165691439359
