"Year","OPR","DPR","CCWM"
2009,-0.10707481257317,-0.781416815517387,-0.590233219473291
2010,-0.788964788054237,0.951988097217682,0.0622491509950023
2011,-0.430385409145912,-0.75031409631557,-1.02243582446536
