"Year","OPR","DPR","CCWM"
2019,0.273427876877869,-1.3222973604019,-0.811560296513157
