"Year","OPR","DPR","CCWM"
2019,0.441254950654965,-0.138804127479014,0.422531447312166
2020,2.13827410574994,0.427617133241916,2.3444413205255
