"Year","OPR","DPR","CCWM"
2009,0.220543404234384,-1.04676687606729,-0.524948078220912
2010,-1.21503527360141,0.817456404328395,-0.433612220231346
