"Year","OPR","DPR","CCWM"
2009,0.36068336316388,1.5066535017952,1.25062495176814
2010,-0.527104911237323,-0.508586994711167,-0.892741578860008
2011,-0.423555895605243,1.11294524305057,0.463158779174896
