"Year","OPR","DPR","CCWM"
2009,1.1854544837179,1.58666671276037,1.90516314112183
2010,-0.1486687798857,0.222586909232058,0.0469926216342118
