"Year","OPR","DPR","CCWM"
2009,-0.102489181539372,1.84938033347648,1.13708681192373
