"Year","OPR","DPR","CCWM"
2009,1.6748156198866,2.6934780588662,2.98770810277272
2010,-0.0452458684112969,-0.420397315764273,-0.384160991883484
2011,-1.08068992086324,-1.23502396059345,-2.05222266163982
2012,-1.18947744214072,0.389777610984326,-1.02029328907521
