"Year","OPR","DPR","CCWM"
2009,0.856027357780201,-0.463699099767351,0.321059131017278
2010,-0.458389585685574,-0.563411403720789,-0.875234042235773
2011,2.39563345737469,-1.74800271113958,0.989063114820414
2012,1.11748125447876,0.126630604001473,1.40381872620971
