"Year","OPR","DPR","CCWM"
2009,-0.189851093053646,-0.427228213594563,-0.418560865020885
2010,1.61927954486185,-2.29427303281895,-0.40562774311725
2011,-0.831004055158825,0.542640168914019,-0.393655459237791
2012,-0.690460021237374,0.768282523219089,-0.102507393966338
2013,-0.833313985325825,0.449299769231282,-0.575443493007402
