"Year","OPR","DPR","CCWM"
2009,-0.064363001994581,-0.724319087822923,-0.521636063767627
2010,0.304528801518459,0.15714318062957,0.404195033208326
