"Year","OPR","DPR","CCWM"
2009,-0.964692665705072,-2.15672094216236,-2.11755997621859
2010,-0.396890959998072,1.0444611152613,0.492975548154961
