"Year","OPR","DPR","CCWM"
2009,0.105769665907589,-0.252592562366313,-0.0883102514988006
2010,0.436663483298466,-0.215727043409489,0.219546976351455
2011,-1.10670110208366,0.656429398000977,-0.57682833270171
2012,0.306875657689609,0.357232699821053,0.676863316772301
2013,-0.343418621370295,0.794922563005774,0.292654807289016
2014,-1.45157748041233,1.78524040436928,-0.079783915987129
2015,-1.01132315405655,0.970222329137067,-0.281279308090178
2016,1.04672998757402,-0.517536160722555,0.863903409912423
2017,0.662952872045585,-0.652339030229147,0.21800950213968
