"Year","OPR","DPR","CCWM"
2009,0.440250156811012,-1.76084454809699,-0.832494305112811
2010,-0.571870342415207,1.04873841551533,0.337925553504368
2011,-1.21481348891743,0.23796410615935,-1.01619793308134
2012,-1.07184626845411,2.11062021176887,0.670293654236498
