"Year","OPR","DPR","CCWM"
2009,-0.290023704145683,-3.52426288108485,-2.52118937365311
