"Year","OPR","DPR","CCWM"
2009,-1.29030553827704,-0.923471238576627,-1.54711246965725
2010,0.0993226160301421,-0.682830760057136,-0.46739499834927
2011,-1.44441590569439,-0.830461542885021,-2.09193895327426
2012,-1.10123392661403,1.16924857878022,-0.214186754151636
2013,-0.514100465047724,0.963957394724739,0.24170051824086
