"Year","OPR","DPR","CCWM"
2009,0.446464440023437,0.707014177511498,0.789240454681691
2010,-0.432147295378287,0.489658875177777,0.00815242649932709
2011,-0.510740775342016,1.36812026338626,0.579199315712071
