"Year","OPR","DPR","CCWM"
2015,1.0573975005725,-0.715910150807466,0.636632861273608
2016,0.26249198559913,-0.803059035226978,-0.461140034161872
2017,1.07907402984009,-0.938079484051332,0.471303288285012
2018,-0.18891173719032,0.314165695176641,0.0338382839987801
2019,-0.658362687488633,0.270138346797674,-0.575693857820273
2020,0.0581383415626409,0.642385406852479,0.468451332098419
