"Year","OPR","DPR","CCWM"
2009,0.3009977874313,1.88630394603339,1.455839396392
2010,-0.683158894340552,3.07017698445668,1.88716921801827
2012,-0.460025962203347,0.824011529167708,0.213731891938468
2013,-0.123127210980303,1.87136447113422,1.48326297647172
2014,-1.11612744357515,0.357843072546006,-0.790371510727238
2015,-0.899296334118642,1.41654071529528,0.385344394948232
