"Year","OPR","DPR","CCWM"
2009,0.0217904398214045,0.49896627224548,0.342882298946571
2010,0.166758778878899,2.21221007934736,1.95689537107772
2011,-0.327536427862551,1.52426027719316,0.884857543032705
