"Year","OPR","DPR","CCWM"
2009,-0.584470494245829,0.376834424711477,-0.179738070884573
2010,-0.604903170464543,0.229546405587966,-0.360701336918165
