"Year","OPR","DPR","CCWM"
2009,-0.194489481396574,0.417813357210938,0.13181226894282
2010,-0.935131944641082,0.438199256873871,-0.489586854274326
2011,-0.224367474609099,0.357846242713332,0.0614463727828421
