"Year","OPR","DPR","CCWM"
2009,-0.452472823841213,0.690836431091783,0.122390624758512
2010,-0.875350985464046,-0.661002147394797,-1.33268757006418
2011,-0.659551656557831,0.503047138677919,-0.255003029267059
2012,-0.982919967685107,1.07532961348185,-0.162530561986665
2013,-0.652900729248926,1.14200005765728,0.235524174350155
