"Year","OPR","DPR","CCWM"
2010,-1.07537375384214,0.279288681855774,-0.746371012778734
2011,-0.853633917545685,0.649294991571819,-0.331454575662843
2012,-1.39810673183366,1.02162673294129,-0.690115489787758
