"Year","OPR","DPR","CCWM"
2009,-0.829423475479156,1.28410525643945,0.235978014315417
2010,-1.27814048315268,0.628344242820897,-0.645159344421516
2011,-0.534328105288277,1.44612877725171,0.617714594664696
2012,-0.272933943400745,0.288245850873332,-0.0544809140175315
2013,0.898729675802491,-0.261885979035668,0.814099393286358
2014,-0.611499055953472,0.572848178370547,-0.162349351504731
