"Year","OPR","DPR","CCWM"
2009,0.326258804964912,-0.499083715000215,-0.0888739094052127
