"Year","OPR","DPR","CCWM"
2009,-0.21098358648792,-0.764341155820314,-0.654899679875786
2010,-0.279361024402844,0.57570923826827,0.216827626011614
