"Year","OPR","DPR","CCWM"
2009,-0.51992954130966,1.52365549171974,0.618895219457749
2010,0.921489178938128,1.26137559334807,1.86456955149767
2011,-0.382015029939495,0.0497056418776445,-0.33949903876042
