"Year","OPR","DPR","CCWM"
2009,0.18681179314597,0.736646660905559,0.61910529922311
2010,0.710779240114851,-0.144892834388723,0.525732977679508
