"Year","OPR","DPR","CCWM"
2009,-0.933278334442543,-0.0223331028797875,-0.695953369957121
2010,-1.15937027753424,0.304579512022044,-0.801832132781138
2011,-0.672519201548439,-0.12581276089845,-0.766976053226484
2012,-0.36823759094251,-1.63793320443747,-1.90483601924253
2013,-1.21061060261641,-1.37500625776101,-2.59781909353975
2014,-0.721501235249889,1.50421841790863,0.403482182557428
