"Year","OPR","DPR","CCWM"
2009,-0.645751683949463,1.91570622375301,0.783954144304197
2010,-0.76220150510572,1.32617983604494,0.391946751666298
