"Year","OPR","DPR","CCWM"
2009,-1.04126132387642,1.40982196980341,0.163713351899253
