"Year","OPR","DPR","CCWM"
2009,1.66884386730415,-0.0326788824947733,1.19688649363123
2010,-0.724908187493546,1.14969697006523,0.281675689614091
2011,0.953214499277343,-0.040410912594366,0.913491224531146
2012,-0.818783721100209,1.44747884452321,0.363111082794412
2013,-0.801344848260716,-0.423599659583937,-1.29682550002629
2014,-0.048923482176586,-1.81977239210412,-1.35317249341792
2015,-1.26554787208457,1.09689517670869,-0.486494455074338
2016,-0.388789847332428,0.5731568055588,0.0625960826079078
