"Year","OPR","DPR","CCWM"
2009,0.0141652160748514,-0.161681739498573,-0.0956097311005529
2010,-0.996024808453349,0.785687943231715,-0.261108226830065
