"Year","OPR","DPR","CCWM"
2009,-0.0843170984309827,-0.230247816494341,-0.212436118515922
2010,-0.296106969748771,0.30007820416813,-0.0233396887664403
