"Year","OPR","DPR","CCWM"
2009,-1.79693726657159,1.96944951645388,-0.0212242221339652
2010,-1.00759462145724,0.401464372262431,-0.585228531018093
