"Year","OPR","DPR","CCWM"
2009,-1.07089266057068,1.56936131182136,0.246628475126247
2010,-0.988038149811127,-0.282497172696604,-1.12581934669658
2011,-0.770258411817077,0.122364609736467,-0.666958991923206
2012,-0.667249646654424,1.53958345125237,0.621178854617385
