"Year","OPR","DPR","CCWM"
2009,-2.33645835797483,1.32371291964919,-0.838243090548918
2010,-0.319809480807826,-0.337155364430661,-0.56498213945155
2011,-0.262582323587188,0.393163723082259,0.0515687787558688
2012,0.718834623251126,0.794755776719343,1.54752264496811
