"Year","OPR","DPR","CCWM"
2010,2.28461922592548,-0.586831644438871,1.59097394389691
2011,1.78093636176401,-1.7550149125861,0.373733983188899
2012,1.59825708531349,-1.41262218272891,0.567776406375451
