"Year","OPR","DPR","CCWM"
2009,-1.31896280536457,1.14367394868076,-0.213424144529956
2010,-0.44255025913781,0.141375566932694,-0.285573012061509
2011,-0.699262258365545,1.93537391321039,0.842405139508858
2012,-0.362082059688559,0.0313817785376037,-0.389432417998997
2014,-1.50569035719868,0.935744519976323,-0.740814101211909
