"Year","OPR","DPR","CCWM"
2009,-1.06266253464475,-0.322323275326557,-0.986992148259465
2010,0.203993392071525,1.6425280969973,1.52560710255066
2011,-1.03554618901955,0.846586357782849,-0.355321911826738
