"Year","OPR","DPR","CCWM"
2009,-0.548718576770914,-0.357899828181637,-0.635112640433328
2010,-0.88428821884349,-1.51706653045977,-2.03958095254396
2011,-0.700608979349873,-0.82866769501247,-1.35267785531678
2012,-0.967915752890075,-0.34304080778851,-1.42677937362001
