"Year","OPR","DPR","CCWM"
2009,2.02032519554144,0.0876042658078771,1.53229940869437
