"Year","OPR","DPR","CCWM"
2009,0.299748588815715,-0.0304081349185502,0.198897988458604
2010,-1.75289208910927,0.121199046245458,-1.4892888573899
2011,-1.00493712487186,1.27345188989386,0.0138334325573385
