"Year","OPR","DPR","CCWM"
2009,-0.805524815492361,-0.77427394968001,-1.09543983835973
