"Year","OPR","DPR","CCWM"
2009,0.817841198892544,1.11049458383061,1.32475792152605
2010,-0.306090897430785,-0.452955837925383,-0.647078928540694
