"Year","OPR","DPR","CCWM"
2009,0.211898136562528,0.657833665473903,0.585772521358908
