"Year","OPR","DPR","CCWM"
2009,0.991020183056914,2.08390935585981,2.08906603740699
2010,0.192982682336193,-1.05826050471257,-0.688992604487951
