"Year","OPR","DPR","CCWM"
2009,-0.118637985928692,-0.343603174316502,-0.311773534502259
