"Year","OPR","DPR","CCWM"
2009,-0.617991388295911,-0.409005600345462,-0.719173490730702
2010,-1.00141351145192,0.957890163073799,-0.125423969940693
2013,-0.29899162534241,0.618093452277279,0.190505252119453
2014,-0.733032501756114,0.254366101966008,-0.505189051107123
