"Year","OPR","DPR","CCWM"
2009,0.617091134744388,0.278528340187877,0.633013985935188
2010,-0.45388977649554,0.0268255383970489,-0.389353174994592
2011,-0.839082498003631,0.927502523548885,-0.0962139447487628
2012,-0.701357998404297,1.75186609898542,0.773629944888884
2015,-1.06099525479983,1.42453798404275,0.171542217195799
2016,-0.855033139970977,-0.359814952888432,-1.49350060212959
