"Year","OPR","DPR","CCWM"
2009,0.801054999223943,1.32601608269751,1.45373568375023
2010,-0.833935389440787,-0.0152815737213202,-0.768068186449996
2011,-0.796022831863284,1.1534688673369,0.125843678411678
2012,-0.881919874471178,0.216464989329612,-0.822014678755121
