"Year","OPR","DPR","CCWM"
2009,-1.02725983816979,-0.426425608477873,-1.02936591871381
