"Year","OPR","DPR","CCWM"
2009,0.78959878736709,1.0741916537074,1.28035073597476
2010,-2.39048661808838,0.62296547841523,-1.65740032185603
2011,-0.722608916131395,1.54282606599402,0.507690959089149
2014,-1.27719525695973,-0.00180225171338549,-1.19988258280568
