"Year","OPR","DPR","CCWM"
2009,-5.87370502245633e-05,0.741739083525214,0.486021850279246
