"Year","OPR","DPR","CCWM"
2009,-0.303144159563262,-0.359110059344206,-0.456629751918499
2010,-1.43231044231642,1.53870594106347,-0.0417282857701779
2011,1.90940053579181,0.0702299133140546,1.94981592725321
