"Year","OPR","DPR","CCWM"
2009,-0.0405473109524192,-0.319708013564002,-0.239106633387551
