"Year","OPR","DPR","CCWM"
2009,-1.53749630673172,0.564875474229146,-0.752248569534641
2010,-0.537112299278654,-0.862191385092042,-1.19045214229966
2011,-0.891235600464926,0.728440522554725,-0.305938754372907
2012,-0.105095828964852,-0.671677788226217,-0.7281555456226
2013,-0.438605775181897,0.262269789314573,-0.280474030530177
2014,-1.58902856892818,1.09633770841216,-0.703658644009344
