"Year","OPR","DPR","CCWM"
2009,-0.303504179400853,1.07462640013919,0.48264093427407
2010,-1.8441160542315,1.74762135379035,-0.244312841092335
