"Year","OPR","DPR","CCWM"
2009,-1.10967881702272,-0.0309919894995019,-0.830404691895768
