"Year","OPR","DPR","CCWM"
2009,-1.57437240535313,0.269457466618584,-0.972757776057233
2010,-0.540615208974731,1.11998693242029,0.424403886995258
2011,-0.848261598279274,0.788052816426104,-0.21599693907655
