"Year","OPR","DPR","CCWM"
2007,0.354785613676914,-1.00049703261187,-0.524743079642319
2008,1.06843815784137,-1.76204596032484,-0.437000768804568
