"Year","OPR","DPR","CCWM"
2009,-0.443435506831731,0.518075857535888,0.0157773824374828
