"Year","OPR","DPR","CCWM"
2010,0.497200121814137,0.711920455996382,1.03162491655971
