"Year","OPR","DPR","CCWM"
2010,0.333863488765058,-0.229095575449235,0.11549161452551
2011,1.33269510159973,-0.110810718986901,1.23405176242593
