"Year","OPR","DPR","CCWM"
2009,-0.352975653348163,2.01492195431301,1.06270503919761
2010,1.01496956519213,-0.672403360919647,0.37074620985359
