"Year","OPR","DPR","CCWM"
2014,-0.0540782748652941,0.248999725813195,0.128122665418394
2015,-0.402653660514738,0.223380671258673,-0.298924756032041
2016,0.199488520655603,0.0423783508477037,0.306601113373443
2017,-0.0620414521744775,-0.0323271906841254,-0.108294511513942
2018,-1.1745077058139,-0.3190014081061,-1.0099137149328
2019,-0.262868820626195,0.0178032350088718,-0.308051397730476
