"Year","OPR","DPR","CCWM"
2010,-0.103040047070401,-0.299358660418975,-0.337723389006235
2011,1.16844610049586,0.426010779150512,1.49718206700877
