"Year","OPR","DPR","CCWM"
2010,-1.41198540750375,0.705789756451632,-0.70321273571257
2011,-0.821684825413944,-2.33476824147675,-2.66813435223523
2012,-0.540884851215449,2.18738343195274,1.35230085988712
2013,0.31539184596704,-0.95658985595724,-0.465605961784744
