"Year","OPR","DPR","CCWM"
2010,-0.209670970607886,-0.101111792586545,-0.272510524393592
2011,-0.919148583402068,1.12857394535329,-0.0160523493473621
