"Year","OPR","DPR","CCWM"
2010,-1.12536101317724,-0.344874605260206,-1.30115985175766
