"Year","OPR","DPR","CCWM"
2010,-0.91296963856874,-0.516880003400895,-1.24912697434203
2011,-0.519193555987132,1.63967197964386,0.786337825072802
2012,-0.926157429657296,-0.57088267198265,-1.58446201884266
