"Year","OPR","DPR","CCWM"
2010,0.435228544075019,0.663352126465531,0.935829278299061
