"Year","OPR","DPR","CCWM"
2010,-0.790927156706812,0.539637020273132,-0.276126416132723
