"Year","OPR","DPR","CCWM"
2010,0.0292646255489614,-0.436528202193429,-0.329817607977619
