"Year","OPR","DPR","CCWM"
2010,-1.0917256912099,0.174583988261507,-0.846656083840736
2011,-0.48302304243922,1.90782146721918,1.03504123686766
