"Year","OPR","DPR","CCWM"
2010,-0.628753776939477,0.438084729596328,-0.212083886120165
