"Year","OPR","DPR","CCWM"
2010,-0.785444270345037,0.0453926618280998,-0.674604713531378
