"Year","OPR","DPR","CCWM"
2010,-0.523088929050583,1.69535556351446,0.909950659963963
