"Year","OPR","DPR","CCWM"
2010,2.74080641116721,0.72235585830216,3.07298112589882
2011,0.1115531102888,0.830796007678583,0.770038747388696
2012,0.769543959302031,-0.0523391656819355,0.840645129708739
2013,-0.39376790022531,0.289009787716568,-0.205272584321546
2014,-1.11675095037117,0.790711804824661,-0.479999061544406
2015,0.360126243880625,-0.173252506440488,0.297801550020951
2016,-1.08538408865027,1.27184456844445,-0.155685457769671
