"Year","OPR","DPR","CCWM"
2010,-0.328589846568557,0.225871334726614,-0.113345299137572
2011,-1.42014715735598,1.0512774689599,-0.574378246887427
2012,-0.850881793539053,-0.892235135577726,-1.78796184266124
2013,-1.40510459504227,-1.2714562432964,-2.73326978611395
2014,-0.706968046448286,0.44290977547118,-0.345285677168492
2015,-0.566766506744262,0.493813203154707,-0.214916452325341
2016,-1.57441611337995,0.094552623131632,-1.98788993025328
2018,-1.75900307337038,-0.726934487652216,-1.64632016923906
2019,-0.854716038052416,0.0629554886834455,-0.99722629577543
