"Year","OPR","DPR","CCWM"
2010,-1.34650388832234,0.865351472953967,-0.513634232601876
