"Year","OPR","DPR","CCWM"
2010,0.840427898735623,1.14315814142926,1.69462373616937
2011,-0.216657565740528,1.50367050598435,0.978504967070858
2012,-0.148284629733545,-0.819721565268391,-0.911753011372756
2013,-0.588292206612712,1.98966304505686,1.04691427831043
2014,-0.420550755554925,-0.26719364801934,-0.586609642898376
