"Year","OPR","DPR","CCWM"
2010,0.0650256074245191,0.269120445160724,0.278596978646401
2011,-0.27645651898701,-0.408830029036461,-0.598715401463133
2012,-0.546983999611166,-0.148937581536391,-0.765707589776832
