"Year","OPR","DPR","CCWM"
2010,1.00738056451135,-0.355689921003381,0.622399752756274
2011,0.0771322925795436,0.477521972555409,0.455509875792987
