"Year","OPR","DPR","CCWM"
2010,-1.31707283724171,0.887165442034373,-0.469161489374405
2011,-0.425838835660741,-0.595716030887246,-0.895225324416389
