"Year","OPR","DPR","CCWM"
2010,1.88988851443905,-0.846535045707269,1.02133197449446
2011,0.214860374508632,0.925706092692777,0.947844536999522
2012,1.0866026727992,-0.0409612694497487,1.21676278560647
2013,0.405073104924962,-0.0580222390023722,0.419073323656515
2014,-0.0964024388592925,0.345262177413779,0.157554959681092
