"Year","OPR","DPR","CCWM"
2010,0.354666753863443,0.691917398808459,0.88615311710519
2011,-0.577928420488911,0.241611009671184,-0.381529850662235
2012,-0.607132417544634,0.780052424624119,0.00427453828973191
2013,-1.41568983885988,1.1516935165828,-0.640139791254393
2014,-2.084212903923,3.62174481045171,0.64579716395447
