"Year","OPR","DPR","CCWM"
2010,-0.615401050936718,-0.771618163168878,-1.18745240632789
2011,-1.36585075998767,1.25892304749699,-0.355714784161896
2012,1.14759087870204,-1.25558705870085,0.189664885595425
2013,0.60655979840875,0.137259109390602,0.822273838860688
2014,0.866211293063628,-1.06339134424339,0.0489959986422546
