"Year","OPR","DPR","CCWM"
2010,-0.316529689759852,0.940258334700739,0.48072797922634
2011,-0.849533082694701,0.724863468002523,-0.267409941829356
2012,-0.560594454473911,0.514777111853936,-0.181715936318804
2013,-1.40155768125558,0.775115958401241,-0.950956742147843
2014,-1.18611483701336,1.62622600862088,0.055110021762587
2015,-0.0762431564238507,0.46870407797506,0.432691113177504
2016,-1.00545787921219,1.36194388569408,0.0407659300361071
2017,-1.70885989405631,2.1057728856353,-0.162593227846733
