"Year","OPR","DPR","CCWM"
2010,-0.0949749508612164,1.4124092148772,1.06688092406201
2011,-0.692219937214389,0.492495607290134,-0.2957835974493
