"Year","OPR","DPR","CCWM"
2010,-0.441964017566716,0.144896379857005,-0.282167843074796
2011,-0.62428269253385,1.8846705122149,0.876540988160022
2012,0.13088330482792,-0.156835954665702,0.00931096737813469
2013,-0.181824661447556,-0.724484139265837,-0.840219498201897
2014,2.23009447473261,-0.422392000536575,1.78940771145887
2015,-0.554196976894859,1.66442560012044,1.14567098368439
2016,-1.58257453209243,1.04728713308113,-1.03956874984272
2017,-2.07974019771818,2.81099454773087,0.0357423628871922
