"Year","OPR","DPR","CCWM"
2010,-1.63665991455817,0.0189901185561397,-1.46740773914044
2011,-0.33472002115738,1.07073872195767,0.517783480071935
2012,-0.809708989049959,-0.0437106021708887,-0.973774704128061
2013,-1.18542706570482,0.36233046432619,-1.05911377946312
2014,-0.958940008698056,1.16572268858258,-0.0625063367098029
2015,-0.722896164508577,0.477156157121669,-0.449329085892046
2016,0.80375072866388,0.171532112351309,1.23610609933459
2017,-1.45415008674736,0.764584571812733,-1.10535248493462
