"Year","OPR","DPR","CCWM"
2010,-0.220018268194146,-0.352130364265853,-0.486789415522315
2011,-0.836203152826328,0.0990089073822525,-0.750911287676738
2012,-0.27514871656736,-0.450660732402322,-0.72467170745823
