"Year","OPR","DPR","CCWM"
2010,-0.105248705657165,-1.01305564831959,-0.922307387388588
