"Year","OPR","DPR","CCWM"
2010,-0.916945707643386,1.04064571941546,0.0186612075204246
2011,-0.394126153740343,0.437702922715277,-0.0435697317862609
2012,-0.0401458113696226,0.854139432244224,0.725431218491149
2013,-0.727562820419072,0.773630351454322,-0.171075364996742
2014,-0.0768176206217051,0.350481603682566,0.179683845153384
