"Year","OPR","DPR","CCWM"
2010,-0.784141505164307,1.47377505704149,0.49254815346743
2011,-1.33429964646556,0.976526166448666,-0.548547862410051
