"Year","OPR","DPR","CCWM"
2010,-0.239318219491022,1.61069029762988,1.09795213788345
2011,-0.803525398890177,-0.43604412332681,-1.14315330431454
2014,-0.758842943775867,-0.66506831669509,-1.18990009572842
2015,-0.709409373143983,-1.32889904037944,-2.50314341778445
2016,-1.55694679752463,1.1543217807338,-0.897909742541191
2017,-0.679734245873318,-2.21659284670058,-2.93954104539337
