"Year","OPR","DPR","CCWM"
2010,-0.51692083801932,0.279340448755633,-0.240337904442153
2011,-0.381544261859399,0.296764074742327,-0.142948272673991
