"Year","OPR","DPR","CCWM"
2010,-0.708050382609102,-0.933395972557845,-1.40345550080819
2011,-1.01264783055857,0.963604956106853,-0.239732746450225
2012,-1.2769090376723,0.300467915715397,-1.20187128589447
2013,0.0796533284784428,1.2903760656957,1.21348675038471
2014,-0.353292941915406,-0.796044337738849,-0.903398959189501
