"Year","OPR","DPR","CCWM"
2010,-0.648971709423275,0.527383878257797,-0.157508619108554
