"Year","OPR","DPR","CCWM"
2010,-0.349650311933984,-1.03975085489465,-1.16554046722582
2011,-1.26790226140342,1.62367705535053,0.0309432675456013
