"Year","OPR","DPR","CCWM"
2010,-0.0663329956469731,-0.211962359919767,-0.233124046290809
2011,0.249050142442286,-0.223588412172745,0.0695951065847624
