"Year","OPR","DPR","CCWM"
2010,0.191486447152726,-0.648389207612961,-0.355774950175676
