"Year","OPR","DPR","CCWM"
2010,1.05248112682771,-1.03241262173805,0.110862357386338
2011,-1.01219207078471,-1.80758425702898,-2.43870059256937
2012,0.00133533668318139,-0.714068862523921,-0.643652513945851
2013,0.364377953654479,1.87210320390633,2.04893209799863
