"Year","OPR","DPR","CCWM"
2010,0.754150627684556,-0.954853529939565,-0.0961318274735353
2011,-0.376969336913084,0.329497160556849,-0.112430675859855
