"Year","OPR","DPR","CCWM"
2010,0.657880752830208,-0.884222292903749,-0.125702453873338
2011,-0.163933732152473,1.94999739253159,1.38504355962191
2012,-0.395950037876235,0.610295334845147,0.0945635188422985
2013,0.276458234682325,-1.32671023296416,-0.832316652610926
2014,-0.903954941967783,-1.23347388054328,-1.73440335238575
