"Year","OPR","DPR","CCWM"
2010,-0.891217994977524,-0.796219915751361,-1.45744074804496
2011,-0.943700053287197,0.294713608231639,-0.702219781509419
