"Year","OPR","DPR","CCWM"
2010,0.894703762494246,-0.742026985402838,0.204945409745528
