"Year","OPR","DPR","CCWM"
2010,-1.44437260225708,1.74038940519885,0.111974638816375
2011,-0.908124726020276,0.339092911076363,-0.63170728580185
