"Year","OPR","DPR","CCWM"
2010,-0.260951391924403,1.7506339682899,1.19258566888285
