"Year","OPR","DPR","CCWM"
2010,-0.686797901905896,1.87126105134643,0.905210471896802
