"Year","OPR","DPR","CCWM"
2011,1.76726077031858,-0.913476642218309,1.02807492583226
2012,0.0804019413531417,-1.30866859075744,-1.08966931630121
