"Year","OPR","DPR","CCWM"
2011,0.227064227658946,-0.942957075104758,-0.523158332119331
2012,0.974104040013554,-0.56513076633568,0.613345903918992
2013,1.23152463751399,1.10473906386868,2.38723218662107
2014,-0.536555134575039,-0.531181397021202,-0.885113775739375
2015,-1.18601019910349,1.79102828970888,0.419689956036596
