"Year","OPR","DPR","CCWM"
2011,-0.707959830903168,0.962881063024228,0.0619353891688185
2012,-0.628588100660591,-1.27088079789645,-1.873592314776
