"Year","OPR","DPR","CCWM"
2011,-0.427653205684598,1.58564954085158,0.834267313645615
2012,-0.460947364625883,1.45433235386079,0.782191909120184
2013,0.290076680426249,-0.602450722717339,-0.187246358850759
2014,-1.17178008447418,-0.614033606175094,-1.54076072488239
2015,0.877050265630008,-1.36460675596699,-0.356428001337233
2016,0.0577568876759905,-2.08164757358294,-2.01917243081139
2017,-0.0288156339075153,1.10519488661773,1.00413326293547
2018,-1.8581691034835,-1.90338840890995,-2.34893216731591
2019,-1.13484135855542,0.767497630348947,-0.730264726066895
