"Year","OPR","DPR","CCWM"
2011,-0.0980244465929191,-1.70684677146099,-1.45191709633194
2012,-0.652420244770633,1.00266220984457,0.153157257910033
2013,0.266739630920783,-0.391999021247597,-0.0314395662996867
2014,-0.414803433633984,-0.0684330739537273,-0.438433486877508
2015,0.121806251804355,0.348999306617219,0.568437600795372
2016,0.103854258439125,-0.638328584360201,-0.505196444815812
2017,-0.0385803751264077,0.191151911105487,0.131507022030038
2018,-0.123885462614814,-1.05110403434148,-0.652943196621335
