"Year","OPR","DPR","CCWM"
2011,-0.594567161797467,-0.519823199055461,-1.00236534725165
2012,-0.588092457000024,0.902094839235723,0.136514540712716
2013,-0.374786760993947,1.69419139112503,1.03764492142409
2014,-0.676241840054684,0.202495535317004,-0.489155655628537
2015,-1.15673325572645,1.84288033884825,0.519561341228407
2016,-1.35268189062694,1.65196160287229,-0.126678531215381
2017,-1.36267986621153,1.98322468566222,0.156530164731723
2018,-1.45563990825976,-1.0159769257374,-1.58494809133947
2019,0.251597412634866,-0.194870629768576,0.14044385334341
