"Year","OPR","DPR","CCWM"
2011,0.6013801747492,-0.227291218028933,0.416158630356191
2012,-0.518097836265849,1.16241751268446,0.452490844548147
2013,-1.01776378839046,-0.550301852225951,-1.65774649005551
