"Year","OPR","DPR","CCWM"
2011,-1.06252889338866,1.72653467259736,0.316303757983062
2012,-0.526314029580709,0.293904027794096,-0.341730325567134
