"Year","OPR","DPR","CCWM"
2011,-0.15550146495175,1.32900236469329,0.90054074147148
2012,1.54224999681693,0.0643330792651898,1.83764821384151
2013,3.44243490129969,-2.90297792126973,1.46753795231644
2014,2.65180933070169,-0.677598803439762,2.00183580817909
2015,3.24442997293892,-2.12724440909705,2.03301962782015
2016,2.71597367100094,-2.15027146430291,1.42877305051971
2017,1.03789312555539,-1.32830110552777,0.0523108614164408
2018,1.69978062019264,0.203046031760161,1.32268424926375
2019,1.36175149395465,-1.74300188021785,0.16255341200089
