"Year","OPR","DPR","CCWM"
2011,-0.915113328127276,-1.19154912335102,-1.85347009989023
2012,-0.8824891960721,0.631026759779288,-0.448096410035885
2013,-0.870037139475082,0.363546044504942,-0.692514999277547
2014,0.0611423353185475,0.0749929248493559,0.111251480770097
