"Year","OPR","DPR","CCWM"
2011,-0.657247237517352,-1.05726512866742,-1.49109588807026
2012,-0.764704579279041,1.01945415708494,0.0387706044304536
2013,0.0984204870578069,0.0573686519502821,0.163916930096288
2014,-0.516281981281315,-0.179018382109946,-0.61310692187252
2016,0.0101742026212402,-0.23587699610167,-0.223995505030721
2017,-1.04847350855022,1.44365935457361,0.0429946394513127
2018,1.07264117604742,2.52694493347797,2.12294435202226
2019,0.918615368812033,0.196637076287229,1.30125343285497
