"Year","OPR","DPR","CCWM"
2011,0.55111254098944,-0.387006738159643,0.239532423626627
2012,0.895007964913403,-0.675489699810289,0.42236688946396
2013,0.341809621943678,-0.911351984122235,-0.395681522382886
2014,0.0616413676468009,-0.536991588754835,-0.327908221529087
2015,0.870697204519488,-0.645346446420093,0.460148130205023
2016,1.89879697934545,-1.80729901231766,0.692853786665525
2017,0.442184213481545,0.427179222880391,0.957061876755731
2018,1.4574712646118,0.0448770887885074,1.06473220757965
2019,0.0414143658861955,-0.0609004593548822,-0.00190782008734328
