"Year","OPR","DPR","CCWM"
2011,1.22358284108288,-0.701291002564727,0.657166541069655
2012,0.541345705705125,-1.06481311421241,-0.337476404624876
2013,-0.158511585122983,0.0200716261577271,-0.166278176443256
