"Year","OPR","DPR","CCWM"
2011,0.342951814547926,-1.02735928965685,-0.475188638656113
2012,1.12881592267035,2.46029697322342,3.52546957386964
2013,0.622820418030755,-0.911126784066673,-0.0697892828721114
2014,0.929318730564489,-0.914217198244764,0.215380800264129
2015,-0.569565473460248,-0.0506593061283857,-0.843547495968124
2016,0.60658317281933,-1.32264301294444,-0.528944315097592
2017,0.016085274558043,0.25715419772857,0.262242196671187
2018,1.39135001111889,-0.273899188746215,0.846324851170806
2019,0.186823830589647,-0.508899980534134,-0.21192309754471
