"Year","OPR","DPR","CCWM"
2011,-0.0278072200477927,0.864826418264038,0.658805920108311
2012,-0.96014282049183,-0.664223323559201,-1.70801342779124
2013,0.244289238143088,1.56258338656575,1.64081509777154
2014,-1.70035941394037,-0.145325960163968,-1.70010467171843
2015,0.231099434379955,0.0320766470300801,0.355487818894308
2016,1.00519154378149,0.337385934448567,1.66959269393979
2017,-0.00557703294447473,-0.0544096957127716,-0.0582142856507327
2018,0.808599346799581,1.17299005226517,1.2072855524999
2019,-0.0148668696959531,1.03162255118479,0.877393666352836
