"Year","OPR","DPR","CCWM"
2011,-0.64042268530725,0.688901385287515,-0.0885199567235405
2012,-0.907525696535737,1.46516685357362,0.276698339584721
2013,-0.266400301823932,0.421213090219317,0.0572160389454996
2014,0.187614687532913,1.16554974324236,1.01335728900582
