"Year","OPR","DPR","CCWM"
2007,-0.76157262243116,-0.622585413890893,-0.965468463829356
2008,-0.516069471058726,0.384253422879682,-0.178662968106948
