"Year","OPR","DPR","CCWM"
2011,-0.234189013306946,1.22578411542921,0.740563106386178
