"Year","OPR","DPR","CCWM"
2011,-0.853482067538056,0.294638095257708,-0.61278578933004
2012,-1.50490953880627,2.08580769890451,0.148185719799085
2013,-0.0822705838960538,0.641750145273653,0.462243394906189
2014,-2.19042708383777,-0.00991588481537142,-2.06273641212844
2015,-0.362431406494508,0.445260997833898,0.0111440012087243
2016,-0.452804697296797,1.27073645290246,0.680151079145894
