"Year","OPR","DPR","CCWM"
2011,0.789174608747822,-1.49679965969453,-0.405129554200366
2012,1.05776079896008,0.586891509154284,1.75077686273757
2013,1.24045075696766,-0.310206386630016,1.16817619684592
2014,0.555316729527267,0.338668520090079,0.764426214460925
2015,0.236918691426706,-1.72946631835233,-1.6578229587054
2016,0.962115066451155,0.0456657063603192,1.31892512953939
2017,0.549272152087164,-0.0215023999570672,0.669128020325785
2018,-1.24802372091575,-0.297113400780315,-1.05064915978155
2019,-1.32706734951135,1.5558643817149,-0.282347346021152
