"Year","OPR","DPR","CCWM"
2011,-0.160717172608692,-0.565637393505392,-0.608358820756634
2012,-0.436430347261925,-0.0662633056675743,-0.563445678676998
2013,-1.40436901027591,1.02476901791202,-0.737299445204412
2014,0.186109070904759,-0.273356791398789,-0.0217152033921383
