"Year","OPR","DPR","CCWM"
2011,0.0669979643861022,-1.30924042327006,-0.972649408215519
2012,-0.701784296967714,-0.107364767564548,-0.906760529383818
2013,-1.19639603809819,0.298783122421109,-1.12704129915388
2014,-1.02303026513563,0.736620547109919,-0.430903835127771
2015,0.412710088812671,-0.061658290684011,0.498365530058115
2016,-0.715241583711228,0.885988939374574,-0.0543978168437882
2017,-1.22549403230497,1.12360523035455,-0.480436936108737
2018,-0.357740233194892,-1.04528635606859,-0.816790630970217
2019,-0.906265972045633,1.10597224006249,-0.155085099528478
