"Year","OPR","DPR","CCWM"
2011,0.149557435201352,-0.325754421134119,-0.110185576350567
2012,0.0114711121783531,-0.544065643599714,-0.478351837148695
2013,0.717210430395513,-1.07614771502138,-0.103771047497705
2014,1.62858989094684,-1.06475457846716,0.763473294227742
2015,-0.397698401711442,0.702706767775564,0.257925553721154
2016,-0.791731355160436,-0.172071552720765,-1.22074658016267
2017,-0.57755543036387,-0.410202486729912,-1.1109805859136
2018,-0.725935642670464,-2.00954895262005,-1.59753289994774
2019,-0.404537455669548,0.586870495128845,0.0116828294724036
