"Year","OPR","DPR","CCWM"
2011,-0.341869317029883,-1.55297169550838,-1.57167834705949
2012,0.645835456106201,1.13597427304088,1.77159901827394
2013,-0.974662900373088,1.54498566394156,0.212737523858918
2014,-0.0138058704025148,0.779684153284994,0.547141345663735
2015,-0.450616438840781,0.576839783248385,0.0405230134867541
2016,-1.53757325916232,1.62950527462771,-0.393911019715365
2018,1.46396685347637,1.49982427957529,1.85074089334997
2019,-2.09833580350049,3.38450346710657,0.356151163725327
