"Year","OPR","DPR","CCWM"
2011,-0.352999832427459,1.82923579862403,1.10164954488045
