"Year","OPR","DPR","CCWM"
2011,-0.733848230958118,0.321427878374092,-0.472849750115696
2012,-0.170427828958627,-0.0904372473313475,-0.278361737911847
2013,-0.489927208914833,-0.281263643247262,-0.812215570974277
2014,-0.669441750762307,-0.106898061835332,-0.705031503365767
2015,-0.991473940425689,0.951779558792546,-0.275070435469107
