"Year","OPR","DPR","CCWM"
2011,-1.31746085891585,0.292189156698916,-1.07498449232478
2012,-0.70991826989762,-0.0590210890839998,-0.872465204131788
