"Year","OPR","DPR","CCWM"
2011,0.718966385969603,0.203775089264845,0.87492711555487
2012,-0.882898999261923,0.0920702304512227,-0.935540690415989
2013,-0.194271435920929,-0.885693236011987,-0.99471503896518
2014,0.214199719141059,-0.657218452352996,-0.271106081210906
2015,1.46038583105196,-0.713771105162793,1.19479849274665
2016,1.44312915193661,-1.16770445512578,0.733847779752762
2017,1.09454690431535,-1.1090430195985,0.329797964357188
2018,1.10288655401362,0.615951660884321,1.11825176284962
2019,1.11960400446834,-1.56586644552384,0.0183411345647196
