"Year","OPR","DPR","CCWM"
2011,-0.632924012090056,1.77608335392857,0.781786251285353
2012,-0.372356478839864,0.71532249495086,0.21668363014991
