"Year","OPR","DPR","CCWM"
2011,0.326453761683539,-1.19705919532764,-0.62624063246541
2012,0.175831384933897,-0.307962087101689,-0.0753750775913215
2013,-0.460885202331197,0.559017288038452,-0.0484617352219631
2014,0.124393762391228,-0.298358521232144,-0.0975924869967889
2015,-0.958773385728792,1.02026327064033,-0.151393472441792
2016,0.982039773958602,-0.696463061611502,0.598187935297991
