"Year","OPR","DPR","CCWM"
2011,-1.19206274420027,1.2162382925001,-0.217199302503381
