"Year","OPR","DPR","CCWM"
2011,-0.023364313857222,-0.383633683497958,-0.327656757662761
2012,-0.423049676900742,0.968072931557001,0.386562811580551
2013,-0.721285039149488,1.18429722930098,0.193016208232064
2014,0.361424503033316,1.17387038393341,1.18244691130284
2015,0.14615757614675,-0.0987220068803338,0.0882662150252859
2016,0.657160756153134,0.159635504697161,1.03017980112916
2017,0.807463155321205,-0.170181837869643,0.853223351396477
2018,1.2087941436806,0.361170603962081,1.05704087420171
2019,-0.114886713613143,0.307808398423572,0.125860432651228
