"Year","OPR","DPR","CCWM"
2011,-0.541262903644626,0.212095444726543,-0.368584326740051
2012,-0.849269039380887,2.04694855242332,0.86958349750001
2013,-0.50112425481239,0.10488229415464,-0.489683109542183
2014,-0.978282585817794,0.282489118957703,-0.715142184102741
