"Year","OPR","DPR","CCWM"
2011,-0.310918471827997,-0.518159495823036,-0.719672694138864
2012,-0.63003255990178,-0.485218206832469,-1.16537756235296
