"Year","OPR","DPR","CCWM"
2011,-0.324294987555899,1.14823196531602,0.589629193500377
2012,-0.258356171777573,-0.155746591049913,-0.438827509505592
2013,0.551811306538201,-0.71647345649099,0.0170380225021929
2014,-1.21873481404648,0.511643710709934,-0.776178783971692
2015,-0.704090504212603,0.986584035788189,0.161161785272229
2016,1.17531144589659,-2.09391478744521,-0.55290960411161
2017,-0.0268215335189934,0.410816406971037,0.353030969451778
2018,0.478582988484267,-0.925372094445975,-0.155258466602803
2019,0.125038689218732,-1.05627512684854,-0.763211046552629
