"Year","OPR","DPR","CCWM"
2011,0.609286663300038,-1.70726914961628,-0.750617871263607
2012,0.638440024408912,-1.20673163785013,-0.35367418543258
