"Year","OPR","DPR","CCWM"
2011,-0.279457919488703,0.518792836976907,0.134537142501938
2012,1.03213648704295,-1.0853152783454,0.210296393892382
2013,0.484352680116972,-2.01438243916644,-1.18885996295153
2014,0.610861998801613,-0.219608645056513,0.415506285292929
2015,-0.915004106121462,-0.0800558700126866,-1.35363095012063
2016,-0.516364488878647,1.7756427157825,1.10434434760913
2017,-0.149987344479432,0.581298500003183,0.358922356258608
2018,-0.850682770556691,-0.796629124228621,-1.03521059558578
2019,-1.41365719106557,0.475909667945118,-1.32656593159436
