"Year","OPR","DPR","CCWM"
2011,0.740513093705879,-0.127704276034003,0.633214447676621
2012,0.353125136738203,-0.553395099564693,-0.0925649804083274
2013,0.031710321413867,-0.00712090128449818,0.0305657064627957
2014,0.585373867393705,-0.936193316376443,-0.123182204851908
2015,1.04102775747774,-0.436063778463957,0.935177509586874
2016,1.23409835531783,-0.951617125354076,0.674818231102091
2017,-1.04362634969086,0.200396338580952,-1.1211812776806
2018,0.923791219026815,1.29239140154194,1.35365608607684
2019,-0.759814289014958,1.24387867716537,0.144885926552213
