"Year","OPR","DPR","CCWM"
2011,-0.592557506034566,-0.564387409204299,-1.03574126113106
2012,-1.19333161430966,0.858243308467481,-0.601460615975772
2013,-0.334538437637395,-0.0336605570738639,-0.41698266775807
2014,-0.254802252926037,0.789324459516119,0.327902786827743
2015,-0.939770291781968,1.21914844470619,0.103028099950753
