"Year","OPR","DPR","CCWM"
2011,-0.340694209266173,-0.25678779162977,-0.541765617954479
2012,-0.771693063228944,-2.31134310339278,-2.97881795607243
2013,-0.850307223571288,0.538128139915664,-0.517958789303024
2014,-0.870262622993282,-0.01498723717749,-0.827466998648393
2015,-0.776597480726165,0.869044609009167,-0.0736977202700008
2016,-1.37836759184782,0.750632138523051,-1.0680288041114
