"Year","OPR","DPR","CCWM"
2011,0.209954459172061,0.369430201896807,0.501476460164331
2012,-0.682865701416661,-0.370363829458645,-1.12256283085594
2013,-0.241092958502045,0.688706121342173,0.318963972481647
2014,-1.25297055107846,1.01270028312539,-0.44836610638271
2015,-0.468135763408005,0.287371243537735,-0.315795080971062
2016,-0.332236081520468,1.06909574629876,0.636681613583618
2018,-1.98115149512303,-1.42176649863585,-2.1780891001945
