"Year","OPR","DPR","CCWM"
2011,0.26854383702008,-1.76789256434613,-1.13674121262824
2012,0.319207466242615,-0.276528338504915,0.11846077387569
2013,0.483036201609639,0.131111011709934,0.673765878627782
2014,1.00830846352763,0.605492674094921,1.38121476426516
2015,0.626357751203776,-0.436786576648457,0.36252824662858
2016,0.314399935011617,-1.09249038099761,-0.683831551450865
2017,0.217003969719108,0.473644911720799,0.71818510694712
2018,-0.0131943028204778,0.517518512980851,0.268509577342809
2019,-0.237660598866735,1.10690203474974,0.668564943668733
