"Year","OPR","DPR","CCWM"
2011,1.12453655054828,-0.400408917776069,0.797717356893612
