"Year","OPR","DPR","CCWM"
2011,-0.467281455011393,-1.05340175270711,-1.29958845079518
2012,-0.434864507335119,0.261028239249299,-0.265916328744631
2013,1.4001390151139,-0.729322192228131,0.989101243212686
2014,1.75098562056698,-0.0199387113548778,1.62889470220803
2015,0.311848195002348,0.677120938383408,1.20701384743721
2016,0.686505851503608,-0.162846393534107,0.744363953872166
2017,0.55642842808329,-0.0401934563924806,0.660516024886453
2018,0.850556858459413,-0.5632476924586,0.304806831260684
2019,-0.34826686145963,0.30502372306215,-0.163774821114144
