"Year","OPR","DPR","CCWM"
2011,-0.639515588590952,-0.517258726140748,-1.04491767758042
