"Year","OPR","DPR","CCWM"
2011,-0.703157054096317,2.11080026375449,0.97777287984224
2012,0.586192227786702,-1.11609754922697,-0.332068174226743
2013,1.36776196117314,0.0533299364057038,1.63159743142168
2014,0.0461379419901649,-0.0521983138637367,0.00580087513306071
2015,-0.361296464865934,0.334853756297022,-0.113981047746488
2016,-0.139358525295163,0.305475236468267,0.123138900818147
2017,0.451579418858516,2.09656649598502,2.5402152747753
2018,0.061306600286456,-1.36121929215829,-0.687262056149299
2019,0.867164453118865,-0.937745498390594,0.253023667892957
