"Year","OPR","DPR","CCWM"
2011,-1.30698716223419,0.65214597480654,-0.778906600784832
2012,-0.0987859199887588,-0.233417633684757,-0.324887143600113
