"Year","OPR","DPR","CCWM"
2011,-0.365852187963243,0.0032325127456494,-0.360350414164674
2012,-0.416389077276503,0.000737831398155739,-0.47978258476836
2013,-1.20672553432537,0.152244996061725,-1.2663357323756
2014,-0.912852593549818,0.321285580883395,-0.625869196399662
2015,-0.278932454069603,-0.141178410369398,-0.546640486919606
2016,0.078539318338842,0.294738157897073,0.400625822520096
2017,-0.207719487816557,-0.0302122392974773,-0.289137974741477
2018,0.585167303988091,-0.539139861764559,0.128266250600771
2019,-0.0872582180769893,0.2986826378252,0.15193911574485
