"Year","OPR","DPR","CCWM"
2011,-0.186115207844606,-0.613195133880312,-0.671298346367434
2012,-0.318140684128633,0.98406867640268,0.522064602199139
