"Year","OPR","DPR","CCWM"
2011,-1.28829329591064,-0.155250253650205,-1.40117190349422
