"Year","OPR","DPR","CCWM"
2011,-0.0445081263045235,0.407676774534539,0.27941140876173
2012,-0.327932400451642,1.16398109219192,0.673325408630617
2013,-0.91501324885594,1.46398739973613,0.211495703688939
