"Year","OPR","DPR","CCWM"
2011,-0.896608821598638,1.63105204113862,0.405110156217098
2012,-0.58479358075383,-0.913609500173674,-1.50024947996591
2013,-0.680596101438927,1.64238568845872,0.638194049049347
2014,-0.545391327322824,1.8546428292556,0.820485578031957
