"Year","OPR","DPR","CCWM"
2011,-0.585602168571396,1.95995755844708,0.974664421757057
2012,0.479678435688614,-0.945582076113302,-0.300900395435158
2013,-0.733533105153898,0.411935078414464,-0.492260659683066
2014,-0.0679501651826686,-0.119236219904888,-0.149423127843924
2015,-0.641396568192253,0.187466252700143,-0.669356505172049
2016,1.01886629671231,-0.633466040493399,0.71033124978671
2017,-1.0132071026203,1.22669834260877,-0.116965208886105
2018,-1.40140115796689,0.134181009048534,-0.928536175999307
2019,-0.990134262669862,1.46370528428441,0.0522955392926544
