"Year","OPR","DPR","CCWM"
2011,0.0849737547414873,0.198702678871689,0.241996869257403
2012,0.274366965900371,-0.910684381053285,-0.506266764813409
2013,0.213809664303144,-0.00813968443740821,0.240736933698799
2014,1.66126783305789,-0.563243628408174,1.15440773344527
2015,1.21090394014641,-0.650455121717788,0.923422852204262
2016,2.91341843056403,-2.51619514911593,1.32163348739149
2017,1.46805127632254,-1.44247322717904,0.484715818024266
2018,1.03823412881892,-0.258343530267892,0.602554974315833
2019,1.63820580649565,-1.24608646336464,0.93422067239535
