"Year","OPR","DPR","CCWM"
2011,-0.14730993371041,-0.801683346625013,-0.78240264498809
2012,0.628466376725125,-0.261769804432527,0.488633209318475
2013,0.750681593429203,-0.017614481912979,0.854748809124462
2014,0.142623154277857,0.689017467995353,0.628810917587255
2015,0.294008068090862,-0.283471930322157,0.0801516027099177
2016,0.108359791261976,-0.859349398173525,-0.721736363007403
2017,1.73196980581855,-0.101262840964734,2.07840393175992
2018,0.879798237744145,-0.57723206568686,0.318174885245853
2019,0.268236047557074,-1.61809459817781,-1.07477111759505
