"Year","OPR","DPR","CCWM"
2011,0.169114274681827,1.39263601635497,1.27305557289817
