"Year","OPR","DPR","CCWM"
2011,-0.831063332727937,-0.0632089799400207,-0.874560786165368
2012,-1.18610485152215,0.0414108987941492,-1.33116680637547
2013,-0.718379173904022,0.416558478053563,-0.470679854342799
2014,-1.18932071725414,0.37002595124957,-0.850308219797074
2015,-1.20631347752246,1.62454239225365,0.200652984046989
2016,-1.4383274768374,0.957905419006651,-0.938698943465929
2017,-0.475789037168979,0.596600287097808,-0.035574035434105
2018,-1.22155491202068,1.32632645639348,-0.159891641871807
2019,-1.70406273841825,-0.371388356615468,-2.41961697561426
