"Year","OPR","DPR","CCWM"
2011,0.129536506458578,0.958653281198005,0.889354767658255
2012,0.0830257348612502,0.0835928214375402,0.171328855848967
2013,-0.147499308027587,0.468567455293042,0.236169146600095
2014,-0.659495809409807,-0.955981742861609,-1.30564937676546
2015,-0.10076970344401,1.00260227932477,1.01150712981848
2016,1.03270334050017,-0.739475234993248,0.621919555938833
2017,-0.0649526904986066,-0.780607618990402,-0.81629014369914
2018,2.15928401677007,0.273433311951409,1.68856972471616
2019,0.58951340852538,-1.14153443499228,-0.265613922941698
