"Year","OPR","DPR","CCWM"
2011,0.54030171680949,-1.24932175228932,-0.455588369179642
2012,-0.678742828798754,-0.996634947620076,-1.68366974982298
2013,-0.234951761469814,1.17722018531766,0.75053620950639
2014,-0.544791854480816,-0.262084703075526,-0.699534007963694
2015,-0.294834575813988,-0.00445682146890948,-0.411683832299157
2016,-0.814935747604263,1.18073860510741,0.110422735576362
2017,-0.459257096439545,-0.0302422537029843,-0.604860241761379
2018,-1.0902334586273,-1.14386581023451,-1.39273067659344
2019,-0.0542415376381927,-0.479806506418535,-0.483338735182719
