"Year","OPR","DPR","CCWM"
2011,-0.751695783982788,-1.10985419215346,-1.62652497617301
2012,0.400452952180181,-0.239857518888108,0.245339358973341
2013,-0.608283300810092,0.760047793932133,-0.044629711286424
2014,0.180577036869051,-0.00366230265485088,0.166832219982804
2015,-0.398400228664255,0.430704331703045,-0.0551596147224538
2016,0.974599016071358,-0.209048701620487,1.07902202605799
2017,1.33182254111103,-1.51907853423847,0.241633911291227
2018,0.652694770707552,-0.895902091741305,-0.0151163506498957
2019,0.804430120380125,-1.01468185082789,0.10901866902484
