"Year","OPR","DPR","CCWM"
2011,-0.278008788684397,0.0522482952718857,-0.234309481492825
