"Year","OPR","DPR","CCWM"
2011,-0.588873111068538,0.815160984163824,0.0628248178092675
2012,-0.0093241553953935,-0.281998772286305,-0.265557203940678
2013,-0.819967215480456,-0.0210635435571116,-0.968658209826387
