"Year","OPR","DPR","CCWM"
2011,0.326916236609658,-1.49175525970771,-0.859674379895228
2012,-0.129453786858575,0.0149659492098264,-0.135847444185379
