"Year","OPR","DPR","CCWM"
2011,-0.514940840480641,0.36587465142386,-0.220423006803366
