"Year","OPR","DPR","CCWM"
2011,-0.539698885501676,-0.141414009070815,-0.647604010957125
2012,-0.290734467778529,-0.177604095244105,-0.495936342891891
2013,-1.39704634068522,-0.27229434854638,-1.85578983338265
2014,1.37254720768322,-0.0327938257891539,1.26451332312152
2015,0.939382461716796,-0.282372715880099,0.971368542243475
2016,-1.17069870553152,-1.66873772054948,-3.22884008623894
2017,0.433575461818711,-1.74949515881848,-1.10260399908961
2018,2.68165647975838,2.13522231805217,3.06140535656013
2019,0.918852082886716,-0.919676021226507,0.332323411095763
