"Year","OPR","DPR","CCWM"
2011,-0.941237069986662,-0.875339562386395,-1.6284169741517
2012,1.37473853835554,-2.46359075733328,-0.639727086486173
2013,-0.150694724628334,-0.224655469723212,-0.369853957717449
2014,-0.363378243106359,1.71582681221328,0.891575814888584
2015,-0.942976262596339,2.56044101931392,1.63771360073026
2016,1.01931987601349,-1.63089774788482,-0.293180591503798
2017,1.35840323734534,-1.27299783396735,0.506625191004735
2018,0.536853382568466,-0.11690044751141,0.320531417852497
2019,1.55391151445122,-0.223386138814335,1.71842445150858
