"Year","OPR","DPR","CCWM"
2011,-0.221062901423074,-0.947919205774314,-0.971627247664789
