"Year","OPR","DPR","CCWM"
2011,0.275532544568005,-1.58751577636116,-0.986648284643564
2012,0.617253116232279,0.0301425605382296,0.739450755712522
2013,1.7975535079436,-1.21479211719683,1.02790227037985
2014,0.586550658034805,-0.0458530426659875,0.517511107801178
2015,0.726233905861395,-0.198524542037404,0.773655966862958
2016,0.657667612528001,-0.0400573625581863,0.829820110386835
2017,1.32678165391025,-0.901370753509858,0.816743671221789
2018,1.6605350073455,-0.52057430784152,0.906046912771858
2019,1.72225136955314,-1.36384049630805,0.93541621363005
