"Year","OPR","DPR","CCWM"
2011,0.144067034024486,-1.48575211092938,-1.03629155163618
2012,-0.925962991290696,0.476119469495655,-0.638224208222857
2013,0.0465833994719479,0.514808788524318,0.501292135251039
2014,0.820124211900508,0.765796257764329,1.31976908349937
2015,-0.432342865341304,0.215075460491998,-0.349395511927589
2016,-0.0219751764660311,0.0179547509982371,-0.0109998772581378
2017,-1.21942987576446,0.791386366566699,-0.785537251218138
2018,0.531706318081459,1.29275209199175,1.07390204847129
2019,-0.323212022495353,1.12966576463414,0.583042320946366
