"Year","OPR","DPR","CCWM"
2011,0.584075611529524,1.57798411748212,1.83179247179922
2012,-0.221389690264771,-0.465212827508321,-0.675790492782839
2013,-0.272165632030394,-1.03686603814839,-1.21634509913846
2014,1.2250611445309,-0.735594137138719,0.621237686406669
2015,-0.154071128799806,1.0051682893073,0.940950204161412
2016,1.33756263404935,-1.44414563991706,0.315882371921977
2017,0.893985431135093,-0.86001447513127,0.312487642298092
2018,1.04381920517603,-3.14070006652715,-0.941409955054035
