"Year","OPR","DPR","CCWM"
2011,-1.19146515589031,1.38364561200387,-0.0837397264743189
2012,0.776799124966415,0.0463818346588921,0.938215337798258
2013,-0.425428128294536,-0.0610780793536477,-0.546147676352459
