"Year","OPR","DPR","CCWM"
2011,0.700337241976612,0.172679419440414,0.831767668372838
2012,0.620745835205307,-0.671976811481868,0.109084432001232
2013,2.00807633359117,-0.782641893703627,1.64738372821191
2014,0.618185777888391,0.492994820310728,0.934288424338985
2015,2.5685995696873,-1.4203448419969,1.91221906067718
2016,1.29602972466566,-0.911991974313443,0.796648821527422
2017,1.88290636589506,-1.07302666453032,1.35313545486338
2018,1.34137138695108,-0.034355030795431,0.939286009205324
2019,1.78082031539832,-1.67693428833422,0.735657375372475
