"Year","OPR","DPR","CCWM"
2011,-1.90541741137983,1.37402915735694,-0.799594354812854
2012,-0.177287455970086,-1.09863637828254,-1.19722989306953
2013,-0.322345466897252,-0.00590365374385857,-0.37873369642351
2014,0.109451179185532,-0.583559263595429,-0.316493523310237
2015,-0.659525387072806,1.01192691487744,0.251696447239163
2016,0.0159455505105752,0.615963984431554,0.641186588100902
2017,0.448078627468743,0.541866199143766,1.07241232943811
2018,0.994965444281603,-0.293895947697114,0.552568012989571
2019,2.3917587131714,-1.38826486009337,1.73816294801178
