"Year","OPR","DPR","CCWM"
2011,-0.247952204258441,0.0126711487522006,-0.235905461297645
2012,0.24990069964278,-1.73677750455166,-1.28090932958819
2013,-0.940611988888061,0.716049476131128,-0.468033394130032
2014,0.343327632369505,-0.274045908647704,0.125332013020833
2015,0.847690838659464,-1.31844255933516,-0.343941443819488
2016,1.20535258191911,-1.16576770057402,0.421200482479679
2017,0.506783890571011,-0.30218199617544,0.351604570721729
2018,1.23279705531331,-0.486137390894335,0.619137113703144
2019,-0.0212417961072137,0.229887826562468,0.173454535676017
