"Year","OPR","DPR","CCWM"
2011,0.322902352966408,-0.37744871116011,0.0207397326041376
2012,0.675815863161152,-0.0976536010642658,0.69155362839497
2013,-0.225768699276413,0.515816301185038,0.186506547035987
2014,0.427550262402089,-0.118223686865443,0.31630817594992
2015,0.160594070814351,0.728872438712095,1.05782189773721
2016,0.315379283649945,0.175455667213192,0.593902264397724
2017,-0.928936014310024,0.925356072521212,-0.294847834356291
2018,-0.086748484660759,-0.912555800864128,-0.552020961579396
2019,-0.619228264454521,0.308530611155576,-0.494198219543536
