"Year","OPR","DPR","CCWM"
2011,-1.23459955224474,2.57275163466389,0.817234216207324
