"Year","OPR","DPR","CCWM"
2011,-0.629927496425881,-0.420661739674704,-0.95874005041746
2012,-1.15103062298466,0.522368393005939,-0.856129819174571
2013,-1.04933037902044,0.00536482094625537,-1.21153147116266
2014,-0.549935559486786,0.309205010960418,-0.293966817466244
2015,-0.867544648392879,1.1867129353084,0.165406408240762
2016,-0.119180235077511,0.0258724805596741,-0.13163902402471
2017,-1.15388365637678,0.4663381265502,-1.00923462288327
2018,-1.60277394086794,-0.0613844712233694,-1.17734318702359
2019,-1.14333809618281,0.632289311206415,-0.858114038571327
