"Year","OPR","DPR","CCWM"
2011,-0.332325365967189,-0.30545342825964,-0.572088575377264
2012,-0.492037995197089,0.760116062434896,0.119062482798109
2013,-0.127385620872138,0.144378932252687,-0.0221959218155152
2014,-0.419556049896615,0.413556243011376,-0.0966495234624771
2015,-1.31664603173284,1.97936733656149,0.455661612882866
