"Year","OPR","DPR","CCWM"
2011,0.516693645125599,0.520591907284193,0.925726922190734
2012,-1.04570104819105,2.39757642861684,0.959739065646705
