"Year","OPR","DPR","CCWM"
2011,-0.909938464458694,-0.499687501321902,-1.29922440659433
2012,-0.501177152866097,-0.184553422930644,-0.745034013682138
2013,-0.186394752646687,-0.60878575924599,-0.744989638930888
2014,-0.261507313330928,1.37893110892077,0.74516295669836
2015,-1.3025085968382,1.79725678547088,0.266188569827719
2016,-0.73008892104789,0.440585522166174,-0.522428493817179
2017,-0.882072365300308,-0.719108239306232,-1.78393366781733
2018,-0.0268674967181262,0.297066452649781,0.140354462231868
2019,0.526662499396857,0.388848881999078,0.985767708333034
