"Year","OPR","DPR","CCWM"
2011,0.891003349812183,-0.298961923295937,0.646574229183295
2012,0.244260848192032,0.350442067030067,0.598479770841417
2013,0.720825185287006,-0.295574417086649,0.578634064426824
2014,-0.372960275666927,-1.12145746874555,-1.15562110969278
2015,-0.752603517771183,0.775538259208706,-0.147907298133968
2016,-0.588811576190818,0.457397746285028,-0.318582679456887
2019,-1.70577199163893,2.44781365650752,0.0260074123367059
