"Year","OPR","DPR","CCWM"
2011,1.55256036504955,0.154085644457431,1.66239372937341
2012,1.88252936388651,0.125596493266544,2.28563275482021
2013,2.11628434084757,-1.29795336975363,1.32506084993051
2014,2.55079299921329,-0.917536654589142,1.73467385138101
2015,2.92136871451492,-1.80846339130476,1.9533208544216
2016,2.13876362674175,-1.16888394744685,1.6530392752919
2017,1.53491426573782,-0.896199364747818,1.08282967289621
2018,0.962272119386832,-0.048237760078422,0.661154339881276
2019,2.33368919557316,0.103498082022084,2.96189743237595
