"Year","OPR","DPR","CCWM"
2011,-0.340140703837501,1.95248624552909,1.21222610627049
2012,-1.00712003426051,0.362600570375791,-0.834436434961064
2013,-0.391684850596779,1.62578071584524,0.958619851029903
2014,0.121429933199347,0.00405371924160073,0.11686835148968
2015,-1.25936668901307,0.709569772983448,-0.922418923372135
