"Year","OPR","DPR","CCWM"
2011,-0.506470218990451,0.611758869425911,-0.0168685350246291
2012,-0.507134880900605,0.0706476019851078,-0.521322731965673
2013,0.255649612500264,0.548756945572029,0.773100123003047
2014,-0.214155330071952,-1.18885534356199,-1.05500635718371
2015,-0.0900583879218295,0.244341076929869,0.156188179178821
2016,0.968090826676795,-0.819031353019071,0.456343198529525
2017,1.11298123215268,-1.32248036141982,0.15202966242153
2018,1.70142642805786,-0.202995419035671,1.10579717428907
2019,1.48241067030589,-0.213210023112313,1.6392646709263
