"Year","OPR","DPR","CCWM"
2011,-0.233592214802301,1.14063579795397,0.673575136473472
2012,-0.396763961702682,0.827530168020395,0.289905803728647
2013,0.0616182785761784,1.28701886938782,1.18966684085383
