"Year","OPR","DPR","CCWM"
2011,-0.325577193228692,0.0812359706146413,-0.258489362084336
2012,-0.7425447522481,0.330933235718159,-0.557769923492925
