"Year","OPR","DPR","CCWM"
2011,-1.16655671707423,0.939966692925051,-0.411167476499325
2012,-1.26429469752269,1.73189652202634,0.106043766576803
2014,-0.289223043348849,1.50575478026887,0.810258680727478
2015,-0.600466926709412,1.86320946683113,1.30996636602044
2016,-1.6691812106778,1.71700679226443,-0.479951091007779
2017,-2.18851263853316,1.32306811740133,-1.50132954780272
