"Year","OPR","DPR","CCWM"
2011,-0.778508833799715,0.292403988893978,-0.540187418387018
2012,-0.904009159363339,0.898047257998406,-0.231662140349367
2013,0.127379156349614,0.352044236188595,0.453514880140352
2014,-0.254849844398139,1.01805811123639,0.492172286586398
2015,0.208922987533035,-0.663608526145616,-0.473377812732543
2016,-1.51278408203069,1.23529370990952,-0.757964776326199
2017,-0.937604029616322,0.54893726870772,-0.660042410381002
2018,-1.14590195449849,-0.830037082901893,-1.26393798224263
2019,-0.197221627845994,2.56646433536159,1.98557466884534
