"Year","OPR","DPR","CCWM"
2011,-0.529357161505837,0.584638423353453,-0.0610965785153697
2012,-0.285166899297894,0.215129631685168,-0.134659660215517
2013,-0.0196019948567607,-0.189006549720206,-0.18694090107346
2014,0.419659924866263,-1.02750761372801,-0.344293936060052
2015,-0.816716242184832,0.786972801300063,-0.223196279013653
2016,0.497648001455946,-0.422565809431472,0.233031352993916
2017,0.226405211930253,-0.340256584293224,-0.0361255004292525
2018,1.70982672340395,0.102944331683295,1.27609811400208
2019,2.12875127605877,-1.21080279058285,1.56856223650148
