"Year","OPR","DPR","CCWM"
2011,-0.911612695970542,0.798254903902423,-0.270742472633502
2012,0.571781577239893,0.570009554537534,1.17477763708707
2013,-0.464301298189434,0.680006300749039,0.052702489477752
2014,0.391992451015907,0.990924040897083,1.07971131864483
2015,-0.412605203275846,-0.22535556519935,-0.827563566172658
2016,-0.32759669268289,-0.930154345786327,-1.36982009299355
