"Year","OPR","DPR","CCWM"
2011,-1.11933884678444,1.00711622746639,-0.31103374347727
2012,-1.0572831258046,0.997645714567583,-0.318525153577381
2013,-0.59110896953223,0.347909379160806,-0.382818436055074
2014,-0.290543893258242,0.345598995495946,-0.0243957410790481
2016,-0.138226089128088,0.375680703716203,0.195312867817882
2017,-0.309574336940327,0.341481667679639,-0.0671033377704612
2018,-1.8885456880888,-0.362997336197897,-1.54336299579569
2019,-0.780728986141053,-0.347748160194247,-1.26275852609725
