"Year","OPR","DPR","CCWM"
2011,-0.500549568361222,0.390268701359638,-0.186786319017508
2012,-0.376354626019049,0.467864501503212,-0.0115190306881628
2013,-0.871524205032126,-0.831289688266201,-1.73239365890703
