"Year","OPR","DPR","CCWM"
2011,-1.13059212898068,-0.944654788222668,-1.87126600011515
2012,-1.19760518382391,0.203761109859922,-1.19774572193845
2013,-0.397387897209771,-1.06195220979873,-1.38327654240866
2014,-0.542546958489537,-0.814656852670145,-1.09437555889308
2015,0.46454366600454,-0.30717019538039,0.288122763857454
2016,-1.1734220432154,0.60343456913291,-0.94505321196403
2017,0.590987004412431,-0.230806421203788,0.524468716165559
2018,-0.282331272215424,0.327019419924328,-0.0259600380952319
2019,1.07422354449486,0.682445027093596,1.91455325319677
