"Year","OPR","DPR","CCWM"
2011,-0.929980008296317,-2.16391410868699,-2.63995796359597
2012,-0.532025744318537,1.51842652556193,0.758090303390781
2013,-0.326141110800399,2.93610529016083,2.17308596483373
2014,-1.11592348603308,-1.77690459867457,-2.32370729947361
