"Year","OPR","DPR","CCWM"
2011,0.158406984319876,1.55156827668722,1.38857456819894
2012,-0.854624940770562,-1.53658663614831,-2.37448138184068
2013,-0.914935522751438,0.315619139006544,-0.786195211782283
2014,-0.344536526237214,0.969159812658839,0.372878730187948
2015,0.200831329286473,-1.71300338935284,-1.68869567212726
2016,-0.821150152526501,0.104879696349725,-0.980863835118031
2017,-2.19633538006891,3.29489567976711,0.344895528622975
2018,-1.43686770267039,0.630640704895016,-0.687238443807145
2019,-0.323475693613389,-0.450515845979981,-0.789250080171261
