"Year","OPR","DPR","CCWM"
2011,0.558360085427376,-1.77649232673307,-0.856076342498337
2012,0.226950320856281,0.575596688951044,0.781943385637206
2013,-0.392247430256949,0.238517018388915,-0.247381908713879
2014,-0.0380043111253596,-0.108748431111912,-0.113786290467432
2015,-0.616141990594641,1.27535329534273,0.613797610710506
2016,0.372107831769138,0.746949894031704,1.24428036032585
2017,0.134416133168427,0.860271901037874,0.978457162217799
2018,-0.60955486862538,-0.337764154680105,-0.616615072864247
2019,-0.108265613665571,-0.0934867108946885,-0.214409263429496
