"Year","OPR","DPR","CCWM"
2011,-0.927666235227713,-0.0271261242448009,-0.941750371480684
2012,0.0275290000048224,0.0989484649617633,0.121168633620307
2013,-0.383389178866497,1.08266518345493,0.496338709094915
