"Year","OPR","DPR","CCWM"
2011,-1.27901581868654,0.562296978620085,-0.822470530045382
