"Year","OPR","DPR","CCWM"
2011,-0.676018638386515,1.03396660619064,0.150038956643648
2012,-0.801261626494931,0.282507977180589,-0.669274603179551
2013,-0.701824663412862,0.362934001285489,-0.498085497115469
