"Year","OPR","DPR","CCWM"
2011,-0.358122327717711,1.06560460945167,0.490494183014111
2012,-1.66618557609881,-0.679447830109197,-2.53643470240704
