"Year","OPR","DPR","CCWM"
2011,0.122744812700033,1.73393383454938,1.49793735374287
2012,-0.218907624275251,-0.165251287561702,-0.401897845197429
2013,-0.561488433768077,0.404916171179127,-0.298956296459036
2014,0.677517454891186,0.0050586168417596,0.639452319420466
2015,0.832732146413226,-1.39269079319377,-0.449767483416097
2016,0.177590922730019,-0.462407931561284,-0.230538189806071
2017,0.810787963437115,-0.519096782314268,0.52896930102152
2018,0.377917169748768,0.57447725410247,0.578351653581344
2019,0.140947527393486,0.030085712408364,0.199583489479458
