"Year","OPR","DPR","CCWM"
2011,-0.79575362539708,-0.271220863024667,-1.00462802061758
