"Year","OPR","DPR","CCWM"
2011,-0.604826828076225,0.789800481907857,0.0268711770496717
