"Year","OPR","DPR","CCWM"
2011,0.0509608347538915,-0.678647016212312,-0.488072437302641
2012,-0.641914836235096,0.257620929656686,-0.507899367413794
2013,-0.914707163962011,0.758282769038241,-0.401314058196481
2014,-0.349528517949496,1.34637123653503,0.639169319914249
2015,-0.461336736956874,0.758146867964174,0.233786243530894
2016,-0.846292262777201,0.278663618526727,-0.839180983610919
2017,0.33459241937456,-0.17821128694721,0.252185699653623
2018,-0.506575639250675,-0.463151235800354,-0.61042652892668
2019,0.925780800110949,-0.987151638844943,0.282265834181242
