"Year","OPR","DPR","CCWM"
2011,-0.780615026315027,-0.14008271517295,-0.885530022383921
2012,-1.1190440373561,1.4106913303027,-0.0165825254848672
2013,-0.833813280731824,-0.0577810253698147,-1.01660871178468
2014,-0.0323200218191614,1.4513992282007,1.01230302455371
2015,-0.350872993460519,0.54308722982341,0.139336420592737
2016,-0.339484508611105,1.96139869143848,1.52537048162637
2017,-0.106205529727534,-0.134012298699286,-0.259437163530739
2018,-1.08114661828058,-0.639686988410719,-1.11547641559814
2019,-0.787428752587341,1.41065351675003,0.255700853161502
