"Year","OPR","DPR","CCWM"
2011,-0.0448420671634276,-1.19365736392844,-0.991856614821109
2012,0.866729511656616,-1.13017809927626,-0.0210935065357013
2013,0.270530434262409,-0.638657124992635,-0.241359412170002
2014,-0.806711414237431,-0.535434253966877,-1.14169788867307
2015,-0.190815095730378,-0.694308399286625,-1.0598344117092
2016,-1.538249658638,-1.28260115713126,-3.32641608524415
2017,-0.248250750159395,0.48419637986578,0.14419584604061
2018,0.00329241272344758,-1.12542728723662,-0.602053344209868
2019,-0.153635532929953,-0.519135181041312,-0.639807963079006
