"Year","OPR","DPR","CCWM"
2011,-0.669693422198708,0.0945152621093491,-0.589304399273019
