"Year","OPR","DPR","CCWM"
2011,-0.473026797831292,-0.308849809278697,-0.714356400452625
2012,-0.742820807296772,-0.578033190098145,-1.3793804386124
