"Year","OPR","DPR","CCWM"
2011,-0.570294541138026,-1.31520313226907,-1.60955965163877
2012,-0.338501986719287,0.764604085437982,0.300274661516968
2013,-0.136404995405549,0.200223383393653,0.0158719449394558
2014,0.210672399434656,0.93554158517997,0.869766148929748
2015,-1.07027231778856,0.516559975458101,-0.883137268599255
2016,-1.07386929657847,0.104553233760859,-1.31555970297552
