"Year","OPR","DPR","CCWM"
2011,-0.779017225442273,-0.155151529012815,-0.895904765927129
2012,-0.86565490139458,-0.280488022822722,-1.25226675586992
