"Year","OPR","DPR","CCWM"
2011,-0.799505769092305,1.45124019083248,0.358721957037372
2012,-1.39158639696801,1.68186995168777,-0.086032620137036
