"Year","OPR","DPR","CCWM"
2011,-0.866594569820765,1.41087215034078,0.260132538364625
