"Year","OPR","DPR","CCWM"
2011,-0.208282343535235,1.91829866360559,1.31589242919152
