"Year","OPR","DPR","CCWM"
2011,-0.264305341247756,0.211654210958885,-0.09419973343499
2012,-1.59748408965013,1.24153676248769,-0.721467848815822
2013,-0.837836021343899,-0.670341181543249,-1.55350536102338
