"Year","OPR","DPR","CCWM"
2011,0.764908661791609,-0.738853533543383,0.172361142822075
2012,0.424946995646654,0.238105040724633,0.705462374442616
2013,-0.350830935114058,1.49507143071325,0.892401094616761
2014,0.673498524800368,-1.37001020356038,-0.352120044764425
2015,-1.31900486125826,0.269097400410327,-1.51009176984312
2016,-0.0433618684846565,0.0669191341398638,0.00999617427964423
2017,-0.892267963844766,0.918146106273322,-0.255613945536757
2018,0.874324424057938,0.00467674299608585,0.626777305005532
2019,0.188836543625033,-0.676709055747191,-0.355143679501218
