"Year","OPR","DPR","CCWM"
2011,-0.85283673010173,-1.00052900773593,-1.6400856754473
2012,-0.831047316823299,0.110572658098013,-0.858994012682217
2013,-0.832233265903271,0.722755488168515,-0.336593861017325
2014,-0.19676190949465,1.50475629834953,0.896311848738384
2015,0.211381934014424,-0.513494209630268,-0.297733803398184
2016,-0.583105025548222,1.02300299820622,0.258360902072255
2017,1.02486801073249,0.0196275872429044,1.30474275106469
2018,0.126969105348434,-1.01815201509636,-0.456136906362688
2019,1.09374493210456,0.200800773003969,1.52039786570973
