"Year","OPR","DPR","CCWM"
2011,0.405886144588879,-0.352072487222877,0.123197963766197
2012,-0.877600321332091,0.261914450851904,-0.775964945986457
2013,-1.33707162718938,1.34904606535199,-0.377546457098227
2014,0.179706022320208,-0.409855121078913,-0.125779734819495
2015,0.063235479949357,-0.225714109840328,-0.171802244820213
2016,-0.0253467120779118,0.297944320148049,0.266404104022995
2017,0.44632269888475,-0.991091060069804,-0.372734413920308
2018,0.0778234298475765,0.287570731315645,0.21000392875786
2019,-0.105296407411123,-0.381919676301605,-0.461182504486362
