"Year","OPR","DPR","CCWM"
2011,-1.19855547414195,0.262943996795742,-0.980244518176988
2012,-1.04725912362024,1.3228328279426,-0.0131378277060761
2013,-1.06364520372245,0.560625429007379,-0.745674162244799
2014,-1.61453523314593,0.893749566928916,-0.873127606004598
2015,-0.448817944405814,0.507615895266786,-0.0364299360963728
2016,-0.770246329831931,0.649500421271264,-0.365245793068761
2017,-0.167926752147757,0.883494407041747,0.620858528105658
2018,-1.58060325255979,-1.20463445872558,-1.77548906117221
2019,-1.66948405398731,0.791717664172977,-1.36721293493695
