"Year","OPR","DPR","CCWM"
2011,-0.437647823625017,0.411849680882986,-0.107261148219931
2012,0.116742220571355,0.747041621608509,0.809688306799356
2013,-0.513479863011258,0.615608669989042,-0.0602494247281278
