"Year","OPR","DPR","CCWM"
2011,-1.10823323936046,1.60222357720473,0.172303775706499
