"Year","OPR","DPR","CCWM"
2011,-0.784623787086296,0.0861346047964104,-0.709963876694691
2012,-0.482138664820989,-0.471621585589943,-0.982445491120434
2013,-0.480529429677702,-0.124720691440175,-0.665308136892065
2014,-1.27566518907796,0.109578755934809,-1.11843451087975
2015,-0.141542692453623,-1.13902651993003,-1.50219413109743
2016,-0.69188916224516,0.223727284923461,-0.6901978570947
2017,-1.92311729068857,-0.145724578037682,-2.55078937426766
2018,-0.0901977390414077,1.75308805718316,0.87708466795497
2019,-0.700806403834428,1.30473406609637,0.270342797013645
