"Year","OPR","DPR","CCWM"
2011,-0.763992731463208,0.195184918244314,-0.60294803550538
