"Year","OPR","DPR","CCWM"
2011,-0.798152083107688,0.0947975170881842,-0.716508073406321
