"Year","OPR","DPR","CCWM"
2011,-0.138406490979913,-1.06454698331023,-0.982198609024879
2012,-1.1957967268716,1.57501350551697,0.0433290866357762
2013,-0.96613301255338,-0.340996181788981,-1.41604638892442
2014,-0.673814255857242,1.02097182234056,0.101086922898135
