"Year","OPR","DPR","CCWM"
2011,-1.03071889906923,-0.109237400772361,-1.10914552658989
