"Year","OPR","DPR","CCWM"
2011,-0.790705976962796,0.946745932292742,-0.0329526912219111
