"Year","OPR","DPR","CCWM"
2011,-0.580519498430108,0.210219695610385,-0.409014593268396
