"Year","OPR","DPR","CCWM"
2011,0.0280154414633343,-1.98235080647046,-1.54554906645083
2013,-0.431105163223852,0.788986971736806,0.18586727885675
2014,-1.30248849150463,0.0953573582549212,-1.15382307236833
