"Year","OPR","DPR","CCWM"
2011,-1.13337586811696,1.6598281023495,0.193082129314635
2012,-0.203357981331141,1.07970374402181,0.740916847525159
2013,-0.950136645960203,-1.2823819790423,-2.21544677221143
2014,-1.25785553364431,0.990020390618083,-0.469242865943245
