"Year","OPR","DPR","CCWM"
2011,-0.0526455789735072,1.22032961129038,0.916320434368308
2012,-0.912154996686279,-1.87587528123485,-2.74742478807295
2013,-1.45907279096487,1.19896118369822,-0.649352026799058
