"Year","OPR","DPR","CCWM"
2011,-0.108869262879647,0.644046921893954,0.403167579557566
2012,-1.10788763252023,0.976472992898898,-0.396045512040607
