"Year","OPR","DPR","CCWM"
2011,-0.797369928359192,-0.0667545271381042,-0.843951801864233
2012,-0.368746991455533,0.830907463632859,0.325284636437619
2013,-0.95324010344743,1.71668196135514,0.386748434445955
2014,-1.25787519514241,-0.706699990422556,-1.68812520411233
2015,-0.29911834107827,0.564370827157759,0.235127332238871
2016,-0.931988040701539,-0.885367309984166,-2.12439018318343
2017,1.7214693950146,-1.22292308025202,1.00942827774435
2018,0.144682802859121,0.182061761508484,0.201078398874822
2019,-0.242718147547221,-0.421980030679155,-0.665087186111812
