"Year","OPR","DPR","CCWM"
2011,-1.34772027201172,1.27458409248341,-0.325300046477532
2012,-1.47266409538695,0.617190689300024,-1.14156940279722
2013,-0.0171642116978002,0.187837874968238,0.143312781289217
