"Year","OPR","DPR","CCWM"
2011,-0.94012437859921,0.106889707264403,-0.847743691221586
2012,0.564105017311204,0.202814813157474,0.834143121621591
2013,0.13386266969506,-0.772090565334373,-0.515695923418905
2014,0.603300144078249,-0.942159530962747,-0.11064515152981
2015,-1.03064414542266,1.55626769040494,0.364552868485943
2016,0.526595169369915,0.433535873136543,1.13316610888701
2017,0.167390734154427,-0.0444195675367458,0.168273620491359
2018,0.355116355663425,1.39550891482176,1.00300215801198
2019,0.786725306244184,0.610105670838445,1.49792590338824
