"Year","OPR","DPR","CCWM"
2011,-0.834683126253428,0.257686712705852,-0.623465062248495
2012,-0.607814323164382,2.05838673268925,1.15852018437408
2013,-0.412786724586429,0.665793895872145,0.100060096615754
2014,-1.27331742709543,0.79507241736514,-0.623796854671044
2017,-0.23618056112143,0.814878390588459,0.470609186964491
2018,-0.430341023706225,-0.899247732709225,-0.790198247795241
