"Year","OPR","DPR","CCWM"
2011,-0.220053976552678,1.36396257283397,0.864253304974637
