"Year","OPR","DPR","CCWM"
2011,-0.467036433044705,0.743218917250305,0.126585148153382
2012,-1.31681427130709,-0.0824442938894707,-1.59389419526035
