"Year","OPR","DPR","CCWM"
2011,-0.671231627197638,-0.643477932321985,-1.17655603552203
2012,-1.06433665312792,1.18968371757779,-0.153148883593189
2013,-1.10849777530709,0.43862486535183,-0.903661545993212
2014,-1.09000058316295,2.53234798328621,0.796234711148821
2015,-1.79028517924207,1.28086176262741,-0.998996470667295
2016,0.072360601256508,-0.249713043037408,-0.155646742876133
2017,-0.832418275128737,0.755168675336351,-0.333906676427776
