"Year","OPR","DPR","CCWM"
2011,-1.25731631058723,1.6804051728313,0.0864678727923295
2012,0.351825273588019,-0.43922099214001,0.00909661044230887
2013,-0.191350732422626,0.611409979428018,0.309455925336555
