"Year","OPR","DPR","CCWM"
2011,-0.803634742659098,0.0162135876640337,-0.784316727536087
