"Year","OPR","DPR","CCWM"
2011,-0.553666821273045,-0.0914531807094896,-0.621807249876992
2013,-1.19191933221692,1.89821104564693,0.267839814682332
