"Year","OPR","DPR","CCWM"
2011,-0.628715021517998,1.71511260127804,0.737570580045333
2012,-0.579976400332261,0.916247115532282,0.15866644483983
2013,-1.31415671642513,1.58307461420478,-0.14764763027259
2014,-0.612289216270311,0.747287823037836,-0.0377796114006586
2015,-0.915243396494876,0.95908252899835,-0.161570354459424
2016,0.5641632215625,0.524808959990344,1.27475596833275
2017,-1.15352910187971,0.968492407006974,-0.536121546442479
