"Year","OPR","DPR","CCWM"
2011,-0.861380815423016,-0.096311022659715,-0.930907170518635
2012,-0.329137153307671,-0.169923417308619,-0.533307325303308
2013,0.466520648655577,0.670630481409051,1.12339552470821
2014,-0.881083309785127,1.41637811264645,0.190620515163943
2015,-1.12745388828839,0.1869857128021,-1.34016915337122
2016,-0.516084299852973,-0.322585188327493,-1.00756563325391
2017,-1.07500981155912,0.907137816448392,-0.495327254965283
2018,-1.17537012157896,0.530142465761637,-0.554501743976863
2019,-0.436825964862999,1.04252689259226,0.367562359874472
