"Year","OPR","DPR","CCWM"
2011,-0.284862795774729,-0.224991956781146,-0.461146772324152
2012,-0.94273895570477,0.914970286936319,-0.261059679329943
