"Year","OPR","DPR","CCWM"
2011,-0.0444987183334834,0.371338098250053,0.250579690198044
2012,-0.125086820361799,-1.35778449056874,-1.37115030966364
2013,-0.560447663165276,0.405857069051647,-0.296932508081028
2014,1.02979295982036,0.768179634111474,1.51824551316683
2015,-0.28364113230978,-1.00336255324578,-1.54247273427327
2017,-0.269403116344154,0.684204053651418,0.305911768954089
2018,0.0786770459537632,1.8086214906033,1.027484792075
2019,0.533045935179153,-0.991277631901658,-0.204649495734621
