"Year","OPR","DPR","CCWM"
2013,-0.627453042293296,0.460756489667498,-0.326892571528554
