"Year","OPR","DPR","CCWM"
2013,-0.833796194524647,0.706809136537309,-0.352260605947908
2014,-0.699721146463322,2.03538042732627,0.80548976892237
2015,-0.480097455048887,-0.0672618663729712,-0.739224378211677
