"Year","OPR","DPR","CCWM"
2012,-0.281473525586304,-0.612136350435262,-0.87787004197452
2013,0.975149616978108,-1.89376781589439,-0.515219233706092
2014,0.145376773364081,0.0782013746965874,0.1926063911328
2015,-0.33063259956544,0.651583241426411,0.291744439835741
2016,0.328444110670101,-0.0138756061484167,0.420588742484198
2017,0.83762832676787,-1.036776678651,0.0753734329715853
2018,0.452566747156134,-0.12328373005072,0.256922843838276
2019,0.365390846214967,-0.165131731183276,0.306308084722608
