"Year","OPR","DPR","CCWM"
2012,-0.881440942607334,0.694183084100845,-0.38982231047352
2013,-0.266571650801115,-2.22588467800067,-2.24296240933369
2014,-0.317389174279521,-1.11664680604405,-1.10001442481301
2015,-0.27769546895775,-0.492627296029466,-0.948215295739936
2016,0.659751691277609,-0.805862395716294,0.0616435312165449
2017,-0.895284861600534,-0.244909405384534,-1.35416193222484
2018,-0.306384838362943,-1.12586603431779,-0.823397836951922
2019,1.34844014133784,-1.41932659508822,0.42719731766204
2020,0.621708482454194,2.01761591372755,1.89642172783621
