"Year","OPR","DPR","CCWM"
2012,-0.155832100595787,-1.45425531299852,-1.49379137697046
2013,1.17676172643356,-0.609949638604463,0.833921996212693
2014,-0.415756472530312,0.649232617498225,0.0762177703832981
2015,0.273718290216529,0.619579399497839,1.08840586757848
2016,0.1730257229763,-0.761983339144076,-0.538160107247638
2017,0.476905043860339,0.316069143732214,0.896052731281847
2018,1.24104731351575,0.951259787675383,1.39697349840373
2019,1.44509963531062,-0.907073232152679,0.990910679957103
