"Year","OPR","DPR","CCWM"
2012,0.506881331731349,-0.136606256436562,0.461433568363441
2013,0.187420419475335,-0.558949048761299,-0.268429578950068
2014,-0.717348930540736,0.176316106291743,-0.546539109588674
2015,-0.674469814636745,0.149579274729785,-0.758438259664667
2016,0.878978499146816,-1.25421213348965,-0.0996547739949074
2017,-1.22887692759236,1.19728394313568,-0.415330318088563
2018,0.277295412717917,-1.52625836623793,-0.621679792206163
2019,-0.849308977967531,-0.153883559091245,-1.17883900977114
