"Year","OPR","DPR","CCWM"
2012,-1.17433900105662,-0.0237303233014723,-1.37644883604861
2013,1.43933380015513,-0.728036136349552,1.03564611793508
2014,-0.370853579544821,0.793546963020677,0.222027351196789
2015,0.573707906060424,-1.48539354071624,-0.913330171658999
2016,0.27644401341836,-0.454795698759538,-0.0920845939386707
2017,0.835809142182532,-0.712575473239031,0.378254563072731
2018,0.204796687394455,-0.505411076876375,-0.125203674836504
2019,-0.248105573024981,0.433796513262137,0.0712971539251801
