"Year","OPR","DPR","CCWM"
2012,-1.33242633501228,1.64442102231402,-0.0516077553026107
2013,-0.713279304495699,-0.377295063359822,-1.15452334501183
2014,0.66485250130228,3.37706050810811,3.0498937011868
