"Year","OPR","DPR","CCWM"
2012,-0.623086020286911,0.554869166919117,-0.217596663799694
2013,-0.120418365136644,0.0906091961838191,-0.06083957663068
2014,-0.202102994083908,0.607516824270184,0.246754399891293
2015,-0.115018855965263,-1.75219698967853,-2.16921927975865
2016,-0.686414064523924,1.14306097544605,0.242537013299797
2017,-0.798704627335705,0.157289909015177,-0.85436582301637
2018,0.17745018878991,1.13027412101072,0.733706121976179
2019,-0.100667795735689,-0.189770556826032,-0.288655680479828
