"Year","OPR","DPR","CCWM"
2012,1.76587446394145,-1.45508135325542,0.722817432597682
2013,1.93358976283655,-2.6955980630209,-0.101054894098911
2014,1.79353730652997,0.124203380465408,1.77237404442589
2015,1.06495053209524,0.0955286485366063,1.57815813390833
2016,1.65490990742354,-1.37257817114841,0.807804455776036
2017,0.346317139214952,0.0339995638437409,0.466650850689459
2018,-0.0162265723604411,-0.983313350633675,-0.539668400406341
2019,0.851890447662069,-1.20841370418941,-0.000777250565566116
