"Year","OPR","DPR","CCWM"
2012,-1.2909663525486,1.02298430450517,-0.565265267744642
