"Year","OPR","DPR","CCWM"
2012,0.316481265316663,-1.10784409527723,-0.635815967501977
2013,-0.0942605427760829,-0.882280898727466,-0.87583574146332
2014,-0.61349671724255,-0.621878938564214,-1.02247375087033
2015,-1.22902654330397,1.82986943369021,0.404940899670233
2016,-0.870912445037837,0.311796200291759,-0.838400927055484
