"Year","OPR","DPR","CCWM"
2012,0.489306091846372,-0.00865929293928362,0.556760260159691
2013,-0.0546371067066216,0.816183670869823,0.645830887027464
2014,-0.29500000211661,1.02920452710699,0.462500435468837
2015,1.72565145530256,-1.87727280170955,0.225498372525011
2016,0.826145248774355,-1.74821694320077,-0.66687068689304
2017,-0.00479730939766901,-0.15893636062252,-0.155624611742207
2018,0.330363673945583,-0.764505776413771,-0.174694414431163
2019,-0.165451158324341,-0.449334404607973,-0.593745849233454
