"Year","OPR","DPR","CCWM"
2012,-0.682049011346785,1.47459556690066,0.54538318116125
2013,-0.762769340012528,-0.214561264193844,-1.07048891586603
2014,-0.903142989469873,1.10220186303921,-0.0557745619070226
2015,-0.769539119053134,0.887070377885467,-0.043280200983454
2016,-1.8837208565688,0.910694693710719,-1.57551618203076
2017,-1.21971706624577,1.35919250043686,-0.251432784236388
2018,-0.425471804263407,1.06587374980809,0.268635323029765
2019,0.226627544752273,-0.322173563516365,-0.000814970501016819
