"Year","OPR","DPR","CCWM"
2012,-1.31875029218953,1.14510794424148,-0.48697948713691
2013,0.2491062938223,-0.0979574300997972,0.203606553156503
2014,-0.243180316880204,-0.0787520822412318,-0.284786043202536
2015,-0.0940950413737883,-0.634122529863146,-0.857397722215265
2016,-0.870459826233514,1.80367391751925,0.664067425458936
2017,-0.262645615890115,0.0835424363917178,-0.250998320394731
2018,-0.906770280539663,-2.36927715988322,-1.9198383503221
