"Year","OPR","DPR","CCWM"
2012,1.04350912668692,-1.80317947835581,-0.425203866963841
2013,0.117017606188773,0.985892522022275,0.992236462646855
2014,-0.401346760043258,-0.443889085996835,-0.695519343502631
2015,-0.2030633877705,0.622948852129338,0.434801894126164
2016,0.626339614534739,-1.85210821103961,-1.03581626340989
2017,0.0208684965013835,-0.369626594556812,-0.32173119772834
2018,-0.1406867220053,0.611982016715848,0.22821134483849
2019,0.353627017444977,0.671743443052338,1.01843426149034
