"Year","OPR","DPR","CCWM"
2012,-1.34288478373275,1.02424243069746,-0.624034415418614
2013,-0.989325510437122,1.62772367653715,0.267631747310642
2014,-0.826735445356872,1.19793306758719,0.0847002484584722
2015,-0.393275244740436,0.706460753112866,0.268332602990913
2016,-1.45842147033612,-0.360685208529511,-2.29270670055192
