"Year","OPR","DPR","CCWM"
2012,0.0809464020014128,1.67246927894603,1.60455086414225
2013,0.397988902312699,0.433182798034483,0.837655186175094
2014,-1.38869770255084,1.53007801336389,-0.204073823836299
