"Year","OPR","DPR","CCWM"
2012,1.01609345200328,-1.22563031112864,0.0650042535007025
2013,0.769686925096922,-0.14909754222344,0.762534841966318
2014,0.630307754951868,-0.341425520218342,0.346246283482473
2015,0.466164045840446,-0.332743107799135,0.261012821737127
2016,0.364745363367446,0.180840584610729,0.664638436518744
2017,-0.280378232855222,0.45795046925208,0.0791692598207674
2018,0.499226650453708,-0.649328378108833,0.00772871975009441
2019,-0.571227472235671,1.08056974599624,0.235186519568115
