"Year","OPR","DPR","CCWM"
2012,-1.15954379747616,0.0644448611907704,-1.27970719679749
2013,-1.01843540538029,0.822560078101662,-0.46568842816022
2014,-0.476638290162069,0.221393461603517,-0.288261474387551
2015,-1.13400239261615,0.511902515931545,-0.97636383564836
