"Year","OPR","DPR","CCWM"
2012,2.19884461343964,-1.09868475010485,1.54441903773405
2013,0.313561596716007,0.0561279705547949,0.412191359308999
2015,0.777675384686269,-0.667031857782284,0.306989723431831
