"Year","OPR","DPR","CCWM"
2012,-1.30488946020449,1.27990035265336,-0.349195214143882
2013,-0.81587124013506,1.40655320526455,0.276500314084382
2014,-1.59644988501234,1.86680785764017,-0.157144707745702
