"Year","OPR","DPR","CCWM"
2012,1.16872752727917,-1.66198919657313,-0.153149242019545
2013,1.52999928582232,-0.523116081439171,1.31877762714475
2014,0.469485489682309,-0.189603653831384,0.304385579349896
2015,1.29304514401473,-1.44420956748369,0.125876194278238
2016,0.381321909268307,-0.425597477024638,0.0760708511199576
2017,1.34148646057738,-0.689650751198529,1.03448697467712
2018,0.040303633443369,-0.109185800510939,-0.0298608890230655
2019,0.353369616483914,-0.279009362209603,0.192641267286389
2020,-0.0643497350707662,0.481690876091669,0.246765202609805
