"Year","OPR","DPR","CCWM"
2012,-0.954253766235572,-0.112014502133388,-1.20227288941361
2013,-0.483738308993919,0.482610772878165,-0.141336110922943
2014,0.374628558732022,1.57300864779723,1.48156510500607
2015,-1.68127019646568,1.17386724613261,-0.971441529379943
2016,-0.250427510931394,0.60389449048808,0.276603838467083
2017,-0.2727391036796,0.51530786774198,0.142746209090885
2018,0.0435893649576012,0.688296362874937,0.400768231418349
2019,-0.513615477751243,0.87610766035274,0.128567751035226
