"Year","OPR","DPR","CCWM"
2012,-0.617750197009066,0.00419833346929251,-0.708995770751084
2013,-1.07452867559127,-0.324574730722635,-1.52741083182321
2014,-0.814941994138471,-1.7700883345602,-2.03635370808726
2015,-0.985569387483042,0.112213079740615,-1.23031397703163
2016,-1.59667548661491,1.86834126856335,-0.231672307650359
2017,-1.11786912222822,0.738867713607526,-0.707507515219051
2018,-0.785508368361323,-0.195038124079793,-0.665595301932659
2019,-1.32253430253762,1.38072369621992,-0.428831745864225
2020,-0.716116624906762,0.538923851676864,-0.347491689630127
