"Year","OPR","DPR","CCWM"
2012,-0.167282174133964,-0.438472441417256,-0.589197562879225
2013,-0.536333687029086,0.607319420728164,-0.0939396856092228
