"Year","OPR","DPR","CCWM"
2012,-0.754882311576635,1.15842201331787,0.175667697157561
2013,0.541295674130795,0.376676147129382,0.954653465256393
2014,-1.79502298092071,0.485235821822833,-1.33596872106452
2015,0.783201463409326,0.204109252791283,1.3142270878451
2016,-0.121714271496321,0.635939891213805,0.479161557554889
2017,0.0287568887261814,0.866363351932518,0.851582561514583
2018,-1.85510065145367,0.324516875685966,-1.15025784176077
2019,-0.55875775139469,0.150606490557953,-0.556893193059709
