"Year","OPR","DPR","CCWM"
2012,-1.09920932899785,1.0872828517661,-0.285910394114833
2013,-0.748912231443089,0.705330670999441,-0.25516315712628
2014,-0.389916515923276,1.09274692087872,0.419072341699996
