"Year","OPR","DPR","CCWM"
2012,0.351701360725539,-0.909937448897255,-0.416359825854882
2013,1.02912191965782,0.164018575641542,1.33528139977753
2014,0.748982430555306,-0.148157832997297,0.596453574457789
2015,-0.632021136436135,-0.0251836704686615,-0.900439554770334
