"Year","OPR","DPR","CCWM"
2012,0.0677379292179456,-0.61162064908869,-0.474467525924611
