"Year","OPR","DPR","CCWM"
2012,1.574926389648,-1.25964491753739,0.679078185084832
2013,1.77915677485981,-1.39097778590661,0.853497948970629
2014,-0.00826927597529573,-1.27268335420871,-0.922011018444447
2015,0.22590551707153,-1.30068458821302,-1.18099138194415
2016,0.582486453604254,-0.977850265849434,-0.213724180407607
2017,1.36436846371763,-0.470093488078868,1.26987018679032
2018,0.600280586533314,0.482344837825651,0.68763946349529
2019,-0.053240460155501,0.289489395640884,0.185822379915897
