"Year","OPR","DPR","CCWM"
2012,-1.20567516356575,1.29409527685951,-0.221891353367834
2013,0.658300101504107,-1.62383620376157,-0.647918451419648
2014,1.01301915831272,-0.415078321767121,0.652493437994371
2015,-0.065872933713588,-0.102909742452361,-0.208924050908674
2017,0.0186311745273235,-0.0735289930489039,-0.0458282314391008
2018,0.794509264225234,0.737704867950881,0.963457911411294
2019,0.676032721314729,-0.149241699273662,0.702406726085285
