"Year","OPR","DPR","CCWM"
2012,-0.276738819602838,-1.56489972012047,-1.73327141180383
2013,-0.335969565920211,-0.324533761419236,-0.671371934242209
2014,-0.112743352613611,0.0501433646066614,-0.0697831352133448
2015,-0.304738301926107,-0.166054046557149,-0.610770420297553
2016,1.04726108784064,-1.78324412768398,-0.409578893047231
2017,0.544108631713087,-0.137555249115572,0.553409211046642
2018,-0.0223759310180905,0.0130734848258511,-0.008955326514338
