"Year","OPR","DPR","CCWM"
2012,-1.67763499068138,1.84427530142461,-0.269348377455877
