"Year","OPR","DPR","CCWM"
2012,0.0414113506586605,0.304367657314917,0.322792207192803
