"Year","OPR","DPR","CCWM"
2012,-0.0820392655949942,0.101345790049498,-0.00309027976833662
2013,-0.372889247166279,0.340639252149213,-0.136214634638427
2014,-0.719110997268539,0.492721333256036,-0.32089840695345
2015,-0.129503525449217,0.712776347561217,0.639314415542704
2016,-0.211304846332471,1.21197592494881,0.940520220577143
2017,0.959360684641418,-1.60600487952626,-0.307649001008342
2018,-0.629613050302795,1.17808641259303,0.183142080900562
2019,1.45272728930914,-0.959966961834324,0.95437376975975
