"Year","OPR","DPR","CCWM"
2012,-1.13206110538554,0.547548049658725,-0.811490949309472
2013,1.22498192036917,0.656723028846553,1.9903820419919
2014,0.180740828966686,-0.658666219522495,-0.303545706717248
2015,0.193879513654928,-0.613603146304,-0.436742222567802
2016,-0.679432190391005,-0.0257778770105707,-0.924892519531049
2017,0.272763964943782,-1.74244500460135,-1.29779540672305
