"Year","OPR","DPR","CCWM"
2012,0.278480815927685,0.924930543380072,1.15704051494928
2013,-0.276400436480764,-0.0243456626025793,-0.341506259721454
2014,-0.899850688500101,-2.04840156815894,-2.3159669190415
2015,-1.23431834404289,0.916282129947182,-0.650679560513517
2018,0.949317868110834,0.0362956247584544,0.697303191584455
2019,-0.371644555074882,-1.40108187263986,-1.6738448340034
