"Year","OPR","DPR","CCWM"
2012,-1.74185814420258,0.701121774350363,-1.37634261826591
2013,0.619176430012413,1.06464288014506,1.64267128235352
2014,0.953727200303446,-0.354032947772465,0.640703550088119
2015,1.0198864080456,0.289797674240123,1.73893563074732
2016,1.61447189806276,-1.08451127870505,1.04429801030677
2017,0.1594050467532,0.0833995941276039,0.278564827509541
2018,-0.272164051711592,-0.507888547861352,-0.467083089420648
2019,2.05859285233423,-1.60631301541878,1.1388237492144
