"Year","OPR","DPR","CCWM"
2012,-0.93009601954637,0.0198028655164507,-1.05529563619179
2013,0.286056061853589,-1.15900755803284,-0.675481027546576
2014,-0.48605098210431,0.848543017825067,0.153427206023033
2015,0.123276566802797,0.549026196351693,0.799991992823548
2016,-0.598412421552777,0.986344731906067,0.201204234967946
2017,-0.0791397732675356,-2.03815526871313,-2.01780096624001
2018,0.681344529903514,-1.67288726418451,-0.41193581330159
2019,0.419081482131539,-2.24958121416404,-1.4374062200209
2020,-1.4296104066857,2.34956790974894,0.123516916053518
