"Year","OPR","DPR","CCWM"
2012,-1.2012658797884,0.417579427043133,-1.00877515191987
2013,-0.153710182034652,-0.0124786883742685,-0.188995206619952
2014,1.60653509387258,1.32564023232089,2.45995095335466
2015,-0.882378116722539,0.763607425038396,-0.340553711976829
2016,-0.814814353146127,1.26457407007145,0.194980299241575
2017,-0.193595415603813,0.987259881979834,0.686315324695954
2018,-0.436934250931522,0.439255055556876,-0.0760707304726797
2019,-1.48455903994268,0.983889911519058,-0.972777909464789
