"Year","OPR","DPR","CCWM"
2012,-0.637606593058911,1.25202272159994,0.395558365929796
2013,-0.880037671509804,2.02464604084514,0.739171656551477
2014,-0.603392128453261,-1.6061729968125,-1.72007309193845
2015,-1.44299670280241,1.39772486342543,-0.385996021632661
2016,-1.12089880768113,1.05042812356939,-0.425573584056926
2017,-1.1820047146435,0.231558113917362,-1.26552202639703
2018,-1.26746083365762,-0.202805672662448,-1.01387980300376
2019,-0.815150494134017,1.20769271023726,0.0453665773637573
