"Year","OPR","DPR","CCWM"
2012,-0.845443233119087,-0.228262688702837,-1.18175765000415
2013,0.0814488357181948,-1.93031068508337,-1.58278547167461
