"Year","OPR","DPR","CCWM"
2012,-0.461231448955156,-0.313902014762309,-0.815815048923676
