"Year","OPR","DPR","CCWM"
2012,-0.155390691385481,1.45959332396067,1.13951105396495
2013,-0.846274416293127,0.897167281560806,-0.201326894744737
2014,-1.2733947310706,-0.0450613181921857,-1.22739175004781
2015,-1.79435483822036,0.56471050182898,-1.82637770866689
2016,-0.493423436258894,-0.600328067113276,-1.25718658553398
2017,-1.06555599971975,-0.0274683268653758,-1.36318882921431
2018,-0.244885931158598,0.634107832658288,0.165695881631778
2019,-1.38450086804724,-0.620174209526871,-2.24234131441503
