"Year","OPR","DPR","CCWM"
2012,-0.795979020761421,1.09149234993451,0.0677744295529812
2013,0.0267770803625259,0.00857536475307895,0.0384859823319522
2014,2.05769274443164,-0.415226781891486,1.63276400456106
2015,0.799320120596282,0.383787039844803,1.54263099879768
2016,1.33879148868998,-1.14435196089318,0.619309776803832
2017,1.80347136168283,-1.3805449607162,0.963978992323764
2018,0.972935907188162,0.614920189608313,1.02491334542014
2019,2.3600949491562,-1.06118209868633,1.98317929970946
2020,1.30393767407941,0.695240679125764,1.70842875790253
