"Year","OPR","DPR","CCWM"
2012,-0.03237376208949,0.0411950867127761,-0.000132754200437825
2013,1.34582050379657,-1.73435573441582,0.0529031306082352
2014,1.26238733449301,-0.340204512288628,0.940300483305704
2015,-0.59118570837896,0.332139215491069,-0.43410761201684
2016,0.864126970288913,-0.50417946339298,0.635751471056656
2017,-0.142811244643736,-0.193257439818977,-0.361145722078723
2018,1.20472675537853,1.38644360834178,1.60475361776889
2019,1.02327256666891,-0.5592641777022,0.773754090751756
