"Year","OPR","DPR","CCWM"
2012,-1.77988875184105,1.62796272692094,-0.582781689657705
2013,-1.11578194565722,0.491795063682165,-0.865906120372278
2014,-0.178533633469138,1.34981273171618,0.802112255839566
2015,-0.605517671231656,0.81132315195758,0.0959829617320708
2017,0.181551652222902,-0.681495186772914,-0.413620552593613
2018,0.0303304794535664,0.61354733352706,0.351157889243287
2019,-0.518729296176607,0.9439869012514,0.181209336695871
