"Year","OPR","DPR","CCWM"
2012,-1.28108113722363,0.471790469459884,-1.05188762818846
2013,-0.745118831349104,-0.183288107850408,-1.02285939839318
2014,-0.655317855609476,-0.175455824554983,-0.741026360465966
2015,-1.07088788279685,0.53173591630067,-0.866572028594444
2016,-1.15187341463312,1.36672242418331,-0.14814274704011
2017,-1.08481620024109,1.00694261221467,-0.413690511264951
2018,-0.465421118240032,0.713137749941471,0.0506768034591896
2019,-0.949602593876613,0.395883550132324,-0.824942210627828
