"Year","OPR","DPR","CCWM"
2012,-0.269073493660741,0.48205247781929,0.125086445794693
2013,0.319311475570614,-0.480770040511077,-0.0476381939974181
2014,-0.666005691460272,1.42062950267862,0.395514831223217
2015,-0.598420593324662,0.692923775804032,-0.0300912610599553
2016,-0.517445112552423,0.436333828265774,-0.245364251814896
2017,0.604121382365024,-0.340229798678526,0.437955003897495
2018,1.00693720645996,-0.20561134670808,0.60852855129289
2019,2.10614643429434,-1.58729570298343,1.21385872391407
2020,-0.935775117970534,2.59002305943753,0.755882105292109
