"Year","OPR","DPR","CCWM"
2012,-0.570233806168288,-0.483864823452995,-1.09515611269786
2013,-0.119441858509749,1.1466140977118,0.857821600726474
2014,-1.01524087038391,-1.46188806954877,-2.00292465360178
2015,-0.473252390373238,0.214839575812965,-0.406079426230062
2016,-0.00931206693323903,-0.338038417670147,-0.352623008861684
2017,0.0659577596185891,1.13458267803785,1.15074142422905
2018,-0.900956272312861,-0.0875173816576073,-0.690281464034235
2019,1.70586348439964,-0.243341261067366,1.88810377598832
