"Year","OPR","DPR","CCWM"
2012,-1.36163379401281,-0.70684595857555,-2.20978401047449
2013,-0.915360667323682,1.44785731296845,0.19707811523174
