"Year","OPR","DPR","CCWM"
2012,-0.177955788615499,0.986848855807541,0.68632852713506
2013,-0.663622510330266,0.0142205135189091,-0.756794677137229
2014,-0.709635584202516,-1.18011517809619,-1.513712735609
2015,-1.06894282823772,1.35415506904612,0.0798197163792875
