"Year","OPR","DPR","CCWM"
2012,0.540076276901803,-0.609196404761096,0.072729028840773
2013,-0.100276828279107,0.685033806981023,0.478981643559903
2014,1.58932341492636,-0.560982075933184,1.08851588707794
2015,1.48356463905059,-1.44979648427573,0.382187074781881
2016,1.33762106885257,-1.00587067100659,0.75716998191307
2017,-0.0757507652272708,-0.40695361825504,-0.478129074121626
2018,1.03869031110022,0.715292722695036,1.12576632288923
2019,0.336790261125478,-0.42595563369499,0.0446535033855967
