"Year","OPR","DPR","CCWM"
2012,-0.972480726036581,0.778148941316534,-0.419001359793698
2013,0.364127527628597,-0.645465627150042,-0.138794389421543
2014,1.71876231644164,-0.778058344905956,1.0540483207896
2015,0.789705139317459,-0.440741439969386,0.583242200468786
2016,0.858325219729384,-1.00331306478232,0.125598774059373
2017,1.48420704931325,-1.58523751667733,0.370610974288211
2018,0.614846196901933,0.0356144620019604,0.458125350290674
2019,0.231992030405368,-0.230305418913282,0.0855500987966571
2020,1.50669996421468,-1.01136978109481,0.809728533571977
