"Year","OPR","DPR","CCWM"
2012,-0.938116285196813,1.86100617346502,0.599060087232487
2013,-0.765644187594945,1.1523231216056,0.113821862005977
2014,-1.03964176963717,0.553845412444502,-0.577792143433914
2015,-0.488011503090026,0.620428363835401,0.0389731543787038
2016,0.179229637131567,0.417648662554163,0.657580691990691
2017,-1.27505454972845,2.36392207097905,0.624847993407068
2018,-0.714072289753204,-0.218415544346061,-0.627144807577223
2019,-0.229838359843239,-0.293104974916514,-0.537342475195149
