"Year","OPR","DPR","CCWM"
2012,0.164370991320995,-0.490380621444542,-0.253421955991468
2013,-0.0349767414442697,-0.24658726950211,-0.254790582370752
2014,1.14811635872598,-1.05098577162325,0.32246241925106
2015,0.890850495532201,-0.901364509306325,0.194163412049871
2016,0.45738211605645,0.210877534971258,0.817442236507191
2017,0.724067909606134,-0.38396415338594,0.547328421987716
2018,-0.105955022505358,-0.458527309505565,-0.32190105012007
2019,-0.00453220314703334,0.0377578485292138,0.0272049444001027
