"Year","OPR","DPR","CCWM"
2012,-1.14594853337291,2.27431627322706,0.732697728678974
