"Year","OPR","DPR","CCWM"
2012,0.331579007733995,1.05965325704887,1.34003572184744
