"Year","OPR","DPR","CCWM"
2012,-0.497401065735185,1.86507384504135,1.1112533036655
2013,-1.26313999690792,-0.132979225812539,-1.5795434500062
