"Year","OPR","DPR","CCWM"
2012,-0.227618125159852,0.549545317909616,0.233902406790053
2013,0.6318365576638,-1.03883126340343,-0.170297813422596
2014,0.877193774750145,-0.402598347298754,0.533992851351216
2015,-0.674532672353699,1.82919253435472,1.16879775078088
2016,-0.282200960993529,-0.0459427266337215,-0.419624397443477
2017,-0.670356137541102,1.14007445734175,0.231794881519542
