"Year","OPR","DPR","CCWM"
2012,-1.92185837895471,1.69668184524631,-0.684502094903896
2013,0.0250450681567447,2.34585394359021,2.0672662682069
