"Year","OPR","DPR","CCWM"
2012,-0.219738072627724,-0.553428297536614,-0.753591418047113
2013,-0.635079582763568,0.351844323194352,-0.430362219273245
2014,-0.0966307158958769,-0.25640673040538,-0.27487692218133
