"Year","OPR","DPR","CCWM"
2012,-0.36761903030483,0.125958289177833,-0.310367109364788
2013,-0.538078666241997,1.23966183373561,0.453460252251468
2014,-0.840133204419827,2.39994797827849,0.935612060307757
2015,-0.450445532448344,0.42277694680065,-0.136025340421239
2016,-0.578182572355661,-0.860333202664052,-1.63107606881059
2017,-1.3928185101886,3.16668823657197,1.23267575125874
2018,0.110104914193657,3.0350764489225,1.70858465724031
2019,-1.44226898187069,0.553838748045767,-1.29411733839175
2020,-0.33119208438804,-0.0729111006288387,-0.367409896376009
