"Year","OPR","DPR","CCWM"
2012,-0.378329977880677,0.111024026343197,-0.336219680296296
2013,-0.551475133285465,0.879539484941219,0.125034542934084
2014,-0.559818160484561,0.724140919612946,-0.00516590035749268
2015,0.160933990182903,0.479638452325076,0.77229961371446
2016,0.323728864557572,0.845123485801635,1.2791023030658
2017,-1.18210862928882,1.04327438984335,-0.501599649080009
2018,0.976974178907332,0.593843100393018,1.01647733535285
2019,-1.93597604906658,2.07114895669126,-0.584334542341624
2020,1.42259079968735,-1.61142930913528,0.34329185075461
