"Year","OPR","DPR","CCWM"
2012,-0.796415817282451,-0.234618648138411,-1.1309304127373
2013,0.11171597454798,-0.777329464967195,-0.545916256523995
2014,2.21459006685197,-0.293712637405117,1.86729625250092
2015,-0.5933470001281,0.40006659229892,-0.35914267181077
2016,0.324075345443059,-0.282678771654124,0.144205061115005
2017,-0.133977517662559,0.166807581127112,-0.0111366672797409
2018,1.01195381734468,0.626327239342206,1.05889813531148
