"Year","OPR","DPR","CCWM"
2012,-0.868034862396584,0.87268299143217,-0.2130710631131
2013,-0.704707190193757,0.115713631633431,-0.716228387835867
2014,-1.74882068635592,0.261472471918314,-1.45335370547059
2015,-0.152414516392098,-0.84789335273858,-1.18311661401072
2016,-0.94560840991822,0.539141670383564,-0.708361431921437
2017,-1.67838933157487,0.156209965170828,-1.95943672414785
2018,1.33067945482759,-0.00419060982120865,0.947851618780436
