"Year","OPR","DPR","CCWM"
2012,0.251633292712543,-1.32698413635801,-0.908643469348042
2013,0.606630472314096,-0.807266397844763,0.00168729603482618
