"Year","OPR","DPR","CCWM"
2012,-0.930015991195019,0.56551148087311,-0.562131052507579
2013,-0.837023791845316,-0.389045979678053,-1.30815543396094
