"Year","OPR","DPR","CCWM"
2012,0.0438700370745428,0.522855696566475,0.52304291125714
2013,-0.380186073542599,-1.07968867963975,-1.37874997902343
2014,-0.870990386005012,0.38026985943143,-0.544211257294011
2015,-1.29902335444252,1.9250748675119,0.417663332281431
2016,-1.13389528352992,1.6189000841721,0.129510337068552
