"Year","OPR","DPR","CCWM"
2012,-0.111863462826819,-0.0454271112911796,-0.170118745800657
2013,0.00693576747095948,-0.466835837657545,-0.397580271950623
2014,-0.548102032619795,1.07802493229423,0.260046889965818
2015,-0.691508891076461,1.53076159560001,0.802944412080521
2016,-0.582080274152352,0.729197899289585,-0.0360561171782571
2017,0.0474224855477149,-1.65205281415793,-1.4955273719469
2018,0.924297093751945,-0.399164032604349,0.445577361228002
2019,-0.942999728296002,1.04221874218155,-0.255645765953442
