"Year","OPR","DPR","CCWM"
2012,-0.193942286054941,1.21996866074148,0.878516770320411
2013,0.0661493768219433,-0.0170397226333935,0.0618630401433571
2014,-1.59077628614661,-0.302267842480057,-1.71000753571057
2015,-0.685418501769292,0.192922144991835,-0.723801154795043
2016,-1.34192749284606,2.62002616668947,0.862098512763978
2017,-0.667063876637454,-0.374371215974175,-1.18959149974067
