"Year","OPR","DPR","CCWM"
2012,-0.748786134530159,0.898431554043415,-0.0522113046442674
2013,-0.488081858140258,-0.782537717324134,-1.24561802611168
2014,-0.841747297222659,0.0590447646405515,-0.747524730789455
2015,-1.06867559268403,0.965467821603579,-0.365822630380633
2016,-1.83700441002167,0.875967499446941,-1.54866644285383
2017,-1.16353323117282,1.99573779117538,0.418248869765768
2018,-0.278782783068387,1.23326919195351,0.463269696581113
2019,-0.778947186409141,0.356586118280616,-0.649038498680269
