"Year","OPR","DPR","CCWM"
2012,-1.04300478082718,1.0972106012031,-0.212088782597644
2013,-1.08580489896735,-0.112665948050508,-1.3563593127681
2014,-1.66662924881613,0.240494602819338,-1.39129065111071
