"Year","OPR","DPR","CCWM"
2012,-0.130758886997545,-0.767042469114728,-0.843933058003703
2013,0.481386009059489,0.806940537180201,1.25906025785691
2014,-0.296156132545611,-1.23727477517025,-1.16674307481289
2015,-0.215354418105382,0.659158436645085,0.459402637313959
2016,-1.16054433258872,0.291758556859438,-1.24177844092047
2017,0.830537959197048,0.482673274891937,1.49670340616995
2018,-0.394295186130904,0.498820221628963,-0.0136374105040374
2019,0.152801815303846,0.387404687200112,0.52440898345983
