"Year","OPR","DPR","CCWM"
2012,-0.133547866067661,0.618471124247264,0.404722645874999
2013,-0.729808112127596,0.982263160769763,0.00759677636184683
2014,0.114190357312841,-0.164463088845273,-0.0109821635965397
2015,-0.437884550536726,0.0946214960348562,-0.495255881114932
2016,-0.0224022841659233,-0.428914123518921,-0.461426733273633
2017,-0.334536061280931,-0.0279175178446825,-0.446140015360513
2018,-0.956974278358279,-1.08637162038107,-1.26670700203283
2019,0.220638956034117,-1.23596342065662,-0.80156875278054
