"Year","OPR","DPR","CCWM"
2012,-1.15006151582403,-0.571231481629784,-1.84312822112504
2013,0.596842895268641,0.897047889841725,1.4711683067768
2014,0.892061261252138,-2.16691630670026,-0.71947830441196
2015,0.700244651402596,-0.249964250939369,0.678791377024603
2016,-0.647157743383785,0.239021431036212,-0.615618108903818
2017,1.00852389571555,-0.312475724621161,0.971627546573742
2018,-0.299900562004307,-0.430378157861037,-0.445260395826627
2019,0.194195369203178,0.25906514020229,0.463922620017715
