"Year","OPR","DPR","CCWM"
2012,-0.022409737688184,0.461318385149966,0.390964473534911
2013,0.247722211477336,-1.15481227751346,-0.716265502995206
2014,-0.164447834941017,0.0723454923869425,-0.10235614637584
2015,0.252984515342651,-0.737669867216912,-0.497601946708709
2016,0.474332276689621,0.285122310043804,0.914610652621044
2017,0.742262741743612,-1.12717627764608,-0.129407194165841
2018,0.701924004948476,-0.470809148462017,0.248326883081549
2019,1.17894397796025,-0.0567722180694908,1.40161736326904
