"Year","OPR","DPR","CCWM"
2012,-0.156371818242647,0.371899647654264,0.155598895980569
2013,-0.174144183594003,-0.0980119564328981,-0.286995744014472
2014,-1.61959518304559,0.345995133938015,-1.27136353540968
2016,0.625494983192176,-0.00527830466656839,0.822265191334037
2017,-0.561313648849023,0.415771124677528,-0.313123276080495
2018,-0.846681469285855,0.632094293960069,-0.265066148759213
2019,0.404764727591534,-0.511521195313785,0.0540177187572613
