"Year","OPR","DPR","CCWM"
2012,-0.470421733243239,-0.108181586593312,-0.640541583706966
2013,1.75153119031749,-0.441874356556583,1.64612546673096
