"Year","OPR","DPR","CCWM"
2012,-1.17100042157722,1.42128173745683,-0.0669633301662279
