"Year","OPR","DPR","CCWM"
2012,-0.354751667565342,-0.414383741694482,-0.783743435786611
2013,-0.741641541921355,0.628532677261253,-0.31346365428596
2014,-0.0325472098217058,0.548434707653973,0.363432057241566
2015,0.181883262546546,-0.603932750621126,-0.442188175440333
2016,-0.395510468860025,0.574231757527391,0.0547863254261625
2017,0.302585283024978,0.123830909835606,0.496321386859127
2018,-0.456497783622246,-0.578649148135659,-0.636698527731728
2019,0.235913594255245,0.319981237107659,0.568154069717139
