"Year","OPR","DPR","CCWM"
2012,-0.262586819662619,-0.57483901952637,-0.822377861177131
2013,-0.272357491035484,-0.139481383221109,-0.436858213381971
2014,-0.408889967818567,0.0383217767683415,-0.3561950688124
2015,-1.70317614892683,1.82067697822343,-0.259448048726368
