"Year","OPR","DPR","CCWM"
2012,1.19934218518358,0.689720257086706,2.0070504992745
2013,-0.52116478057757,0.59795821592071,-0.0844923059474429
2014,-2.04097910124514,0.468487529443057,-1.57881839698658
