"Year","OPR","DPR","CCWM"
2012,-1.0649829043819,-0.512806599390403,-1.69217102340997
2013,-1.16669861687048,0.472166586887541,-0.941974023778077
2014,-0.725962706773562,-0.352595534467927,-0.934574143276579
2015,-0.916727155599749,0.971413682359375,-0.149466669877735
2016,-0.101387238443864,0.834032455743096,0.705475094893057
2017,0.158045147535889,-0.623213740458738,-0.388263358164401
2018,-1.17389706762085,1.25294551365031,-0.165272851955991
2019,-0.575440217637258,0.716872212398675,-0.0857727245054008
