"Year","OPR","DPR","CCWM"
2012,0.766668909009278,0.970217770192465,1.7612538791723
2013,-0.0745854806208949,0.501148011176535,0.348985803391365
2014,0.690913505654087,-0.0877939688412618,0.585321873267121
2015,-0.306196148956011,0.306569760110541,-0.0704543715380874
2016,0.223059113289702,0.237860604256822,0.534578340487637
2017,-0.153778976416587,0.755525191354744,0.518159849712897
2018,-0.681448152876501,-0.234249263965868,-0.612354652846271
2019,1.17737399215409,0.181231075237732,1.60632783225293
