"Year","OPR","DPR","CCWM"
2012,-0.493505414488932,0.382491607802332,-0.223831349303787
2013,-0.204617506138987,1.28129240373452,0.876119229086924
2014,-1.07639533183231,1.71063284758721,0.218711523299366
2015,-0.772697537240034,0.0605798285163342,-0.996016991286806
2016,0.261086513811057,-0.609692713052853,-0.268338198822229
2017,-0.7667696127973,0.317816226307791,-0.663185251391068
2018,-1.66179111078285,-1.55102810810552,-2.01948568720042
2019,0.248520709713228,0.771846112200703,0.975994052832821
