"Year","OPR","DPR","CCWM"
2012,1.27331414774973,0.112239421712174,1.57062294844334
2013,-0.152404388424748,-0.373044723136944,-0.500766235988959
2014,0.719905510516892,0.152124669613076,0.78487857232214
2015,-0.747863752083925,0.97599477361064,0.0886485727107655
2016,-0.521679955556116,0.728836986542574,0.0434949045164404
2017,0.127877948847742,0.189687581504537,0.339043347496007
2018,-0.104001252324175,-1.6247801536797,-0.946835307868403
2019,-0.808478738401295,0.772449015284589,-0.324316104527313
