"Year","OPR","DPR","CCWM"
2012,-1.18590824485168,0.837994904327381,-0.611190526644348
