"Year","OPR","DPR","CCWM"
2012,-0.833264413132496,2.43084701161925,1.23491988577839
2013,-0.730066294328939,0.938326717447934,-0.0308774528034264
2014,-1.59321943534897,-1.89120721518058,-2.85373814076182
