"Year","OPR","DPR","CCWM"
2012,0.332330988077443,0.127596868056372,0.498748583422452
2013,-0.0564739964909492,-0.306892775528564,-0.332103842085867
2014,-1.05427294742875,2.21933619010562,0.60490682641687
2015,-1.27500696194619,0.960927401493539,-0.655558618327392
2016,-0.544617316560433,1.73473948058903,1.02578646121387
2017,-1.18692815308505,-0.143810672165624,-1.62502858399847
2018,-0.719557414915802,-2.15532841291765,-1.67126886314678
2019,-0.694163993234065,-1.32568103193058,-2.00529914825858
