"Year","OPR","DPR","CCWM"
2012,-0.955005064555665,1.14993659383725,-0.0629102798234269
2013,-0.614920237003873,-0.634531654875688,-1.26402818543883
2014,-0.186305524129667,0.292664387770217,0.0354007353184725
2015,0.104669568147952,-0.518143667638015,-0.450222724182656
