"Year","OPR","DPR","CCWM"
2012,-1.02751577203708,0.11570529222832,-1.08105096643165
2014,-0.313979986496369,0.382507037612623,-0.0198759850035341
2015,-0.0548103387585624,-0.371170945992186,-0.501493377640018
2016,-0.615193344304287,1.20227100318145,0.396374187948377
2017,0.660820150478076,-0.402647571362507,0.45036254536717
2018,-0.407813373950196,-0.95644796675698,-0.804832606133058
2019,-0.167671384137081,0.755365286114668,0.449483367492764
