"Year","OPR","DPR","CCWM"
2012,-0.703998358485444,-0.325444353361726,-1.10635991772548
