"Year","OPR","DPR","CCWM"
2012,-0.873698373761637,-0.130513372926124,-1.12603885962836
2013,-0.299054032461717,-1.03961464742822,-1.24989741917988
2014,-0.703329348818823,-1.1005973096905,-1.4506718060777
2015,-0.284790386522678,-1.06542393848571,-1.61527172871224
2016,-0.82189513198102,-0.47631343315678,-1.56693514611675
2017,0.0258361138345954,-0.24612398749287,-0.199245945205999
2018,-0.366572948390913,-1.34608972824724,-0.984641855541087
2019,-0.558924476219114,0.778824436841282,-0.0116579979154215
