"Year","OPR","DPR","CCWM"
2012,-1.189962694878,-0.534724453552625,-1.85618233363196
