"Year","OPR","DPR","CCWM"
2012,-0.727402469974299,0.893431298347237,-0.0320557850505589
2013,-0.60331275306834,0.907499990734636,0.0892478112001581
2014,-1.19775798527754,1.17656621105954,-0.278836215653271
2015,0.0176502464026636,-0.477967756626041,-0.524119199241866
2016,-0.730709169389903,0.848574257198199,-0.112527909370082
2017,0.0813548521848458,0.57323776492073,0.641682566191078
2018,0.696629290862798,-0.593472831486834,0.178670657977232
2019,0.835255524359918,0.650803586606058,1.59298665366343
