"Year","OPR","DPR","CCWM"
2012,0.126111926062489,-0.579820082029523,-0.378379629678213
2013,0.596001259321348,0.716471447700122,1.31329565420435
2014,-0.387326820634256,0.10111321112813,-0.29085192076781
2015,-0.272125283478107,-0.203059540033725,-0.608260925136933
2016,0.708996284585537,-1.01343930100459,-0.0821691577898721
2017,0.742558640940919,-0.499951808692566,0.461358410589931
2018,0.312125756332331,-0.27909898345299,0.0729686224299077
2019,-0.333244581842642,-1.02127250551661,-1.29682302646081
