"Year","OPR","DPR","CCWM"
2012,-0.49332710562495,0.829397478912051,0.180173918121364
