"Year","OPR","DPR","CCWM"
2012,-0.871193430366396,1.39983710207025,0.259591847879609
2013,-0.963797078856448,0.757012046613302,-0.459314243755828
2014,-0.928585325687368,0.638624054684972,-0.412668897184846
