"Year","OPR","DPR","CCWM"
2012,-1.42221935252104,0.432650720297362,-1.25010404249032
2013,-0.432745728913166,1.3214706127415,0.646624093013207
2014,-0.832336367069646,0.245603032228407,-0.604676155311841
2015,-0.2974075541737,-0.400729089729008,-0.869946425046199
2016,-0.489990235217444,1.56325406352425,0.925428434770031
2017,0.311030113891248,2.12949206317043,2.39481009585972
2018,0.232666276570092,-2.87251828427193,-1.37654588368458
2019,1.06677642914619,0.0185269826529205,1.32895176691836
