"Year","OPR","DPR","CCWM"
2012,0.163620988516912,-0.626921239615612,-0.377657925331084
2013,0.337613999219466,0.436277220603432,0.770368233144483
2014,1.30239859654208,-0.640314508198609,0.762260775827531
2015,1.49258832807387,-0.0882248243258148,1.95700682507557
2016,1.61415796372678,-0.378332792355192,1.75479073618807
2017,0.239503324527907,-0.0711682405262229,0.233601018300715
2018,0.0135306014730105,-0.852583241758581,-0.44821400697123
2019,1.41814248116469,-1.67875287656616,0.287736157524634
