"Year","OPR","DPR","CCWM"
2012,-1.24028411208686,1.5613128118657,-0.0203817372070105
