"Year","OPR","DPR","CCWM"
2012,-0.79865571578032,1.34026474141445,0.289462962027021
2013,-0.0318754991502548,1.61347006148876,1.36494902546734
2014,0.854695428021974,0.00748633925992743,0.807469535868762
2015,-0.731756269218923,-0.377797843249278,-1.4425896053028
2016,-0.453207966990981,0.567132181299315,-0.028699108397412
2017,-0.417716055697862,-1.40132300342383,-1.8432956038271
2018,0.630152940804424,0.0919286860795016,0.499297554814505
2019,0.230973652155713,-0.462020391955525,-0.116886096159683
