"Year","OPR","DPR","CCWM"
2012,-0.3125652229507,-0.533491411940442,-0.842685866699617
2013,-0.277975072821999,1.315950680536,0.821209973791152
2014,-0.72515726901998,-0.0375234447750774,-0.707481636624898
2015,0.381151920164962,-0.578645515662377,-0.138384939374898
