"Year","OPR","DPR","CCWM"
2012,0.0253013085511344,-0.663280076035998,-0.570109501799827
2013,-0.124759092038719,-0.157270812887565,-0.281245687445051
