"Year","OPR","DPR","CCWM"
2012,-0.634392385852318,-0.98449273427214,-1.62152509334302
