"Year","OPR","DPR","CCWM"
2012,0.027151095781123,1.19595299909587,1.11192545601969
2013,1.72429823789995,-1.12494690742228,1.02106176607907
2014,-0.177061792113522,-0.122921374454192,-0.254466562209276
2015,0.409425366994323,0.202118867139388,0.796515001966877
2016,0.0418644140109523,-0.618329130807172,-0.567080464600576
2017,-0.594865715708807,-0.206976254670417,-0.941413066360555
2018,-0.654690724663674,-0.441128365919128,-0.704353116357745
2019,-1.39356490542061,-0.486985244231418,-2.13785706080351
