"Year","OPR","DPR","CCWM"
2012,-0.518749266018133,-0.283854217492394,-0.855032269830026
2013,-0.105877503357864,0.176685141740904,0.0308022210747276
2014,-0.401505529429362,0.6245190443574,0.0718382562867457
2015,0.944732219555326,-1.08648341613981,0.0560447501616087
2016,1.2335902194493,-1.17109338079579,0.453199739579011
2017,0.977935918828014,-0.0881658163386059,1.14437646328321
2018,1.85036502115902,0.653304387599132,1.67200978297299
2019,1.33499833139918,-0.811831945326876,0.938102384260569
