"Year","OPR","DPR","CCWM"
2012,-0.327077536816302,-0.505773680670932,-0.834386640074698
2013,-1.41870341136674,1.79812583673869,-0.0819678994467161
2014,-0.548734828627654,2.45522669682452,1.24878605874363
2015,-2.07274225544634,1.81215305214615,-0.778851768024041
2016,-1.09720228704067,1.73184908811995,0.291763519882521
2017,-1.36316990286619,1.55206649796399,-0.249925703612011
2018,-0.903499875558978,0.573547040952322,-0.337076822659338
2019,-1.79237845941746,0.133202191323356,-2.09020299894276
