"Year","OPR","DPR","CCWM"
2012,0.10633026996466,1.94911708881105,1.8838036828694
