"Year","OPR","DPR","CCWM"
2012,-1.0977244551861,0.200317931616626,-1.08560971839987
2013,-1.62372132308586,1.2238910968932,-0.818521822723152
