"Year","OPR","DPR","CCWM"
2012,0.346592051519324,-0.417820836694657,0.0223942749325942
2013,0.495249899295139,-0.991135796861074,-0.287163120556768
2014,-0.85593534871562,0.0323118955719224,-0.780043499622023
