"Year","OPR","DPR","CCWM"
2012,0.489685120097643,0.568476624519623,1.07866582288754
2013,-0.62182932047841,0.160367561273467,-0.581373052601618
2014,0.135449776456873,0.180221551498707,0.256578054879663
2015,-1.46273448870685,1.02300411722963,-0.84319852566465
2016,-0.170996787779187,0.918667211328973,0.698577802908791
2017,0.28836102175331,-1.54504536725592,-1.09241176051126
2018,0.861616860466537,0.326263822993949,0.790410586897689
2019,-0.738517561514851,1.83052386161917,0.680440977086035
