"Year","OPR","DPR","CCWM"
2012,-0.358587974938601,-0.390488918498948,-0.766579901242288
