"Year","OPR","DPR","CCWM"
2012,0.388429350485753,-1.26893877540474,-0.698355170716652
2013,0.371528620712561,-1.10440543648574,-0.528974730374056
