"Year","OPR","DPR","CCWM"
2012,-0.666111428459609,0.812864730450577,-0.0341308189796836
2013,-0.743754440026804,0.230975187819748,-0.661337718405497
2015,0.110413316493326,-0.288410696582109,-0.178688235997341
