"Year","OPR","DPR","CCWM"
2012,-0.863005239531695,-0.596573685709336,-1.53480704440366
2013,-0.608143438174017,-0.980606764893321,-1.55686751332913
2014,0.314076831709689,-0.261590316833976,0.106829163516405
2015,-0.998579789287286,1.27678308970627,0.0880658360806247
2016,-0.930994816169932,-0.0159638253079247,-1.24784979320436
2017,-1.38787114577924,1.17907626312928,-0.63201564729172
2018,-1.43670580623043,0.760456907274355,-0.617405820505773
