"Year","OPR","DPR","CCWM"
2012,-0.41454221954018,0.88564530371694,0.321902051135037
