"Year","OPR","DPR","CCWM"
2012,-0.598041566127275,-0.0982663216436535,-0.778836445841677
2013,-1.12232392135055,0.341275601030037,-1.00427000679711
2014,-0.808499523935526,1.81172322162384,0.542738935271179
2015,-0.205498477705347,0.2886476368315,0.047839992476542
2016,-1.63290583239911,1.13859692907861,-1.01423966242256
2017,-1.36663817018113,2.0512289072358,0.21557332352788
2018,-1.32209693990539,-0.392095238311401,-1.15454671124121
2019,-0.863808021799268,1.63656504534942,0.357846156212377
