"Year","OPR","DPR","CCWM"
2012,-0.94726602087212,0.0511362693717172,-1.04679605144948
2013,0.402760964250995,0.132298910720697,0.581757561765672
2014,0.815579597944568,0.301147803942161,0.981717167633188
2015,-0.443580277692488,1.0574303694082,0.60169381365491
2016,1.02378892390851,-0.540680922308826,0.810250813491767
2017,0.349201670767316,-0.96917127787618,-0.473994165751545
2018,0.851128312861315,1.34772805210816,1.33149315664907
2019,0.731926143121439,0.0258657517589381,0.923228233805271
2020,0.125025692195666,-1.12384164754932,-0.600041284321263
