"Year","OPR","DPR","CCWM"
2007,-0.0597657107653174,0.378733746448768,0.247119048544938
2008,-0.445140418405961,0.91922289869789,0.336602901250545
2009,-0.232462980102279,0.76696078545257,0.332888362072797
