"Year","OPR","DPR","CCWM"
2012,-0.726153762047205,-0.345950895835421,-1.150452443709
2013,-0.162395001808066,0.302480453663749,0.0745970064139898
2014,0.964164188993356,-0.843568445263642,0.298833194785541
2015,-0.736392871030792,0.307054033766564,-0.663129507604057
2016,1.27005818259187,-0.555782835203801,1.1208812715484
2017,-0.578441710920481,-0.707146255904614,-1.39160033238066
2018,0.469075121123708,0.904573648971356,0.82071455898307
2019,-0.450434870479858,-0.586912641597573,-1.06392124409573
