"Year","OPR","DPR","CCWM"
2012,0.159061341859138,-1.71691220458384,-1.36777485079941
2013,-0.631401752191063,2.4551845170264,1.40142647944537
2014,0.851055593278054,1.24167115558853,1.69064842445272
2015,-0.637025677180717,1.3132022221281,0.628430402172895
2016,0.661721976202258,-0.600998799976321,0.270486033101173
2017,0.507401310578881,0.180513319508352,0.806731211993912
2018,0.304757453045055,-0.445272051790835,-0.0215346007653781
2019,0.653729477051866,-0.0416006374483228,0.768416116623457
