"Year","OPR","DPR","CCWM"
2012,-1.04860504251716,1.350484640268,0.0102938422921347
2013,-1.29654976715065,1.1492817141187,-0.504149843043872
2014,-1.11902774084754,-0.0919196892454845,-1.11618695797095
2015,-1.04268007217039,1.47390548489879,0.253446631011227
2016,-1.01144366852883,1.09883599711408,-0.232023780046264
2017,-0.126393945997929,-0.244485347592108,-0.388760914468659
2018,-0.84819688374922,1.74106461991473,0.329417853771202
2019,-2.03107061368031,2.45120025608288,-0.371392438125372
2020,0.329025880524838,-0.141128460079832,0.227980722693345
