"Year","OPR","DPR","CCWM"
2012,-1.15037585421053,0.630801122156599,-0.757400475456723
2013,-0.697783046731235,0.492867748600562,-0.380505851272332
2014,0.235726114586148,-0.401253833382487,-0.0670286421636551
