"Year","OPR","DPR","CCWM"
2012,1.17228709961141,-1.90234953825984,-0.366218404441069
2013,0.411728191852623,-0.914037626775218,-0.316978111756586
2014,-0.317221196777449,0.256973396399135,-0.113096635091466
2015,-1.26509623663347,0.580954033277742,-1.07790382446605
2016,-1.12499018537281,-0.039797657769756,-1.5285143175409
2017,0.747117378923627,-0.537657758721594,0.431588006352929
2018,-0.171438960035185,-0.445871657701556,-0.361859791855707
2019,-1.25279752106173,0.312534899164528,-1.27044589131052
