"Year","OPR","DPR","CCWM"
2012,-0.62014360798059,0.536073135982291,-0.231184628595195
2013,-1.01365428290935,1.16171096930456,-0.165469497038333
