"Year","OPR","DPR","CCWM"
2012,-0.144071189739097,0.443698557354071,0.234665477719432
2013,0.231395368199485,-1.42028796484647,-0.965852068889046
2014,-0.710411265036281,-1.56182897451098,-1.78865036091476
2015,-0.390827208145559,0.835494918853438,0.419772515610403
2016,-0.998115454151886,0.0743643390785311,-1.24572252039905
2017,-0.0336736321504657,-0.0810352388632703,-0.118539224421827
2018,-0.414971093791144,-0.412403042223411,-0.517767068371642
2019,-0.122618920962664,-0.143162837241204,-0.27520418459284
