"Year","OPR","DPR","CCWM"
2012,-0.659983777893018,2.45897748893763,1.46027636031968
