"Year","OPR","DPR","CCWM"
2012,-0.96539775807734,2.2814101798295,0.94743534538043
2013,-1.25815981479076,0.862901581610714,-0.708481871804635
2014,0.159800203459115,0.445765399916196,0.470187094723893
2015,-0.724249713208938,1.47053789691255,0.688690121466137
2016,0.214561503028298,0.944534026287513,1.23474167272131
2017,-1.50570654572415,0.365956653556492,-1.54527950767471
2018,1.0098222473332,-1.3478094865803,-0.00282234348976279
2019,-1.13680335737417,0.173382847870686,-1.24851017276672
