"Year","OPR","DPR","CCWM"
2012,0.0826008198179287,-0.0203916055783198,0.0768839689113054
2013,-0.903390900724085,-0.422706630166215,-1.41432278632365
