"Year","OPR","DPR","CCWM"
2012,-1.05821869792032,0.385968615356075,-0.872282391772348
2013,-0.88996997842679,0.222057323843557,-0.838552610032129
2014,0.524327783268103,-0.626549500697157,0.0419660664277952
2015,-0.128246481276637,-0.724437421748466,-1.00812626403468
2016,1.24512262961059,-1.72735722837002,-0.0915313787799008
2017,0.832263750474155,-1.5211782470725,-0.387317222250692
2018,1.27110688520666,0.231710750187778,1.03200637791605
