"Year","OPR","DPR","CCWM"
2012,0.37891845639326,-0.72362008363426,-0.216609356694137
2013,2.82373627341588,-2.68143620300802,0.94294572644099
2014,2.1335453845285,-1.55425327633497,0.885711821915297
2015,0.682236833848758,-0.581930181650871,0.273034754693915
2016,1.27494792399108,-1.00382177013288,0.676311126430067
2017,1.26184334231265,-1.14218056519455,0.508572786365025
2018,1.41296376469988,0.0555716910030224,1.03869742531922
2019,1.30782452423536,-1.82375013522757,0.0260778801610723
