"Year","OPR","DPR","CCWM"
2012,-0.709061443379894,0.0588915709638085,-0.764937173376822
2013,-1.49095141543595,1.47374498559387,-0.447548938141495
2014,-0.373497459739268,0.605699637875644,0.0846033217140705
2015,-1.26015504632388,1.28426811284121,-0.264051175161967
2016,-1.09366870532225,1.39267005409496,-0.0450119454130126
2017,-1.26631827356296,1.78304667455793,0.0890457663343803
2018,0.24867969571044,-0.237129866116131,0.0502075448842757
2019,-1.85863569205143,2.19435454560528,-0.382181585960872
2020,-1.15868561005837,-0.0924602654175363,-1.18105356042368
