"Year","OPR","DPR","CCWM"
2012,-0.137541560807237,-1.35696341252157,-1.3847792925012
2013,-0.362510863763398,2.60299471008499,1.84150347847473
2014,-1.83857825171811,1.01148883754971,-0.99880175592096
2015,-1.00513804531124,0.807649821244002,-0.459298901163633
2016,-1.73612972365467,-0.695936873703182,-2.99763346628988
2017,-2.22345835477022,-0.416222362409048,-3.18234882461357
