"Year","OPR","DPR","CCWM"
2012,-0.001491844368782,0.193072769071538,0.17272855826487
2013,1.01289060741019,-0.307007278759981,0.907209491934786
2014,0.996563992757209,-0.541156989121625,0.546480582492348
2015,1.37463370916687,-0.0183351636803568,1.87454726124428
2016,-0.225447421515923,-0.216597750089529,-0.516332998112164
2017,-0.309131938287181,0.38074207857603,-0.0295930385340538
2018,-0.868995651303436,0.69611707106414,-0.246615368225225
2019,-0.159454409346277,-0.236480004198341,-0.401558243347112
2020,-0.106091382639574,0.184148594290838,0.015445833130171
