"Year","OPR","DPR","CCWM"
2012,-1.19115730023293,0.499190551631773,-0.923372082232842
2013,0.170698247068526,1.2595211334981,1.2922005711752
2014,-1.13631395939567,-1.7502478671279,-2.32369355063154
2017,0.304463569565452,-0.224243885575465,0.171042685578198
2018,-0.360879196460242,-1.32656473905098,-0.970090748511932
2019,0.690218657602548,-0.136922734720752,0.730560896279531
