"Year","OPR","DPR","CCWM"
2012,-0.070673120061473,1.1721095414052,0.977507652324686
2013,-0.70121104767078,-0.818260699990888,-1.5236771668179
2014,-0.162573163836784,-0.773689474933559,-0.708358440691074
2015,0.144582425269081,-1.24781957346471,-1.23247240101333
2016,-0.114989693060485,0.0927200751318346,-0.0587993053755509
2017,1.10215471642422,-1.05658242714396,0.388726340325393
2018,1.610190416651,0.864070349625761,1.61371627426406
2019,1.04504342697226,0.404732991089321,1.63752259276263
