"Year","OPR","DPR","CCWM"
2012,0.328902772166315,0.690974728094052,1.00383014646102
2013,-0.0613760315488365,-1.07061370136847,-1.00135843972681
2014,1.69924901966492,0.0560433951076425,1.6349251830593
2015,-0.640393745948997,0.428888008372223,-0.390946991891657
2016,0.885659214526002,-0.366534877429508,0.802806770941697
2017,1.06810900891331,-0.406320100747958,0.958076362757353
2018,0.114244401090623,-0.276123109751595,-0.0667200481127253
2019,1.01856494248931,-0.405722259542656,0.901270849950606
