"Year","OPR","DPR","CCWM"
2012,-0.197041089841145,1.88460876510883,1.47547341023218
2013,-1.08007801957605,0.0274559198783633,-1.22797428009732
2014,0.206769873007263,1.19831283616183,1.05486937980495
2015,-0.477563738775705,1.17388406118023,0.688459733116147
2016,0.229783057584501,-0.233743808766679,0.0687116825984516
2017,0.357963811015162,-0.076674740092497,0.377092509697536
2018,-0.509547831311538,1.46498839532998,0.4229474053405
2019,-0.135766222856909,-0.261278556343013,-0.393936495933543
