"Year","OPR","DPR","CCWM"
2012,-0.40371148714393,0.307116746792118,-0.188327476255509
2013,0.00764400058964642,-0.00957330349647018,0.000541592466609442
