"Year","OPR","DPR","CCWM"
2012,-1.18754718514834,0.376427339133912,-1.03012863822997
2013,-0.28433118178962,0.1606013228596,-0.190003527516047
2014,0.51972123267877,-0.216007498907823,0.332561882427894
2015,0.253661362422985,-0.520847745242685,-0.247869533910566
2016,-0.447963726074202,0.610786698312364,0.0221863242421646
2017,-1.0245512622452,1.3635830161355,-0.00235588506655493
2018,-1.07503974812653,-0.196433253814775,-0.873069307200394
2019,-0.600738462811591,0.212384426886649,-0.554920510434206
