"Year","OPR","DPR","CCWM"
2012,-0.997830301984183,-1.84055154240593,-2.81436438950911
2013,-0.689271377983618,0.734160083365543,-0.160989366445181
2014,-0.690610037965844,-2.04897216362368,-2.12001426754244
2015,0.261661300125221,-0.247271254569662,0.0770857482234267
2016,-0.86383736219685,0.528280988587192,-0.611105352775342
2017,0.034922802066765,0.0765902753520934,0.115923045771779
2018,-0.645774175460979,0.0815486514404582,-0.417286095511508
2019,-0.249446523660261,0.0451810738062752,-0.26776239574948
2020,-1.11841723761819,0.251636274806785,-0.921290332905886
