"Year","OPR","DPR","CCWM"
2012,-0.780887330246974,0.876652175597178,-0.108929816602897
2013,-0.417605642613651,1.14589130219369,0.511616394365687
2014,-0.249690644805857,1.21098347835244,0.635604711151029
2015,-0.513945968422275,-0.0757331641128197,-0.795621301051754
2016,0.492135368503126,-0.589841637051265,0.0573415577938973
2017,1.01662050629894,-1.0507812781584,0.28683654754308
2018,-1.63081467622568,-0.410598667244516,-1.3849076439496
2019,-1.411872596153,1.16940578234418,-0.72225253019794
