"Year","OPR","DPR","CCWM"
2012,-0.697904090126278,0.317224738358311,-0.51864767666486
