"Year","OPR","DPR","CCWM"
2013,-0.857793900337184,1.26593281819583,0.105730572430373
2014,-0.445489129318823,1.17477639793002,0.42584712160987
2015,-0.182435591577753,1.19135001853677,1.11547611698689
2016,0.795397301426147,0.0725920868333219,1.12545118894441
2017,0.35071565273747,0.290816230674061,0.713907785819281
2018,1.10506107726716,0.827335173710165,1.23332664256626
2019,0.731019743741523,-0.208296331586497,0.718805184442827
