"Year","OPR","DPR","CCWM"
2012,-0.707090075197123,0.943169523116514,0.0363223287764931
2013,-1.10655971645306,0.580701271417759,-0.777969587908164
2014,0.304587764148779,0.904066230085366,0.935290537140871
2015,0.229210742557557,-0.574654032318446,-0.343327985234184
2016,0.725183295366397,-0.682754077650249,0.272147498170181
2017,0.502176564137839,-0.230103896200401,0.413667832157784
2018,0.287865061464358,-0.45342543680891,-0.0379744582290278
2019,1.07598535149555,-0.549908393112715,0.846749950212616
