"Year","OPR","DPR","CCWM"
2012,-1.28046554842313,0.654159072504435,-0.886399109439585
