"Year","OPR","DPR","CCWM"
2012,-0.784836496857751,0.148406400005789,-0.771489316004887
2013,-1.18963508038738,0.849602203935921,-0.640615881581118
2014,-1.33228592486527,-0.0259344182946,-1.26891828810768
2015,-0.819046072503227,1.78830228752898,0.922596540104448
2016,-0.115564928216686,0.428857495666342,0.27882829953649
2017,-1.93210014550178,0.930144782202397,-1.54936839431892
