"Year","OPR","DPR","CCWM"
2012,-0.138980146219777,0.858351084387021,0.61519694386951
2013,0.905691347664266,0.624276049518014,1.5921263635887
2014,-0.478183051255509,-1.70407823868298,-1.6729019009229
2015,-0.744908793444308,-0.756617702995896,-1.89541484441269
