"Year","OPR","DPR","CCWM"
2012,-0.575461160496101,0.675208059151712,-0.0539132727977829
2013,-0.883306729189514,0.872365699178111,-0.265797325433924
2014,-0.785562687963866,-0.714619896722338,-1.25057142557437
2015,0.0436336612608717,-0.722109436357853,-0.768436405613013
