"Year","OPR","DPR","CCWM"
2012,-0.927377085848631,0.948473997591954,-0.213062326004336
2013,-0.71133497195588,-0.584905945263279,-1.33265638293202
2014,0.414539993834435,1.26396833269842,1.29701648929134
2015,-0.673674977660987,-0.526365948614285,-1.53297585044911
2016,-0.154036404916559,-0.386181193136292,-0.592569851404786
2017,-0.294329121656849,0.195255046726677,-0.18561000873733
2018,0.675401922681919,-0.293621199379726,0.324547923679635
2019,-0.529070095880294,0.990608451827077,0.208961497366181
