"Year","OPR","DPR","CCWM"
2012,-0.749451330438598,0.868557258182497,-0.0799716069306451
2013,-0.369091611183614,1.09107238226888,0.520214597539463
2014,-0.818587435583078,1.25559743449923,0.133770814731487
2015,-0.387320812035267,-0.152737828119844,-0.709369600978994
2016,0.0928467261970942,0.350395692289194,0.475585941846104
2017,-0.0266617226647735,0.528321138092922,0.463836466846881
2018,0.0417405797272261,-0.786765643068804,-0.392725190354443
2019,1.46902825742058,-1.52690355513944,0.48220132345756
2020,-0.483264567060416,-0.486051469024294,-0.7797111302397
