"Year","OPR","DPR","CCWM"
2012,-0.0711318565940694,-2.02842148381765,-1.91484518516245
