"Year","OPR","DPR","CCWM"
2012,-0.413550569319659,0.683048526690917,0.13999097646399
2013,0.99539659990423,-0.956791807234031,0.322356317604781
2014,-0.0484171634663068,-0.570739070666831,-0.45543599338837
2015,0.0614280915417765,-1.26678182228908,-1.36889900946729
2016,0.38412790605031,-0.391788952923829,0.113818359807588
2017,0.61074420685634,-0.441387455747645,0.35104928382555
2018,0.164203071844763,0.226062117197738,0.238645960156498
2019,-0.35923701481133,-0.448168616309969,-0.831223064944886
