"Year","OPR","DPR","CCWM"
2012,-1.20040593445866,0.921685490354727,-0.552300437698476
2013,-0.823426823919234,0.294551320433135,-0.698440146667401
