"Year","OPR","DPR","CCWM"
2012,-0.659480352894806,0.496611080229111,-0.312228949733114
2013,-0.38533947132479,0.661620351150555,0.128245695622241
2014,0.105050801850886,-0.718970687253155,-0.417897846771035
2015,-1.13518946420662,1.40653568026772,0.0485729203249378
2016,-0.101448737484597,-0.506409657944906,-0.644025938734185
2017,0.577827802742262,-0.148837475023427,0.585108949258235
2018,-0.0530937007913557,-0.779725412073329,-0.456655740274224
2019,0.575528669646725,-0.0139535658096848,0.696179673689029
