"Year","OPR","DPR","CCWM"
2012,0.780148303973133,-0.98985968426908,0.00578902488404918
2013,-0.441982225545499,0.156961442288724,-0.375886502172072
2014,-0.34122746108939,-0.989018795702693,-1.03070209332793
2015,0.490322377536793,-0.826430595146955,-0.272169963195304
2016,0.779009796178793,-1.04626817514126,-0.0225845430492016
2017,0.918834860854094,0.396199025325421,1.52612450826416
2018,0.244471650354749,-1.34877884398654,-0.549801549474917
2019,1.35572548203467,-0.77623390182245,0.994518425664122
