"Year","OPR","DPR","CCWM"
2012,-1.13529594387969,1.58596403732861,0.123032025220985
2013,-0.534166331152205,0.601876725182652,-0.0961566678227264
2014,-0.534352433405443,-0.0633540127906492,-0.546976004173387
2015,-0.17975905022327,0.127876048198339,-0.101148151122442
2016,-1.34268390642306,-0.169951743909066,-1.9475659461466
