"Year","OPR","DPR","CCWM"
2012,0.340873559142977,-1.23512443956131,-0.722674502300096
