"Year","OPR","DPR","CCWM"
2012,1.51932419871332,-5.07082509418061,-2.82865069086571
2013,2.03945881089561,-1.9677520371596,0.65405171848559
2014,2.79369756896701,-0.870388776480169,1.99649777682599
2015,0.560513688091414,-0.701246987422446,-0.0317321597095383
2016,3.39678197193458,-0.812993495766692,3.67577007756798
2017,1.51731500653119,-0.235375494774516,1.68276230023973
2018,1.54198286172235,1.20906824079316,1.75029532493771
2019,1.31782368840365,0.675525651399432,2.20834071509736
