"Year","OPR","DPR","CCWM"
2012,-0.773118786992357,-0.394163658639296,-1.24820528899807
2013,-0.550390609641041,-0.888468091034723,-1.4098745548199
2014,-0.708171289918161,-1.82684219943536,-1.97692437305181
2015,-1.00864977651765,0.596575224264869,-0.706345380104211
2016,-0.00405473260097066,-0.872118528230854,-0.883324232349986
2017,0.672236684164965,-0.0125704537016511,0.831862974460895
2018,-2.88249844064963,-1.09265976053002,-2.64490396565385
