"Year","OPR","DPR","CCWM"
2012,-0.312503131451801,-0.52509869581413,-0.835031026656099
