"Year","OPR","DPR","CCWM"
2012,1.14709493351096,-0.772343264071122,0.625725112999547
2013,1.18707119707458,-0.97760339011003,0.52642809679698
2014,-0.666093522642553,0.240987475903732,-0.451980687051422
2015,-0.511220126252768,0.0149638255931075,-0.687789445568018
2016,0.683910486844601,-0.500461801010282,0.401053511411122
2017,0.995526278832374,-0.10352438349324,1.1519966446909
2018,0.833398525793072,-0.873855063692394,0.12574595424203
2019,0.928137058659168,-0.701421863138178,0.5332460440929
