"Year","OPR","DPR","CCWM"
2012,-0.0471865737984493,-1.86142294643976,-1.73632531581651
2013,1.12235221264413,0.179212286795104,1.45653832423145
2014,0.953986321868082,-0.856392786133768,0.280069190628228
2015,0.668457433204252,-0.0838126791713306,0.825613187385275
2016,-0.66395466194035,-0.204673320951799,-1.0845081255786
2017,1.20885043349387,-0.244734762177649,1.28681200788427
2018,-0.0243392306826034,-1.7083539427399,-0.93483961511618
2019,0.556207143081281,-1.32705642406125,-0.467680010075643
