"Year","OPR","DPR","CCWM"
2012,-1.11583294413022,1.19833361988564,-0.204752144419378
2013,-1.00718697883794,2.10434261564661,0.661049163870166
