"Year","OPR","DPR","CCWM"
2012,0.0814057635608312,0.0351611560434507,0.1256994720958
2013,-0.705293360793786,-0.264102736073786,-1.04691824557295
2014,-1.34783909748053,1.35391751681118,-0.292277404949282
2015,-1.08575523141624,1.2501526621836,-0.0627048651845389
2016,-1.37311544521649,0.930534598714479,-0.879972453828219
2017,-1.43773774183972,0.991231394990636,-0.871415796664998
2018,-1.84271719436982,0.62546610941334,-0.979793061317165
2019,-0.812042332674494,1.29763092788156,0.12727919296258
