"Year","OPR","DPR","CCWM"
2012,-0.745055173892158,1.95041395617832,0.902607000437122
