"Year","OPR","DPR","CCWM"
2012,-0.846588104422159,1.38456947165085,0.274187637301102
2013,-0.474245056955377,1.25844363887722,0.543763473038237
2014,-0.0391153631138635,0.185897351685123,0.0968341442224801
2015,0.0490519330071636,-0.449085010748329,-0.44767466176549
2016,0.704697617626143,0.0205570983183744,0.953064913749953
