"Year","OPR","DPR","CCWM"
2012,-1.04372607373771,0.160206895900872,-1.05954597529181
2013,-0.141764051589849,0.760843553528772,0.496765905383147
2014,-1.04271028865189,1.78009149851071,0.300219995269528
2015,-1.11930144609297,1.89979865160605,0.636491525286764
2016,-0.652868012530384,1.92639824300121,1.0755047015123
2017,-0.881072556230863,0.654149211308273,-0.49005823167572
2018,-0.217287580854314,-1.22557637055302,-0.813331444802336
