"Year","OPR","DPR","CCWM"
2012,-0.22588216634434,1.39955682332688,1.00392900894938
2013,-0.188983027144035,0.78697055091811,0.464739187750257
2014,0.0375405334963709,-0.200381816088633,-0.108717174758349
2015,0.105413960144981,-0.451204951553887,-0.372385385115045
2016,-0.309568440501317,1.39689876169437,0.996671139447838
2017,0.439582542293783,0.384449356530365,0.913575836427642
2018,-0.0191317478750983,1.04205445469704,0.545969203853427
2019,-0.762012020853378,0.557211306674956,-0.454006966541782
