"Year","OPR","DPR","CCWM"
2012,-0.77951720721553,1.05948364609429,0.0578475406659501
