"Year","OPR","DPR","CCWM"
2012,-1.00582058557431,0.980983972616986,-0.274199892925565
2013,-0.409769128553551,1.07119472678434,0.455797554208581
2014,-0.134695762613361,-0.034091461865291,-0.150895762335309
2015,-0.0529703027545906,-0.116951988078877,-0.207244832784354
2016,0.335890561467715,-0.78192452953531,-0.342751917107164
2017,-0.520184251453209,-0.434641660204692,-1.06198061136946
2018,-1.21785876964103,0.969799297932341,-0.348723422476707
2019,0.125608181214758,0.0106326638848797,0.163815778218294
