"Year","OPR","DPR","CCWM"
2012,-0.00323385702517464,-0.0889938658073389,-0.0841413306346248
2013,-0.963728996765792,-0.899633556447857,-1.89864250585287
2014,-0.0317120766648791,-0.0871944405389055,-0.0923976990488356
2015,-0.0524820234164633,-0.327296529031736,-0.44793766962486
2016,-0.634532489355014,0.0663998977429102,-0.772691567494386
2017,-0.453536307027426,0.363014012508424,-0.22751582499921
2018,-0.562364276654035,0.159453612530593,-0.3158932117676
2019,-0.707721049787878,0.758169968811981,-0.212712662620627
