"Year","OPR","DPR","CCWM"
2012,-0.844842377880082,1.02215195292362,-0.0512585668463588
2013,-0.590700408060503,0.197621446325601,-0.512925355846932
2014,-0.0781263008584117,-1.77911547719767,-1.35137148142015
2015,-0.243808979192873,-0.181832679221092,-0.544856030233867
2016,0.243752622276493,0.0312288322008778,0.353941794220958
2017,0.123122957673262,0.648071763487627,0.764543708062298
2018,0.773764239654987,0.139379401483869,0.627318829932117
2019,0.754779778925698,-0.721064462900462,0.302843419605423
