"Year","OPR","DPR","CCWM"
2012,-1.00431252780436,0.997566002196561,-0.257477216664635
2013,-0.230285813450933,-0.215850983139457,-0.454451521137956
2014,-0.372838685534014,1.11782187325446,0.453112043943363
2015,0.893416265818117,-1.4758091116576,-0.461462168116335
2016,1.05543837826143,-0.995931538086908,0.393825883484016
2017,1.29917254687482,-1.68052978251682,0.0486853798443597
2018,0.134249775502392,-0.815889846917148,-0.342314813763943
2019,0.249695901981278,-1.42274114167232,-0.927975625765646
2020,0.870236793265703,0.374994310657123,1.08308434192604
