"Year","OPR","DPR","CCWM"
2012,-0.694952822978714,-1.94188588315584,-2.55645027547864
