"Year","OPR","DPR","CCWM"
2012,-0.650925748559858,-0.162726106853454,-0.898099007125988
2013,-0.628579076100092,-0.230702166163325,-0.928984306032894
