"Year","OPR","DPR","CCWM"
2012,-0.218165670752783,0.115793823005102,-0.147104864530959
2013,-0.0622613522685643,0.906955186836213,0.715862759589608
2014,-0.176288456842171,0.87339724382433,0.461979219393853
2015,-0.647175073677803,0.116795284805623,-0.758418448918832
2016,-0.217701963175718,0.173829664859165,-0.113042864829555
2017,-0.231988078655542,-1.26801470700336,-1.48471590660838
2018,-0.407693227087893,-0.607222763311582,-0.617197475612331
2019,-1.44685140211404,-1.01424709412307,-2.66122279902739
