"Year","OPR","DPR","CCWM"
2012,-0.383425545620175,0.960207157671542,0.425175912889331
2013,0.224120832584375,-1.162827280037,-0.750583909081327
2014,-0.263098930339191,0.875372229256365,0.38193041695289
2015,-0.0547610137895708,-0.112405967208288,-0.204497711597145
2016,-0.231219858920775,0.361160538510776,0.0576574143809492
2017,-0.868335738442354,0.363846231281627,-0.747329368264235
2018,-1.2149119329497,-0.361991342752182,-1.06184973503771
2019,-0.528347835868594,-0.651925907996265,-1.21625432962564
