"Year","OPR","DPR","CCWM"
2012,0.569200137371349,-0.0321302897328738,0.627738657660648
2013,-0.106722499041161,0.991800239959274,0.738050683814332
2014,-0.603320570870798,-0.249454750513456,-0.745387555046911
2015,0.290542620747668,-0.887281140830099,-0.617486181801973
2016,0.700874418127922,-0.174164591694765,0.75198069146981
2017,0.816562246418629,-0.349476384578099,0.695876747250001
2018,1.31940220608755,0.24730459035173,1.0748637095895
2019,1.07290718878015,-1.36250992649003,0.137433161651311
