"Year","OPR","DPR","CCWM"
2012,-0.575251076197806,0.495847677679979,-0.215731027897735
2013,-0.960189780084223,0.612711595362918,-0.580511435337428
2014,-0.68849988459361,-1.86382485514898,-1.9850307121174
2015,-0.294105780529885,0.539724986934062,0.213758921765335
