"Year","OPR","DPR","CCWM"
2012,-0.703713294266383,0.795587891601488,-0.0931280153562185
2013,-0.763817917576986,-0.224081910021359,-1.07997642533892
2014,0.262776426913383,0.0647453034927407,0.2931141000913
2015,-0.314541463856425,0.801431772473861,0.485881923474855
2016,-0.182811949688335,0.572304122520208,0.334262578112717
2017,0.822140235990254,0.782271357332454,1.76816965314199
2018,-0.260154547986986,2.01200823293336,0.894787446445084
2019,-1.61584483870027,0.80216760687574,-1.29212694555883
2020,-0.368904965609872,-0.377487233904401,-0.599342057175879
