"Year","OPR","DPR","CCWM"
2007,-1.13928834797787,-0.181335039761152,-0.877940964282166
2008,0.710824175395027,-0.387047119254876,0.36481629571618
2009,-0.536987971994419,-0.660661993581447,-0.824950297878509
2010,0.473170919785743,-0.308592559152652,0.176819762904528
2011,-0.72795472816513,-0.589099443318833,-1.18966511926651
