"Year","OPR","DPR","CCWM"
2012,-0.999946190196841,1.8534179932932,0.520861581049142
2013,0.455292918407043,1.12110420252539,1.50178480699298
