"Year","OPR","DPR","CCWM"
2012,-1.07829279196668,0.13999335188884,-1.11769452103601
2013,-1.98796550547747,1.33870987036972,-1.14092497094615
2014,-0.71981229975414,0.57993655187717,-0.258904219352381
2015,-0.55480526309944,0.94885316593877,0.323727086653411
2016,-0.948251183378805,0.737668367155348,-0.512001707612708
