"Year","OPR","DPR","CCWM"
2013,-0.684995127066145,0.34994225221586,-0.489867883043259
2014,-0.596113611142425,1.72868851276014,0.682403966794391
2015,-1.14020586267603,0.808400131720546,-0.644693174266406
2016,-1.79900212454876,2.16499313890656,-0.200727611311407
2017,-0.263443076388052,1.26557928101924,0.860629190379035
2018,-0.418002380830143,-0.0330630165394716,-0.316209066082511
2019,-1.81344462639569,0.923489075265032,-1.42997462500463
