"Year","OPR","DPR","CCWM"
2019,1.90048675522653,-0.847575828849761,1.60300657395729
2020,2.2332948346164,1.25434576869796,2.96687697292304
