"Year","OPR","DPR","CCWM"
2013,1.74781203286763,-2.39820635260227,-0.0579803391445377
2014,0.686226499798508,0.477497489871553,0.987008720131547
2015,2.0355515760125,-1.60617681252932,0.963920348030285
2016,0.809235749892261,-0.0642027496227557,1.00604952616143
2017,0.409696612396983,0.134539028618366,0.640831546086569
2018,0.680180548054601,-1.07033298211354,-0.0891686529119067
2019,-0.9202428801899,1.99462440045416,0.599272029447866
