"Year","OPR","DPR","CCWM"
2013,0.571223491986749,-0.506802813740293,0.221713310449657
2014,0.186804494206797,0.0815957360370749,0.233922755238429
2015,-0.597011202963108,0.556296708409388,-0.184924578692915
