"Year","OPR","DPR","CCWM"
2013,-0.84612057525035,0.604442761553599,-0.455487703105632
2014,-0.751027375063343,0.421703649151294,-0.401867023599701
2015,0.166659337425991,0.393578514182511,0.681442667266068
2016,0.0758483250055773,0.140049990128043,0.241341242655101
2017,-0.831903591218308,1.14870309118554,0.0371655984875245
2018,-0.590758894944092,0.239123476515899,-0.293380672985225
2019,-0.558756040728335,0.166920832769929,-0.542726415963632
