"Year","OPR","DPR","CCWM"
2013,0.0360583733721544,-0.440248945699013,-0.340726134784481
2014,-0.196996285316987,0.564298041497722,0.220499962471398
2015,0.109402442515439,-0.395357054417828,-0.302801017586258
2016,0.183350197726391,-0.388085537729256,-0.148098053174921
2017,0.56675741863081,-0.0724387332919215,0.643127641797681
2018,-0.0236198982548744,0.0274604018013057,-0.00211710701961645
2019,1.07570301315222,-0.0969147300546353,1.23970712524561
