"Year","OPR","DPR","CCWM"
2013,-0.401845134171363,0.25263159385164,-0.246242110361684
