"Year","OPR","DPR","CCWM"
2013,0.203573465331233,-1.30392490987266,-0.896993962700684
2014,0.21072007897652,0.462317733942726,0.529863623270933
2015,-0.684836843789519,1.93436025557668,1.27526640957057
2016,-0.24932868007466,0.979568779361592,0.656248028585169
2017,0.51486815020366,-0.192537038603943,0.464957449864338
2018,-1.12952504163899,-0.049765915740052,-0.833204852046949
2019,-1.63799447345238,0.732292251349425,-1.38005435583616
