"Year","OPR","DPR","CCWM"
2013,-0.646692705909963,0.588736324197494,-0.237994041825254
2014,-0.621930822708159,0.568312206870792,-0.175397557279683
2015,0.971947295549417,-0.954998125874059,0.24445042499756
2016,1.48900332295118,-0.531582030362505,1.43492572717953
2017,0.715668999294984,0.19239638013046,1.07930430947322
2018,0.514071407696862,-0.842612639097867,-0.0854743346967391
2019,-0.339883327539728,-0.252217501648553,-0.637273285055912
2020,-1.60138106124719,0.796441130905206,-1.03929228536597
