"Year","OPR","DPR","CCWM"
2013,0.418883882467433,0.202188702990326,0.661169352723174
2014,0.0565541697295368,0.350881917737324,0.305134593056994
2015,1.21218502187939,-1.30493596064833,0.174185733806678
2016,1.85635492853128,-0.690450521933057,1.76102816352355
2017,1.09968089018093,-0.524921523414545,0.886063650486377
2018,0.237382002900275,0.371383473360272,0.368939535068366
2019,0.213414908866458,-0.0160527482107011,0.248709031226628
