"Year","OPR","DPR","CCWM"
2013,-0.556982121862052,-1.84270993498957,-2.24662491012584
2014,-0.76459952686798,-0.421830998891162,-1.0205692965929
2015,0.914512114661454,-0.589473199190188,0.584681262988039
2016,0.00787866418680631,0.732178715295862,0.747506539646499
2017,-0.33795333126742,0.881380939866562,0.405476128592551
2018,-0.354615210197442,1.34320320061221,0.468164926993541
2019,-0.859094962214996,-0.262112590638079,-1.28485063566124
2020,-0.345686436348572,0.277809099064004,-0.156412857838414
