"Year","OPR","DPR","CCWM"
2013,-0.720082168606717,-1.13405933588806,-1.81993662084913
2014,-0.815890728556121,0.576895598514207,-0.351253836572373
2015,-0.543219713014992,0.408001280980978,-0.280913463571969
2016,-0.722118996687142,0.209373706169039,-0.744644006668011
