"Year","OPR","DPR","CCWM"
2013,-0.438842851413133,-1.21873755828684,-1.56754943007876
