"Year","OPR","DPR","CCWM"
2013,-0.815906373253858,1.11293011017807,0.0213397376930718
2014,0.822948840036134,-0.269104096126558,0.578984068251869
2015,0.697709946954353,-1.28861613209472,-0.516536220588029
2016,-0.665728748187652,-0.0423782703533691,-0.923473366081507
2017,1.28014629590285,-1.38089910936448,0.306842896555558
2018,0.888493990921335,-0.358959390218212,0.441605692940387
2019,-0.186458459221437,-0.394289463043163,-0.571807316993341
