"Year","OPR","DPR","CCWM"
2013,-1.22272852232887,0.443832007339214,-1.0315327160911
2014,-1.04887221428616,1.35088166002875,-0.0138918444939793
