"Year","OPR","DPR","CCWM"
2013,-0.506900411851552,0.10482402111088,-0.496428411121229
2014,0.23156385097714,-0.244897014141428,0.0413864750294064
2015,-1.17645913140305,0.103622841483982,-1.50340342419033
2016,-1.59361156563012,1.6612230285683,-0.43612390550799
2017,-0.136220258203582,1.61668615462055,1.35079116228331
