"Year","OPR","DPR","CCWM"
2013,0.591344326948999,-0.322098342932829,0.40551761571681
2014,0.422174055501545,-0.736903925591622,-0.133175135109362
2015,1.21206055146875,-1.53507847213384,-0.0900698460652174
2016,0.898040441007446,-0.795997136492458,0.386849539601381
2017,1.29105921006747,-0.806274772178953,0.861421974935756
2018,0.21558902043499,-0.881782054813127,-0.319625797932697
2019,1.82010387829117,-1.55911314832638,0.886299433649727
2020,0.981368054050437,-0.369768738241521,0.712816197859488
