"Year","OPR","DPR","CCWM"
2013,-0.119625059781196,0.878889460693908,0.624991764944083
2014,-0.0138973624010988,-0.56163971578251,-0.416504122838633
2015,0.773082071946054,-0.0337297935679351,1.02735713447274
2016,-0.181562177748684,0.127531464854564,-0.111835378646658
2017,1.48646815213266,-1.78253398264057,0.187737448026977
2018,-0.482510941474479,-1.61889061770162,-1.21392744050433
2019,0.804476385567205,0.113716021176329,1.08878936513738
