"Year","OPR","DPR","CCWM"
2013,-0.740337797714428,-0.38243600372416,-1.19035142676207
2014,-0.4205036365873,-0.415236319693062,-0.692914041099471
2015,-1.58268454832867,0.940406352267302,-1.103386030952
2016,-0.49452074671698,0.793291622356347,0.144314982624642
2017,-1.19754583237197,0.299766303578271,-1.22082396689526
