"Year","OPR","DPR","CCWM"
2013,-0.0538891496852368,0.054983620650093,-0.0146849587013959
2014,0.0059976545609502,-0.208833154148649,-0.144389831007508
2015,-0.644258682291997,0.551687577886225,-0.255366590338808
2016,-0.130805242260058,-0.814686618582494,-0.993208525525719
2017,1.28197053261632,-0.291581294725022,1.33448616089354
2018,1.14860260101906,-0.188770872766893,0.718721404560713
2019,-0.979389779077834,1.09848132576398,-0.251581358344669
