"Year","OPR","DPR","CCWM"
2013,-0.665500742510186,-0.752491590545779,-1.42514357334029
