"Year","OPR","DPR","CCWM"
2013,-0.694248624831064,1.74088795458254,0.707956044357672
2014,0.0572312102064758,0.976338932964183,0.755076153050901
2015,-0.00930213762286964,0.721522056054186,0.81510473563553
2016,-1.13296995714277,0.329325518052158,-1.16747681851352
2017,-0.670278845224585,-0.163775719199886,-0.995397009394828
2018,-0.808697251264813,-0.0831039119220275,-0.622038500872889
2019,-1.05354389890777,1.04569421583566,-0.388673319489423
