"Year","OPR","DPR","CCWM"
2013,-0.173836167695865,-0.432201218311447,-0.577005268773087
2014,-0.840205868073506,-0.285263486435359,-0.993417036685433
2015,-0.994734114376428,0.384577953099113,-0.93041865713566
2016,-0.152061412105152,0.294909708483921,0.0956956966244261
2017,0.574716717597636,-0.26650151458195,0.470449480714051
2018,-1.16834587499856,-0.218568247432763,-0.951577141977833
2019,-0.651405057929346,0.990602653047053,0.0584006306493531
