"Year","OPR","DPR","CCWM"
2013,-0.834747625893622,-0.95563223528177,-1.79780626336691
2014,-0.893721070315567,-0.0744054910617801,-0.892165623572499
2015,-1.54936563268067,2.0414589367676,0.205995807714796
2016,-0.803921821306643,1.60428013400319,0.551373202194141
2017,-2.09886591763563,1.65197036381942,-1.07922850178078
