"Year","OPR","DPR","CCWM"
2013,-0.443534921025301,1.36403094913579,0.671098560565379
