"Year","OPR","DPR","CCWM"
2013,1.26423487030485,-0.541019080627301,0.995196534405322
2014,-0.0726124939677655,-0.779968036614986,-0.628444863453728
2015,0.446379683370155,-0.214062817431895,0.369913930738922
2016,-0.474745758415186,0.401956805333803,-0.223476923898362
2017,-1.38960756938377,0.853935850158144,-0.940243325907686
2018,0.185529432371059,-1.02209822972088,-0.416444254956312
2019,-1.21012838421681,0.227331789402509,-1.29190987843248
2020,-0.801398292658419,-0.0719720471561592,-0.822016310689274
