"Year","OPR","DPR","CCWM"
2013,1.07597704389539,-1.19931356002596,0.205030992325756
2014,-0.561583095631588,1.12183175715153,0.278864816912908
2015,0.0124019304960886,0.72811148583418,0.85259535753275
2016,-0.575764076254893,0.128778772310288,-0.632139700299908
2017,0.0822565701335548,0.856888008652315,0.90980874964773
2018,0.319895936986676,0.247688453489753,0.361424615404197
2019,0.543214240176788,1.59384271130037,2.0523546884619
