"Year","OPR","DPR","CCWM"
2013,0.127429608319524,-0.00153686359864616,0.146357877150859
2014,-0.560568143927859,1.3603460432487,0.451157525328046
2015,-0.173873151270253,0.133348556927824,-0.0867520448988061
2016,-0.68919315287847,-0.0504781149879221,-0.962672704044166
