"Year","OPR","DPR","CCWM"
2013,-0.131716041885062,0.585492014097911,0.356054301462885
2014,-0.00420913489408297,0.751477707297543,0.5358849195377
2015,-0.892187464773567,0.420159770318684,-0.748179893120878
2016,-2.05010976339153,1.6824077461553,-1.01878016963643
2017,-1.75919345921058,2.00340143613312,-0.322124977875973
