"Year","OPR","DPR","CCWM"
2013,-0.384679418917651,-0.276712141263193,-0.686276831450167
2014,-0.686530505339909,-1.6003599172028,-1.79391865270311
