"Year","OPR","DPR","CCWM"
2013,-1.62240113118172,0.936071308229826,-1.06706924290691
2014,-1.64240326567411,0.364966912336576,-1.27913919801812
2015,-1.12828837063735,1.72849725396596,0.427533840077165
2016,-2.13431537263898,1.99273198210506,-0.817788166249939
