"Year","OPR","DPR","CCWM"
2013,0.431029094829643,-1.55935927578891,-0.855307667248299
2014,0.215871473423885,-0.0634705398668325,0.156990273637606
2015,0.406601547721575,-1.19017061636598,-0.805003367924018
2016,-0.592610204719281,-0.0288864846963315,-0.813149660637218
2017,1.07646033098123,-1.03706377541129,0.374850952726673
2018,1.12627055343711,0.0459123357479917,0.828811612215246
2019,1.23726640140928,-1.62514146140627,0.111681906612011
