"Year","OPR","DPR","CCWM"
2012,-1.28281480004778,-4.53247190697118,-5.57546382168288
2013,0.161279976247614,-0.137825262746012,0.0671743666793186
2014,0.409197656474378,-1.2505539797418,-0.514340902069866
2015,0.183763177511694,-0.756231670369833,-0.61435578883404
2016,-0.172932685235766,-0.783259577599327,-1.01730890951014
2017,-0.0991169815763272,-0.725734406960282,-0.807517182642264
