"Year","OPR","DPR","CCWM"
2013,-0.798617300093078,-0.971010744923763,-1.76929246800785
2014,-0.323919737306754,-0.329933130167214,-0.540995783738697
