"Year","OPR","DPR","CCWM"
2013,0.328238067169241,0.0635609272387366,0.435659914591415
2014,-0.710623126355157,0.301107098437508,-0.450581824196234
2015,-0.444289788585201,0.847745228294284,0.360105901333287
2016,-0.905095598413473,1.1571767795043,-0.0325854376315671
2017,-0.793276648491838,-0.189662055794866,-1.17413255974677
2018,-0.699385466414436,-0.88584991977254,-0.975100162680161
2019,-0.953484977638248,0.885781030419778,-0.404374397721703
