"Year","OPR","DPR","CCWM"
2013,-0.351886444554532,0.215313433785984,-0.220763663483319
2014,1.0880939579783,0.453104612359323,1.34661952104977
2015,0.829022997373435,-0.788201223326408,0.238757405736688
2016,0.365433890856666,0.43374008496227,0.920142695900406
2017,0.559443498966075,-0.884694871599409,-0.130612701758173
2018,2.36555511987774,1.66095957346876,2.58100966746032
2019,0.720206861350422,-0.273209345557455,0.649138223197419
