"Year","OPR","DPR","CCWM"
2013,-0.339329134327817,0.246057077763762,-0.179497331277427
2014,0.211293021504678,-0.383483154343213,-0.0771921282277677
