"Year","OPR","DPR","CCWM"
2013,-0.685121138527059,1.33044539996878,0.361914360899154
