"Year","OPR","DPR","CCWM"
2013,-1.44392362554079,1.14457756669665,-0.679046082829287
2014,-1.3125124945943,1.21886638048148,-0.356141001110276
