"Year","OPR","DPR","CCWM"
2013,-0.270875410174793,0.296208558758216,-0.0565831911878783
2014,0.261390818366561,-1.00670491738442,-0.477878156223801
