"Year","OPR","DPR","CCWM"
2013,-0.0466383405405468,0.724411443274835,0.575363603780297
