"Year","OPR","DPR","CCWM"
2013,-0.289143289112228,0.754156784471146,0.320140793611677
2014,0.825474576967301,-1.08756169100269,-0.00659662269345532
2015,-0.839489416356955,0.573169592312015,-0.499934847766662
2016,-0.0728581829036999,0.772611368244442,0.68138881705023
2017,-1.9417374450985,1.57064697881075,-0.958571451731722
2018,-1.16758987676831,-1.07573389916465,-1.41137314353876
2019,-0.738564394268552,1.68153367820518,0.551024950237694
