"Year","OPR","DPR","CCWM"
2013,-1.03952420511756,0.667238197978609,-0.625085014700906
