"Year","OPR","DPR","CCWM"
2013,-0.480420857657764,1.16465429332439,0.455115001435112
2014,-0.954118095872035,1.96415166901902,0.515581931335234
2015,0.289872402703861,-0.874769356102902,-0.604053372970478
2016,-0.256073893806669,0.283945495704369,-0.0529586073170552
2017,0.918911639126793,0.0477471972958815,1.19822991807932
2018,0.746145112771985,0.274166275813472,0.679985334775606
2019,1.21895168031797,-0.822360232396591,0.786144463573731
