"Year","OPR","DPR","CCWM"
2013,-0.638352459132944,-1.12205649753166,-1.71478152851522
2014,-0.725919608300969,-0.974022945931979,-1.38094516184267
