"Year","OPR","DPR","CCWM"
2013,-0.793775416606044,1.58531969869602,0.457434345185169
2014,-0.254035259219264,-0.158556723410433,-0.352301728499885
2015,-0.290442667172565,0.324694928985923,-0.0279324333056747
2016,-0.72366424871104,1.18689044018359,0.237375113086009
