"Year","OPR","DPR","CCWM"
2013,-0.550317530306004,-0.54339564371594,-1.10996727688215
2014,-0.894567013043352,-0.0519306198244542,-0.8768143489183
2015,-0.38378808014661,0.66099692888038,0.229246341694202
2016,-0.766216548638453,1.34800109493714,0.34326477413229
2017,0.0466902557536686,0.547985096011493,0.574406676997258
2018,-1.0188912124856,-0.342938773028566,-0.911659307316249
2019,-0.11518795379753,-0.851183485846588,-0.880786828839317
