"Year","OPR","DPR","CCWM"
2013,-0.892913691909711,0.560165937505457,-0.548192504929362
2014,-0.954912773521073,0.133175240120598,-0.800472517586664
2015,-0.665471426363194,0.203911997683888,-0.683683985714646
