"Year","OPR","DPR","CCWM"
2013,1.23405178789775,-0.963565235764758,0.593076757140987
2014,-0.519203751549124,0.40610575439424,-0.195516390127801
2015,0.414188482480999,-0.393340018786243,0.119806036511194
2016,0.555937632349759,-0.782745574262046,-0.0524389533999569
2017,0.184528482899444,-0.649640930277617,-0.379900666496929
2018,-0.513211866252046,-1.00319558878276,-0.905192430478373
2019,-0.483207634954358,0.804640941936754,0.103940376705452
2020,-0.199737210296552,0.973141087934798,0.431020206483952
