"Year","OPR","DPR","CCWM"
2013,1.85693468109231,-1.66162001305076,0.708491437784343
2014,-0.0729992442766566,0.750153851119896,0.470377613430471
2015,-1.15083242686026,1.25330781475016,-0.148824262408463
2016,-1.31392662665498,0.48935030490294,-1.24580011775801
2017,-0.494272050265923,0.610735563101314,-0.0454660075262993
2018,-0.581107220470469,-0.338859951659784,-0.596892006902442
2019,0.338356352579487,-0.529032509836177,-0.0429140123645892
