"Year","OPR","DPR","CCWM"
2013,-0.695587324464369,0.737354870006811,-0.16553381263222
2014,-0.174680258952854,-1.4797117092273,-1.22690177418073
2015,-0.408323113965412,0.557421732975177,0.0765626561035315
2016,0.704742986174857,-1.27777463025766,-0.353902308129717
2017,-0.198718154973532,0.0489464261344162,-0.203330272365382
2018,0.165464358399108,-0.892662671054689,-0.361258065862529
2019,-0.382834076581282,0.351729261879629,-0.165764830820566
