"Year","OPR","DPR","CCWM"
2013,-0.297380380663553,0.248338566896623,-0.12889565676253
2014,-1.19217488001353,-0.490771483970891,-1.47135313773565
