"Year","OPR","DPR","CCWM"
2013,1.52097744786134,-1.80571578707828,0.193910679742729
2014,1.28717497111377,-0.0716567032298307,1.15647776292831
2015,1.36004075922154,-1.07041682417481,0.647181232253327
2016,2.9452719629113,-1.71323599590525,2.17211514193413
2017,1.81861388360015,-1.32299292250067,1.03715633713989
2018,1.38968495920185,0.829239725549663,1.43757028748609
2019,1.84887826405655,-1.73641509255698,0.767772012626036
