"Year","OPR","DPR","CCWM"
2013,-0.373226936549654,1.19280688305339,0.603815583512263
2014,-0.178161772239001,0.311710437028044,0.05672527279472
2015,-0.311803618824049,0.235296184591481,-0.159971941543598
