"Year","OPR","DPR","CCWM"
2013,0.479736458162355,-0.772580935724643,-0.115248044955579
2014,0.605986419974973,-0.616369759195221,0.12591163717664
2015,-0.0842154081692898,0.044143297931799,-0.0654774490439702
2016,0.295786285311112,-0.0735721057407626,0.317283567735299
2017,0.685739686336414,-0.347225253627427,0.533805934530842
2018,0.390430198793959,0.246348506499248,0.411066310262509
2019,-1.58818900641432,1.81795582985065,-0.376149124725017
