"Year","OPR","DPR","CCWM"
2013,-1.06044129367873,1.24243391366587,-0.149558861479148
2014,-0.093201237243353,-0.207324891753418,-0.236399860917848
2015,-0.853361715560486,1.55891748859053,0.612061623667464
2016,-0.952171762000637,0.673686592514477,-0.581599229914555
2017,-1.21820790938352,-0.151015762495318,-1.67106847029794
2018,0.985817051557162,1.54468582268625,1.53343563026122
2019,-0.54988829415637,1.43599932135316,0.570044486441613
