"Year","OPR","DPR","CCWM"
2013,-1.19999611883507,-0.211397513869393,-1.57449373871813
2014,-0.0620278247900225,1.1999652374732,0.803802360885223
2015,-0.0866195099229907,-0.489541329796843,-0.681185104741315
2016,-0.636691641732696,-0.122265797246313,-0.965477570334095
2017,-0.381021635830171,1.43419181684876,0.871773117883735
2018,0.265257641135037,0.353117937594751,0.379033279776889
