"Year","OPR","DPR","CCWM"
2013,1.48942250727998,-1.62595914797203,0.31352281601832
2014,0.504583364072838,0.866540664165363,1.09601999859608
2015,-1.28886044384201,1.00292114061325,-0.626475255936595
2016,-0.263121163522388,1.42505631737964,1.08647066399278
2017,0.378491805908171,0.113596082209629,0.581954548433248
2018,-0.145173178498397,-0.139953183939476,-0.178814361536153
2019,-1.12483481691059,0.00642113151477261,-1.37874255882405
