"Year","OPR","DPR","CCWM"
2013,-0.622401556254944,-0.191495748128516,-0.887759227951038
2014,-0.0402611651262562,0.396203643467971,0.246835461478137
2015,-0.939605491601366,0.904904137719874,-0.257333714435975
2016,-0.562462381513502,-0.474662890374161,-1.22202370304578
2017,0.208689648375235,-0.111338209679808,0.157116887669842
2018,-0.0303254810754369,-0.116794074282909,-0.0843758979496505
2019,0.419388413182548,0.756361572450707,1.17283420449922
2020,1.21728552648115,0.352793082416626,1.40481916593618
