"Year","OPR","DPR","CCWM"
2013,0.213346837631648,0.0365703781989475,0.27904767405264
2014,1.3274567114694,-0.416144791006869,0.946812235698602
2015,-0.0687965792441278,-1.4631385257251,-1.77379106521095
2016,0.372213389976616,0.0474409595198925,0.54022615737507
2017,1.62453505125697,0.0209602324518441,2.05861340997291
2018,1.17725998336737,0.459477816485452,1.0873208656367
2019,0.625877828511616,0.518287154966668,1.22025330017832
2020,1.22515801991452,1.09081042184765,1.88596724440386
