"Year","OPR","DPR","CCWM"
2015,-1.21570360158764,2.45600966218181,1.1417963268885
2017,-0.901443803930946,1.07691217796786,-0.117686721343187
2018,-0.723146152053819,-0.787181451924376,-0.93907591762342
2019,-0.883084685379675,0.930986681940204,-0.278484699138689
