"Year","OPR","DPR","CCWM"
2013,-0.936482150492045,1.72603455665675,0.414297378925784
2014,-0.43863026932364,1.3267036810767,0.541423024938769
2015,-1.02453104171119,1.91673822284594,0.786615430868338
2016,-0.817845095691682,0.0421433418761968,-1.0396475145349
