"Year","OPR","DPR","CCWM"
2013,0.85076008267736,-0.801859838094484,0.289335497702265
2014,-0.515685012074761,0.261142504108379,-0.296350687771177
2015,0.958321788894067,-1.51929844463514,-0.42186216985441
2016,0.400692933522513,0.165759797864722,0.697018097349873
2017,0.753693218688471,-0.722719587577962,0.265645947281596
2018,1.14225679301022,-0.298542769636475,0.655238158834462
2019,-0.644884996912207,0.119085277983037,-0.69025652134215
