"Year","OPR","DPR","CCWM"
2013,-1.06558779186674,1.11558433083114,-0.265739351526031
