"Year","OPR","DPR","CCWM"
2013,0.373004698440096,1.07983371945022,1.37055265655145
2014,-0.749377775357037,-0.253907309000799,-0.885653958793645
2015,-0.167269572265602,0.249188583227164,0.0552782481183077
2016,0.00987856867348468,0.0572427854971579,0.0706962865027849
2017,-0.105929432573675,0.996521237671745,0.805058657482626
2018,-0.911705675405812,2.09537203810832,0.474351437787657
2019,-1.82352336297231,2.18739698476007,-0.345010153957543
