"Year","OPR","DPR","CCWM"
2013,0.0699229967583521,-0.25293824641501,-0.138728061562412
2014,-0.538930952818695,1.08793489904684,0.27577248814295
2015,0.682029173669756,-0.598295994521157,0.253968952750154
2016,-0.150946452133078,-0.284761688917468,-0.486382845016572
2017,0.0289213065722688,0.283708286983307,0.303346996897036
2018,0.36003007116085,0.14943938245617,0.337316210660013
2019,-0.240919521457321,0.195990165909728,-0.126330710587339
