"Year","OPR","DPR","CCWM"
2013,-0.302129035888378,1.05104324950182,0.56304537518511
2014,-0.62903635741942,0.799448079885381,-0.0160259357889545
2015,-1.00867534026818,-0.439240961918074,-1.89495903026151
2016,-1.981814916641,0.396496894049701,-2.22294392228467
2017,-0.782498550629527,-0.446249263865963,-1.40212599873219
