"Year","OPR","DPR","CCWM"
2013,-0.471650144927183,1.80825332282675,1.02448333494212
2014,0.871802798415294,0.354781159036328,1.07300831167444
2015,-0.0504557785339325,1.3787606308584,1.51252301028601
2016,0.0861518289820823,0.664755060955125,0.783192845194913
2017,0.0145670266605284,0.314815435585633,0.314612114630619
2018,0.715284495802563,-0.737059120630499,0.114878258787573
2019,-0.254004582614418,0.522330314434696,0.140905414488937
