"Year","OPR","DPR","CCWM"
2013,-0.352145406426123,1.27591741523695,0.700461579295353
2014,-0.901733313255126,3.13759754730243,1.40770459445324
2015,-1.2971019441949,-0.608371244369879,-2.48676593450939
2016,-1.10300660503796,-0.731753655525227,-2.1960186616646
2017,0.63155574120004,-0.813311547490425,0.0270840057811724
2018,0.365143852216886,1.9209173529737,1.29232928629345
2019,0.118852137236514,1.24053413900155,1.22334388459799
