"Year","OPR","DPR","CCWM"
2013,-1.08554723402449,-0.16739824814416,-1.40361584562542
2014,-0.349358417099262,-0.450368326504749,-0.65138517655663
2015,-0.543459806084822,0.573704960138745,-0.0911028817573926
2016,0.53143691307008,-0.0796962829823252,0.622902609142766
2017,0.592364490754908,0.40214931126636,1.12198650159949
2018,1.27712264075956,0.807925617318506,1.34575442657902
2019,0.582911953470243,0.0270714886766407,0.740885532360218
2020,1.2302747323144,1.16677110322698,1.93965865044487
