"Year","OPR","DPR","CCWM"
2013,-0.794735283556156,2.04284168792492,0.853848283934401
2014,-0.363957262330893,0.385904848090936,-0.064336449993891
2015,-0.631868252501582,-0.459322260695501,-1.39839409825466
2016,-1.1021816613797,0.780798245557595,-0.672245045921309
2017,-0.185990625902174,-0.681895274579228,-0.875283625143182
2018,-2.20286424574404,1.29402712560377,-0.877890482289245
2019,0.010910819813887,0.895688020753198,0.791094863839895
