"Year","OPR","DPR","CCWM"
2013,-1.41620095731791,1.87681436418425,-0.0106975278169378
2014,-1.12252261909239,0.541009745122198,-0.664792626718311
2015,-1.08563993112821,0.695976530604865,-0.69845191831159
2016,-1.15837849509377,0.0834691362972895,-1.44859729806412
2017,-0.15532728644023,1.07525789922975,0.817174832692161
2018,-0.55555495953985,0.137835786409583,-0.322641101188405
2019,-0.405000318780533,-0.149388395457598,-0.62813204597757
