"Year","OPR","DPR","CCWM"
2013,0.0424258722920814,-0.08073042322947,-0.0209717716987567
2014,0.220359709045523,-0.97520217465435,-0.493753474196601
2015,-1.11339963826938,0.177672826881555,-1.33147503467274
2016,0.212848053238598,-0.307407086781445,-0.0278512889517707
2017,-0.340866604769996,-0.365718883918487,-0.77205108563905
2018,-0.311874558454832,-1.8919250460349,-1.23872498113617
2019,-0.730566004853145,-0.524480018928941,-1.35446835053432
