"Year","OPR","DPR","CCWM"
2013,-0.108599705948404,0.127708996270888,-0.0149066904853329
2014,0.837310338733314,-0.946204609454621,0.106056610943814
2015,0.523115423460494,-0.290491658569143,0.388030082783707
2016,0.478770357535157,-0.396270843049653,0.234525827478499
2017,0.199951046668001,0.3069204649323,0.539848228000967
2018,0.380224944706345,0.114862080947315,0.333165768461155
2019,-0.826234842374916,-0.71890571592803,-1.64101363938865
