"Year","OPR","DPR","CCWM"
2013,-0.955448441684102,1.62075960339065,0.30084501596459
2014,-0.457816427648325,-0.898153976263634,-1.074841304746
2015,-0.592949384432615,-0.228219816212445,-1.07954048235961
2016,-0.0392160524884735,-0.0250831520908473,-0.0771370539676654
2017,0.84138670762615,-1.37005223613559,-0.233615407145496
2018,1.0276666568665,-0.558435779580608,0.433847041653795
2019,-0.655561618418958,1.05791729938892,0.11173009915086
2020,-0.6508637283413,0.81234835911081,-0.108885411198828
