"Year","OPR","DPR","CCWM"
2013,-1.02351226981805,0.797710824735851,-0.493163338769235
2014,0.48411547024093,0.0953897133742853,0.522844281749572
