"Year","OPR","DPR","CCWM"
2013,-0.174207079430951,1.13123240626752,0.780983056935572
2014,-1.24703151267563,1.76872275133546,0.100307193760004
2015,-0.514435014421908,0.554610592466936,-0.0729888048284907
2016,-0.34701125214878,0.682649443225841,0.228098395622144
