"Year","OPR","DPR","CCWM"
2013,-1.41022259607435,0.697806645156663,-1.02817116095562
2014,-0.0508555163808145,0.476314137868866,0.294441703829251
2015,-1.40771548121941,2.04045652606253,0.400177679673884
2016,-2.14379760371218,1.02828347496448,-1.80124175899113
2017,-0.820261152000519,-1.51046115568213,-2.45124223764426
