"Year","OPR","DPR","CCWM"
2013,-0.0704985092465983,1.10778049009965,0.880806525233222
2014,-0.499231353406859,1.54760802090084,0.643241608318651
2015,-0.829727464845914,0.483101747318169,-0.589824408089726
2016,0.448761409624657,1.33652755056762,1.93922537367573
2017,-0.45289342297456,2.02964654140218,1.34205992429437
2018,-0.0994087419712077,1.59531544000354,0.785777174319906
2019,-1.33015356518997,-0.845660586676805,-2.37123190216717
