"Year","OPR","DPR","CCWM"
2013,-0.804687746353235,0.500663992898765,-0.497636411154171
2014,0.475054369210072,-0.851578718420583,-0.165927751901931
2015,-0.378051290765221,-0.400116113130039,-0.980448800586944
2016,-0.294683143959002,1.27664436702904,0.895305759321179
2017,-0.296046844088539,1.28672356979349,0.83961231543652
2018,-0.139119869067459,-0.340309085047804,-0.282092272924868
2019,0.71070219221843,0.913170631931065,1.66749677930723
