"Year","OPR","DPR","CCWM"
2013,-0.205505231539232,-0.0111325130539742,-0.247856951876048
