"Year","OPR","DPR","CCWM"
2013,0.101632582873497,1.21984747653061,1.17768103274755
