"Year","OPR","DPR","CCWM"
2013,-0.89538200383938,-0.189600421284145,-1.20250169000325
