"Year","OPR","DPR","CCWM"
2013,-0.519792079917437,-1.10142161381682,-1.55943891482282
2014,-1.38121476585357,1.38162474497106,-0.303695013639206
