"Year","OPR","DPR","CCWM"
2013,-0.869251597187859,-0.469163942034121,-1.4151200136931
2014,-0.770736472717347,-0.486610886053469,-1.07286411157581
