"Year","OPR","DPR","CCWM"
2013,-0.437933711998989,0.21954257713275,-0.316819425712924
2014,1.42321576464093,-0.258266507129378,1.15009179349371
2015,-0.241382320347423,0.684650516137109,0.452762444716072
2016,-1.24236175233379,0.272087967783932,-1.36983162659643
