"Year","OPR","DPR","CCWM"
2013,0.567504742885075,0.191673198063699,0.824287013884314
2014,0.0423453292502289,-0.555371614273691,-0.359220209491105
2015,1.05411402383727,-0.694016798766024,0.657227211078234
2016,-0.390926620413872,0.199356493508338,-0.316534858657835
2017,0.135628188398155,0.230143920855121,0.386851107254893
2018,-1.59325774921508,-1.5046734224079,-1.94565850807959
2019,0.193974545764973,-1.0507284778855,-0.673556914471444
2020,0.772370984523289,-0.811910484636466,0.22679812916268
