"Year","OPR","DPR","CCWM"
2013,-1.44038111583687,-0.363100429780583,-1.98491416078093
2014,-1.07437233423338,1.39673742242336,-0.00488135512930176
2015,-0.821645208273868,0.603235581846318,-0.44082799538717
2016,-1.94986723479372,2.71485769445807,0.15321328226283
2017,-1.56866120963182,1.65287331603103,-0.412941485311921
