"Year","OPR","DPR","CCWM"
2013,-0.268656595780215,-0.210598003532127,-0.494359799971048
2014,1.12285125409214,0.789503209039199,1.62089446407002
