"Year","OPR","DPR","CCWM"
2013,-1.07894792665367,1.40836601534223,-0.0268352068641541
2014,-0.713775153473215,-0.151051886200013,-0.778354869813117
2015,-0.695029717302251,0.639664755921203,-0.224426558670319
2016,-0.309250062690517,1.20730391274374,0.806227726141521
2017,-0.875085294694123,-1.81953552608041,-2.81097537074796
2018,0.549246486251166,0.245117781532912,0.523799831470955
2019,-0.144183180816791,0.324114624979238,0.103963328419458
