"Year","OPR","DPR","CCWM"
2013,-1.29664192785542,1.57003713770329,-0.138675527665663
2014,0.68658757718471,0.286985982341149,0.850490848189646
2015,-0.00324850464171506,0.183479000529691,0.206058881802372
2016,0.237416249502875,-0.289627224085535,0.0225533012589856
2017,-0.5499389294251,0.34738354042344,-0.363219263237467
2018,0.0456899109846608,0.527131497630827,0.315715371581383
2019,-0.455942477963447,0.152644055856488,-0.428590869576179
