"Year","OPR","DPR","CCWM"
2013,-1.31399744363172,-0.167818137907248,-1.66875857917729
2014,-1.04709565173323,0.0745357090069419,-0.929106394108795
2015,0.146682790357893,0.410733198090098,0.673580151452226
2016,0.049422487249766,-0.381982863180102,-0.319151355486815
2017,1.59480167447717,-0.819965563248055,1.22974917897112
2018,0.600948032921255,-0.66888501022377,0.0698547853288875
2019,-1.08390290377314,0.350605704921231,-1.02953539873461
2020,-1.1122883640775,1.01528880916894,-0.425382207829016
