"Year","OPR","DPR","CCWM"
2015,-0.514663938419465,0.278832639732527,-0.389754181592246
