"Year","OPR","DPR","CCWM"
2013,-1.27591522829905,0.811841016425224,-0.773425632004403
2014,0.151875628522365,0.43348874443936,0.453931137521094
2015,-0.114121789422253,-0.0913479951653856,-0.262191176748849
2016,-0.205474477707631,-0.18880569249368,-0.461929035635769
2017,-0.66073512596868,1.16919767523896,0.271282919099416
2018,-0.442932766204919,0.540840128706688,-0.02579798965297
2019,-0.557938765075352,0.758164823124121,-0.0283822834122502
