"Year","OPR","DPR","CCWM"
2013,-0.588090199463179,-0.164770126308467,-0.824770697110072
2014,1.53065314099213,0.731957207362449,1.96225841695509
2015,2.36295824062042,-0.413539197362403,2.78393404384734
