"Year","OPR","DPR","CCWM"
2013,-0.818009813326931,0.27195347205917,-0.711796292383578
