"Year","OPR","DPR","CCWM"
2013,-1.54770137287093,-0.0797487342505664,-1.863104909217
2014,-0.547934863161715,1.19475766233184,0.344060433581089
2015,-0.66625508290454,-0.473087091103489,-1.4616075702788
2016,-2.18262855220661,3.29745650848057,0.431752574930477
