"Year","OPR","DPR","CCWM"
2013,0.394449697235351,1.02745423644591,1.34989691359864
2014,-1.11514257194961,1.77669205554967,0.229803651482847
