"Year","OPR","DPR","CCWM"
2013,-0.606397525670338,-0.92184111352921,-1.50378434630631
