"Year","OPR","DPR","CCWM"
2013,-0.956223846167407,1.39005571497381,0.0994949680903837
2014,-1.32527333653443,1.88357110062375,0.109383898344591
2015,-0.126130238106488,0.538694394090639,0.444210529985857
2016,-0.528437369000557,0.732806798162766,0.0385507165937556
2017,0.103345768139194,-0.586821802904579,-0.422659167119574
2018,0.473551529868316,-0.196571299636806,0.232547272738957
2019,1.38313417004392,-1.11018918471335,0.738298455722755
