"Year","OPR","DPR","CCWM"
2015,-0.713644877837885,0.773271849239372,-0.0967849401584936
2016,0.564510978711318,7.72720825081317e-05,0.746970023047517
2017,-1.06497599152499,1.35873970978915,-0.0576501314597583
2018,-0.746189457431153,-0.672950919345989,-0.894181949129934
2019,-0.831728369522562,-0.256882495372619,-1.24663002578842
