"Year","OPR","DPR","CCWM"
2013,-0.251820192265703,-0.0125054038510718,-0.30272968649096
2014,-0.936316348375671,0.64859059780466,-0.412764487829022
2015,-0.667865209670728,-0.361182683417705,-1.3354198218144
2016,-0.929900480662837,1.9526383976026,0.735384947780888
2017,-1.73462482203739,2.46631104838698,0.144437905008248
2018,-0.114288289231298,1.46966340414539,0.707672522367972
2019,-1.9179625252419,0.565160817891772,-1.86971615093856
2020,-0.505938124108732,0.373807992365602,-0.249958491371262
