"Year","OPR","DPR","CCWM"
2013,-0.566448313658331,0.298797671869876,-0.39690790721528
2014,-0.233959842988769,-0.785603312635143,-0.783909973893321
2015,-0.521553538368206,0.115254904730452,-0.586956958417775
2016,0.047015311135998,0.313597786521501,0.377903032402792
2017,-0.65958995198536,0.755225156183712,-0.116944130061607
