"Year","OPR","DPR","CCWM"
2013,-0.338656608163831,0.431575448759682,-0.0175267937056319
2014,-0.917335195914849,1.19930677904327,0.000663453083194445
2015,0.332350719514995,-0.117936451496009,0.322973845497714
2016,-1.37437447337346,0.239070315438646,-1.57773358147161
2017,0.269871180372023,0.166343509554003,0.495279612157064
2018,0.715866324037482,0.219020469442876,0.628750615525607
2019,-0.0525725723476718,0.464493639745069,0.33858903032597
