"Year","OPR","DPR","CCWM"
2013,-0.682148013177906,1.03886799261424,0.112017843833769
2014,0.467386341447549,-0.73346766966648,-0.0882770383831465
2015,-1.53442388083959,1.26690355699994,-0.662186717294222
2016,-0.853488486519123,0.576723096246185,-0.548646433264283
2017,-0.44281456700751,1.36529206400276,0.729365470530244
2018,0.414352438851081,0.203235630368676,0.404993219179094
2019,0.227891485695689,0.130152327932823,0.393465405397428
