"Year","OPR","DPR","CCWM"
2015,-0.907880514651378,0.318998189394021,-0.885901122611978
2016,-0.371520001731217,0.212248060327764,-0.277880474829056
2017,-0.993205994935631,0.368601287535252,-0.899572804853697
2018,-1.06220466767814,-1.53804788144029,-1.58441135031583
2019,-0.503023995987592,0.947418038482393,0.203516648911752
