"Year","OPR","DPR","CCWM"
2013,-0.458684623721075,2.26201384553179,1.4337688294382
2014,-0.967960109226434,0.486839980672584,-0.558656594934448
2015,0.231434637200793,0.423166783161836,0.804718180348016
2016,0.749329074213528,-0.758080603773348,0.228263232308629
2017,-1.69589325738718,-0.38982287952227,-2.49537527961044
2018,-0.00934023523740626,-0.697716504805181,-0.381373461166206
2019,-1.19922827760248,0.0998674109087852,-1.38916422600649
