"Year","OPR","DPR","CCWM"
2013,0.574141942212523,0.327243690006633,0.949772576545766
2014,1.77641289064404,-2.12475788419154,0.140729384782612
2015,-0.0605334427452758,-1.01789362461829,-1.25148676392238
2016,0.761889881087129,-0.338293277343164,0.66748099699854
2017,-0.894432130835256,2.20868982720136,0.95643369015272
2018,-0.997653627507505,1.52679788421876,0.107635379369564
2019,0.35268454753884,0.103547001682845,0.523946727222456
2020,-0.924114880072596,0.561005529191689,-0.534687771942434
