"Year","OPR","DPR","CCWM"
2013,0.632317406866722,-0.805963556156497,0.032590913588772
2014,-0.819769114581855,0.155412793666547,-0.657671853844998
2015,-0.656004780074213,-0.33450516010922,-1.28845265198317
