"Year","OPR","DPR","CCWM"
2013,0.117997988279539,-0.399112730503693,-0.210014685011727
2014,-1.18602933821571,-3.15570021906394,-3.37997634495384
