"Year","OPR","DPR","CCWM"
2013,-0.401582130242091,0.296466514250941,-0.207850502795779
2014,-0.598020404592398,1.50522201495238,0.520084105357402
2015,-0.414544288763526,-1.00958318141178,-1.73012305408758
2016,-0.887173032728517,2.04986306583439,0.889792533672794
2017,-2.19770422879991,4.34331587281551,1.33003515055557
2018,-0.160443763137408,0.914006254518366,0.376305205910361
