"Year","OPR","DPR","CCWM"
2013,-0.91357689305291,0.826265110698936,-0.340936339043044
