"Year","OPR","DPR","CCWM"
2013,-0.655952946046243,0.756434349930906,-0.103019295718098
2014,0.526276133257752,0.592944412102573,0.919835779276425
2015,-0.641994347217101,1.01931751741902,0.284351894274906
2016,-0.402351769029324,1.68144559616777,1.16036410399339
2017,-1.34455054125195,1.6649388639948,-0.120312774856757
2018,0.756830411749759,-0.145889770089438,0.462025980231214
2019,1.1594660620582,0.736323562439614,2.06623915476158
2020,-0.818020759905841,1.27335389765079,0.0250794187862406
