"Year","OPR","DPR","CCWM"
2013,-0.0619820223375184,0.784986865036438,0.610212075911358
2014,-0.621336094103364,0.0739253775010798,-0.529989437705373
2015,-0.237920186614596,0.0158520286912412,-0.309896271836385
2016,0.540755429890772,-1.32902239011524,-0.622461676934383
2017,1.25559211308559,-0.923338948267193,0.706718509855688
2018,0.95314221680822,-0.365696526134621,0.484146242649995
2019,2.0204118272355,-1.6604868353458,1.04479935554763
