"Year","OPR","DPR","CCWM"
2013,-0.795504114428091,0.0880431266222612,-0.845505687201473
2014,1.62446752969435,-0.185993074783131,1.39087582241089
2015,1.44304187529282,-1.42832151559053,0.350949265760887
2016,1.13715612504708,-0.501575171488745,0.999612158594972
2017,-0.276419780286444,0.0705646189920777,-0.280501448620849
2018,0.70073980757418,0.357868177835242,0.692517663430745
2019,0.685735373952793,0.171318519256482,0.992669020577331
