"Year","OPR","DPR","CCWM"
2013,-0.502338677272734,-0.133545371965809,-0.698252934255647
2014,0.442265074252692,-0.676484113348992,-0.0709172000404784
2015,0.198252074872068,0.208110670436835,0.512187636137554
2016,0.516589129913806,-0.683757756326536,-0.00484931914882443
2017,0.963570606585064,-1.11295492493826,0.161733055544694
2018,0.835806229832217,-0.215944173551893,0.480792231864383
2019,0.851836392665073,-1.24758708791611,-0.034855451404682
