"Year","OPR","DPR","CCWM"
2013,-0.49481847922097,-0.694608550238004,-1.17702700819182
2014,-1.38405069400454,1.11997260719147,-0.494318037096183
2015,0.24957592901331,0.839660678890422,1.30765301308666
2016,-1.41364932007148,0.919917667781221,-0.944289981954264
2017,-1.63289942380715,1.57139411317309,-0.570258894455223
2018,0.194103099680785,0.326260503675888,0.313805468706177
2019,0.178412589833878,0.410107206297652,0.575638891848965
