"Year","OPR","DPR","CCWM"
2013,-0.56795724602388,-1.51902309341658,-1.9781039779465
2016,-0.315350364811398,-0.505879332890725,-0.926500666103818
