"Year","OPR","DPR","CCWM"
2013,-0.0415508268051244,-0.664272585348531,-0.625323677030312
2014,-1.39191365081517,0.755352609966805,-0.763627158340846
2015,-1.13559101408074,1.56847107107406,0.233836821461301
2016,-0.124267472916772,0.434270904091318,0.272763815864012
2017,-1.18963548326045,0.97523606572071,-0.575089434836586
2018,-1.26025308371152,0.196931506668199,-0.794056979500463
2019,-0.132002142581485,0.138440681934117,-0.042254137167806
