"Year","OPR","DPR","CCWM"
2015,-0.989115481415372,0.101323153424866,-1.2476999275113
2016,-1.67262556500747,1.2817847196915,-0.922645194718196
