"Year","OPR","DPR","CCWM"
2013,-0.70577034978926,0.261111217071907,-0.591129227829315
2014,-0.814232722086305,1.15264445989078,0.0638997351400743
2016,-1.33207001027639,1.27215806454162,-0.48175465509631
