"Year","OPR","DPR","CCWM"
2013,0.378196375859553,0.529506391143326,0.898407827086607
2014,-0.981330151347399,0.433270475408127,-0.609686190180977
2015,-1.12134449593866,0.701908911963753,-0.740880356737596
2016,0.661132236229086,-0.227065807972001,0.646143152645968
2017,-0.195864357849991,0.577815088551161,0.298065225719324
2018,1.55181295307156,0.750139210134745,1.51084884573522
2019,0.648010268848829,0.19960644615197,0.97080183953396
