"Year","OPR","DPR","CCWM"
2013,-1.02867421070148,0.31673913684158,-0.917047267344973
2014,-0.894589876436911,-0.0592682533359389,-0.882106901429513
2015,-0.0810927860708653,-0.785435545610695,-1.01309659327847
2016,-1.0726457767424,0.215284272453726,-1.20246823547769
2017,-0.526880696702566,0.601435719589055,-0.0951454771484838
2018,0.296536239344991,-0.249319262472933,0.0778307664676471
2019,0.0980338492418328,-0.0222406982001039,0.101338673730823
