"Year","OPR","DPR","CCWM"
2013,-1.33588039574267,0.329619514337004,-1.2619134106847
2014,-0.459131025754619,-0.682980066292909,-0.921501670040456
2015,-0.761735659492227,1.13559717512489,0.252660119352217
