"Year","OPR","DPR","CCWM"
2013,0.523076630128564,1.39338205542142,1.81692099687984
2014,0.19346472111432,0.234539465114736,0.350042429512975
2015,0.222872239298757,-1.14273130293134,-1.00392595626154
2016,-0.117737916706542,-0.465458013582253,-0.624351882307663
