"Year","OPR","DPR","CCWM"
2013,-0.785805668760157,-0.207213390339061,-1.09080409939939
2014,-1.61614890382613,-1.40326607953049,-2.52473672556985
2015,-0.563995104632033,0.0951542685495923,-0.668547926206776
2016,-1.30832436138483,-0.477526930443003,-2.21174073502862
2017,-0.0607676872062652,-0.137166014889755,-0.205378616997546
2018,-1.20011397682647,-0.291149415865155,-1.0132387863212
2019,0.239377379892495,0.554917928507773,0.776396997894159
