"Year","OPR","DPR","CCWM"
2013,-1.15503268608139,-1.09320392189075,-2.28855411677377
