"Year","OPR","DPR","CCWM"
2013,0.809438867369421,-1.39017695195011,-0.269726739332074
2014,0.3588532498988,1.42663525299045,1.3616112490705
2015,-0.297067212227415,-0.355508544907268,-0.81758742920511
2016,-0.113454506939502,0.894311307647832,0.750191720502928
2017,0.909208635007749,-1.13439914565013,0.0733206579344393
2018,0.411608242025408,-0.636721286806286,-0.0480600639438938
2019,0.241772642597191,0.0681994496394219,0.356759125187494
