"Year","OPR","DPR","CCWM"
2013,-0.372336084989805,0.279795944300385,-0.188438342989597
2014,-1.0288633848149,0.636068000468129,-0.508611336313029
2015,-0.645559411752138,1.13207946118323,0.408827836574038
2016,-0.649683993930222,1.25476443079294,0.403585357449614
2017,-1.39733231887703,1.16881993279054,-0.653544042948247
2018,-1.20401071068465,0.278725036815992,-0.709973315345589
2019,0.961950552573882,-0.439268436796617,0.8024704135911
