"Year","OPR","DPR","CCWM"
2013,0.145588341876951,0.481590685825551,0.587178482512212
