"Year","OPR","DPR","CCWM"
2013,0.642315764106388,-1.31841376527936,-0.401072651946139
2014,0.50204202657563,0.209571144620803,0.621691415098903
2015,0.552405392770836,0.521674764466595,1.36036499830781
2016,1.49604982049523,0.327030508500367,2.30861185370795
2017,0.932851154814967,-1.06466004398715,0.168637430465666
2018,0.569819938084192,-0.762604365497787,-0.00270203463581474
2019,0.859357560695794,-1.05031576196243,0.145678474466013
