"Year","OPR","DPR","CCWM"
2013,-1.09401853152155,1.47023535942807,0.00945401468394447
2014,-0.963648005305662,1.18909356729407,-0.0501357586091165
2015,-0.933219989981337,1.289089633984,0.192316925673356
2016,0.25059528963433,-0.0019616408363474,0.329582414240414
2017,-1.19348665867235,1.43190215184237,-0.150071944378295
2018,-2.65209611231261,-1.13438956518499,-2.50280796406946
2019,-1.72546120752357,1.03027507922221,-1.22897945666511
2020,-0.672038254229526,1.14879917465103,0.0864889961505081
