"Year","OPR","DPR","CCWM"
2013,-0.742962301096025,-1.80947602053607,-2.43330338391051
2014,-0.842878009989142,-0.275957961575827,-0.989239956874684
2015,-0.867532293614084,1.31553952271187,0.313249382799225
2016,-0.643552009950185,1.52131844219141,0.680037697594543
2017,-0.403126594530221,2.02854042286515,1.40347895852478
2018,-1.97393332310796,-0.0858505633448572,-1.45548952884415
2019,-0.259969135777623,-1.87207522338441,-1.94534013515588
