"Year","OPR","DPR","CCWM"
2013,-0.443034446503921,0.725887083853499,0.117215520266787
2014,0.506713658847238,0.852320653208176,1.08780402770658
2015,-0.666269600516914,0.487006340042684,-0.359939541297557
2016,-0.897063078951476,1.82868047134776,0.654043272848976
2017,-1.47414184932122,-0.0435458439736406,-1.89112078026311
2018,-0.0990823022230845,0.823093102973608,0.371292777594963
2019,0.668950915725097,0.592299386445253,1.33752267222662
