"Year","OPR","DPR","CCWM"
2013,1.26100741868273,-0.354024778025854,1.15392931800305
2014,-0.779054040637115,-0.182885609952504,-0.862484267714222
2015,-0.874928088686729,-0.312926421808981,-1.56558140551285
2016,-1.09322270887429,0.983569133956007,-0.45626271267974
2017,-0.950333919237751,0.95947145178617,-0.289591277693701
