"Year","OPR","DPR","CCWM"
2013,-0.320069723927202,-0.865475866603959,-1.12295128356011
2014,0.888200068724906,0.63300396429536,1.28826180056355
2015,-0.570443306722126,1.46748237279973,0.897279267180003
2016,0.519104828289474,-0.702795424313933,-0.0206860251141441
2017,-1.1252465184826,0.762004833692934,-0.694988044758205
2018,-0.176962285726339,-0.874133729304742,-0.59579906618407
2019,0.417829164211038,-0.53919837510076,0.0460656507109711
2020,0.22107281907568,0.561277518055109,0.574148553695218
