"Year","OPR","DPR","CCWM"
2013,-0.168446385673611,1.57394704102583,1.17232060271977
2014,-1.04009639327184,-0.162550076204301,-1.09285195727737
2015,-0.610346633068041,0.520686664090703,-0.24417562796077
2016,-1.6311152959933,2.055093374344,-0.0892360027798507
2017,0.29387189461337,-0.305904210026385,0.0808842501990744
2018,-0.264544373783493,1.21611931687613,0.464225649277218
2019,0.285752711358423,-0.261416427437527,0.124700929981522
