"Year","OPR","DPR","CCWM"
2013,-0.522456796124194,0.955256119749192,0.224455116441413
2014,-0.128897848928881,-1.30191699323492,-1.05621569432269
2015,-1.60994037381023,1.3976056012324,-0.616344139937675
