"Year","OPR","DPR","CCWM"
2013,-1.08646952541263,-0.106670379719116,-1.35192026635244
2014,-0.482878382400404,-0.150707883292927,-0.561421948721565
