"Year","OPR","DPR","CCWM"
2013,-1.12368289322593,1.2563224572012,-0.210789695664825
