"Year","OPR","DPR","CCWM"
2013,-0.943189598937244,0.752001465534634,-0.439783339674105
2014,-0.905752025790628,-0.481195772420173,-1.19567985629562
2017,-1.17985015999149,-0.315110659973557,-1.7773866578448
2018,-0.795434626398986,-0.26101216771109,-0.708113600954626
2019,-1.08292861660599,0.793760815892192,-0.643573881808456
