"Year","OPR","DPR","CCWM"
2013,-0.401302664620101,1.44948791958862,0.794297375063844
2014,-1.38492510615163,0.132425173883872,-1.20455776567874
2015,-0.251053084328714,-0.593302792145014,-1.0269992167423
2016,-0.69293451031001,0.667908998377414,-0.244424333574355
2017,0.216621808780662,-0.702121014991294,-0.389020202389785
