"Year","OPR","DPR","CCWM"
2013,-0.428382632166806,1.06369490051034,0.427707805755238
2014,-0.403797348346295,0.466342262321623,-0.0439411118434839
2015,-0.55593204241398,0.049982203365079,-0.709263202404823
2016,-1.05592134520134,0.603817525770611,-0.789205065174879
