"Year","OPR","DPR","CCWM"
2013,0.659088707441801,-1.03241426837199,-0.133136556537699
