"Year","OPR","DPR","CCWM"
2013,-0.756162529497752,0.686247498696173,-0.280147150244659
