"Year","OPR","DPR","CCWM"
2013,-0.478426513857631,1.00856060312472,0.32180159224404
2014,-0.598342111169166,0.292810469822913,-0.351171356521168
2015,1.23372672853343,-1.99447015068244,-0.587335495661266
2016,-1.22755568192289,-0.332622828849308,-1.95900285643663
