"Year","OPR","DPR","CCWM"
2013,-0.437326773736549,0.678159224886075,0.0823615827806259
2014,-0.297888751282611,0.92297624953351,0.383478843782089
