"Year","OPR","DPR","CCWM"
2013,0.185349949016163,0.00146004137582346,0.216092510776783
2014,0.573353953135334,-0.0542650276344741,0.499083746190291
2015,-0.739309527687129,-0.345909761884115,-1.41641442839608
2016,-0.422154607097142,-0.415735354782389,-0.97706332939599
2017,0.140453047422667,0.401712910690892,0.554401144352615
2018,0.921519884826578,0.186523779081153,0.75813464215296
2019,1.03850762334391,-0.0689030788646189,1.21825198494847
