"Year","OPR","DPR","CCWM"
2007,0.278192675111941,-0.0234368667820906,0.163242908580854
2008,0.469970956750875,-1.20459037141091,-0.550811064155474
2009,-0.204313783759229,0.880892214729628,0.42809777884385
2010,0.0294822810266768,-0.697497404918649,-0.542646624820538
