"Year","OPR","DPR","CCWM"
2014,-0.362204343469486,-1.03193295115036,-1.08121592546791
2015,-1.17355597933705,0.780069572206199,-0.723190926633954
2016,-0.550582212311934,1.25301625728465,0.532944893674934
