"Year","OPR","DPR","CCWM"
2014,0.618696611919799,-0.0989836936442577,0.509511399662058
2015,0.390922735519517,-0.104026611474239,0.419704496654459
2016,1.00834523440075,0.0520793013081485,1.3865478118813
2017,0.81724918203974,-1.25427699110117,-0.154932381591649
2018,-0.91012601410838,-0.289065828015021,-0.805069049453799
2019,1.24388660009173,-1.97551004660617,-0.184372742643321
2020,0.88165717472547,0.84528680044678,1.39588953238421
