"Year","OPR","DPR","CCWM"
2014,0.341813095099393,-0.890534083796301,-0.318952601106461
2015,1.10330634354057,-0.711799000079599,0.704657504017676
2016,0.848019194621038,-0.684954757318813,0.432453593920374
2017,0.953920936191683,-0.648140486542208,0.587142990827994
2018,0.940566519108898,-0.580837789922616,0.359626869490184
2019,1.6115131007268,-1.50605652134671,0.675655427100119
2020,1.06209320201717,0.28428473303204,1.21062039109467
