"Year","OPR","DPR","CCWM"
2014,2.05449414257763,-0.015003850820895,1.91726825919821
2015,1.13152858832005,-0.842940474856608,0.593093069386868
2016,1.39424297358909,-1.13845358260995,0.698614316314374
2017,0.975060804235962,-0.873082810788374,0.401940878895024
2018,1.14147130796112,-0.342393427230324,0.631127585958322
2019,2.39349869667396,-1.5063223114642,1.63780278910264
2020,1.43659266598515,0.157800875910894,1.49202058233654
