"Year","OPR","DPR","CCWM"
2014,1.47629047730557,-1.4945169404386,0.311821355542482
2015,1.71978250826505,-1.05596466992515,1.15983992471982
2016,1.47305569853848,-1.54628154654236,0.392330349770852
2017,1.82977018592871,-2.10082640133456,0.318998555524106
2018,2.38406120885944,0.187263761132125,1.80278328670942
2019,1.59514463092637,-1.10329838442384,1.00519942975939
