"Year","OPR","DPR","CCWM"
2014,0.985599284298833,-0.450724147188122,0.601154471192176
2015,0.276121319997197,-0.449456434584687,-0.134977693977111
2016,-0.943478160773101,0.0636895461237948,-1.1841793893526
2017,0.85555054479215,-0.634084761063966,0.47691293282217
2018,0.00380480962393934,-0.280448692024823,-0.1478966985352
2019,-0.220319242275043,0.256376660253801,-0.0485486242687886
2020,0.141293462240361,0.642664534264664,0.549133304828798
