"Year","OPR","DPR","CCWM"
2014,-0.81339782487685,-2.16911135595985,-2.32154859754689
