"Year","OPR","DPR","CCWM"
2014,-0.961671662886243,0.10918335848737,-0.824050337447289
2015,-0.500062357754623,0.24886510007755,-0.404006110113264
2016,-0.596050487694499,-0.350693068961323,-1.1416632940919
