"Year","OPR","DPR","CCWM"
2014,-0.671437796009816,1.22830495937681,0.252257908711694
2015,-1.10220431834331,-0.483750194350268,-2.07500667503743
2016,-0.0754129471661011,0.153437990729238,0.0546883999774481
2017,-0.211449901598675,1.12057691901516,0.78939567131329
2018,-1.16929791061346,-1.10944748742019,-1.4306983606022
2019,0.627418092827788,1.33909172911441,1.93479958139948
