"Year","OPR","DPR","CCWM"
2014,0.210245956286962,-2.07838906656873,-1.2957351864558
2015,-0.533910046976775,-0.0243552047735189,-0.764196097639693
2016,-0.279111554648107,-0.234101372829211,-0.604955701330957
2017,0.720675716403659,-1.03490606759195,-0.0696479794435998
2018,-0.75586174337019,-0.294823434564359,-0.698016793210562
2019,0.0096968290634043,-0.65562161848453,-0.557299445208723
