"Year","OPR","DPR","CCWM"
2014,-0.129077649772046,0.176379119936803,0.00557119224141322
