"Year","OPR","DPR","CCWM"
2019,-4.87828550168984,0.586374612479349,-5.49452339645597
