"Year","OPR","DPR","CCWM"
2014,-0.559076470917269,-1.68083461383878,-1.7321191875613
2015,-0.65146982133613,0.379451904358051,-0.462947573409822
2016,-0.832374718685487,0.486343976718052,-0.611695694627842
2017,-0.911415162551367,-0.029863303162248,-1.17198765043231
2018,-1.44701540755094,-1.19563973267212,-1.67527707311423
2019,-1.44975428067808,1.33928232327297,-0.621380317306485
