"Year","OPR","DPR","CCWM"
2014,-0.129663885242542,0.851127966878794,0.489736734760152
2015,1.59695581920365,-1.86145167364159,0.0661846449769268
2016,-0.431867248137615,-0.775781285880322,-1.35237123694935
2017,0.842292993668075,-0.174981466307929,0.892418983643775
2018,1.14865049182664,-0.631160190901967,0.481173011541678
2019,1.14065469610104,0.729490833366867,2.0371558744762
