"Year","OPR","DPR","CCWM"
2015,-0.956309083896899,0.956471625988054,-0.221194899005989
2016,-0.274770335905336,-0.415386405748867,-0.781711110386101
2017,0.320380149122451,-0.869505967973939,-0.416353791502675
