"Year","OPR","DPR","CCWM"
2014,-0.619147616636789,-1.15937171172886,-1.41389264535721
2015,-1.78462417486645,1.55927451055276,-0.671717012115342
2016,-0.614321145775977,0.628867085378892,-0.179716090327315
2017,-1.60575137590295,0.715876286379242,-1.34146889609687
2018,-0.472354316914793,-0.271858691020804,-0.483260042657767
2019,-0.450962539051901,0.42779218283781,-0.183569085546851
