"Year","OPR","DPR","CCWM"
2014,-1.03145585147899,0.171607966746209,-0.844695899075524
