"Year","OPR","DPR","CCWM"
2014,-0.495293694922063,0.782714311927368,0.0974643399838404
2015,-1.23696015873188,0.0101049649407731,-1.69414276801047
2016,-0.668715235795101,0.367709062510824,-0.514590848391584
2017,0.352895600400726,1.04521364231983,1.42674340444883
2018,-1.74355760266258,-1.67635537982193,-2.14517305566896
2019,-0.628328274702712,3.43540868131837,2.209465384758
