"Year","OPR","DPR","CCWM"
2014,1.93651571748062,-0.883724154790601,1.18249310633323
2015,2.20931070161661,-1.86526478709695,0.906231682369264
2016,1.95793664116437,-1.37515029112603,1.20614320883979
2017,1.43369047132352,-1.76216077041096,0.140675364533474
2018,0.611516234643011,-1.8413829353446,-0.552282671593945
2019,0.811782593444127,-0.457264213978116,0.602036371557213
