"Year","OPR","DPR","CCWM"
2014,0.0827013522680501,-1.41221508985292,-0.936874007876839
2015,-0.750148029212417,0.19480302508897,-0.81090332851416
2016,-1.27215903003282,1.41746299893487,-0.2562096286417
