"Year","OPR","DPR","CCWM"
2014,0.327850685825575,-0.689117024529367,-0.187364779388541
2015,-0.362040353571413,0.848889929490489,0.474839396182569
2016,0.767859000373562,-0.653938381293736,0.357619486172333
2017,2.02925546546939,-1.4390344262344,1.19229589291498
2018,1.06287121272838,0.392896340655523,0.969890347839595
2019,1.28899883729053,-0.963107208231954,0.750149110949984
