"Year","OPR","DPR","CCWM"
2014,-1.05173863644425,1.88860522203794,0.369699733313271
