"Year","OPR","DPR","CCWM"
2014,-1.03138704789324,-0.873850934392706,-1.59565201329646
2015,-0.744451629789514,1.41617540998632,0.598452300546432
2016,-0.613213109337545,0.95051472971391,0.145551793890607
