"Year","OPR","DPR","CCWM"
2014,1.07496091348306,-0.469278616791165,0.671687298920259
2015,0.0149894296632834,0.759106948972403,0.891730131304969
2016,0.445740704839456,0.325484398939108,0.917414176172897
2017,-0.436209529014414,0.726233465607754,0.136121698065176
2018,-0.266513379559463,-0.00453770016697101,-0.192726903494953
2019,-1.20155755155662,1.45341529200779,-0.216834105976981
