"Year","OPR","DPR","CCWM"
2014,-0.847346101955712,0.715591204088097,-0.281139215161738
2015,-1.78089629246435,1.81379855225549,-0.374515095372982
