"Year","OPR","DPR","CCWM"
2014,0.409016416425757,-2.22275753150966,-1.21290761952841
2015,0.624859894639085,-0.98774540310784,-0.271751517209537
2016,-0.709757753674902,-0.307222877738261,-1.24834558084215
2017,-0.451069713208063,0.453573690257946,-0.139178040125547
2018,0.772112496394623,-0.734982072063865,0.156568791135056
2019,0.63268635813496,-0.418803018370628,0.415018608373045
