"Year","OPR","DPR","CCWM"
2014,0.643337725888017,-0.579495029475288,0.187453588870489
