"Year","OPR","DPR","CCWM"
2016,-0.0849219360942205,-0.693256614937589,-0.810258042469821
2017,-0.0215188052634337,-0.619110808193872,-0.609764328170077
2018,0.303732186663568,0.0518868521796398,0.244729632908605
2019,-0.301916840227356,-0.200819531086237,-0.545923007559509
