"Year","OPR","DPR","CCWM"
2014,0.0617009320188321,-0.576808453045186,-0.356455349624908
2015,-0.636151788042827,0.138097176456675,-0.718774110303926
2016,0.614034838759203,-0.784800374329292,0.0223596384519527
2017,0.469413348818776,0.419362280669956,0.983878055167524
2018,0.42039223239652,0.00221786364942773,0.301350206436394
2019,-0.206059410916351,1.39595345402905,0.958420421459503
