"Year","OPR","DPR","CCWM"
2014,-0.279899242761704,-0.94158838516916,-0.939076105104362
2015,-0.852448602299779,1.06530461440436,0.0469098642438408
2016,-0.687870120006558,0.879618420238163,-0.0245964122255407
2017,-0.124456837123672,-0.486915087431441,-0.614524147401179
2018,-0.470083174357948,0.111950582884759,-0.275515933942485
2019,-0.3101979118974,1.70196117451692,1.09594511036185
