"Year","OPR","DPR","CCWM"
2014,-0.235979384152655,0.715303448118831,0.292393091767873
2015,-0.67312202374101,1.54210949018722,0.841320938056427
2016,-0.250440783553275,0.228426364976367,-0.101396528961054
2017,-0.227426505496661,-0.478876181788402,-0.736190075655773
2018,0.188104683892016,-2.57781809109571,-1.25009575224465
2019,-0.450739329308883,0.246281359107461,-0.340888311086841
2020,-1.43213738016176,2.3722064341511,0.135595870508186
