"Year","OPR","DPR","CCWM"
2014,0.329264055475745,-1.70200918274017,-0.913664285541968
2015,-1.37878866328364,1.85273058522675,0.224655288956446
2016,-0.0595016846443808,0.684538986748339,0.610398267852226
