"Year","OPR","DPR","CCWM"
2014,-0.525824314947949,-0.09745694263562,-0.563471102702688
2015,-1.18451771860286,0.0738495742145904,-1.54868025010481
2016,-1.09028950222388,-0.607470484770775,-2.05407738692087
2017,-0.0826982329402786,-0.469333572133692,-0.545565582919901
2018,-0.476796057234984,-0.506253164197736,-0.612311611507117
2019,-0.442057669319651,1.0255196261545,0.346357486026759
