"Year","OPR","DPR","CCWM"
2014,-0.909299485493822,-0.228097857171565,-1.01719239405516
2015,-1.02265434981387,0.568449791485025,-0.75793071923444
2016,0.321111092633275,0.346327564028321,0.773502200360516
