"Year","OPR","DPR","CCWM"
2014,0.374629664240358,0.336089567102877,0.593007240743829
2015,0.526531427833062,0.563260448807302,1.37240417184291
2016,0.726357436171845,-0.0609094720230887,0.899710360832852
2017,0.484617558985701,-0.280265794158159,0.344413859121445
2018,1.15285628066169,1.03717390135894,1.38014496828295
2019,0.342447604890489,-0.422466641873871,0.0546451752882113
