"Year","OPR","DPR","CCWM"
2014,-0.23749479656322,1.46407052186096,0.828858720412881
2015,-0.40142615175193,0.565697930150615,0.0955701705340534
2016,-0.429463476266156,1.49656495497427,0.938374320989615
