"Year","OPR","DPR","CCWM"
2014,1.04446926528544,1.64564051122777,2.16235538519478
2015,1.2443876039581,-0.405767655263043,1.25036999499805
2016,0.98775988833578,-1.55770033818023,-0.261249280636488
2017,1.64682093070106,0.184968998140416,2.24096172904685
2018,0.568451256501601,0.637152648948301,0.748052019289183
2019,1.90596514010193,-0.943692442554281,1.52629699869018
