"Year","OPR","DPR","CCWM"
2014,0.100785370763419,-2.15581606833355,-1.45407963594668
2015,-1.03201674311341,1.80751223207385,0.650958186240301
2016,-1.26578409099442,1.68613797466264,0.0226993294662842
2017,-0.572638931638748,-0.12057899644435,-0.832193122886951
2018,-1.19698778390621,-1.49336779293154,-1.65665101521051
2019,-0.0186287373440746,0.0624306255252389,0.0312782995805087
2020,-1.43686355844676,2.41454708530839,0.158187042433734
