"Year","OPR","DPR","CCWM"
2014,-2.01743048498506,1.00248325309538,-1.17311549040652
2015,-1.26443296877525,2.27687435027603,0.869045518351285
2016,-1.10258376212616,0.924502973020022,-0.528109873166845
2017,-2.02053452271568,-0.865410332112221,-3.35047979477126
