"Year","OPR","DPR","CCWM"
2014,-0.863384383722946,1.40086786383995,0.196088114091146
2015,0.191225149508835,0.284240839250068,0.589855525869634
2016,-0.162498364607062,0.60549155987651,0.394548750748195
2017,-0.92892240196448,0.268211704009203,-0.913388005993027
2018,-0.164158014924936,0.262872896409015,0.0239658899117512
2019,0.549724437359888,-0.339098505419012,0.382120790612341
2020,-1.09226252954442,2.09087543613873,0.284122783004913
