"Year","OPR","DPR","CCWM"
2014,-0.697087574126085,0.217895614159696,-0.497655528640622
2015,-1.14382640166957,1.1651557089234,-0.24031590573147
2016,-0.596039315836963,1.04953391477092,0.26795642930329
2017,0.0150936257093605,0.492500284850554,0.482524330754143
2018,-0.959178386290406,-0.167305914157161,-0.774701886590121
2019,0.696928707285986,-0.988517437179626,-0.000564891378019575
