"Year","OPR","DPR","CCWM"
2014,-1.39286297132443,-1.9608189016688,-2.71571955897042
2015,-0.552456308058778,-0.208867311688671,-1.00149490094431
2016,-0.0181890620869635,-1.94259672173437,-1.97967273111896
2017,0.591235456155177,-1.20118001450641,-0.388613316279638
2018,0.536901306818361,0.0185869757420426,0.393328361150903
2019,-0.517329797919848,-0.647571542283477,-1.19891398320815
