"Year","OPR","DPR","CCWM"
2014,-0.554418290588062,-0.730339690941936,-1.0449457822707
2015,-0.067572355598672,0.17290357623544,0.105222765447335
2016,0.0476593021207411,-0.710571277575666,-0.652273308290798
