"Year","OPR","DPR","CCWM"
2014,-0.144912428093493,1.17920952093128,0.711108871665419
2015,0.173838315791298,-0.867381518893108,-0.7555841646631
