"Year","OPR","DPR","CCWM"
2014,-0.150418698688473,-1.03283506489733,-0.883113067111328
2015,-1.07353222236807,1.14380840830497,-0.16787754125416
2016,2.11325288326923,-1.42042593217348,1.3660598877856
2017,0.905786104357961,-0.0863200667288433,1.05556170805836
2018,2.33059559283429,1.33225945691916,2.37952217469508
2019,2.7919412349621,-1.11201944435715,2.4705074209913
