"Year","OPR","DPR","CCWM"
2014,-0.480472713279845,-1.07415931266197,-1.22253917339023
2015,1.36619883030866,-1.26423017060303,0.43327611626572
2016,1.07578624618515,-1.03957682300474,0.376810108964521
2017,1.62171905604022,-0.847345005771433,1.23776028631049
2018,1.16236334218266,1.3751422339983,1.56843689852153
2019,0.845647540743226,0.135366424577465,1.15825572134655
