"Year","OPR","DPR","CCWM"
2014,-1.26421224847253,-3.42451438950054,-3.64645393177426
