"Year","OPR","DPR","CCWM"
2017,-0.734688552680529,0.733398591680398,-0.231742070235949
2018,-1.13603233392848,-0.339969999821037,-0.993703444385721
2019,-1.16367412587622,-1.09077418537799,-2.37916415209807
