"Year","OPR","DPR","CCWM"
2014,-1.17136175046254,1.83190526196914,0.216707800339949
2015,-0.13588236470851,-0.283065719652459,-0.512190743603575
2016,-0.351267416280197,0.869315058952679,0.410382957612017
2017,-1.60161218436312,1.6692121082642,-0.438917445583057
2018,0.152368545714438,-0.456522878654237,-0.136382131063535
2019,0.174450396112113,-0.985903454431717,-0.641301687146779
