"Year","OPR","DPR","CCWM"
2014,-0.394781941543249,-0.112927079562842,-0.45160717390669
2015,-0.579501872771894,0.579886397310284,-0.133710940499696
2016,-0.977045653779593,-0.321431111666552,-1.61629179777206
2017,-1.26451114056537,0.414924852086324,-1.19647273053527
2018,-0.8480078575099,-0.115760213499254,-0.667644061110199
2019,0.0355249327042607,1.14956807910367,1.04181446887722
