"Year","OPR","DPR","CCWM"
2014,0.440434078567644,-1.78522745386698,-0.869117488926873
2015,0.9933864543954,-1.57782938150416,-0.440671929593767
2016,-0.699726947256729,0.629012144218216,-0.292568623714758
2017,0.181085109487667,0.0960049008309229,0.317639671015224
2018,-0.745905231275313,-0.712213269881483,-0.915064627215714
2019,0.0867391111500069,0.232473836472839,0.308590306893851
