"Year","OPR","DPR","CCWM"
2014,-0.919006657243378,-0.399405055106957,-1.14936314958092
2015,0.654711877979974,-1.09489212697149,-0.353535084221046
2016,0.426607586928657,-0.383818560813082,0.178046077785164
2017,0.847076978383487,0.435701042213327,1.4732467644601
2018,0.17134031318985,0.0281915800888373,0.137476723885011
2019,-0.0384233791023473,-0.0225510499006892,-0.0668666809554194
