"Year","OPR","DPR","CCWM"
2014,0.0113651121643098,-1.20552478006821,-0.855340721700059
2015,-0.774178739764266,0.454704731452128,-0.545809074351574
