"Year","OPR","DPR","CCWM"
2014,-1.00966626529921,0.847597550206033,-0.338640395086317
2015,-0.294609882439928,0.710464063991927,0.408983460383863
2016,-0.772561527062108,0.441772827806338,-0.577427820168057
2017,1.03165082084699,-0.199480718536344,1.10701316279586
2018,-1.15237139244019,-0.127330803776968,-0.891172863431555
2019,-0.901840603637438,1.23109748799955,-0.0410008294888468
