"Year","OPR","DPR","CCWM"
2014,-0.727419296229683,1.00184889531888,0.037043869888599
2015,-0.254780288729005,-0.767882577869173,-1.23246576051849
