"Year","OPR","DPR","CCWM"
2014,0.721082429361197,-2.04532977360622,-0.792590464081259
2015,-0.309676123585202,0.572171999831743,0.229520096535564
2016,0.270607510559813,-0.560013720084199,-0.205729458673536
2017,0.483613482266551,-0.789161839593783,-0.135860297366806
2018,1.3191120434925,-0.219740435293268,0.823832744179999
2019,-0.511017203579287,-0.420947361212998,-0.994382274958227
