"Year","OPR","DPR","CCWM"
2014,0.434011345473613,-0.704545804507937,-0.0988214638156053
2015,0.354154903424927,-0.337272328140716,0.10135774507022
2016,0.174463232059372,0.596626259336771,0.831450656145597
2017,0.632010655536531,-0.386459666148796,0.429442350917182
2018,-0.245026035695984,-0.182389410374727,-0.272899205094131
2019,0.556703674463565,0.225965234754136,0.881317766471421
2020,-0.544444081799868,0.0896039254890135,-0.469587308309305
