"Year","OPR","DPR","CCWM"
2015,0.0988687495340311,-0.563309444279682,-0.510048739322001
2016,0.954254480521355,-0.0541045670286033,1.20808647837614
2017,0.512393289517972,0.148984904945401,0.783319344203036
