"Year","OPR","DPR","CCWM"
2014,-1.18507093823967,0.388875735106142,-0.83277898354282
2015,-1.20795860056488,0.959469951819229,-0.564772950972788
2016,-1.28939020502767,1.5560852100111,-0.139457195370163
2017,-0.597245096451077,0.307880120716446,-0.459774998508036
