"Year","OPR","DPR","CCWM"
2014,0.418171516018345,-0.933867039969014,-0.278422663119125
2017,0.348281197728682,0.205731439365944,0.63076374146342
2018,-0.0786654740370201,3.07336575122004,1.59436606638667
