"Year","OPR","DPR","CCWM"
2014,-1.46657735527686,1.00316667073316,-0.655674693938417
2015,-1.00703458325575,1.61918672147225,0.469308213508808
2016,-2.40863208298996,0.134261503194544,-3.0516481595498
