"Year","OPR","DPR","CCWM"
2014,0.323835265984476,-1.15118578826837,-0.523066913293263
2015,-0.533470661077866,0.978818835063363,0.387531991825978
2016,-0.145911130263888,0.646112170261666,0.45738762591222
2017,0.8946949756663,-0.916915785278242,0.259818060809701
2018,0.985329170162452,1.51805326130035,1.51878442324674
2019,-1.39705278970224,1.64092101759205,-0.294628303866985
