"Year","OPR","DPR","CCWM"
2014,-0.446460402836944,-1.63390396766255,-1.59272096833689
2015,0.449052621013271,-1.2335243913428,-0.796211960404159
2016,1.10850950267367,-0.54428679293793,0.918712753140565
2017,-0.0788863878645323,-0.0413085590437843,-0.137889852472476
2018,2.00390062987825,1.67154369215072,2.32847330749277
2019,0.0602231728378912,-0.654618263091213,-0.494246272153988
