"Year","OPR","DPR","CCWM"
2014,-1.1835409979472,0.348460596172778,-0.860376012062832
2015,-0.933340917667621,1.13662180642297,0.0171963805198797
2016,0.230869203762693,-0.582085845242227,-0.280526302838101
2017,-0.525782200414373,1.24255138546093,0.509702947026445
2018,-0.539960640751708,0.365001117099027,-0.189508984746658
2019,-0.4425922418433,1.86167194612295,1.07167573582015
