"Year","OPR","DPR","CCWM"
2014,-1.45229689180184,0.677356252411094,-0.876323824431852
2015,-1.23592460132795,0.350052203438657,-1.30263208880152
2017,-0.560241111395647,1.78042709320966,0.972747029970423
2018,-2.07069461129188,-0.676459242554249,-1.84175979759755
2019,-1.1320611589572,0.452620927617365,-1.00022993509987
