"Year","OPR","DPR","CCWM"
2014,-0.00588501427596882,0.96381274482619,0.68684616317829
2015,-0.261462076440431,-0.150233563774104,-0.532939868305722
2016,-0.651867507642063,0.327346958774132,-0.532932411792302
2017,-0.0765702205059869,0.0802413103575221,-0.0205703946848787
2018,-0.527648008702419,-0.253187116025814,-0.512712155431497
2019,1.3754056405701,-0.913259604778599,0.899768088352101
2020,-0.39550512796723,-0.740691185017799,-0.858132720480189
