"Year","OPR","DPR","CCWM"
2014,-0.348556919935767,1.53435417947149,0.775121413943662
2015,0.164626381244201,-0.290675021429053,-0.106528004086512
2016,0.649257332658812,-0.024699886898097,0.834152983160298
2017,0.377367011188261,-0.702556537059361,-0.187685773063006
2018,0.314376643179226,-0.137053603436304,0.150860388297863
2019,-0.524422211392853,0.277948253640273,-0.404074461823238
2020,0.574425125953538,-0.797099787052277,0.0446686150752995
