"Year","OPR","DPR","CCWM"
2014,-0.77674504162947,0.160123149063456,-0.613912024511051
