"Year","OPR","DPR","CCWM"
2014,-0.37533924556838,1.25253303492115,0.547537117572058
2015,-0.314362280870106,-0.72738175168915,-1.26815399082631
2016,0.139183689286122,1.01914011059499,1.21011667733446
2017,-0.0780300282727018,0.0596946045628881,-0.0417427524011821
2018,-0.0271728196983737,-1.59564887753974,-0.876335197543301
2019,-0.470834862495883,0.804923657488566,0.119412828481238
2020,0.646040509262668,-0.717333076802272,0.165179733850526
