"Year","OPR","DPR","CCWM"
2014,1.40276308892455,-1.30521665989483,0.378805970025447
2015,1.66132316980295,-1.50629531106367,0.562480494998209
2016,0.753353316058859,-1.32684577995666,-0.338986836425864
2017,-0.0209757664810945,-0.134942216593981,-0.153344273507692
2018,-0.0755331748518223,-0.917050112062509,-0.546426898856251
