"Year","OPR","DPR","CCWM"
2014,-0.0628898449946807,-3.33769927806815,-2.45670423671635
2015,-1.27250430870571,1.5878898665067,0.0673193938998832
2016,-1.32830009183474,0.377430727573007,-1.37748649158063
2017,-0.388846043595053,-0.661245515190441,-1.1104415015942
2018,-0.924691858763249,-0.277349707021175,-0.809176956013547
2019,-0.863382027672109,1.64038868277778,0.361690234136241
