"Year","OPR","DPR","CCWM"
2014,0.459662685675679,0.996053732757013,1.14690165248604
2015,-0.296224755508282,-0.899346427487915,-1.44046881690603
2016,-0.288776842531465,-0.140071900319366,-0.523084403367562
2017,-0.694630301133997,1.20164948725961,0.25928880673357
2018,-1.91425452961286,-0.8715260116087,-1.83482139187769
2019,-0.587930389501758,-0.354044422819549,-1.03095077039244
