"Year","OPR","DPR","CCWM"
2014,-0.5886803777036,-1.89612232685555,-1.91455614258279
2015,-0.54371941721271,0.874151168653877,0.253295148055472
2016,-0.345073309847001,0.301058110194055,-0.153484579088481
2017,0.154497996137984,0.461257084818733,0.628076131250412
2018,-0.287852472068185,-0.4246928164871,-0.433604807280915
2019,0.267861518734409,0.123999109655598,0.4373134997816
