"Year","OPR","DPR","CCWM"
2015,-0.53857580456145,0.583234949191937,-0.0734324900708842
