"Year","OPR","DPR","CCWM"
2014,0.599322477693718,-0.401607222690553,0.273935646861397
2015,-1.20620004175386,1.25285217236206,-0.225697699033149
2016,-1.04842593797151,0.31308328651422,-1.07196947341266
2017,-0.669443400437795,0.670239910925437,-0.209305732672888
2018,-0.779304912832409,-0.737734403197913,-0.95261790017808
