"Year","OPR","DPR","CCWM"
2014,-0.616924821883289,0.541090782325627,-0.190254568267944
2015,0.470302243126865,0.239098140861365,0.922895713952414
2016,0.90848420791946,-0.135536655509176,1.06555134701307
2017,-0.0526597064542888,0.125850496750649,0.0523697043700434
2018,-1.02539917436158,0.179222008710955,-0.635882594268723
2019,-0.914689369403018,0.966652997401504,-0.286413398127679
2020,-0.501780745585518,0.579276601610542,-0.114100945567848
