"Year","OPR","DPR","CCWM"
2014,-0.875590881668778,1.19270033408329,0.0350926998764277
2015,0.56553513123227,-1.53137054024271,-0.97735791887181
2016,0.352378337181728,-0.123931702953574,0.34146240586664
2017,-1.16814311701264,0.116904484137256,-1.35604617169041
2018,0.113167813321281,-0.363972639078529,-0.114667803519055
2019,-0.598031023331245,0.312519344271778,-0.46464793280216
2020,-0.801534641353581,0.627766461526237,-0.373182094514567
