"Year","OPR","DPR","CCWM"
2014,-0.72378079926815,-1.48366789873317,-1.74504889112641
2015,1.13812868997765,0.192511918295214,1.79035540238312
2016,0.696645182280799,0.13728855070753,1.05992416731617
2017,0.136575446998769,0.594653591535481,0.731145858018448
2018,0.37221182691172,-0.151953797018241,0.184152518902491
2019,0.288856945310102,0.0849446213662515,0.42924381430338
