"Year","OPR","DPR","CCWM"
2014,0.152236179617408,-1.06221383179195,-0.620190310570276
2015,-0.497670250487252,-0.494947124678439,-1.25421713343212
2016,-0.0727785831381943,1.84956496633564,1.76566058105368
2017,-0.0585276195435805,0.255370683221789,0.166919980360203
2018,0.342773510905351,-1.8312884713289,-0.738743203958064
2019,-0.607707006867785,1.50765443129805,0.561101275768098
2020,-0.0376198848600792,-0.892638342447965,-0.609154600234979
