"Year","OPR","DPR","CCWM"
2014,-0.436603258518675,2.29618742107889,1.23976809523577
2015,-1.33593018827711,1.10419549305598,-0.575172992251639
2016,0.0716733202935673,-0.888188681884657,-0.799307870670689
2017,-1.28715510414864,0.802923744491393,-0.859676357211645
2018,-0.769711718537534,0.396472724620853,-0.336649099456464
2019,-1.53482996885673,0.173577977048533,-1.73818623042989
