"Year","OPR","DPR","CCWM"
2014,-0.146023919833051,-0.988790200034009,-0.84734850058088
2015,-0.904571878568314,1.22876106200836,0.162596143298587
2016,-0.268901720720182,-0.43659653841943,-0.795298659504651
2017,-0.347972773489979,0.846129237340234,0.359719414084132
