"Year","OPR","DPR","CCWM"
2014,0.328187132692776,-0.415660502558836,0.00939244991930284
2015,0.197066091575293,-0.732173362541961,-0.56840496544361
2016,0.40430344259539,-0.213635975865904,0.319858323423971
2017,0.232643071329089,-0.564931114634601,-0.239778412145896
2018,0.336148168351083,-0.916989062618184,-0.252454552275436
2019,0.685919187148447,-0.246164743517306,0.630421940316104
