"Year","OPR","DPR","CCWM"
2014,-0.758207747552154,1.1827686010672,0.138116665973951
2015,-1.63672143982733,1.78204845865371,-0.212134074205287
2016,-1.94915291452133,-0.0645414050644113,-2.64385561839096
2017,0.357050835579693,0.382191505569441,0.807868575880467
2018,-1.24307582582008,-1.83971406114953,-1.87556100494807
2019,-1.0344368837512,0.813227004032451,-0.566994609358608
