"Year","OPR","DPR","CCWM"
2014,-0.911356252943949,1.00575429496777,-0.132766845169463
2015,-1.63533669382517,1.49813456140168,-0.536010073172371
