"Year","OPR","DPR","CCWM"
2014,0.0800680473351201,-0.103632603938133,0.000694115198360368
2015,-0.255549772929274,-0.00713262949821766,-0.360581479638141
2016,-2.25808701076027,3.11615470462724,0.149399060195968
2017,-0.456047569961333,0.997705779669949,0.366755454568824
