"Year","OPR","DPR","CCWM"
2014,0.084059952513623,0.330698023478183,0.316448086016714
2015,-0.345559450759275,-2.58095239415069,-3.43810944459661
2016,-0.340922937176701,-0.465181265280405,-0.919364540888663
