"Year","OPR","DPR","CCWM"
2014,-0.596584203979209,-0.862762972500562,-1.17964471635833
2015,-1.49053026100677,1.62473591217954,-0.191052996603853
2016,-0.248942236987836,0.639707415048781,0.31462175225305
2017,-1.30169502722138,1.52952199696087,-0.193991937634336
2018,0.468052537062534,0.591626688418054,0.651918107746675
2019,-0.0359699997199569,-0.494615685131852,-0.473710060370113
