"Year","OPR","DPR","CCWM"
2014,-0.776990927694699,0.503071786013115,-0.367780610811307
2015,0.069312984252499,-0.225029319656636,-0.162635730939421
2016,0.616254058848318,-0.727918134063556,0.0825590469831055
2017,0.550437764254329,-0.412065019277032,0.30296190708888
2018,-1.24623315833335,-0.70320229156169,-1.267458357577
2019,0.96292888631725,-0.39252298446684,0.844260440468995
