"Year","OPR","DPR","CCWM"
2014,0.443213114875689,-0.604597474791042,-0.0183866907548182
2015,0.819943450536607,-0.671494582186102,0.36015547238785
2016,0.920334517437013,-1.28425689159061,-0.0751835046212951
2017,-0.543174509328757,0.256263785093257,-0.440498790435398
2018,0.125631651928857,0.145519420694391,0.167851069955872
2019,0.224856124125727,-0.130679086143781,0.163267045481201
