"Year","OPR","DPR","CCWM"
2014,-1.08712757042372,0.906503521413718,-0.369018235245779
2015,-1.01199669303737,2.49121410470076,1.46309960090961
2016,-1.06874987648623,0.99370069055087,-0.413683826639034
2017,0.00748878291718907,2.29076672082723,2.16565315856696
2018,-2.13981662025429,-1.62730636979642,-2.40175962696564
2019,-0.0595351014712199,0.582622979720758,0.432584295582862
