"Year","OPR","DPR","CCWM"
2014,2.56679458466469,-0.660839846645489,1.93409249375132
2015,1.8397030356959,-0.641938019571113,1.80029473637557
2016,3.79136788556793,-1.2539554657909,3.75392284919487
2017,1.69066229627463,-0.930300643695437,1.24620344274282
2018,2.19231365495791,0.642528084184627,1.91037299390641
2019,3.45659593617107,-1.76480795326572,2.72171476421445
2020,3.76286601868989,-0.168423242736315,3.53478527560775
