"Year","OPR","DPR","CCWM"
2014,0.351596273117825,-0.532887327367599,-0.0528507716793327
2015,0.736504149048477,-0.58525386839077,0.344054200029078
2016,-0.0225775779066463,0.832528186761067,0.808232103855322
2017,-0.306815082276709,0.145492122798231,-0.248121475634168
2018,-1.37432060683427,-0.0377506019481902,-1.00153558555358
2019,0.567725221265611,-0.0964135454582337,0.614981500657907
