"Year","OPR","DPR","CCWM"
2014,-0.62351902310617,0.50917060712375,-0.219373241596406
2016,-2.48326027801981,3.03013590398553,-0.235117714166873
2017,-0.145991550315937,0.702194344451776,0.477734220271815
2018,-0.493903036770061,-0.429451171601459,-0.583279897341396
