"Year","OPR","DPR","CCWM"
2014,0.121790001033715,-1.41007867047657,-0.898656414321645
2015,-0.522702416091112,1.01175300735661,0.44017244543407
2016,-0.0777560936596524,0.960239818769723,0.863793581340708
2017,-1.06346179783943,1.95785007256762,0.508181239042863
2018,0.0133686156955087,-0.133047584065424,-0.0619072624011867
2019,0.234462965096054,-0.654421200266341,-0.27964083505415
