"Year","OPR","DPR","CCWM"
2014,-1.76282667333935,0.485133136383633,-1.30582776046117
2015,-0.361685080312413,-0.171857708690544,-0.69595823093063
2016,-0.841775851589846,0.917253295842041,-0.190338814422745
2017,-1.3984499662715,0.676355945431196,-1.11849355935191
