"Year","OPR","DPR","CCWM"
2014,-0.371392377720947,-1.15618210903404,-1.1790946638535
2015,-0.688946653179696,1.12981770814764,0.346402568042771
2016,0.0390993590448264,0.0691089993907909,0.121303367872131
2017,-0.331340583213516,-0.0189444345381173,-0.433683319134814
2018,0.742899773488194,0.0132937146816995,0.537568091858478
2019,-0.744730480670734,1.37905205195555,0.280811509870656
