"Year","OPR","DPR","CCWM"
2014,3.42305701759543,-0.654179700869819,2.74243908214302
