"Year","OPR","DPR","CCWM"
2014,-0.343720708210598,-0.169942801622407,-0.444646676110707
2016,-0.954281059228774,0.633734576591851,-0.624609588118854
2017,-1.50138268829976,-0.00945299022426899,-1.89321864121507
2018,-1.54733645630212,0.471150775208475,-0.851766018078709
2019,-1.72319677851218,0.750914593532893,-1.46874301842043
