"Year","OPR","DPR","CCWM"
2014,-0.35159817555763,-0.540426469130663,-0.718181668071738
2015,-0.356001548086604,0.0205557387876345,-0.467330187705373
2016,-0.451187226360533,-0.129424799539452,-0.72724765076628
2017,0.676412739523764,0.0630178204219746,0.908253938834911
2018,2.64253449070547,2.08588316661489,3.00697504197037
2019,1.86124524262524,-1.03406410962416,1.39279709813566
2020,0.146304089748523,0.970471225527392,0.764311444295329
