"Year","OPR","DPR","CCWM"
2014,0.19360290158517,-0.97753642036627,-0.520540323903405
2015,-0.0647080461948332,0.457842599402796,0.436134420137213
2016,-0.527778935818717,0.42246250280697,-0.273000937318736
2017,1.1512981120257,-0.811297596654254,0.681285955098855
2018,1.38523520089442,0.317267814825611,1.15944166006193
2019,1.46438052305238,-0.774124972486005,1.13006962562285
