"Year","OPR","DPR","CCWM"
2014,-0.590367570149441,1.14570531523054,0.269001855607893
2015,-0.529333411258557,0.700959371392989,0.0743989704516363
2016,-0.945227608934064,0.885199671902833,-0.359481892687514
2017,-0.179846609526923,-0.131395856695955,-0.349398103808158
2018,-0.41964075681779,-0.893126956201254,-0.779271154014563
2019,-0.214731148416784,0.430194849895326,0.109243477911845
