"Year","OPR","DPR","CCWM"
2014,-0.71124285423784,2.50668041388577,1.13324242035856
2015,0.616475460612467,-0.520651858194397,0.252667071348827
2016,1.4136502824335,-0.590961301165261,1.27545079259652
2017,0.852749973981516,-1.10942520890873,0.0259693075679965
2018,1.63435674109625,0.31866947676129,1.33806663814043
2019,1.55597454076604,-0.573772357062694,1.41674604787066
