"Year","OPR","DPR","CCWM"
2014,0.0285460706942137,0.249717457735466,0.206177335791369
2015,-0.442436431479643,0.66709892258563,0.155373605731663
2016,-0.92927465828966,0.488046484507572,-0.738187992998334
2017,0.0349168602169874,-0.0626325794239748,-0.0151321860739657
2018,-0.789463752380375,-0.184137989171663,-0.662565583815204
