"Year","OPR","DPR","CCWM"
2014,-0.875375907092238,-0.484075163230542,-1.16924174456927
2015,-0.691371109313979,2.4476877432972,1.85528886207782
2016,-0.107839712576258,1.18145065325713,1.04668298186024
2017,0.0816070229931688,0.0152408488791486,0.116767374125444
2018,-0.453852893647801,-0.903054627004296,-0.80903014070298
2019,-0.929865087668885,1.50151412385943,0.159294855427415
