"Year","OPR","DPR","CCWM"
2014,-0.459506859161089,0.197212822567442,-0.289554944543728
2015,-0.568594123049261,0.302071079146375,-0.437456950872815
2016,0.173221115796072,1.68141163687815,1.92185791878263
2017,-0.777218529747576,2.11593297553038,1.01623320424326
2018,0.288855759581249,-0.0533498680539243,0.177591134196592
