"Year","OPR","DPR","CCWM"
2014,0.0612145177574322,-0.0687399667530828,0.00806659697299093
2015,-0.839708532221707,0.0837217430796025,-1.06186864065388
2016,-1.50316068943578,1.62497089308972,-0.35294524537041
2017,-0.260183314788245,1.54479565243721,1.12754133476344
2018,0.273014390030087,0.620937716116742,0.52840262141538
2019,-2.4596919365332,2.42882643583558,-0.91831609190593
2020,-1.07002449149121,0.177007602465579,-0.92232432682849
