"Year","OPR","DPR","CCWM"
2014,0.140308829358689,-0.0968100152012736,0.0621283730451801
2015,-0.162250780541001,0.475107749875297,0.321436774299551
2016,-0.330524449407392,0.537923126246791,0.104216111682488
2017,0.00397476566560546,0.227998409897862,0.219599040818319
2018,-0.500532376003318,0.0954879756826951,-0.306097742546404
2019,-1.064790098345,0.611334690832913,-0.779639697628052
