"Year","OPR","DPR","CCWM"
2014,-0.448012080598677,-0.582653299882131,-0.838995861828341
2015,0.00675662030572017,-0.74800358541093,-0.849001968541822
2016,0.404766239258349,0.631848374438063,1.17161758407436
2017,0.20727355215967,-0.139962135795441,0.128396459519841
2018,0.0822666594970068,2.11298899763123,1.19350655146946
2019,-1.25355032151111,-0.0252247136245694,-1.56462683918774
