"Year","OPR","DPR","CCWM"
2014,-0.678784770664448,0.667798779751117,-0.15728468986132
2016,-1.54825526579281,2.09907794923437,0.0646734658403624
2017,-0.449034335941476,0.883168847920534,0.26774606876439
2018,-0.546979451616503,0.975576066939936,0.133385293344425
2019,-1.54002699505423,1.37660790053772,-0.700070267214124
