"Year","OPR","DPR","CCWM"
2014,-1.36142652905168,1.55513456191218,-0.160481367325733
2015,-0.086703094110711,-0.382358372550887,-0.558310061278154
2016,0.694448094553814,-0.905463001027464,0.0072819139647091
2017,-1.75598743348176,1.63871782066192,-0.66137085128247
2018,1.70751289796843,-0.220184847768541,1.10091141840531
2019,0.0812538143323896,0.0181658233441374,0.115770061182308
