"Year","OPR","DPR","CCWM"
2014,-0.192292313182779,-0.433532370926318,-0.491891642179228
2015,-1.46841955509481,1.73024806211678,-0.0394897842212375
2016,0.0324315138043575,0.215477823936476,0.259830409727041
2017,0.598449860543699,-0.3943317210955,0.379911830365919
2018,0.891800349333453,-0.403999472724313,0.419777913495707
2019,0.933920346013657,-1.06551579777328,0.224244600996648
