"Year","OPR","DPR","CCWM"
2014,-0.808968824268462,0.0164110923996039,-0.747390191306329
2015,-0.26626019739082,-0.418953765994611,-0.847907428843947
2016,-1.29181635411796,0.426184744216296,-1.28013510490894
2017,0.0185098713640636,0.471965448002242,0.467482869610567
2018,0.124908139744498,-0.562868772027721,-0.213101237543916
2019,-1.06479004529585,0.812719156664106,-0.604790727745104
