"Year","OPR","DPR","CCWM"
2014,0.77823983876795,0.785663127829079,1.29473421820563
2015,-2.02639255248333,1.60822548030423,-0.948939471673347
2016,0.70382488797191,-0.969212262319015,-0.0444880731727015
2017,0.0735521996911564,-1.01303979111612,-0.861242521654173
2018,0.831502771329794,-0.0197857576605743,0.583065298110075
2019,1.02729836943706,-1.87367508729629,-0.362508074497086
2020,0.278078532655244,0.267287207783333,0.440706003414812
