"Year","OPR","DPR","CCWM"
2014,-0.646259586040641,0.812284560680648,-0.0229678552888855
2015,0.364579816838356,-0.178946755080018,0.297408882299472
2016,-0.279198718419991,0.404638751205603,0.0379470319956804
2017,-0.648223143291753,0.306932299777202,-0.524647514177315
2018,0.123598264951884,-0.653330699984918,-0.262618532716652
2019,0.165803173447466,-0.51165411174332,-0.240184141240832
2020,-1.12565606897267,0.924484743244861,-0.496585252322487
