"Year","OPR","DPR","CCWM"
2014,-0.107882417621492,-1.03941437726719,-0.847921105469534
2015,-0.389745134511918,1.09192694618323,0.715515301749737
2016,0.427394327196848,-0.832371701984872,-0.272470309264567
