"Year","OPR","DPR","CCWM"
2014,0.0912786208690135,0.718617943934293,0.601890413162177
2015,-0.687635540736332,1.34584346659847,0.59609580612308
2016,0.35605686069011,0.136838823012026,0.608846405598196
2017,0.549759758686664,0.0155783935857772,0.704643426542968
2018,-0.286371249578641,0.256087891945959,-0.0669379337249353
2019,-0.240492508974802,0.670300152381608,0.286007015584219
