"Year","OPR","DPR","CCWM"
2014,-1.90551955730796,-0.10113715764048,-1.86089418181293
2015,-0.793065193317815,1.03373006199192,0.0925669741752797
