"Year","OPR","DPR","CCWM"
2014,-1.15182272771033,0.765067136739692,-0.531334503547229
2015,-1.56158484670656,-0.505954478513227,-2.7339602383364
2016,-0.92494732808157,1.02666124761633,-0.190240484535028
2018,-1.38788300970412,0.014151376656747,-0.9833454579364
2019,-1.02771243437784,-0.473252916807934,-1.67568494705868
