"Year","OPR","DPR","CCWM"
2014,-0.553343977221843,-0.330788847889299,-0.756914401147521
2015,0.696061286874128,-1.38240713904899,-0.626432991169746
2016,-0.982368552862653,1.36239502653809,0.0717690793331157
2017,-1.07447678556693,2.27501578915385,0.792898743568226
2018,-0.56210845016194,-0.599151032370512,-0.723114724563384
2019,-1.21667055074166,2.4696404179855,0.646888079454053
