"Year","OPR","DPR","CCWM"
2014,-0.486563024899869,-0.116341753185624,-0.540192401178658
2015,-0.678007897842582,0.566967658676055,-0.284372351116753
2016,-1.39036887645325,0.164276411753813,-1.67419026187094
2017,-0.263275688323053,0.663376413783412,0.293997386180118
2018,-0.567698473834471,-0.102502056830629,-0.460383571479343
