"Year","OPR","DPR","CCWM"
2014,-0.223144855276124,-1.02798790564998,-0.947881129974492
2015,-0.922868636859454,0.908765501912752,-0.229823159941909
