"Year","OPR","DPR","CCWM"
2014,-1.43431184513064,0.973352506161715,-0.646812465299195
2015,1.30124404542841,-0.877449975299912,0.787527599476727
2016,0.4775354177528,-0.538578866677829,0.0896307800992152
2017,0.271727176531946,-0.331706913010306,0.028803784488361
2018,-0.649222013934757,0.406888066509776,-0.24502622102156
2019,0.306355129275196,-0.010012859813935,0.368333226990817
2020,1.09107685264471,-0.00849393431336093,1.05082695895121
