"Year","OPR","DPR","CCWM"
2014,0.00930779570646288,1.43722682182161,1.04118782565547
2015,0.812854810078464,0.319176043972136,1.48715517873672
2016,-0.57664381639458,1.49387527592948,0.740935511799849
2017,-1.18155396317302,0.35031578775668,-1.15317201127697
2018,0.608460551886368,0.646467543489524,0.781621076353609
2019,-0.502617018487189,1.02790945639128,0.273902921546801
