"Year","OPR","DPR","CCWM"
2014,-0.465060602096178,1.59354231265775,0.708306827348286
2015,-0.685123287103493,0.325663071247764,-0.571076497621446
2016,0.411437254113927,-0.78251641524826,-0.243393576282073
2017,-0.637043021575944,-0.19844581736503,-0.98631845045755
