"Year","OPR","DPR","CCWM"
2014,-0.40522151807458,-0.511465026799879,-0.747699787210213
2015,-1.10301713622773,-0.496243346274431,-2.09046317362198
2016,-0.219419348525345,0.242726684706414,-0.0459566455441772
2017,-0.853299679556312,0.142901032886888,-0.936429691004927
2018,-0.27376200649109,-0.411341778353378,-0.416374149629978
2019,-0.413628725692307,0.942635584118056,0.30938179749828
