"Year","OPR","DPR","CCWM"
2014,-0.452001524200244,1.3324326234642,0.532990198217306
2015,0.0555594887183201,-0.0498517844381966,0.0194112578403333
2016,-0.167449509307313,-1.06143314825792,-1.29009086422238
2017,-0.833343308972278,0.362704652124397,-0.704486424023334
2018,-0.249239537218884,-1.01435970281084,-0.722712398549026
2019,-0.604849742721966,-0.104982136135537,-0.835528743728234
