"Year","OPR","DPR","CCWM"
2014,-1.12378666962487,-0.250927913031415,-1.2348788714495
