"Year","OPR","DPR","CCWM"
2014,-0.978667060602062,-1.08963788935764,-1.70119048855236
2015,0.197458229446866,0.226698901166142,0.532422566312262
2016,-1.37709201736577,1.61108502267718,-0.200125389810253
2017,-2.72931713431498,3.23926523096603,-0.376390770629518
2018,-0.912311062955168,-0.845398564917586,-1.10540440072521
2019,-0.452207665591625,0.129124056993703,-0.444415361320546
