"Year","OPR","DPR","CCWM"
2014,-0.387799146575735,0.504282365527476,-0.00167272132611962
2015,-0.783641541500358,0.777386293715593,-0.188587396245056
