"Year","OPR","DPR","CCWM"
2014,-0.323988149020427,-2.1921261429207,-1.87879355541438
2015,0.401703956465195,-1.73825986784931,-1.44067850331644
2016,0.0408228315093192,-0.338874240039062,-0.287132032255308
2017,0.788651280045258,-0.161491335901885,0.837793578294887
2018,1.1390716718605,0.206784607501524,0.924347091598233
2019,-0.0268863122572203,0.76025316332632,0.626989300081288
