"Year","OPR","DPR","CCWM"
2014,-0.494145900688162,-0.554960267341704,-0.862396595784356
