"Year","OPR","DPR","CCWM"
2014,-0.0795936162914902,0.156927074925676,0.0380359783499123
2015,0.113272976101475,-0.476233980714762,-0.390268304376982
2016,-0.30927575825693,0.205529920367122,-0.202289600579539
2017,0.980390456993177,-0.135755101685837,1.1026621765599
2018,-1.24826033915494,0.85683634446447,-0.431096166452527
2019,-0.121384101751988,-0.0714154600805126,-0.211390975651093
2020,-0.936695110669805,1.32604420257803,-0.0560026475703568
