"Year","OPR","DPR","CCWM"
2014,0.529038159402843,-0.971821780628775,-0.201644855414867
2015,-0.467781906912123,-0.256849049008784,-0.939789044314724
2016,-0.650654494582521,-1.52435957789485,-2.39543575998768
2017,0.148316998887559,-0.590556438774191,-0.369733053351856
2018,0.0637175241108202,2.20677101033202,1.23062758971825
2019,-0.689095969293756,1.06482366689229,0.0764562138148459
