"Year","OPR","DPR","CCWM"
2014,0.741584465459832,-0.807397911307854,0.115936184426056
2015,-0.848067851219512,0.536060115833528,-0.554346684615111
2016,-0.620897228077128,1.40140214135575,0.589292313211092
