"Year","OPR","DPR","CCWM"
2014,-0.484578124717132,0.582677891744516,-0.0361786858109766
2015,-0.917036708923268,0.667349525119821,-0.498801087589958
2016,-0.24776763474881,-0.530307495399167,-0.86167519066669
2017,-1.00046234887305,-0.462225259057741,-1.69072086549327
2018,-0.525571150010309,-0.00649403932846051,-0.378744213946219
2019,0.829863235553709,0.518238826397313,1.47125316908995
