"Year","OPR","DPR","CCWM"
2014,0.264383802212354,0.750442011442987,0.787202799521926
2015,-0.985498840395269,0.600125349122216,-0.670347104107244
2016,-0.281555752429628,-0.247652252296619,-0.621831202293149
2017,-0.634817699097372,1.68363868896719,0.78804411913709
2018,1.07423286760864,0.119460341028051,0.831155345248425
2019,-0.485710004885734,-0.501438364803424,-1.0331221307908
