"Year","OPR","DPR","CCWM"
2014,-0.694674382371822,-0.905364433088957,-1.30230113493722
2015,0.470372865560863,1.14403146109455,1.96138602273339
2016,0.579839740849152,-0.764445806550536,-0.0023922624090561
2017,-0.735092875790639,-1.19530350499576,-2.04769941613039
2018,-1.55076954688114,-1.28867403216769,-1.79932082158884
2019,-0.906822035456254,-0.946313904209482,-1.93763470191441
