"Year","OPR","DPR","CCWM"
2014,-1.55420927833007,-1.38945031475249,-2.45668453249027
2015,-0.981470225874646,1.56169568759372,0.438591027555397
2016,-0.434372093785391,1.13143522461897,0.564304664994317
2017,-1.95414264757049,0.397939695608692,-2.07798732063573
2018,-1.07094825456111,-2.34601240046658,-2.02456685488711
2019,-0.738025174838487,0.942481572589627,-0.0899818421699667
