"Year","OPR","DPR","CCWM"
2015,-0.950775604555553,1.24917542333736,0.122307399580534
2016,0.0288709756570127,-0.769516346016004,-0.736471586008873
2017,-1.70242492698074,0.784066115206675,-1.39861394078371
2018,-0.406386947746133,0.579338787533235,0.0209711219471627
2019,0.481039471847711,-0.762562353314732,-0.0700746282899538
