"Year","OPR","DPR","CCWM"
2014,-0.0925630288659087,-0.466482422236062,-0.421970532399106
2015,1.27598951281288,-0.538007292619459,1.14220591539614
2016,0.496541121740724,-0.267220528903549,0.387952563135146
2017,0.794748543916362,-0.846274877198502,0.200872517992025
2018,0.710159484312157,0.12573300239722,0.574576458018678
2019,0.687243701371129,-0.241762569653619,0.635874118846624
