"Year","OPR","DPR","CCWM"
2014,-0.598065350593235,0.589753886483684,-0.137597985891285
2015,0.154873759982545,0.247206592194488,0.497231783395996
2016,-1.69414431486254,1.53000632270204,-0.701232129735704
2017,-2.01078452097115,-0.0472730144480315,-2.56814618942918
2018,-0.334359247450457,-1.31530785253328,-0.945110119262733
2019,-0.688496292475759,-0.221105437303007,-1.03929355314693
