"Year","OPR","DPR","CCWM"
2014,-0.355117982388922,0.154535457232373,-0.222248783772348
2015,-0.983797444974258,1.73139553636024,0.630109038131427
2016,-1.37671608080261,1.6723174832518,-0.137985434019792
2017,-1.91866815518708,1.06814647317195,-1.40261216532833
2018,-0.836821858801986,-1.02465924820539,-1.14777617531204
2019,-0.395812370548442,0.929903527361804,0.320253714157744
2020,-0.826080881610564,0.7590523353911,-0.312709788474962
