"Year","OPR","DPR","CCWM"
2014,-1.01104035264447,0.962687454409543,-0.257253396720538
