"Year","OPR","DPR","CCWM"
2014,-1.62106290411094,0.757766784176426,-0.976938739025912
2015,-0.353767495366155,0.353264646332985,-0.0824726528542031
2016,-0.855538179838671,0.345915312880909,-0.783711946350887
2017,0.349192251501915,0.230554581370965,0.655272708195485
2018,-0.139542819904099,0.148323576054708,-0.0199769559882432
2020,-0.426041837458089,-0.463537750991788,-0.709868274287651
