"Year","OPR","DPR","CCWM"
2014,0.799655262321786,0.503621660929299,1.11222297948322
2015,-0.229736145837406,0.249382511413578,-0.0306391108239397
