"Year","OPR","DPR","CCWM"
2015,-0.733655340227798,0.453266315523987,-0.49157884425557
2016,-1.47582729719275,1.20673900511948,-0.737814004450314
