"Year","OPR","DPR","CCWM"
2015,-0.621759915355571,1.34466892307589,0.685588928180452
2016,0.958022379212093,-1.13810484409974,0.121811382338445
2017,1.30894064283527,-1.23425819493275,0.481011691028365
2018,-0.139934603067431,-1.79226526872996,-1.06243853818783
2019,1.66693826120262,-1.48012375567753,0.76638207111802
