"Year","OPR","DPR","CCWM"
2015,0.841317465697244,-0.856760784082126,0.177040451434375
2016,1.1781477049304,-1.07919812285246,0.472355673372786
2017,0.551797453176042,-0.263957565129197,0.444079069726551
2018,1.09412600008865,-0.0931955319318375,0.731153408936565
2019,1.21258411203128,-0.687721110523995,0.895206297596372
