"Year","OPR","DPR","CCWM"
2015,-0.697562497679805,1.07262342112777,0.268892225016907
