"Year","OPR","DPR","CCWM"
2015,3.24750022659833,-2.84307242497418,1.21585507301717
2016,1.42298845112483,-0.598337762136176,1.28038005658338
2017,1.85473130393194,-1.31294288769617,1.0919456582233
2018,1.73941603234332,0.707391596946902,1.62183967089907
2019,3.15178476085256,-1.97941712813138,2.16025709920195
