"Year","OPR","DPR","CCWM"
2015,-0.283331443421358,-0.0781128552957422,-0.480340120750888
2016,0.288293022861882,0.47027274452984,0.854856621845499
2017,-0.884261382624626,0.982862313171215,-0.184649119326988
2018,-0.29220409880887,-0.31326604154919,-0.376870763539098
2019,1.3055569193993,0.225239700125735,1.80229046718576
