"Year","OPR","DPR","CCWM"
2015,-0.994324869808412,1.64493318188501,0.516378149053056
2016,-1.34196276192777,0.964535398443951,-0.804526495589174
2017,0.00399464671143233,-0.676447320118533,-0.631713241103856
2018,-2.11793070428704,-0.496457539687437,-1.77881740447789
2019,-0.338649485982676,-0.267003158304893,-0.648592229005787
