"Year","OPR","DPR","CCWM"
2015,2.02999215704563,-2.00661500989824,0.496759205726657
2016,1.57541243544134,-0.961055850241926,1.1169015481373
2017,1.46183607804301,-0.525630414653559,1.33992175767179
2018,0.679242615178971,-0.924752543025435,-0.0116552144823508
2019,0.602925558639846,-0.523826357708589,0.287207564196983
2020,2.42928859278415,-0.515208284619013,2.02123823202354
