"Year","OPR","DPR","CCWM"
2015,1.25590386883128,-1.37529200689401,0.153740803104622
2016,0.713842884798008,0.745719080046567,1.69518354050626
