"Year","OPR","DPR","CCWM"
2015,-0.591586834456613,0.185236234284511,-0.603228993830765
2016,-0.573725052511998,0.106871965462356,-0.651495438925682
2017,1.1748400577056,-1.03007457043953,0.504901912191307
2018,-0.144172214858349,0.00984802215397202,-0.0976498171724751
2019,-2.19256476053987,2.58633339940325,-0.452813668165705
2020,0.492801301632014,1.15031953847631,1.21515136271315
