"Year","OPR","DPR","CCWM"
2015,0.33003547863821,-1.40527038890002,-1.15740881293901
2016,0.510250423353473,-0.405608755583077,0.266775967067141
2017,0.769034450214542,-0.857895882762196,0.157661239609034
2018,0.934384320597373,0.0598748418899164,0.699303752161172
2019,0.587096081730628,-0.772802874843237,0.0515565037617254
