"Year","OPR","DPR","CCWM"
2015,-0.678479213017529,-0.330678173839579,-1.3150529587599
2016,-0.571628172108742,1.21163239602553,0.463438412846129
2017,-0.703021647470041,-0.0883459309184844,-0.965490492195789
2018,0.674767061761597,0.502758780370335,0.751785828619024
2019,0.248036449934535,0.889340730041951,1.07741094100688
