"Year","OPR","DPR","CCWM"
2015,-0.655765623354478,0.189597335329882,-0.686725708441235
2016,0.185571974070828,-1.1330862260859,-0.895148766661215
2017,1.44340530433155,-0.582315727060588,1.26343330190661
2018,0.403678181019906,-0.867685305541922,-0.177759980553392
2019,-0.901459367532332,0.648746350218062,-0.546148891511145
