"Year","OPR","DPR","CCWM"
2015,-0.249911631347518,-0.901546934058968,-1.37912918098455
2016,0.770046077082454,-0.827868210413507,0.185418443461537
2017,1.36328348271194,-1.22604926169351,0.556941957722048
2018,0.807424315415383,0.0711770176450545,0.614724358943855
2019,-0.531943028673666,0.213512930481701,-0.469275179574043
