"Year","OPR","DPR","CCWM"
2015,-0.85059699570102,0.970942926722999,-0.058814968351085
2016,-1.50282439080262,0.265278962677088,-1.72129870304482
2017,-0.719491873791189,0.813779128494711,-0.137008732117326
