"Year","OPR","DPR","CCWM"
2015,0.425142535364884,-0.890607499674711,-0.435693099306386
2016,2.09660951617975,-1.26779298049237,1.49769461387068
2017,0.964331713398292,-0.0722287769147435,1.14230363747184
2018,1.08714250941878,-0.648706428857412,0.427833345248055
2019,0.216452225737576,-0.278680148965275,0.0244248897587921
