"Year","OPR","DPR","CCWM"
2015,1.15915092377775,-1.42560426317841,-0.0374114678654088
2016,1.05391849127302,-0.681359446399448,0.7084938783583
2017,0.57085595092597,-1.11740186042046,-0.335332002764293
2018,1.2141892834675,-0.598551059123279,0.54548010535704
2019,-0.154996130945544,-0.133784726989875,-0.306907941831527
