"Year","OPR","DPR","CCWM"
2015,-0.230126795014651,0.745667299375823,0.538299081605966
2016,-0.85741937804951,0.644056387933347,-0.486063057162986
