"Year","OPR","DPR","CCWM"
2015,-0.713597592821793,0.351872739000077,-0.580266802985502
2016,-0.564706526608692,0.304873157580721,-0.440235926523662
2017,1.00418988404079,-0.548588121716304,0.743940092701323
2018,1.27355535741332,0.689734678764695,1.27973364433561
2019,0.211221578341054,0.272482972994308,0.496526347200984
