"Year","OPR","DPR","CCWM"
2015,0.32218680588457,-0.107880674331779,0.320496859057981
2016,0.29823474287308,0.547478361779734,0.945732994450946
2017,0.53654935961585,1.04328214189544,1.65542124097709
2018,-0.824858229670852,-0.100780629116406,-0.643070580615501
2019,-1.28058298216365,1.17434196881517,-0.556390573716645
