"Year","OPR","DPR","CCWM"
2015,-0.5597548708667,0.315670472916732,-0.409662803912772
