"Year","OPR","DPR","CCWM"
2015,0.0688828030230167,-0.591674260132807,-0.583946691232133
2016,-1.29118121260852,0.61798689134811,-1.08620802940556
2017,-0.648486736609519,-0.104969314328573,-0.912693343794721
2018,-0.923033807028898,0.0209696149296102,-0.647782469739397
