"Year","OPR","DPR","CCWM"
2015,0.0330163573881565,-0.843369595723704,-0.922221022237214
2016,0.496221666889824,-0.154601944764554,0.500902741485431
2017,-0.00557847488161966,0.343080924817692,0.315934120729519
2018,1.74148026930893,-0.270765202536257,1.09800016306551
2019,0.01384419675052,1.01625528486941,0.899385564018838
2020,-0.0624578780042804,-1.42804022644204,-0.976724935142262
