"Year","OPR","DPR","CCWM"
2015,-0.474599715316796,-0.976510749567039,-1.77498807317645
2016,-0.28307582528767,-0.304256979323258,-0.680826212413447
2017,0.496456082951125,-1.90411179887141,-1.16922288690063
2018,1.15914546166925,2.66266528037173,2.25759603467743
2019,-0.157328425551505,-1.72425546879037,-1.6906795441521
