"Year","OPR","DPR","CCWM"
2015,-0.512506613902548,-1.07895187323789,-1.94480991023063
2016,-0.835049186874677,-0.462101920935614,-1.57003229767886
2017,-0.271780684153907,0.241213496212909,-0.114050638694077
2018,-0.0731070137861291,-0.00552910500136981,-0.055167618088028
2019,0.882085771307051,-0.760944020351932,0.424892224859999
