"Year","OPR","DPR","CCWM"
2015,0.47389002719336,-0.969968818098909,-0.459537020943835
2016,0.176782591631306,-0.342654019720249,-0.111051716772672
2017,0.758625845891283,-0.491890845502054,0.489111295661288
2018,0.332702576668645,-1.05810969656947,-0.330702705282725
2019,1.40948130274687,-0.880439010229294,0.970200469370408
