"Year","OPR","DPR","CCWM"
2015,-0.0631168060125745,0.177383719607178,0.116507735196622
2016,-1.0611480274546,0.669323363674805,-0.73017581475134
