"Year","OPR","DPR","CCWM"
2015,1.04250938519932,-0.875132674723671,0.433397843748188
2016,0.900695953241456,0.150539042002175,1.34323855302037
