"Year","OPR","DPR","CCWM"
2015,0.341488704107313,-1.05046799274655,-0.734486425614261
2016,-0.323830619014613,0.867555992389682,0.444913141221319
2017,0.737011958653154,-0.276452193126416,0.664772864415992
2018,-0.422729892639127,-1.18778828290997,-0.939722926257014
2019,-0.261000926224837,0.130206484325153,-0.208160249012255
2020,-0.689637162788375,-0.405271013561118,-0.927671094289851
