"Year","OPR","DPR","CCWM"
2007,-1.47138069480395,0.792385777714704,-0.358657250193678
2008,-0.20441230920916,0.989080266562551,0.627902611828028
