"Year","OPR","DPR","CCWM"
2015,-0.431153121367303,0.243633058592282,-0.314985610086154
2016,0.837639515194847,-0.818410807303819,0.284370599185361
2017,0.525534045070597,-0.23526919578615,0.438120803740223
2018,0.603255237581704,0.42253224149935,0.657641353884977
2019,-0.902440077982175,0.0622142136793062,-1.05660316766477
2020,0.495073969710273,-0.132474548333012,0.394285212682259
