"Year","OPR","DPR","CCWM"
2015,-0.158642016661214,0.344002793666219,0.175972851688277
2016,0.42558110587084,0.162816261648965,0.726983848016946
2017,1.32534017318962,-1.6591475465713,0.10165392441476
2018,1.17355727645139,-1.13602575773973,0.227821310536216
