"Year","OPR","DPR","CCWM"
2015,0.443108715085323,-0.938709594134641,-0.466114367120804
2016,-0.109864661502843,-0.353045172801311,-0.500769228273744
2017,0.820478049738277,-0.301737712400611,0.745726790031235
2018,0.300767818278783,0.510783489798868,0.489060826494499
2019,1.43848815474732,-1.40263523301053,0.552510091964126
2020,1.16693776696383,1.23138244586543,1.91979775365262
