"Year","OPR","DPR","CCWM"
2015,0.702496031560514,-1.23593946599717,-0.449490903267408
2016,0.388843341196861,-0.293867636784667,0.218634389618771
2017,0.136283380390346,-0.00989931232139253,0.16172536813664
2018,0.730778762139032,-0.923173508374117,0.0259894907308328
2019,0.169198194436013,-0.506618724055332,-0.231634042622493
