"Year","OPR","DPR","CCWM"
2015,-1.49365420832093,0.845677388640774,-1.08931494953163
2016,-1.0897324552916,-0.683656341993837,-2.13003647884452
2017,-1.01885845112698,0.89611893276733,-0.435225963395344
2018,-0.018200570837617,0.815524858461592,0.42497767201016
