"Year","OPR","DPR","CCWM"
2015,-0.79647089737958,0.66205000044679,-0.338624860752518
