"Year","OPR","DPR","CCWM"
2015,-0.451866003317178,1.74691873169839,1.38144213255799
2016,-0.366863728615325,0.427612606422499,-0.054912920213092
2017,1.11857451507427,0.819304670923794,2.17507028512348
2018,1.04492147611782,0.285978086997335,0.899654455325966
2019,0.445941221664478,0.139159920974953,0.669636698252107
