"Year","OPR","DPR","CCWM"
2015,-0.352207446210316,1.0918725722467,0.76721646913408
2016,0.0962957715254141,0.0711535993146176,0.199036994353768
2017,-0.290371267745058,0.267733498697744,-0.112420114909191
2018,0.464613765925751,-0.0835714135334813,0.286851654871988
2019,-0.350256514487025,1.04220648705636,0.473823917524987
2020,-1.34408358966755,0.341069532434513,-1.08237686595638
