"Year","OPR","DPR","CCWM"
2015,0.971100122367369,-1.53839732835947,-0.42615674622857
2016,0.0125696314735399,0.225972263977824,0.244116310048153
2017,0.421749657454797,0.283224974822371,0.795914002644485
2018,1.24316513403824,-0.294157034939817,0.729641822219732
2019,0.733223218837152,-0.085952495152537,0.827740086256942
