"Year","OPR","DPR","CCWM"
2015,0.403429645063564,-1.00563920655554,-0.597631235203577
2016,0.144946606418823,0.647079085720066,0.843188580845884
2017,0.457071814746429,-1.20133898385281,-0.557145956912593
2018,-0.135197202280605,-0.870749573712505,-0.564161448907742
2019,-0.279466175858771,-0.292121008814141,-0.597564382674111
