"Year","OPR","DPR","CCWM"
2015,-0.213877479669311,0.270792472983651,0.0157971081714766
2016,-1.01469877916507,0.170259965691982,-1.171125674743
2017,0.665582787511574,-1.17828035701731,-0.273748180257288
2018,-0.661568035601444,0.171812760024971,-0.380087066645258
2019,-1.21643609829612,1.70679852557144,-0.0151488945286528
2020,-0.375924406030606,-1.41586917501816,-1.27238422403741
