"Year","OPR","DPR","CCWM"
2015,-0.322655547758598,0.545657985517061,0.181197483669466
2016,-0.694261358001762,0.0452832765255292,-0.872975587122716
2018,-1.10226494912328,0.552932273700903,-0.490065681383877
2019,-1.91086149663961,1.51478629213217,-1.03647959269684
