"Year","OPR","DPR","CCWM"
2015,-0.805177776156692,0.757802582097079,-0.240757258912905
2016,-0.322887366661384,0.825959198551306,0.404285751424548
