"Year","OPR","DPR","CCWM"
2015,-1.35754922560124,2.51231688554379,1.01080607164675
2016,-1.58998870940142,2.80961203370235,0.724749706808167
2017,-1.66193551371902,-1.05019488832268,-3.07435174975132
2018,1.10351871027973,0.00692290593788092,0.791627802521146
2019,0.193989131255406,0.062116666527756,0.292671382053791
