"Year","OPR","DPR","CCWM"
2015,0.248525979528036,0.64324162964159,1.08081821983404
2016,0.637426278729754,-0.530498927217081,0.309312965219042
2017,0.337419602811978,-0.343961397674242,0.0997166094714281
2018,0.867682353462623,1.02136567128018,1.16804170347328
2019,1.15459866200358,0.734933313706288,2.05904185569912
