"Year","OPR","DPR","CCWM"
2015,-0.82558674718683,0.297207821062329,-0.797424028880609
2016,-0.640615248466031,-0.296639296229972,-1.14621016710871
2017,-0.642392983490184,0.695005344691245,-0.152044697086542
2018,0.979486191645191,0.81498096059799,1.13703169682045
2019,0.321664439086033,-0.456245672940106,-0.000260474130983889
