"Year","OPR","DPR","CCWM"
2015,-0.878322379088171,2.06874004923126,1.16265268703433
2016,-0.180264577789083,2.27690590306751,2.05365122636305
2017,1.15355865594246,0.983001629519101,2.37306214703127
2018,0.267528631312577,-1.10866961509584,-0.404389664335718
2019,-0.480487235786251,0.827227650473595,0.126898887316376
