"Year","OPR","DPR","CCWM"
2015,0.364155508261281,-0.584386099251411,-0.168409783637662
2016,0.404944179321958,-0.625124539406453,-0.0935384217413309
2017,-0.2650103999677,-0.449387890079586,-0.755603244917376
2018,1.66788083248927,-0.511542975153287,0.916142039747377
2019,1.02500975248875,-0.465382453232007,0.857403354832068
2020,0.877494293873627,0.119556803448599,0.926216552546436
