"Year","OPR","DPR","CCWM"
2015,-0.477471196039199,0.409881035695018,-0.188090874656037
2016,-0.49118041010451,0.838059748666741,0.193802468415432
2017,-0.674893755829288,0.620238637767001,-0.263211468087859
2018,0.413373594132374,-0.487201404931723,0.0334991685586807
2019,0.369206466771654,-0.801940803131492,-0.241895578448198
2020,-0.724434440696302,0.782464211813171,-0.199283843967056
