"Year","OPR","DPR","CCWM"
2015,-0.487288612494512,0.818369069100717,0.267103011272576
2016,1.27912038178133,-0.915934494279539,0.770307511848883
2017,0.528546127521356,-1.39380844352518,-0.648609397967392
2018,-1.26785339863905,-1.62494954545363,-1.77791411393218
2019,0.33093834103928,0.0674939562587141,0.46588150052718
