"Year","OPR","DPR","CCWM"
2015,0.360006984416037,-0.928452390162246,-0.568939698382392
2016,0.444762973247602,-1.06804167034312,-0.486738587916291
2017,-1.1309861543267,2.46690207247765,0.902595108496718
2018,-1.14742145948028,-0.359554436477992,-1.01235296138038
2019,-1.04811025557936,1.59801534328077,0.0975579432375901
