"Year","OPR","DPR","CCWM"
2015,-1.20706830628415,1.69156468660603,0.276518838498405
2016,-0.0373181586423153,0.226977547853099,0.179122873577144
2017,0.866554369503334,0.276503529498921,1.34784246605592
2018,0.224495609305368,0.0661107343061955,0.195793745916897
2019,0.390491616269431,-0.315426051285525,0.206708545218763
2020,0.548109608908681,-0.0425551208239738,0.503323376680429
