"Year","OPR","DPR","CCWM"
2015,-0.366167701700472,0.590244548652766,0.172357471511676
2016,0.279307089710851,-0.498872719443945,-0.132668744372311
2017,-0.119212360136366,-0.171049489616938,-0.310623865852227
2018,1.13362419208349,-0.28402488067785,0.65687124809801
2019,-0.261402601247365,0.0136359131295584,-0.30986515505864
