"Year","OPR","DPR","CCWM"
2015,-0.451819553940161,1.4405680335736,1.02997487389703
2016,-0.769915771421671,0.472685397903898,-0.542807672587062
2017,-1.44244847364966,0.42431465871772,-1.41095576786007
2018,-1.45860679997789,0.217838190473644,-0.924453278429011
