"Year","OPR","DPR","CCWM"
2015,-0.968366693104214,0.595094488886742,-0.65249510082883
