"Year","OPR","DPR","CCWM"
2015,-0.411256581460839,0.989478934082501,0.568294489927433
2016,0.280300882610659,0.848355891547238,1.22489773661065
2017,-0.55927005594071,0.768853885238121,0.0217915076419341
2018,-1.08994149856872,1.57954223885442,0.0700680914860252
2019,-0.718598103450747,-0.0277369030160227,-0.908450209854588
