"Year","OPR","DPR","CCWM"
2015,-0.484399255198579,0.546775821002061,-0.0405604662881099
2016,-1.47318791268566,0.521765435550489,-1.42388304186696
