"Year","OPR","DPR","CCWM"
2015,-0.690751453841027,-0.193182330972413,-1.17420234554566
2016,-0.43995352636874,1.54548227327673,0.973740103078271
