"Year","OPR","DPR","CCWM"
2015,-0.075518650027546,-2.32626978240131,-2.77348652615773
2016,-0.0648590067396775,0.171471965400717,0.086806846094249
2017,-0.216249316297501,0.0273631264145604,-0.245648819262713
2018,-0.789089051961497,-1.00949933416004,-1.10555351488344
