"Year","OPR","DPR","CCWM"
2015,-1.38812480358821,0.493774249777358,-1.34759429140332
2016,0.477586318945138,1.18395990518354,1.82377352561964
2017,-0.857454677105556,1.06967763866371,-0.0692875951554065
2018,-1.98319381797456,-1.27862497091651,-2.10267399677996
2019,-0.861447347437589,0.828433332998119,-0.340896283824759
