"Year","OPR","DPR","CCWM"
2015,0.00278811721868516,-1.29222260500211,-1.47895490007096
2016,-0.848666478511823,1.06647253037176,-0.0492370297001026
2017,-0.254404653912625,0.0319160171838194,-0.289250391746951
2019,-0.337032266394378,-1.68026419955576,-1.8736436787868
