"Year","OPR","DPR","CCWM"
2015,-0.492508141009668,0.449534275494631,-0.163325155351868
2016,-0.0593108306670394,0.486301203612221,0.411085310671727
2017,0.871267772765057,0.587088056360757,1.64610525013454
2018,1.20830747001141,1.22408527478188,1.52011664985873
2019,1.22764986796158,-1.28020013612318,0.399336877581193
