"Year","OPR","DPR","CCWM"
2015,0.730175622645212,-0.730893169145952,0.168209125234934
2016,-1.12888227451608,-0.466576628435964,-1.96330116026414
2017,0.0901280501936215,0.435859886750813,0.523382295247166
2018,1.40365500268344,0.617988006709791,1.33409337157662
2019,-0.614283786103469,0.459303678017379,-0.357206771955704
