"Year","OPR","DPR","CCWM"
2016,-1.16921123443125,0.242876108456494,-1.30245526723362
