"Year","OPR","DPR","CCWM"
2015,-0.691357338036143,0.482681525819388,-0.399497559960926
2016,-0.180360776768179,0.243736167166917,0.00673714711304877
2017,-0.230711376184198,0.0462085000454934,-0.246060742628649
2018,1.23753992465225,-0.253478736234363,0.747471476852733
2019,-0.343984252291546,0.731747587134293,0.211992026399241
