"Year","OPR","DPR","CCWM"
2015,-0.803046545198065,0.345186276016969,-0.711287318438835
2016,-1.74809848345798,-0.0823781438753884,-2.39580106048069
2017,-1.45124994729536,-0.742738800680266,-2.5205269172292
2019,-0.965403087870686,-0.219465181401528,-1.37865453237403
