"Year","OPR","DPR","CCWM"
2015,-1.19062166580672,1.47020172053872,0.0451887711593108
