"Year","OPR","DPR","CCWM"
2015,-0.798237599258958,1.08600144425984,0.145414719814375
2016,-1.92674772926779,0.773448615731029,-1.77060938170844
2017,-0.42406721612428,0.421117048553046,-0.135839177135794
2018,0.466250674300035,-0.271889071619146,0.186885510748103
2019,-0.136543177934822,0.16470858883567,-0.0250360240807927
