"Year","OPR","DPR","CCWM"
2015,-1.25856351061165,0.584519179111062,-1.06480442027741
