"Year","OPR","DPR","CCWM"
2015,-1.11784024916151,0.611877444868356,-0.839357396978969
2016,-0.573010251475191,-0.605957840145691,-1.36815365294401
