"Year","OPR","DPR","CCWM"
2015,1.06974049308366,-1.33735810426407,-0.0594455741180191
2016,0.457101290397049,-0.287012944843916,0.315845602839565
2017,0.845955450473311,-0.627006977169506,0.471532724132016
2018,1.30565187143295,-0.305551628416167,0.768137813721261
2019,-0.36257077168305,-0.0368094733173687,-0.478169744838889
