"Year","OPR","DPR","CCWM"
2015,1.54324456976962,-0.868656188813161,1.13133113890525
2016,0.637539976069609,0.123175722544584,0.967516002580304
2017,-0.0499606206572786,1.06957252301591,0.944064460751535
2018,-1.49463608063656,2.32336738077078,0.180583990011975
2019,-1.97804680580816,1.49082406493201,-1.13996838899407
2020,-1.38687240923343,1.09441116996649,-0.64044187634734
