"Year","OPR","DPR","CCWM"
2015,0.0714669025379186,-0.419068662237689,-0.382321802455582
2016,0.739542548818433,0.342008815995074,1.32277211289951
2017,-0.0198077982466903,0.930562964252629,0.851060965935743
2018,-0.897641007192359,-1.35607475642677,-1.36918566517129
2019,-0.843300976171132,0.364101639964284,-0.721712523966368
