"Year","OPR","DPR","CCWM"
2015,0.517102376756431,0.415737386417033,1.19012196995914
2016,0.251162244537307,0.431853444806654,0.767053083008473
2017,-0.973371220834268,1.64007185605883,0.322131565330266
2018,0.0915146744239232,0.586995347699322,0.380583679756095
2019,-1.4180681388173,1.10816490078728,-0.783048728211086
