"Year","OPR","DPR","CCWM"
2015,0.332419945403669,-0.472981687862905,-0.0843380155785206
2016,0.213071424882337,1.26714681150141,1.55754365274498
2017,1.12136847722357,-0.680090067265169,0.767225664051623
2018,1.48794750537914,1.16576004936801,1.68845579106268
2019,0.85429164136385,-0.9400241825986,0.235202856648512
2020,0.424743902310786,-1.54733084240294,-0.581601752935942
