"Year","OPR","DPR","CCWM"
2015,0.902024017818197,-1.40959797741714,-0.373616332245464
2016,1.49148271907409,-1.09710621647392,0.868894403032478
2017,1.07003912589726,-0.694013613559683,0.689698442504734
2018,0.705868341873222,2.20341650063098,1.68732032082346
2019,2.28341796415594,-0.292666063636651,2.5560660626078
