"Year","OPR","DPR","CCWM"
2015,-1.05781872152435,1.02775738946113,-0.279375232967418
2016,-0.416747344438319,1.1542810197122,0.610622392426711
2017,0.287532773857468,0.186840035943598,0.536738900170959
2018,-0.0170366353401929,0.519869669561188,0.267028835340996
2019,-1.03621835947917,0.137610053673916,-1.15578086820129
