"Year","OPR","DPR","CCWM"
2015,0.073408970290997,-1.0578328914325,-1.11261294122421
2016,0.533382702957824,-1.89206924800895,-1.19903421142052
2017,-0.700207952524157,-1.17300898723555,-1.98293145455377
2018,-0.179404340366089,-0.899368455555195,-0.611094849378898
2019,0.430685669707917,-1.50163841691421,-0.773735512259609
