"Year","OPR","DPR","CCWM"
2015,-0.127241218122524,-0.420541972829489,-0.658026068794965
2016,1.40860294834086,-0.896120940811014,0.961569341456401
2017,0.665338495355534,-0.947233293718456,-0.0565746587812362
2018,-1.31644228460913,1.712483528143,-0.020257625097401
2019,-0.0109771790856558,0.489027946697046,0.411081394121649
