"Year","OPR","DPR","CCWM"
2015,-0.739400822560392,-0.283964333918918,-1.34545917967265
2016,0.547855083943846,0.0561343867451327,0.781365524609262
2017,0.296519214880603,-0.817088741154502,-0.396961302474655
2018,0.717290677737318,0.385425468039474,0.719134428764297
2019,-0.908399742936653,-0.18799032715764,-1.28117380853803
2020,-0.845306252439027,-0.379218125351802,-1.06165904737625
