"Year","OPR","DPR","CCWM"
2015,-1.02639130036953,1.00681479038453,-0.260068796973772
2016,-0.326762472172692,0.597516199009475,0.169185696913285
2017,-1.70153506633932,1.12488328808088,-1.07669251665208
2018,0.000350602650142458,-0.54243330327784,-0.291060292507933
2019,-0.33305160088666,0.624781144047574,0.132574742212472
