"Year","OPR","DPR","CCWM"
2015,-0.991199928235407,1.25294744288465,0.0708915562576663
2016,-1.28083026559309,0.880002560346695,-0.808742408512518
2017,-1.16045771696454,-1.68909368948298,-3.04635163033294
2018,0.619265928703362,1.52825088957304,1.26289266216961
2019,0.0301871758059253,0.678838528454705,0.626541819299522
