"Year","OPR","DPR","CCWM"
2015,-0.127981494751912,-0.706520511336809,-0.987201556984358
2016,-0.5127223975318,1.22383753588397,0.553662248949071
2017,1.05147924199128,-0.600094256004131,0.754809202591638
2018,0.106946868221837,-0.478613867727997,-0.180676943461247
2019,0.639387763552878,-0.267310942600889,0.554796548377931
2020,0.608830535358766,-1.1964583818202,-0.178259798010086
