"Year","OPR","DPR","CCWM"
2015,-0.92577045402426,0.197422553064805,-1.05007653045967
2016,-0.331791877412297,1.81283245169825,1.38598717956268
2017,-1.37004656531802,1.68184605312566,-0.136397326763877
2018,-0.266214647417231,-0.706174160786984,-0.569323352726875
