"Year","OPR","DPR","CCWM"
2015,-1.09297796349584,0.949198545325335,-0.418003679222849
2016,-0.169634140258867,0.769709704322658,0.550425548956499
2017,-1.00291509511039,0.857940659198217,-0.451152613038922
2018,-1.67218274560731,-0.38427514521894,-1.40030746015802
