"Year","OPR","DPR","CCWM"
2015,-0.886907043263104,1.77525680174149,0.814048475196379
2016,-1.06190296099852,0.457468732796794,-0.944448168868643
