"Year","OPR","DPR","CCWM"
2015,-0.979283611794222,0.35057431380942,-0.948131286721421
2016,-1.19846749330258,0.424215612582232,-1.15860957141799
2017,0.0176801997200722,-0.282660628397678,-0.243873313464695
2018,-0.107618010845487,-0.119880447139531,-0.141220110147673
2019,-0.471068676203692,0.340605940574829,-0.284011499452604
