"Year","OPR","DPR","CCWM"
2015,-0.863356503511181,0.777947104958136,-0.297868872903875
2016,-1.10649126697214,0.80307039763462,-0.655525672786152
