"Year","OPR","DPR","CCWM"
2015,-0.849292023326776,1.05270731009595,0.0368075547284653
2016,-0.799385308701326,0.583699728498679,-0.470040334084795
2017,-1.99350795328603,1.45742118430695,-1.13012363159903
2018,-1.40912494841478,-0.790049857682268,-1.43040370786639
2019,0.110456386687025,-0.526408208174602,-0.321108627608331
2020,-0.0400681101252515,0.125424817335703,0.0416849368690292
