"Year","OPR","DPR","CCWM"
2015,-0.457103868600798,1.0526156824982,0.577520353149167
2016,-0.493450689104139,1.08093477540933,0.435300383020552
2017,2.02883791658914,-1.87081478541782,0.785345362894988
2018,1.70816589203966,-0.484603326630267,0.95937326249801
2019,-0.246482176656141,0.472460529570083,0.106864469751648
2020,-0.669284262644762,0.17159657455566,-0.537837575123053
