"Year","OPR","DPR","CCWM"
2015,-0.724441546183936,0.0361326138614584,-0.957525842581748
2016,0.236217602062964,-0.0989520849846851,0.212919574255179
2017,-0.655946620783239,-0.0200260614544756,-0.842100485631871
2018,-0.902767793064363,-0.508421025022602,-0.917618717219836
2019,-1.09617237565189,1.25360733826739,-0.260618248267542
