"Year","OPR","DPR","CCWM"
2015,-0.410965174969798,-0.131450413777494,-0.717547720099688
2016,0.132963453424175,-0.634844093808259,-0.463174872445749
2017,-0.0523113585432934,-1.35281943293513,-1.33903644125103
2018,-1.10039709811176,-1.11674064551887,-1.38542008198947
2019,-0.463635212554996,-0.0314587309016519,-0.597902562216991
