"Year","OPR","DPR","CCWM"
2015,0.173587611873555,-0.483228770232725,-0.315122268020981
2016,-0.941565566420505,0.581576571056359,-0.660293326819298
2017,-0.0179428107164568,0.410016051641947,0.363420912942874
2018,-0.839122016104612,-0.854123600139885,-1.05783331356269
2019,0.107587944318638,-2.00335454181287,-1.6069742718284
