"Year","OPR","DPR","CCWM"
2015,0.814114088711131,-1.49767636863376,-0.595910185027476
2016,-0.187967363743759,-0.548666144137048,-0.801036353960016
2017,1.32631776371822,-0.596910595124336,1.10274390802004
2018,1.41797820737302,0.303759209845196,1.1755653765945
2019,0.464550301402393,0.0702822959011118,0.63273670008165
