"Year","OPR","DPR","CCWM"
2015,-0.987899412519119,1.11027586070829,-0.0882699055070974
2016,-0.848447159731956,1.1625615632379,0.0477857311437973
2017,0.0119566073261289,1.39964745402268,1.33246724021877
2018,0.231282948658739,0.372563266192455,0.365218424767006
2019,-1.86718252494931,2.91764347807103,0.235284226842937
