"Year","OPR","DPR","CCWM"
2015,0.54428152586902,0.0904903282979464,0.854386849275135
2016,-0.552195285517558,1.22595471561683,0.503567886350438
2017,-0.393970403438402,0.416504730095229,-0.102407450218614
2018,0.676355450849523,0.928231651937344,0.981417643484156
2019,-0.266456702051075,-0.326063326574847,-0.611023700445165
