"Year","OPR","DPR","CCWM"
2015,-0.889771701867933,0.862028621729068,-0.237812927626215
2016,-1.23890291209733,0.902784044169832,-0.73033517457119
