"Year","OPR","DPR","CCWM"
2015,-0.14546862698398,1.23205238571718,1.21315781715267
2016,-2.06087896686042,1.57661085840138,-1.13953412693546
2017,-0.115398471029707,-0.264212524447131,-0.393529776757333
2018,0.139324162119031,1.41506275993075,0.859428291140587
2019,0.500617073462443,0.506714675593682,1.05604911415315
2020,-0.390115366943475,1.16392756720759,0.369126601194656
