"Year","OPR","DPR","CCWM"
2015,0.101874986271717,-0.268878145439996,-0.168049173421481
2016,0.22197690570921,-0.620509780973262,-0.33097278789091
2017,-0.372845117504309,-0.31008016526096,-0.759814291808302
2018,0.533521459019049,0.386527488130388,0.588515450122666
2019,-1.39932451444821,1.26052275435259,-0.627698909102294
2020,0.420693699779955,0.0352284064114126,0.429878878004651
