"Year","OPR","DPR","CCWM"
2007,-0.199861898937919,-0.324449183319657,-0.374993073706481
2008,-0.389496470533472,-0.129997992496921,-0.485487774954119
