"Year","OPR","DPR","CCWM"
2015,-0.843272281275277,0.718671259323417,-0.338191067976759
2016,-0.00346458163069944,0.90063598906415,0.902084046029222
2017,-0.658160286494164,0.256264179668095,-0.584812113768167
2018,0.289983313646745,-0.906271426909546,-0.279660312156236
2019,-1.16609645166967,-0.144948062301073,-1.56094657260867
