"Year","OPR","DPR","CCWM"
2015,-0.443849849629864,0.601339706372061,0.0779671484074104
2016,-0.549134378277246,0.106615196414329,-0.619218539888611
2017,-0.726147204094324,0.543503784317933,-0.399766492854559
2018,0.373658587817068,1.64624283855231,1.15089645258822
2019,-0.243825590255394,0.409084829861332,0.0551089339284975
