"Year","OPR","DPR","CCWM"
2015,-0.657765586405244,0.0601735834787365,-0.837994780812544
2016,-0.650350070776556,0.771576019417064,-0.0837204588147942
2017,-1.15680051173839,-0.567028123972496,-1.98558306308042
2019,-0.324858428810916,-0.713413401396839,-1.01920847202522
