"Year","OPR","DPR","CCWM"
2015,-0.129589693375065,-0.241500977999603,-0.455818591282582
2016,-1.54361787259469,1.84014863550146,-0.189854381172943
2017,-0.502574747692209,0.983579066929211,0.295063997561465
2018,-0.0303383975096041,-0.755976313758943,-0.427654190644251
2019,-0.663655953992642,-0.836747583139083,-1.54324455462654
