"Year","OPR","DPR","CCWM"
2015,-0.146010518568982,0.344765004642041,0.194266002623742
2016,-0.0836691946245927,0.688986990529515,0.582900553605998
2017,0.826783614171894,-1.23663423941917,-0.126359346446441
2018,-0.864372174378701,-1.19523963608271,-1.25905623533601
2019,-1.12491923616163,0.838738585808967,-0.656199874030779
