"Year","OPR","DPR","CCWM"
2015,0.444538216842968,-0.916021847208931,-0.438109382177753
2016,0.624900327824236,-0.54405512143795,0.279093164991707
2017,0.79578339705709,-1.19887655421848,-0.12972580611824
2018,0.948867466610267,-0.484908299140314,0.41707209750207
2019,1.38293982156688,-0.776018589183471,1.02819765344024
