"Year","OPR","DPR","CCWM"
2015,-0.984674489304885,0.275495747063388,-1.04171633261095
2016,-0.493275701798793,-0.425059537661532,-1.08054873858196
2017,-0.673654781008146,0.449614394661216,-0.422261776803382
2018,-0.250627969258749,0.0339524342180918,-0.160713855215001
2019,-0.491777443896654,-0.0881137421336608,-0.681726616032364
