"Year","OPR","DPR","CCWM"
2015,-0.491482008434129,0.759527279152229,0.193800640666155
2016,-1.31780878491585,2.31181124617614,0.583730275826855
2017,-0.480701826213377,0.562871644570032,-0.0734879827062028
2018,0.463064511925225,-0.394793774144552,0.118605348751629
2019,-0.435647656167349,0.866943295652529,0.216564782234886
2020,0.192784773604977,-0.890782581878537,-0.384908030488158
