"Year","OPR","DPR","CCWM"
2015,0.163865050985112,-0.697587225538941,-0.574501492117599
2016,-1.22461975865127,0.344254964375695,-1.27370724765783
