"Year","OPR","DPR","CCWM"
2015,-0.614953513469459,0.743238860470124,0.00484579898537921
2016,-0.848477652636406,1.24257659109899,0.128296311621701
2017,-1.60230566297065,1.00481064318303,-1.06517602093787
2018,-0.101089220651282,1.15482084897073,0.548012281413944
2019,-0.651902814846235,1.68410178401247,0.659907794425301
