"Year","OPR","DPR","CCWM"
2015,-0.0210716732234045,-0.5922817671516,-0.708688831192589
2016,0.261238691709935,0.144193535214527,0.49079851259574
2017,0.0904898733410156,-0.69147104310472,-0.537298348047727
2018,-0.659212678840686,-1.7877892329706,-1.43079809672924
2019,-0.903198320425954,1.27955472182377,-0.000599518077768246
