"Year","OPR","DPR","CCWM"
2015,0.679492589534463,-0.557326897559575,0.297482285845197
2016,0.80934083863478,-0.763151885175333,0.302558250259788
2017,-0.24558688516714,-0.655944474274194,-0.925653337138304
2018,-0.259357457472056,1.13384194662799,0.423742517137466
2019,0.385222147923941,-0.591116367345543,-0.0391403055768256
