"Year","OPR","DPR","CCWM"
2015,-0.779504698932985,0.116150823664767,-0.941637294202944
