"Year","OPR","DPR","CCWM"
2015,0.968472155266613,-1.48784693370217,-0.371775080163699
2016,0.443400249638182,-0.324389163141844,0.260091509074349
2017,1.39239923567515,-1.06398641174533,0.746030504017036
2018,0.930331799598966,-0.112365459513441,0.60390961821099
2019,0.117916319413272,-1.07344657863886,-0.786885285694973
