"Year","OPR","DPR","CCWM"
2015,-0.527212686422328,1.76441419850285,1.29761658564143
2016,0.455541976394784,-0.216501886171546,0.384765811675474
2017,2.20421817574768,-1.31339069795818,1.53015005821833
2018,-0.132889048757671,-1.4423515291821,-0.86948890793156
2019,1.28854375958846,-0.745543284713376,0.938485518566406
