"Year","OPR","DPR","CCWM"
2015,0.101734430711655,-1.1497931871194,-1.17907542305801
2016,-0.375465822976195,-1.08716591660718,-1.59121785003776
2017,-0.571944168913759,-0.0554219878416342,-0.769990126939309
2018,-0.91456948223279,0.359569719721313,-0.459895761668806
2019,-0.68645600101658,-0.261744768286729,-1.07206705843566
