"Year","OPR","DPR","CCWM"
2015,-0.30263279977782,0.20647483629953,-0.18039752671481
