"Year","OPR","DPR","CCWM"
2015,-0.964645432018974,0.516930174921033,-0.737055562267052
2016,-0.00792531893081207,0.615976709970865,0.609616369196251
2017,-0.108771996840584,0.176656986392098,0.029768750173471
2018,0.030624253229483,0.0868264822571543,0.0684953011814188
2019,0.0897179244761217,-0.312888855319014,-0.161246316961682
