"Year","OPR","DPR","CCWM"
2015,-1.29000902690125,1.16951941022561,-0.436890935060247
2016,-0.284958316176698,0.41974011222075,0.0455291348256149
2017,-0.481562208947613,0.202487164892696,-0.413790736985047
2018,-0.940305744426221,-0.338058757221844,-0.852928674645427
2019,-0.623214287970425,1.58748159091269,0.611325373401601
2020,-0.646112889641195,2.11660483451991,0.732550927684609
