"Year","OPR","DPR","CCWM"
2015,0.75000916801923,-0.00577816401716809,1.02761409737458
2016,0.559068103132989,0.750591790662902,1.49530972885142
2017,-0.632696297341681,0.193698349018101,-0.611745361709544
2018,-0.986175630620067,-1.20178666903121,-1.3495396768955
2019,-0.225231057138904,0.349840684062811,0.0265551507662716
