"Year","OPR","DPR","CCWM"
2015,-0.377445026078303,-0.266063315831732,-0.825789867153821
2016,-0.267088431389057,-0.126707342584898,-0.480934870669488
2017,-0.0733388572182106,0.147297836135355,0.0466041580356905
2018,-0.478350632973689,-0.0523174246929066,-0.36963805033516
2019,-0.187267099866808,0.563115089248389,0.258448990595348
2020,-0.758069299258631,0.817869930282337,-0.20912889825001
