"Year","OPR","DPR","CCWM"
2015,-1.22065866612598,2.36990742686681,1.03616281685571
