"Year","OPR","DPR","CCWM"
2015,-1.10284909463174,0.742293757502298,-0.66903484342304
