"Year","OPR","DPR","CCWM"
2015,-1.24361658374942,0.854866080471685,-0.733975298103791
2016,-0.724722214206495,0.845043884485879,-0.108160716033157
2017,-1.49064449811303,0.749148451596753,-1.16568476901518
2018,-0.689124220885769,0.295872219015418,-0.33313671709013
2019,0.208473660152738,0.515594801915948,0.704222558131037
2020,-1.05794572951413,-0.863393120253608,-1.57817272118453
