"Year","OPR","DPR","CCWM"
2015,-2.07421949023093,1.3545156407758,-1.306018633844
2016,0.48327831432683,-1.36943774528429,-0.739194437262915
2017,0.54682600993627,0.404510492843917,1.06705565080675
2018,1.83558482386289,0.846130908240761,1.76501310631081
2019,-0.489965003032924,-0.350986455896352,-0.9077311834948
