"Year","OPR","DPR","CCWM"
2015,0.0262853842283999,0.592724920981265,0.716386922203372
