"Year","OPR","DPR","CCWM"
2015,0.710602695179613,-1.18064807260259,-0.374866240761198
2016,-0.862228797228573,-0.0345329331897766,-1.17556043852727
2017,-1.87706102927612,1.52934752502702,-0.916273244119936
