"Year","OPR","DPR","CCWM"
2015,-0.254884060694056,1.51826952382929,1.39070504470984
2016,-0.999815349938945,0.481803368852843,-0.8378037809567
