"Year","OPR","DPR","CCWM"
2015,-0.611832239596496,0.15850662997405,-0.66181860317852
