"Year","OPR","DPR","CCWM"
2015,-0.483687654514668,0.750334428250826,0.194000252482467
2016,-0.396437139594276,1.0221207162571,0.504448942736236
