"Year","OPR","DPR","CCWM"
2015,-0.0335675658337275,0.946935637110801,1.04030088445418
