"Year","OPR","DPR","CCWM"
2018,0.277542972748806,0.535247719377023,0.485616709530764
