"Year","OPR","DPR","CCWM"
2016,0.312977547823414,-0.511126366061879,-0.100455806326815
2017,1.98910200056316,-0.37699619024145,2.14157701397756
2018,0.943976706232762,0.042575460907666,0.696862163070866
2019,1.57172360690354,-0.363982014123268,1.61827536668015
2020,1.09343425861416,-0.158921141642223,0.95659207170718
