"Year","OPR","DPR","CCWM"
2015,-0.854657725342236,1.43445603672825,0.467457425943221
2016,-1.05664487886564,1.81207268318578,0.426185036127242
