"Year","OPR","DPR","CCWM"
2016,1.30326336851727,-0.680824635414314,1.03893507078034
2017,-0.029671714195516,-1.35540878585767,-1.31305970677671
2018,-0.228662774714211,-0.21968255166036,-0.281243935925851
2019,-0.77098644867513,0.0752843960270063,-0.883477145580308
