"Year","OPR","DPR","CCWM"
2016,0.00208849397790025,-0.49600542666886,-0.496564160032161
