"Year","OPR","DPR","CCWM"
2016,2.00038684281814,-1.30481686628358,1.33311262988549
2017,0.974108082846387,-0.899639166920139,0.375748176072297
2018,1.35291071988015,0.496894224980487,1.23282936211071
2019,0.281380794633212,-0.553176043417974,-0.133995234960731
2020,-3.22412958273678,4.46742526080962,-0.254906258823644
