"Year","OPR","DPR","CCWM"
2016,-1.14507244737635,0.888075544672953,-0.620997130614015
2017,-0.581184936786641,1.25234777654697,0.44939051267671
2018,-0.641514827804347,0.903698038246437,0.0272855722501905
2019,0.190468845692601,-0.318438177845608,-0.0420717576631059
