"Year","OPR","DPR","CCWM"
2016,0.306415184259223,-0.0827492076850015,0.322107868246199
2017,1.25871647319578,-0.657340250578703,0.961019177595878
2018,0.646408181625852,0.295153782913349,0.620044606024718
2019,-0.729336540190233,0.750500624194475,-0.245973315797235
