"Year","OPR","DPR","CCWM"
2016,-0.344391392653109,0.179646300961879,-0.274807308703572
