"Year","OPR","DPR","CCWM"
2016,-0.616491099258326,0.530745054346965,-0.281366307724119
2017,-0.575821055369717,-0.510885691867833,-1.20357499592376
2018,-2.11901159308687,0.380640997146039,-1.3085485350997
2019,-1.52749245750464,0.351421417725953,-1.57474628486972
