"Year","OPR","DPR","CCWM"
2016,-0.53793427092724,-0.0851201669692616,-0.797419423266505
2017,-0.859211075102798,0.854071663602281,-0.27443769959701
2018,-0.25999467869307,0.948281248004563,0.323633258456285
2019,0.0852082523375979,0.0543300979423831,0.152035794000718
