"Year","OPR","DPR","CCWM"
2016,-0.755515138148797,-0.351196867574044,-1.35315468759542
