"Year","OPR","DPR","CCWM"
2016,-0.160391074973348,0.228173785172633,0.0174920161160267
2017,-0.235858589555519,-0.489702153056954,-0.756963097963264
2018,-0.0995912522666712,-0.884745658991995,-0.546255395513547
2019,0.799887477473648,-0.558569049982282,0.499440892591577
