"Year","OPR","DPR","CCWM"
2016,0.0241172795123405,-0.541775676055567,-0.513495145239438
2017,-0.987480501055399,0.670546001970837,-0.608172277407424
2018,0.0632275459797916,0.244331326519966,0.176361031672452
2019,-0.847161335660077,-0.0831436807833727,-1.11477714799887
