"Year","OPR","DPR","CCWM"
2016,0.603070570239209,0.35967273550111,1.15999122052306
2017,1.177892446087,-0.0604683866658049,1.42140433914504
2018,0.715912928165889,0.493043893094186,0.775946562214632
2019,0.571507125682024,-0.225323736975331,0.507711582224062
