"Year","OPR","DPR","CCWM"
2016,-0.365662497626411,0.773216065613747,0.294594525562351
2017,0.866784799965275,-1.04963295360076,0.0998651038675744
2018,0.881475686933255,1.3874303443835,1.37448299706913
2019,-1.83468260400256,2.23070199657394,-0.32114476972096
2020,-1.10536389935225,-0.0645928062496659,-1.11155223260126
