"Year","OPR","DPR","CCWM"
2016,-1.25340431530263,0.672886340506323,-0.980959100048208
2017,-1.62768040818681,1.46102233880768,-0.667599544561095
