"Year","OPR","DPR","CCWM"
2016,-0.946021943772403,1.24762213005045,0.00431690667904785
2017,-1.25275474627519,1.57589900384516,-0.0889153220171295
2018,-0.826965723787642,-0.399675358880754,-0.805094987136977
2019,-1.58658755157727,0.895522019745001,-1.17506692905561
