"Year","OPR","DPR","CCWM"
2016,0.444734296325374,-1.61097688052749,-1.03334802452076
2017,-0.273587569246817,0.696278967679043,0.312025924916264
2018,-0.65186530970412,-0.847288090224618,-0.920461472593714
2019,-0.907808037321341,3.17138092803146,1.63627580964694
