"Year","OPR","DPR","CCWM"
2016,0.0949550369013103,-0.976320317806882,-0.857226229999149
2017,0.752192796886744,-0.884202836129935,0.11176178087531
2018,-0.831629840860114,-1.32092381958892,-1.30317623539111
2019,-0.465724185102826,-0.278269825734791,-0.814763292799398
