"Year","OPR","DPR","CCWM"
2016,0.223400048341112,-0.477064025888721,-0.184683382040363
2017,0.522555852578667,-0.0688998762758899,0.590983218189179
2018,0.365237226317075,-0.890450368284278,-0.217432579765058
2019,0.745503817124819,-0.795851231835446,0.226495190924506
2020,-0.445576246901624,1.24277426792202,0.366024271517335
