"Year","OPR","DPR","CCWM"
2016,1.29281226005693,-1.056123124253,0.647295401925814
2017,1.49211402388566,-0.85917733776758,1.06396104975984
2018,0.242636383562279,-0.984854280693984,-0.355668375003715
2019,0.2225117037382,-1.0250035240617,-0.6161013676179
