"Year","OPR","DPR","CCWM"
2016,-0.346477624007599,-1.52731632923892,-1.99596249323968
2017,-1.20700858319197,0.40395474028798,-1.13462970187308
2018,-0.642154823605769,-0.240923122508857,-0.587883459996372
2019,0.191044673373243,0.198124535105347,0.407134380386665
