"Year","OPR","DPR","CCWM"
2016,0.271294954056229,-0.907462015884528,-0.554595232517779
2017,-0.513194294170713,-0.112972064521097,-0.750426462017635
2018,-1.45588274505998,-0.420287901033983,-1.26521018161811
2019,-0.345867300772076,-0.849961682686539,-1.16361968468627
