"Year","OPR","DPR","CCWM"
2016,0.430623011164283,0.327210918042478,0.899150365916082
2017,-0.717530821804162,0.604756979043462,-0.331295997825541
2018,-0.123559307477195,0.803897817029985,0.343507534806563
2019,-1.27107132697018,1.49867960794168,-0.263083650760425
2020,-0.613117876674836,0.212420415845862,-0.457269229478142
