"Year","OPR","DPR","CCWM"
2016,-0.400964304939776,0.154687479132308,-0.374783684495995
2017,-0.563028524022211,1.8875445458618,1.07007625028126
2018,-1.10219280212024,-0.570980840536444,-1.09360511040907
2019,-0.606535724038846,0.548198293755003,-0.270489990162388
