"Year","OPR","DPR","CCWM"
2016,-0.109262975774053,-0.222858429497806,-0.36891448766407
2017,-0.424708291474661,0.469398938187145,-0.0911969563773106
2018,-1.55411374521509,0.0232371523374951,-1.09715436962372
2019,-0.128467777790908,0.768546047768642,0.509174656763323
