"Year","OPR","DPR","CCWM"
2016,0.649044857739484,-0.729287784392666,0.124565018363425
2017,-0.468367172268382,0.245589621845448,-0.356658707733576
2018,-0.341475797304573,0.0824148409834406,-0.199552550572424
2019,-0.964978837244454,0.891170619589145,-0.413840294795661
