"Year","OPR","DPR","CCWM"
2016,-0.320026037171466,1.28756095251948,0.872764825760539
2017,-0.912291116793858,-0.640635064597359,-1.74799464261796
