"Year","OPR","DPR","CCWM"
2016,-0.835970287389714,0.28418703889129,-0.819963788598741
2017,-1.17529021978171,0.401511745106011,-1.09712089455742
2018,-1.76085238131856,-1.15463740057545,-1.8773359102105
2019,-0.150766546198781,-0.763152965732108,-0.848141758630921
