"Year","OPR","DPR","CCWM"
2016,-0.901904562899115,-1.10026616061789,-2.30092551232114
2017,1.19708159017627,-1.39062493591365,0.193437231251188
2018,0.278069394587605,-0.651422058011257,-0.151301465905679
2019,1.07133262681639,0.117220079549254,1.42024774593474
2020,0.870767249827088,0.322727437620572,1.05006240888239
