"Year","OPR","DPR","CCWM"
2016,-1.25145950228567,2.27786726153568,0.637344249785087
2017,-1.61117098667258,1.54725584200777,-0.565709355929466
2018,-0.0408725509426196,0.896529197194637,0.452292833517294
2019,-0.0319747184109001,1.25999592078475,1.05462088655379
