"Year","OPR","DPR","CCWM"
2016,2.41921757025315,-1.89251781781937,1.29562142949495
2017,1.64713042326382,-1.23586007713068,0.9039512928179
2018,1.38922560105744,0.810700750848049,1.42728605923668
2019,1.19042719290505,-0.769531193126113,0.79690778290939
2020,1.35186052956884,0.710100767825793,1.7643576386569
