"Year","OPR","DPR","CCWM"
2016,0.0480127202768576,-0.416024771586204,-0.355286490180313
2017,0.435536857710458,-0.897733528459122,-0.298395623618219
