"Year","OPR","DPR","CCWM"
2016,-0.239516651198602,-0.835094833370077,-1.15758713098399
2017,-0.774129053320967,1.34385383970099,0.293367548525736
2018,-0.995249331596822,0.4892268248396,-0.447869406714621
2019,0.111432177824511,-0.834188392371859,-0.587133054560598
