"Year","OPR","DPR","CCWM"
2016,-0.0651439302556937,0.086853120117605,0.00124429370480515
2017,-0.250213989707857,0.654440851014994,0.301979689320775
2018,0.132946403953833,1.2449701547018,0.76352735066811
2019,-0.100465151438277,0.737251858681755,0.516466386712967
