"Year","OPR","DPR","CCWM"
2016,0.721617525008401,-0.969355804236837,-0.0210915242603761
2017,0.545127473214951,-0.301522908795823,0.400348335432916
