"Year","OPR","DPR","CCWM"
2016,0.919465381380361,-0.685532811877555,0.526400568121541
2017,0.571456998774801,-0.366815190142999,0.371935029753276
2018,0.963602131673665,-0.207068810935272,0.576804681992986
2019,0.75022264214236,-1.55876696408067,-0.430087042202836
