"Year","OPR","DPR","CCWM"
2016,0.465309210927483,0.194386289181595,0.811328708636468
2017,-1.07951468685883,0.633860060774262,-0.758212184023762
2018,0.321754121462738,-0.258080544104042,0.0911310831426978
2019,-1.13680661527533,0.44235553785512,-1.01498286183523
