"Year","OPR","DPR","CCWM"
2016,0.309195754501116,-1.89204960782511,-1.49563132928011
2017,0.486362999881055,0.0353478450202483,0.643685487447797
2019,0.425444436736601,0.361898139840246,0.837800573417704
