"Year","OPR","DPR","CCWM"
2016,-0.208016110061261,0.732685897733939,0.462371425197772
2017,-1.58547619434604,1.43159713691424,-0.642328226305519
2018,-0.231570480096048,0.855561132146922,0.29413327877016
2019,-1.28051471971807,1.44149651062096,-0.324353822396277
2020,-0.7003186640003,-0.183137992870638,-0.795486920997813
