"Year","OPR","DPR","CCWM"
2016,-2.57183948080094,2.43248169652471,-0.953971906494203
2017,-0.646881179986097,0.716113499983182,-0.137808941720882
2018,-0.00882621017145828,-0.744570228369403,-0.406168965674769
2019,-0.195778942216602,1.09293120698722,0.707978128164611
