"Year","OPR","DPR","CCWM"
2016,0.261604720009372,0.934578670377905,1.28696150142092
2017,-1.45865987797084,1.62187384207931,-0.304062757303181
2018,-1.61773011136167,-0.291091702480959,-1.31138477978909
2019,1.20418460264585,0.381339377253078,1.81306415021009
2020,-0.0637162434005846,-0.542347271651402,-0.409664858686458
