"Year","OPR","DPR","CCWM"
2016,-1.14054521366865,0.995008750798765,-0.507357859322998
2017,-1.28304108366622,1.80551245306082,0.0892042897039991
2018,-1.78402266523262,2.3401405334691,-0.0170294623758335
