"Year","OPR","DPR","CCWM"
2016,-0.242747645190956,-1.10872101142268,-1.43732076636786
2017,-0.43550598693168,0.763785820191596,0.172351986870842
2018,0.479008714620137,-0.535801345954737,0.0542621850186589
2019,0.265567776711647,0.307394785381535,0.593721044997116
