"Year","OPR","DPR","CCWM"
2016,-0.313529351905712,-0.183003282454955,-0.599052824887927
2017,-0.380316539106301,-0.347519677588418,-0.804432438374756
