"Year","OPR","DPR","CCWM"
2016,0.456658223002119,-2.25685373017745,-1.66777431707066
2017,0.326804565241854,-0.220572817251235,0.202537412139141
2018,0.2271446533444,0.359944379536161,0.355486792128334
2019,0.856900219166477,-0.749701850010946,0.4036575757153
