"Year","OPR","DPR","CCWM"
2016,0.534909845388861,-0.0387449530588775,0.668723170224711
2017,0.194599188101768,0.685591644186681,0.889567181719085
