"Year","OPR","DPR","CCWM"
2016,1.2336639807288,-0.386968498046685,1.24267385606998
2017,0.447141671637133,0.143100579335213,0.695886048343608
2018,0.382238627164035,-0.140207201196219,0.197620072252915
2019,1.33938976541817,-1.03425878826708,0.750388238725611
2020,0.341720687311041,-0.153852137000572,0.232106861749576
