"Year","OPR","DPR","CCWM"
2016,-0.819954836599523,0.274894857632678,-0.808128508216197
2017,0.177527294332463,-0.133343845620872,0.0972928811950151
2018,-0.207694520569519,0.599072659438,0.173435031637007
