"Year","OPR","DPR","CCWM"
2016,-0.949540083304969,0.346454487891867,-0.90754104010527
2017,-1.07210049150256,1.55881905747519,0.121739027190454
2018,-1.42959554152831,-0.940324717669753,-1.52572389726947
2019,-1.17096380441315,0.0710614226619,-1.37938990365758
