"Year","OPR","DPR","CCWM"
2016,0.374532336306623,0.221544436221602,0.718563832025904
2017,-0.387916403944354,1.078498206318,0.528312290706281
