"Year","OPR","DPR","CCWM"
2016,-1.13201266520048,0.913304964291644,-0.578319623500318
