"Year","OPR","DPR","CCWM"
2016,0.276234142617165,0.0282958035990469,0.393964716928718
2017,0.0788753718161893,-0.491990307358806,-0.364107858702649
2018,-0.163804430936923,-0.701122497362167,-0.493489720505123
2019,-0.392679220010877,0.147544319972221,-0.355161477551692
