"Year","OPR","DPR","CCWM"
2016,-0.875643881876809,0.859646741655724,-0.293141242343131
