"Year","OPR","DPR","CCWM"
2016,-1.27882063161294,0.392904229845182,-1.2964441554467
2017,-0.535887128694976,0.641862057443425,-0.0683965337057676
2018,0.732263876182769,2.60478528253091,1.92171942212666
2019,-0.654075930895486,0.0853251314692725,-0.730879385954483
2020,-1.20110396234305,1.1428376627993,-0.429527128481344
