"Year","OPR","DPR","CCWM"
2007,0.807505526320069,0.304160360182697,0.754892990522246
