"Year","OPR","DPR","CCWM"
2016,-0.773236276602053,0.46115596650742,-0.558807610234124
