"Year","OPR","DPR","CCWM"
2016,-1.88157069911714,1.24428912980183,-1.23684268523402
2017,-1.0118945589098,-0.291080613879377,-1.54397380273618
2018,-2.04167294296206,0.0939355732576551,-1.40730237674301
2019,-0.533876363867058,0.973154318959753,0.187892217131853
