"Year","OPR","DPR","CCWM"
2016,-0.729062142555576,0.294645613680584,-0.667987320042828
2017,-0.776348757712373,0.939561779138228,-0.0899705865753781
2018,-1.61467057720439,-0.222862709532754,-1.27255829899739
2019,-0.412028327127032,0.0896356448722981,-0.429252437172276
