"Year","OPR","DPR","CCWM"
2016,1.50290633328734,-1.47476436223352,0.503821244733412
2017,0.522586532071395,-0.196319768615017,0.471083847964255
2018,0.433742219522749,-1.10571995410829,-0.284129435155443
2019,0.0244215420638576,0.138034473452485,0.149901498422987
