"Year","OPR","DPR","CCWM"
2016,-0.78022905381642,0.694936266195998,-0.332713569187611
2017,-0.876348512249905,-0.389478125130119,-1.46647546958765
2018,-0.601585534689075,0.302579490164185,-0.267032189891937
