"Year","OPR","DPR","CCWM"
2016,1.33484067707532,0.287116278750191,2.05513797863378
2017,0.94576430815464,-0.419912133702208,0.79173288292748
2018,2.06286282888293,1.79885731660979,2.43894522082143
2019,1.54215435507868,-0.509329726153417,1.45568905312134
