"Year","OPR","DPR","CCWM"
2016,0.81744561178123,-0.051894944628505,1.02930205235522
2017,0.857070324747619,-1.15340657720136,-0.0100072157615887
2018,0.892863190886839,0.422211223070089,0.864248385189705
2019,-0.288933201329862,-0.255065721874272,-0.577042639348943
2020,0.421208423783833,-0.105601469967343,0.340017920740921
