"Year","OPR","DPR","CCWM"
2016,0.301779083911728,-1.18382676971325,-0.792478035981641
2017,0.266444250090768,-0.619475611874241,-0.248697686965458
2018,2.32591934740286,0.486978658743125,1.92223025413305
2019,0.437747748885479,-1.1359989212084,-0.447583557017764
2020,0.687935036861239,0.768345019375083,1.15897879839021
