"Year","OPR","DPR","CCWM"
2016,-0.459064612918727,1.97262000635513,1.37845310811697
2017,-0.423476990017812,1.83143823074658,1.19240958116289
2018,0.433789238035129,0.507735590343258,0.582400966834014
2019,-1.70523055663961,0.972567056243412,-1.25418597929087
2020,-0.882639027556198,-0.412093389206621,-1.11889451606111
