"Year","OPR","DPR","CCWM"
2016,-1.05439332510185,-0.129069430815319,-1.52497880954885
2017,-1.15194748687624,0.285666027072116,-1.17686776502966
2018,0.343141532108355,0.918422281940455,0.738235584519937
2019,-1.16917383789367,1.17673192021356,-0.417205946539811
