"Year","OPR","DPR","CCWM"
2016,-1.20453695430232,-0.697525971496783,-2.29589434246603
2017,-0.500806602506653,1.84430480560042,1.10746757379024
2018,-0.47499364143073,0.086476608069624,-0.292702645143488
2019,-0.0205016017557413,-0.236882263055722,-0.230900329062123
