"Year","OPR","DPR","CCWM"
2016,1.16491367264408,-1.03104693893491,0.50331968660646
2017,0.802614234102006,-0.710742739242898,0.338318181133752
2018,0.338758721377636,0.569041101385853,0.547473154918692
2019,0.826226605670769,-0.196453671322221,0.846257068150667
