"Year","OPR","DPR","CCWM"
2016,-0.357899546968431,0.165413261681949,-0.307008019160437
2017,-1.05105460745186,0.486618787946654,-0.861088520535363
2018,0.210088693827826,-2.48891554044475,-1.18665462514671
2019,-2.01263166405452,0.675924275032074,-1.89005542786483
