"Year","OPR","DPR","CCWM"
2016,-0.54434364849793,0.496522484959215,-0.220361353813432
2017,-0.209691910608561,0.405506092145021,0.118519741758281
