"Year","OPR","DPR","CCWM"
2016,0.58848245755246,-0.212005698754393,0.565182779661924
2017,-1.05044999090459,0.235129233947152,-1.09705193462914
2018,-0.14417250925253,-0.125673981030715,-0.170431323809304
2019,-1.18074030488418,0.425356478597431,-1.08381057177737
2020,-0.0729198434782015,1.23634249296663,0.722668002774671
