"Year","OPR","DPR","CCWM"
2016,-2.14228755033765,1.2128008953029,-1.61349062250274
2018,0.0319779575589281,-0.047411185483341,-0.00262970857572923
2019,0.33308282933073,0.207800078456542,0.590339281104273
