"Year","OPR","DPR","CCWM"
2016,-0.744766702886241,0.513834558340188,-0.468108730291139
