"Year","OPR","DPR","CCWM"
2016,-0.836428814981375,0.865255898172202,-0.235609914192416
2017,-0.0686832305441602,0.676641733617994,0.550708384312608
2018,-1.30025864585289,-0.192239211746442,-1.03162271189825
2019,-0.0487910171145801,0.812952133058804,0.64578655725722
2020,-0.242767317785727,1.94800080746855,1.01485203397192
