"Year","OPR","DPR","CCWM"
2016,-0.39534594141622,1.86902458144661,1.358468649827
2018,-3.13298017395543,-1.27646105032594,-2.92245676822332
