"Year","OPR","DPR","CCWM"
2016,-0.349369627846004,0.385479925402628,-0.0741817176693987
2017,-0.0759766105000175,0.182515006618611,0.0764428674612469
2018,0.393754085984695,-0.0439637233198222,0.257529079099333
2019,-0.374141485172686,0.707625021543289,0.153933925726776
