"Year","OPR","DPR","CCWM"
2016,-0.944463722424163,0.413407440065805,-0.833423250498454
2017,-0.732470404127214,-0.36735958102169,-1.26508049827534
2018,-1.06877918719518,0.739940868389764,-0.365725053858607
2019,-1.70470243236788,0.959717173124334,-1.26469273406742
