"Year","OPR","DPR","CCWM"
2016,-0.595944529209897,1.25710412182373,0.477042238786755
2017,-1.13568431671456,1.426791921014,-0.0823368766322002
