"Year","OPR","DPR","CCWM"
2016,-0.989862653123603,-0.428485642560562,-1.74102121553262
2017,-1.58262981013614,0.210424023396773,-1.78822243249002
