"Year","OPR","DPR","CCWM"
2016,0.661876261503228,0.0995003890060444,0.975880916018947
2017,-0.972279105983879,-0.0317785240595969,-1.25017812380682
2018,0.881458863208836,-1.55618528318158,-0.206380511917658
2019,-0.735286482349128,-0.347306000314438,-1.20644920907151
