"Year","OPR","DPR","CCWM"
2016,0.585858020313721,-0.302320661976439,0.470790599965352
2017,-0.697743272988141,-1.2796888829728,-2.08025385941922
2018,1.21534092550381,0.978537250182846,1.39326839587969
2019,0.151515044540926,0.347486200689745,0.488166773715459
