"Year","OPR","DPR","CCWM"
2016,0.310506318071529,-0.484704984473159,-0.0771270991924909
2017,0.655219998300091,-1.78495826759689,-0.857808227816062
2018,-0.939782369763402,0.717596838498125,-0.285621344200364
2019,0.353753121987547,0.190938961649283,0.601138504891682
