"Year","OPR","DPR","CCWM"
2016,-0.502846681935518,1.48617618193569,0.830824241635403
2017,-0.611530386681635,2.23575736031303,1.33696962460717
2018,0.354594929310624,-0.801121731344024,-0.177057735873725
2019,-1.57783739043763,0.646341448064734,-1.38064535892178
