"Year","OPR","DPR","CCWM"
2016,-0.33966262036558,-0.578602169923746,-1.03187757919427
2017,-1.39220530345289,0.681942748474306,-1.1053974026915
