"Year","OPR","DPR","CCWM"
2016,-1.18892593710945,0.366975652475529,-1.20360866755872
2017,-1.6918493567136,2.65530190986693,0.376016983034579
