"Year","OPR","DPR","CCWM"
2016,-0.166713298274322,0.187835507491878,-0.0314812219391376
2017,0.647600975738459,-0.0806030244762163,0.736906018130945
2018,-0.0610151131560655,-0.000836468369095236,-0.0440138750599885
2019,-1.03337922628732,0.0319535333665276,-1.24402140587249
