"Year","OPR","DPR","CCWM"
2016,-0.75615003554852,2.46655645905365,1.48263039858713
2017,0.466010171997904,1.68432968023492,2.17029616747764
2018,-0.634153525591744,0.862025411363461,0.0101614859090165
