"Year","OPR","DPR","CCWM"
2016,0.484761632705244,-0.497065798681513,0.140982728325506
2017,0.427488363455424,0.045288622584751,0.579151529121866
2018,-0.276640215468342,-1.06586817128763,-0.769938742366962
2019,0.624674536029298,-0.937361320891764,-0.0450715376054059
