"Year","OPR","DPR","CCWM"
2016,0.184160558269129,-0.0970572182429456,0.14595158609567
2017,0.537498015362737,-1.00404492704202,-0.270497426394339
2018,-1.06265036988528,-1.15802932503588,-1.3806428452856
2019,0.433223560007224,-0.0856666587978561,0.458783107339166
