"Year","OPR","DPR","CCWM"
2017,-0.73614437704964,0.707741249763138,-0.257719971278514
2018,-0.321531940193529,1.71729108164908,0.692688008959538
