"Year","OPR","DPR","CCWM"
2016,-0.691331285336622,0.468282229957014,-0.443266901271839
2017,-0.622723093729129,0.828180003361856,-0.00200314119693941
2018,-0.101050052665009,-0.448499477461848,-0.313013524253688
2019,-0.963115879762328,0.926761422572943,-0.380646423921586
