"Year","OPR","DPR","CCWM"
2016,-0.00131862036279812,-0.735753765435433,-0.742426081810061
2017,0.594836308978505,-1.07225241537978,-0.262736991136551
2018,1.16325996483874,-0.426371318701137,0.601584804591861
2019,1.18248943353344,-0.0263634171692827,1.43238266765721
2020,0.471151100716224,0.165273706149706,0.562166598732063
