"Year","OPR","DPR","CCWM"
2016,0.0761071011114381,-0.545024210618824,-0.447978831259935
2017,-0.522399499746183,1.04020865253342,0.323487136625055
2018,0.123166757840969,0.647305178121734,0.435572237154465
2019,0.711338911656947,-0.566784328056348,0.383332693333392
