"Year","OPR","DPR","CCWM"
2016,-0.985685474045502,-0.813745820826363,-2.12333492178963
2017,-1.56298018856527,1.87327961912764,-0.19834729981978
2018,-0.475714384183973,1.65372500301637,0.54846429856101
2019,-1.41574609675987,1.67546947673481,-0.28763772302782
2020,-0.370491697731471,0.366804064120835,-0.123326003968722
