"Year","OPR","DPR","CCWM"
2016,-0.76951792772642,1.07975626157358,0.0688553997624279
2017,-1.68118765301899,0.962396800912445,-1.20410073557717
2018,-0.759963667898076,-0.242890478452389,-0.673055268880979
2019,-0.642606612413663,0.427155855846931,-0.419975098721813
