"Year","OPR","DPR","CCWM"
2016,-0.745442372327649,0.657740239734402,-0.324133210532228
2017,-0.722166962868226,-0.617319368928363,-1.48743139617897
2018,-0.844852915466397,-0.777335731557657,-1.02068668875907
2019,-0.290504386955836,0.569091212784699,0.13658506080259
