"Year","OPR","DPR","CCWM"
2016,-0.521840379853697,1.26492994734809,0.582966070355923
