"Year","OPR","DPR","CCWM"
2016,-0.766396511716269,-0.221458851579682,-1.23694466634914
2017,-1.33722632151893,1.51614059047634,-0.25118139277219
2018,-1.58612371693622,1.14859572114638,-0.51564220328015
2019,-0.871001559332529,0.367835523808966,-0.75256133667897
