"Year","OPR","DPR","CCWM"
2016,-1.09090282776617,0.0806823833141742,-1.36212712309938
2017,-0.335191292188575,1.07389299724013,0.590150512763496
2018,0.263395142779709,-0.192755282281069,0.0845454510695278
2019,0.314602411526624,0.675290371258238,0.973486819822034
