"Year","OPR","DPR","CCWM"
2016,-0.244854055675216,-0.131756128880147,-0.456599650675853
2017,1.28259282655031,-1.15520227814653,0.522357484049588
2018,-0.944456689648297,-1.54246755496834,-1.50271311649943
2019,-1.38249478033049,-0.621181187776041,-2.24074674494837
2020,-0.700944073700851,1.5857875827635,0.338885629666302
