"Year","OPR","DPR","CCWM"
2016,-1.12211148772397,1.0820369417575,-0.395357537869547
2017,-0.0407334214512478,0.811417914978326,0.712649192477589
2018,-1.59704866013436,0.144692880861545,-1.06258271687448
2019,-0.591960888767615,1.14465447713908,0.265310772803963
