"Year","OPR","DPR","CCWM"
2016,-0.109034744036038,-0.999183003044578,-1.15013649231393
2017,-1.4085618083101,1.51140983028227,-0.345164461611117
2018,-0.587231953251286,2.70062939825094,1.03107486435391
2019,-0.638154520446107,2.30915798585496,1.21952286329853
