"Year","OPR","DPR","CCWM"
2016,-1.29333965750187,0.0947422590501813,-1.61581286116182
