"Year","OPR","DPR","CCWM"
2016,0.240083525668599,-1.35075138714429,-1.04214867879619
2017,0.148311235709837,0.433744673102989,0.59441449495095
2018,1.14583003852164,0.757880930401999,1.22513559617561
2019,0.178109321809251,-0.00271096849135278,0.216842757410367
2020,0.225545142204352,-0.847065920773426,-0.325143073702882
