"Year","OPR","DPR","CCWM"
2016,-0.482178817872178,1.05647597515249,0.425591339403598
2017,-1.7557327575485,1.3916027412468,-0.893655852632765
2018,-0.266412378219356,-0.0062829468991073,-0.193592063278261
2019,0.287124728215672,0.872843681560027,1.11119300445033
