"Year","OPR","DPR","CCWM"
2016,0.0540144163882838,0.310631331270784,0.384177073819348
2017,-0.051168235526227,-1.41966397656871,-1.40052123000259
2018,1.1228343471575,-0.490973915489055,0.538026558325326
2019,0.543896845859528,-1.18350430117379,-0.358193231464689
2020,0.0529141736687938,0.249565013150209,0.211352371931653
