"Year","OPR","DPR","CCWM"
2016,0.351967392597733,-0.564720114444225,-0.10282187842148
2017,0.359367897667872,-1.08261441084238,-0.56801679444635
2018,0.414392045227899,0.133921774549765,0.36779689857496
2019,1.11540435168687,-0.586959569377599,0.863093229085973
2020,0.454103423627955,0.438341418817247,0.720868362658953
