"Year","OPR","DPR","CCWM"
2016,-0.90422139961796,0.602144899845048,-0.590177985339228
2017,-0.553645546762128,1.15867535926641,0.395781983929741
2018,0.718948912047861,-0.448466336318088,0.272481704890902
2019,0.235590022917806,0.630709909963026,0.837541152992813
2020,-0.211927516450815,-0.844164919918419,-0.746801153885708
