"Year","OPR","DPR","CCWM"
2016,0.457442496879919,0.191643087660386,0.798158855892473
2017,-1.50918007145838,1.67129952845333,-0.320945034968525
2018,-0.417422766162209,-0.363590736063325,-0.49330319442655
2019,-1.50836745714233,1.48064456804617,-0.570779136039859
