"Year","OPR","DPR","CCWM"
2016,-0.988738212532012,1.25128804515291,-0.0485095947262091
2017,-0.849153805258397,0.825936152551678,-0.288298664703885
2018,-0.58608835003702,0.185607627588568,-0.31878628692961
2019,-0.369524871910833,0.179714110757984,-0.298734846721567
