"Year","OPR","DPR","CCWM"
2016,0.402283578080155,0.611715013053422,1.14806462522686
2017,0.0615376765385591,0.0646860995839975,0.138121058116545
2018,-0.342077411177439,-0.578095270956332,-0.554705180659205
2019,-0.158729984715943,-0.295855826924676,-0.452218831671752
