"Year","OPR","DPR","CCWM"
2016,-0.870576690132217,1.00411505024647,-0.141001072126539
2017,-1.09901252587383,1.61829243102348,0.14394402604178
2018,-0.0529769330374999,1.04904938426408,0.525560403047863
2019,0.893857442920271,1.06536115595302,2.02504027882446
