"Year","OPR","DPR","CCWM"
2016,-0.165553323781295,-0.576720330695931,-0.79962290201188
2017,0.657070641838086,-0.950577133931802,-0.0700987774844751
2018,-1.22060826388306,0.378288051248537,-0.668354198718202
2019,-0.782847042554065,1.16778233254137,0.0504703987851483
