"Year","OPR","DPR","CCWM"
2016,-0.629378805414161,-0.113926676052043,-0.947407143103397
