"Year","OPR","DPR","CCWM"
2016,-0.0832730602265791,-0.882304236249419,-0.998390209979762
2017,-0.239795009947163,-0.198641112699647,-0.487933414273664
2018,0.580417679176392,-1.42224619830609,-0.349392046058428
2019,0.45622652347334,0.106760464421026,0.654164347262942
2020,0.541294413580872,-0.328380997751909,0.313333956020238
