"Year","OPR","DPR","CCWM"
2016,-0.621650247261096,0.318880910817124,-0.501475358840538
2017,-1.2960248718668,1.05616783512818,-0.632434666920509
2018,-0.675863933335881,-0.141530028350559,-0.558573211232349
