"Year","OPR","DPR","CCWM"
2016,-1.10355884805115,0.16530598945951,-1.29368166005618
2017,-0.808062745032608,1.27298469016177,0.184071077373275
2018,-0.28021354024719,-0.413967161703091,-0.422390477054274
2019,0.592351086009813,0.0430535238020196,0.766378284833508
2020,-0.989381004157368,-1.57225748893313,-1.96661642547466
