"Year","OPR","DPR","CCWM"
2016,-1.29597137501948,-0.0104787015867061,-1.72522050291209
