"Year","OPR","DPR","CCWM"
2016,-0.749879989676771,1.02548160041716,0.0401997664059251
2017,1.22767222572946,0.558369537492755,2.0663809381765
2018,-0.296127925235125,-0.0780068820856479,-0.253327815982601
2019,-0.976768754570365,0.49425262540097,-0.772967796496074
