"Year","OPR","DPR","CCWM"
2016,-0.941508197923521,1.94729091046541,0.714643727112436
2017,-1.19977180057151,-0.46029825099642,-1.93905171570344
2018,-1.98678846305949,-0.756674824022139,-1.82493030225238
2019,-0.865147218074489,-0.249689218303791,-1.28151265938934
