"Year","OPR","DPR","CCWM"
2016,-1.25309033488317,1.06247782919522,-0.588342918875819
2017,-1.288329356687,0.771003130529743,-0.891196366148263
2018,-0.709023261141463,-2.17132324559696,-1.67233743187774
2019,0.0135209579257655,1.11125972090555,0.981473870614984
