"Year","OPR","DPR","CCWM"
2016,0.201967712912579,0.788846511105449,1.0613488766962
2017,-0.511031307085136,-0.320889451858894,-0.94342039652154
2018,-0.0454031357423842,-0.918013762309071,-0.525431640879903
2019,1.75337891106987,-0.391587784303613,1.81786759103841
2020,-0.21870440409807,0.0140104366625009,-0.202739426939882
