"Year","OPR","DPR","CCWM"
2016,0.735892609050676,-1.0475270931532,-0.0808993078199693
2017,0.442502518488454,-1.09106433499306,-0.471631863532367
2018,-1.33480476358808,0.706212648483738,-0.573780264289721
2019,-1.24836026623159,1.96621500773875,0.170796796017066
