"Year","OPR","DPR","CCWM"
2016,-0.713233723835891,-0.51397569881367,-1.46108210054805
2017,-0.919249828411479,0.432928856271979,-0.746203313145723
2018,0.355537401477728,0.340434281202497,0.436681143966571
2019,1.15891144302768,-1.81615043058099,-0.150588926396694
