"Year","OPR","DPR","CCWM"
2016,1.21160843023767,-1.20437843433149,0.390608132277385
2017,-1.75047660499427,0.378527777292627,-1.84064690801229
2018,-1.17383564080531,0.304452427603228,-0.674611638560889
2019,-0.329947811959925,0.553529809209744,0.0745316752320588
