"Year","OPR","DPR","CCWM"
2016,-1.17013113937552,0.4328930378749,-1.11238281409926
2017,0.397676902978409,-0.687511332195912,-0.148033943232679
2019,-1.17473094612095,-0.498965162315809,-1.87894271330683
