"Year","OPR","DPR","CCWM"
2016,-0.421091871484613,1.26293142737834,0.714252331886991
2017,-2.35553954385923,1.94249327628952,-1.12790492525419
2018,-1.1323167768231,0.909049649923775,-0.320271872428053
2019,-1.01577342712746,0.447881941857484,-0.861230890126201
