"Year","OPR","DPR","CCWM"
2016,-1.93620481632459,0.495961285724072,-2.06246763765034
2017,0.0675345212765099,-0.039520662658765,0.0475596342309132
2018,-0.398519444085117,0.293677863626273,-0.12682402065394
2019,-0.305901414195566,-0.174598296000792,-0.5280605877322
