"Year","OPR","DPR","CCWM"
2016,0.463764938841593,-1.20310323685636,-0.597563634726273
2017,-0.437475988105016,-0.215233563928381,-0.751652445552112
2018,0.0280916776607451,0.982108957528679,0.547493246863953
2019,-0.0569733948243916,0.263171206250966,0.158377957071896
