"Year","OPR","DPR","CCWM"
2016,0.611728326411844,-1.18069713547604,-0.379240320244218
2017,-1.31437256230476,-0.0372035336861348,-1.6846313380824
2018,0.526312497086368,-0.439925508671139,0.139526535859753
