"Year","OPR","DPR","CCWM"
2016,-0.518804282862921,0.490166464520587,-0.19296936261645
2017,-1.90128951685337,0.114579185982744,-2.27837538847137
