"Year","OPR","DPR","CCWM"
2016,-0.941791808278792,0.0660442862481733,-1.17957770204671
2017,0.417146473032367,-0.254220118558624,0.284250095713646
2018,0.722565265939123,-0.340507117207627,0.333042638516238
2019,0.0199591528007856,1.60535352461354,1.41838645931634
