"Year","OPR","DPR","CCWM"
2016,-0.763230244691393,1.07732730410811,0.0747292715248174
2018,-1.30255228096763,-0.202453367123396,-1.03874581445061
2019,-1.01675837485551,2.29901648010985,0.744775484881967
