"Year","OPR","DPR","CCWM"
2016,0.484463949236175,-1.58098976265578,-0.950594627097483
2017,0.155975646839071,-1.17677560379454,-0.911917750964239
2018,-1.02424489386043,0.640110739182473,-0.38754085279463
2019,-0.729682640518173,-0.457339372878961,-1.2950873939701
