"Year","OPR","DPR","CCWM"
2016,0.203348382769504,-0.790090336383602,-0.526336096292759
2017,-1.63263697048522,1.20322242879247,-0.916482370416527
