"Year","OPR","DPR","CCWM"
2016,-0.608121233695536,-0.800696091233959,-1.61065073400092
2019,-0.0810641699858085,0.176085222286182,0.0531187556799093
