"Year","OPR","DPR","CCWM"
2016,-0.601324981159776,-0.579060800768759,-1.37853907661994
2017,-1.54195025652731,1.1805869021534,-0.823971765435795
2018,0.0491769707615284,-0.299118804197601,-0.125527750904545
2019,-0.249673287507522,-0.195094111265161,-0.47665663240947
2020,-0.194609357799131,0.755413732534648,0.29628628163726
