"Year","OPR","DPR","CCWM"
2016,-0.751323759584993,1.50984483851225,0.525896785254736
