"Year","OPR","DPR","CCWM"
2016,-0.575286237736582,1.63374476035251,0.883537948801975
