"Year","OPR","DPR","CCWM"
2018,0.363505475979443,-0.14200470125729,0.183279307253789
2019,-0.58182491025362,0.163929229772411,-0.573714345562603
