"Year","OPR","DPR","CCWM"
2017,0.47491092406584,0.355042067166567,0.930234454817104
2018,-0.0292649291837238,-0.750272950697971,-0.423824778995924
2019,0.251981037358685,0.184009488927146,0.469872696557101
