"Year","OPR","DPR","CCWM"
2019,-0.745624519176067,0.202695440800623,-0.741641951588777
