"Year","OPR","DPR","CCWM"
2017,0.156800784014545,0.0779767954929203,0.270191954312797
2018,-0.130865081773794,-1.95901215868688,-1.14551335884792
2019,-0.437254998210326,0.423043741885095,-0.170822176767094
