"Year","OPR","DPR","CCWM"
2017,-1.47930565336416,-1.0193945338152,-2.81614910399906
2018,-1.26276831117437,-0.359440707636222,-1.09464927867388
