"Year","OPR","DPR","CCWM"
2016,2.3835953184176,-1.21440416260757,1.93114569211472
2018,-0.0763794207441971,0.547205610464544,0.239338825621633
2019,-0.329184772322886,-0.416247780195361,-0.76652344829966
