"Year","OPR","DPR","CCWM"
2016,0.401256543533821,-1.46696986055284,-0.945900995706728
