"Year","OPR","DPR","CCWM"
2017,1.04346832250423,-0.196989846785627,1.12418940926233
2018,-0.34120127766806,-0.591867877140458,-0.561476120609289
