"Year","OPR","DPR","CCWM"
2017,-1.13533227790509,0.865176050388621,-0.610533180471858
2018,0.106634581972606,1.06022168109943,0.645522685020469
2019,0.329179063768701,-1.23821913107091,-0.669948529539535
2020,-1.6356288192459,1.33714009784917,-0.725524440784629
