"Year","OPR","DPR","CCWM"
2017,0.0115378908665546,-0.315869252282504,-0.282840894606653
2018,-0.653096170413709,0.515735987602909,-0.189336222900605
2019,-0.972426375658555,0.544195363700834,-0.724261695478141
