"Year","OPR","DPR","CCWM"
2017,0.484827370152898,-0.549927888917922,0.0908494814467543
2018,-0.0801695289399395,-1.09314793927684,-0.644309549926791
2019,0.0383019809268222,-0.468556800328503,-0.359679412003672
