"Year","OPR","DPR","CCWM"
2017,-0.826680564252677,0.369591274833223,-0.689642055726662
2019,-1.3559859970272,-0.226336186892622,-1.86530479608435
