"Year","OPR","DPR","CCWM"
2017,-0.0407918441105763,-0.76925628249759,-0.775282113366881
2018,-0.910622147141265,-0.59488620256575,-0.969662324643644
2019,0.176057558940156,-0.560730809179935,-0.270174293368517
