"Year","OPR","DPR","CCWM"
2017,1.24105832225815,-0.856564396085905,0.751331366780353
2018,0.588614420599482,0.927076192417123,0.918150210935282
2019,0.589235008889211,-0.262991932171831,0.496824206593861
