"Year","OPR","DPR","CCWM"
2017,1.35914756095457,-0.401375361618634,1.32800069707148
2018,0.24160539319604,-0.513202438099685,-0.103106645854783
2019,0.591005915257518,-0.21422170221031,0.541347622330879
