"Year","OPR","DPR","CCWM"
2017,-1.83792662060926,2.13170001750235,-0.30017460882991
2018,-0.0633195409457891,-0.0984992645134173,-0.0981084628516469
2019,-0.384841044305826,0.358202513349059,-0.162614477291635
