"Year","OPR","DPR","CCWM"
2016,-0.431047748858155,0.278499716484871,-0.289944972380272
2017,0.654283318073553,-1.04411920709914,-0.161646367689248
2018,0.0638025824654176,-1.27892732858311,-0.641285514371996
2019,-0.217425708453292,-0.789702556410945,-0.953229471455992
