"Year","OPR","DPR","CCWM"
2017,0.468413869836211,-1.1166052160931,-0.463152779142376
2018,0.668230752318669,-0.0044270720529776,0.474737732861855
2019,-0.299646550984395,1.00443745318913,0.503316481149959
2020,-1.41516915050243,0.23648956237775,-1.21829574455017
