"Year","OPR","DPR","CCWM"
2017,1.39476279768057,-1.44795466819878,0.387575031948482
2018,-0.326842420616334,0.1226851303387,-0.167477429718607
2019,1.16577342286805,-1.55885778152644,0.0812463189006361
