"Year","OPR","DPR","CCWM"
2017,-0.900783523384292,0.242031652890623,-0.902714886495703
2018,-1.40543461712236,-0.777881908569398,-1.42123409390086
2019,-0.242842783602926,1.0884641595012,0.646178909343114
