"Year","OPR","DPR","CCWM"
2017,-0.561624691158337,1.05289101319212,0.286194949159192
2018,-0.348792610008315,-0.168234057491464,-0.339386258397648
2019,-0.75358104770348,0.000907276115173198,-0.926633343597823
