"Year","OPR","DPR","CCWM"
2017,0.20840334387681,-0.896070989754074,-0.581896195288332
2018,1.5994811710746,0.391326266570731,1.35218546152255
2019,1.02775341570139,0.413445146651378,1.62380822356158
