"Year","OPR","DPR","CCWM"
2017,-0.486619079847159,0.765192250536286,0.109525991789995
2018,0.0885037420110552,0.0469800341239523,0.0884218258934788
2019,-0.460512018772768,1.05852636681964,0.352303575569676
