"Year","OPR","DPR","CCWM"
2017,-0.424647693192453,0.51518042473587,-0.0480276762304063
2018,0.721881481098291,1.17196101566635,1.14481655184351
