"Year","OPR","DPR","CCWM"
2017,0.260253401405296,-0.254401443177741,0.0871696839301931
2018,0.174603306353024,-0.181663545066075,0.0271050303841496
2019,-0.618661721912189,0.355514702747882,-0.452707783220681
2020,-0.628145588660862,1.47332676723717,0.33720509155294
