"Year","OPR","DPR","CCWM"
2017,0.686156533175323,-0.636881957199798,0.261680860710435
2018,0.804797588635487,-0.650245691938769,0.225413049688265
2019,0.57842765400381,1.05949243254804,1.63175006656898
