"Year","OPR","DPR","CCWM"
2017,0.759129475970894,0.240652993806803,1.17927269628791
2018,0.266323225957484,0.397725039985764,0.403750087504906
2019,-0.105594106064351,0.300631763788367,0.131065707107161
2020,0.242772203569698,-0.235408238144629,0.0839863258016898
