"Year","OPR","DPR","CCWM"
2017,-1.43070389125942,1.26727598193556,-0.602752495050632
2018,0.276258364580012,-1.22263811948991,-0.459362770674826
2019,0.23003120841246,-0.212134941460907,0.0989131762346325
