"Year","OPR","DPR","CCWM"
2017,0.954228441904182,-0.400444998719511,0.820679889323526
2018,-1.04546540459656,0.803934357802532,-0.314711737195168
2019,-1.17385844856657,2.00745069814124,0.298287324886874
