"Year","OPR","DPR","CCWM"
2017,-0.726098898923937,2.31802382455666,1.27061544922409
2018,-0.936462566123942,-1.32525818268745,-1.38035431154778
