"Year","OPR","DPR","CCWM"
2017,-1.52560745335589,1.17144448068982,-0.812066201413545
2018,-1.8377512739046,0.600921436410225,-0.989428977772142
