"Year","OPR","DPR","CCWM"
2016,-0.260943805429449,-0.0531350384127777,-0.398739997888233
2017,0.613032365290531,-1.12704597398229,-0.291476019426321
2018,0.178627849803556,-0.9931237956946,-0.405811419763225
2019,0.976655451615656,0.179953737728311,1.35819745893995
2020,0.780755990800611,-0.401108111830451,0.498494709706955
