"Year","OPR","DPR","CCWM"
2017,-0.859465606384648,-0.15921590265869,-1.22854509526072
