"Year","OPR","DPR","CCWM"
2017,0.748801369959799,-1.57523399557882,-0.542948888288382
2018,1.56647479291114,1.4226590735082,1.88249021230825
2019,0.0746748424100122,-1.84140036229653,-1.50686576371945
