"Year","OPR","DPR","CCWM"
2017,-0.78610171005486,-0.00688109687091453,-0.99307943006365
2018,0.262753312039254,0.466026335062472,0.437881986598796
2019,-0.202824595636356,1.16372662352576,0.760774156784812
