"Year","OPR","DPR","CCWM"
2017,-0.0370538742714425,-0.143756544544098,-0.181819969908653
2018,0.302862555744412,0.150369325828846,0.296998152858742
2019,-0.5841686796491,1.89464861902976,0.926071182763223
