"Year","OPR","DPR","CCWM"
2017,-0.857963602596949,1.17336040286357,0.0276682505281078
2018,-0.816400685935492,1.17121240263987,0.0460844791936075
