"Year","OPR","DPR","CCWM"
2017,-0.174036973650021,0.323791002212035,0.0863518867583052
2018,-1.30127803738928,-0.462067497325822,-1.17726025234517
2019,-0.0388201515089793,0.408256309705276,0.306686751690867
