"Year","OPR","DPR","CCWM"
2017,0.431658243393277,-0.609702357830783,-0.0321453476596165
2018,-0.547356185586271,-1.56300181234909,-1.2302120451843
2019,-1.39003487427012,-0.987540770755148,-2.56811219038549
