"Year","OPR","DPR","CCWM"
2017,-0.0292525095630889,-1.82894645690121,-1.75826541173915
2018,-0.124594265859654,-1.51236178703831,-0.901165049548891
