"Year","OPR","DPR","CCWM"
2017,-0.819337090300731,1.47029619019526,0.3556466226531
2018,0.205280964664278,-1.64233500855768,-0.735436226919515
