"Year","OPR","DPR","CCWM"
2017,0.989680177227446,-0.25651669175053,1.00065076030782
2018,0.466139369883496,0.742560360533991,0.731610153439726
2019,0.873194511203261,0.0727337862737315,1.13777756519329
