"Year","OPR","DPR","CCWM"
2017,0.106567986581698,0.120536948363506,0.24720798144883
2018,1.6086189388237,1.39998178224737,1.90040233226056
2019,0.291422066679432,-0.265767159859944,0.127900666687207
