"Year","OPR","DPR","CCWM"
2016,-1.15957116702786,-1.26417103495752,-2.80684122825458
2017,-0.40928890725987,-1.39495840942731,-1.82672818395095
2018,-0.314363298205445,0.371265160512291,-0.0250689178619058
2019,0.0860287367559837,1.27399133324759,1.21199729440008
