"Year","OPR","DPR","CCWM"
2017,0.265975689835739,0.328694778522985,0.643208652264427
2018,0.17577119874667,0.588960991287155,0.441798287447512
2019,-0.530301758774137,-1.35209464103019,-1.82656951698155
