"Year","OPR","DPR","CCWM"
2016,-0.955388110599162,-1.36252344235768,-2.63570217269938
2017,0.550452246102421,-0.877555176710267,-0.135176779435336
2018,1.20039272500972,-0.679067955170145,0.492388266933451
2019,0.853422796195216,-0.42524041274372,0.681086517699392
