"Year","OPR","DPR","CCWM"
2017,-0.0710630477296746,-1.63785522976373,-1.63086954881149
2018,-0.46617031198352,1.04992468700192,0.231011328764777
2019,0.94712595626717,-2.22685122181896,-0.767814720695114
