"Year","OPR","DPR","CCWM"
2017,-0.872607095571092,0.172438032276291,-0.932858992005697
