"Year","OPR","DPR","CCWM"
2017,-2.12549247465769,1.35764411103747,-1.3896899427732
2018,0.380892909934254,2.97024308021511,1.86710830174488
