"Year","OPR","DPR","CCWM"
2017,-0.741846017759802,0.279870857865343,-0.667621960873588
2018,0.458755568036946,0.862793206485157,0.790908479677962
2019,0.140472823132555,-0.856816812471735,-0.571039931967531
