"Year","OPR","DPR","CCWM"
2017,1.00331237169203,-0.226060398389589,1.04642785880664
2018,-0.176153535051147,-0.489197751554485,-0.388494012321558
2019,0.779335591719613,-0.649302804466024,0.395369830602722
