"Year","OPR","DPR","CCWM"
2017,0.620315293021948,-0.222901561131582,0.56871807914212
2018,0.501695857747744,0.103619130866812,0.413857768940564
2019,1.45555533727109,-0.876484616627904,1.03033644380067
