"Year","OPR","DPR","CCWM"
2017,-1.32167950693046,0.31290565122384,-1.36425098026912
