"Year","OPR","DPR","CCWM"
2017,-0.0626298670664716,0.377024271589115,0.276281590820832
2018,-1.38863441444877,-1.69928163204385,-1.90407110053717
2019,1.03010414430062,-0.9216741677051,0.467504821547335
