"Year","OPR","DPR","CCWM"
2016,-0.23981899078131,0.498011118248622,0.184047219960156
2017,-0.515046786244822,-0.402639638621487,-1.02540991755022
2018,-0.12850966162224,-0.872332852512891,-0.560236850389229
2019,-0.0791344563382222,-0.756735338952583,-0.754413199177138
