"Year","OPR","DPR","CCWM"
2017,-1.33361155257501,0.860029229587055,-0.864229557867442
2018,-0.158001184226243,0.809737371767432,0.32205221026831
2019,0.408564299626753,-0.0197170502891863,0.485695033029897
2020,0.0223018146727821,-1.55646595021457,-0.977069173938955
