"Year","OPR","DPR","CCWM"
2017,-0.838093553907504,-0.421100264891435,-1.44822862678302
2018,0.0168425236734579,1.18981757681379,0.651010070978726
