"Year","OPR","DPR","CCWM"
2017,-1.06910224626789,0.757317167561994,-0.628936196949795
2018,-0.215128389774609,-0.239594204718844,-0.282273851697217
