"Year","OPR","DPR","CCWM"
2017,-0.231881127889885,1.05466488967308,0.701711603906048
2018,0.324057300583875,0.727304766769225,0.621970945934211
2019,-0.307623741955445,1.03705015500742,0.521814536934323
