"Year","OPR","DPR","CCWM"
2017,0.308766208938903,-1.72810494757708,-1.23911252374029
2018,1.19628112272768,-0.656995340588955,0.501306560197567
2019,1.3010229939673,-1.18005212460603,0.576588041304167
