"Year","OPR","DPR","CCWM"
2017,0.388369532955193,-0.312419941284677,0.193351033103366
2018,0.311527989291351,1.47310405946763,1.01355217872546
2019,0.201056582436603,-0.296895555546106,-0.0103375423301821
