"Year","OPR","DPR","CCWM"
2017,-1.24088763350568,-1.62710933895619,-3.0889510856092
