"Year","OPR","DPR","CCWM"
2017,-0.651901651750503,1.44098573251789,0.538198261939136
2018,-0.696514617364106,0.51154374028614,-0.222588318947614
