"Year","OPR","DPR","CCWM"
2017,-0.838463539313722,0.850468342626046,-0.251790097526941
2018,-0.185645889326939,1.43890690054441,0.64020575539107
2019,-0.861163648205306,1.23751925985465,0.0146353018470578
