"Year","OPR","DPR","CCWM"
2017,-1.74233761984722,-0.0318077927600802,-2.21667293651428
2018,0.34004603779358,0.318449887673129,0.413813755346862
2019,2.00868534946739,-0.705519163278933,1.85950345910373
