"Year","OPR","DPR","CCWM"
2019,-1.18668948107618,0.902413149228374,-0.676935161438151
