"Year","OPR","DPR","CCWM"
2017,0.0926978077359494,-0.874224730419709,-0.706549768065313
2018,-0.893161565129296,0.358553384925954,-0.445156373268055
2019,-1.59308498477244,0.593434771913523,-1.44534574015239
