"Year","OPR","DPR","CCWM"
2017,-0.139904938842077,0.377682054934993,0.179916136357871
2018,-0.483936386097426,0.0466342437351679,-0.320484852812237
2019,-0.311943295358822,1.34126060878501,0.780624482562186
