"Year","OPR","DPR","CCWM"
2017,-0.0378158013511434,1.39457727943175,1.26522757747917
