"Year","OPR","DPR","CCWM"
2017,-1.16739698064781,2.22434705993692,0.628585117562313
2018,-1.34800164720381,0.389604859166126,-0.753235164842482
