"Year","OPR","DPR","CCWM"
2017,-0.200212746552592,-0.281903367287872,-0.516628567172834
2018,1.25593132677336,2.0073292473776,1.97475655598085
