"Year","OPR","DPR","CCWM"
2017,-1.61128262027403,-0.831019755578346,-2.80447418164523
2018,-0.595886848708289,0.242121167541037,-0.295432128157487
