"Year","OPR","DPR","CCWM"
2017,-1.60939185223828,0.374135265601737,-1.66771209959855
2018,-0.0440842918400092,1.21780313005517,0.622537937789741
2019,-0.343153476854573,1.07033755431327,0.506989879121121
