"Year","OPR","DPR","CCWM"
2017,1.39820017856068,-1.01975462515074,0.794945540824601
2018,1.85884535736021,-0.235607342450751,1.20067989644073
2019,1.51967765397583,0.0325677951390962,1.89852133434731
