"Year","OPR","DPR","CCWM"
2017,-0.216056364213737,0.981383056070748,0.652593813518414
2018,-0.78187461667371,-2.49971466468392,-1.90071382146367
