"Year","OPR","DPR","CCWM"
2017,-1.28891892119592,0.512132113954603,-1.13560657307335
2018,-0.654270086780208,-0.341155659842915,-0.650363026783067
2019,-1.00096773766272,1.79304332686415,0.324905532729569
