"Year","OPR","DPR","CCWM"
2017,-1.13132545713335,1.45599548479256,-0.049377511275105
2018,0.0094371770392588,0.258554792595068,0.145593457266977
2019,-1.32288315217736,1.18902972782589,-0.595696352117221
2020,-0.773247463380795,-0.719744623534485,-1.21038719016111
