"Year","OPR","DPR","CCWM"
2017,-1.10733749964969,1.23400875436495,-0.228223065693359
2018,-1.19828968268308,-0.24071535419501,-0.984850927548375
2019,-0.483937097153669,0.10559745024051,-0.503890911786662
