"Year","OPR","DPR","CCWM"
2017,0.488192787742749,0.149120585563921,0.753074050643871
2018,1.21712961763498,1.03620117497057,1.42551359045091
2019,0.693231879116698,-2.90663232264975,-1.67048769504469
