"Year","OPR","DPR","CCWM"
2017,-0.484423738943518,0.260154597407301,-0.363100883600698
2018,-1.23542283033099,0.205114468686843,-0.771933622271373
