"Year","OPR","DPR","CCWM"
2017,0.597519787804953,-0.638953879544482,0.148486440184798
2018,0.502213701417491,0.384785375878834,0.565226189901475
2019,-0.491942026025297,0.862486766152992,0.143414820351282
