"Year","OPR","DPR","CCWM"
2017,0.214520810600088,-0.211123604320067,0.0705092704203302
2018,-0.222153170795698,1.70899885404542,0.75919093636704
2019,0.291052212294675,1.27664950321262,1.46662457380014
