"Year","OPR","DPR","CCWM"
2017,-0.969880935724562,0.831379707819637,-0.434694171547776
2018,-1.31897567192355,0.523081339137657,-0.660827923063533
2019,-0.355840915124169,-0.727391385663969,-1.06947432625539
