"Year","OPR","DPR","CCWM"
2017,-0.551850283231578,-0.0802483262218963,-0.768139707848349
2018,-0.844366956240659,0.0343396808466076,-0.584434198397625
2019,-0.529653525845481,-0.332203022175785,-0.940266840891709
