"Year","OPR","DPR","CCWM"
2017,-0.890071930597637,-0.267061753051764,-1.36847098257819
