"Year","OPR","DPR","CCWM"
2017,-1.52136387229453,-0.0614366901442919,-1.96722741342983
2018,-1.71721729040572,-3.74104920846445,-3.23519783461047
2019,-1.53067752249378,0.377354130766014,-1.55615042588501
