"Year","OPR","DPR","CCWM"
2017,-1.6776611159713,1.59996881566434,-0.599540552166158
2018,-0.557080506618586,-0.300862780587554,-0.55933082910916
2019,-0.0322142689787582,-0.764320450646504,-0.703254871466959
