"Year","OPR","DPR","CCWM"
2017,0.212758781261999,0.116338482405279,0.37653153798067
2018,0.511359883806943,0.00802757136092331,0.369420975968842
2019,0.144280429956378,-0.184011766422675,0.017798464683368
