"Year","OPR","DPR","CCWM"
2017,0.709483364610369,-0.426099263849137,0.489363025214815
2018,-2.04559703734448,-0.639600202590692,-1.8040452547181
2019,-0.7749475815247,0.306663476695905,-0.687460794717716
