"Year","OPR","DPR","CCWM"
2017,1.61634591257936,-0.86044766805822,1.21868340342877
2018,-1.63337686483436,-1.2280285732358,-1.82573297446528
2019,-0.606738728978699,0.911737420308027,0.0448973207139805
