"Year","OPR","DPR","CCWM"
2017,-0.105140969260996,-0.599031461065743,-0.695814603097238
2018,-1.50055715089586,0.456335722620157,-0.826322035455695
2019,-0.457948705564113,-0.148403097005069,-0.692439374093966
