"Year","OPR","DPR","CCWM"
2017,-0.554771294544789,0.581269083303496,-0.149132228651866
2018,-0.691783262782921,0.415340664269898,-0.270875439699779
2019,-0.998451021585579,0.699410231467985,-0.621526968021282
