"Year","OPR","DPR","CCWM"
2017,-0.342302672071507,0.395743211205801,-0.0571039219796001
2018,-0.242545557704089,-0.541109654592027,-0.463776751193269
