"Year","OPR","DPR","CCWM"
2017,-1.86332389386979,2.94702358334033,0.435398635927806
