"Year","OPR","DPR","CCWM"
2017,1.51254185383846,-0.727370752953138,1.2136661223262
2018,2.23872844091988,0.968441003651189,2.11854266814027
2019,0.517827276170773,0.130022581303962,0.750172452539713
