"Year","OPR","DPR","CCWM"
2017,-0.700690005174428,-0.0513026863282262,-0.927696060328216
2018,-0.929882098686932,-0.710463480643103,-1.04548398594207
2019,-0.932718988857214,0.477476639251717,-0.733321886961881
