"Year","OPR","DPR","CCWM"
2017,-0.331904077767812,0.610699214065495,0.158280824461384
2018,-0.012871388044356,2.10163851701161,1.11948248883437
2019,0.0765790288470648,-0.949979129718027,-0.73055980255642
