"Year","OPR","DPR","CCWM"
2017,-1.57738347680817,1.54900040141617,-0.52166198808494
2018,-0.699872047373919,-0.988447265950419,-1.03054688302671
2019,-0.457915970470378,0.192175298769085,-0.396697235895009
