"Year","OPR","DPR","CCWM"
2017,-0.606833283558369,-0.816934846864213,-1.5305752444561
2018,-1.28786767189734,-1.03393145194344,-1.47480146190371
2019,-0.235101015759057,1.26844033706581,0.811968082759888
