"Year","OPR","DPR","CCWM"
2017,-0.400113043044711,-0.52284940899799,-0.994312655092725
2018,-0.889180158286612,-0.0502635569831803,-0.661866396998184
2019,0.274496644568452,-0.660920976478008,-0.236015305435811
