"Year","OPR","DPR","CCWM"
2017,-0.494899379348156,-0.695429528928014,-1.27572122347543
2018,-1.22246409363317,0.374018382982554,-0.671972257302118
