"Year","OPR","DPR","CCWM"
2017,-0.745187908362293,2.01195211502762,0.958558288686925
2018,-0.940392906395353,0.492878288728387,-0.406741044287616
2019,-1.42691623516489,0.132617672775833,-1.64094153317748
