"Year","OPR","DPR","CCWM"
2017,-0.867373155962372,0.161636716863399,-0.936457168731974
2018,-0.912366717944678,-0.327390685912613,-0.827251047000219
2019,-0.929420296993886,-0.148666440101523,-1.27290114582554
