"Year","OPR","DPR","CCWM"
2017,-1.29442033288043,-1.34018025515178,-2.88605688541598
