"Year","OPR","DPR","CCWM"
2017,0.323132372819861,-0.102849149477894,0.308739608150901
2018,0.783553666989014,-1.09433010724832,-0.0282479918971041
2019,0.434664169360413,-0.178175840052593,0.380236397995416
