"Year","OPR","DPR","CCWM"
2017,-1.36127583368165,-1.12640488824884,-2.76874173497573
2018,0.870198020125125,-0.455918855051146,0.376470899081951
2019,-1.50323673145599,0.400028993341028,-1.50269235553453
