"Year","OPR","DPR","CCWM"
2017,-2.18988033587057,2.10243415603414,-0.769443940974956
2018,-1.03577948820452,-0.281451070853919,-0.890695888906181
2019,-0.139748022681185,-0.178963077866289,-0.327367714784202
2020,-0.280127991504651,0.122231597470918,-0.192767042022291
