"Year","OPR","DPR","CCWM"
2017,0.699849100399144,-0.879071189848341,0.0508977818231856
2018,0.444425216422756,-0.392400788620878,0.106582072189694
2019,0.553181199079639,-1.55240442000583,-0.667058858543444
