"Year","OPR","DPR","CCWM"
2017,-0.402770037563833,0.512702787425111,-0.0229021252272222
2018,-1.2801071826697,-0.651831340272341,-1.26405586746259
