"Year","OPR","DPR","CCWM"
2017,-0.712272200166409,-0.461797120597696,-1.32862282814008
2018,0.0720467904099677,-2.63908523599426,-1.36586398978966
2019,-0.331879741636552,0.594617445718311,0.107827774009236
