"Year","OPR","DPR","CCWM"
2017,0.589642819902455,-0.538750558524314,0.232919840872456
2018,0.15669393212231,-0.282606168021886,-0.0398928660822434
2019,0.533483124940013,0.213754807215684,0.842139066688043
