"Year","OPR","DPR","CCWM"
2017,0.666771385406429,0.473240584094933,1.28228822631353
2018,-0.950063839769538,-0.413322311449359,-0.900315783025013
2019,-1.33905068894813,0.0609261507500001,-1.5950517422462
