"Year","OPR","DPR","CCWM"
2017,-1.60024444592538,1.47617419400346,-0.618903702819723
