"Year","OPR","DPR","CCWM"
2017,0.220964992802069,-0.405046169349282,-0.10393846558746
2018,-0.609631656627966,-1.13611907698723,-1.04542172485593
2019,0.0186299632094951,0.344221151005328,0.32179223743709
