"Year","OPR","DPR","CCWM"
2017,0.563382917964765,0.550965060598473,1.22569035844833
2018,0.697037431944079,-0.157393163775398,0.413156096018175
2019,0.405832582043612,0.889332869883356,1.27160148711777
