"Year","OPR","DPR","CCWM"
2017,-0.862630509520177,0.913160416574306,-0.223110186619153
2018,-0.771797016228289,2.35388283196421,0.713077612875355
2019,-0.902095419663963,-0.961490397837755,-1.9449944782418
