"Year","OPR","DPR","CCWM"
2017,-1.10663188999754,2.4879149378856,0.95294009924088
