"Year","OPR","DPR","CCWM"
2017,0.276285426167406,-1.35327259299644,-0.92705532519092
2018,-0.577731025876245,0.390527282990392,-0.202768277856378
2019,-0.359020582385399,0.27131794178438,-0.206273782784753
