"Year","OPR","DPR","CCWM"
2017,0.16105195412347,1.76200013968795,1.86066594530889
2018,-0.52430728573176,0.600664417241674,-0.0517709319463631
2019,-2.14563122164182,0.629103170752029,-2.09438770979208
2020,-1.09052279142738,-0.248960809970564,-1.21547868042361
