"Year","OPR","DPR","CCWM"
2017,-1.83712432082247,1.34789541126161,-1.03694775941476
2018,-1.798892900562,0.153853401799376,-1.20177945009523
