"Year","OPR","DPR","CCWM"
2017,0.692387020881024,2.29907109386411,3.03305617344412
2018,1.33433342835385,0.822230238460944,1.39428501408085
2019,2.0201250330976,-0.77812756451127,1.81054100307222
