"Year","OPR","DPR","CCWM"
2017,-0.736097462211812,1.22014550455717,0.224655102037435
