"Year","OPR","DPR","CCWM"
2017,-0.0260626165783466,-0.516036813042364,-0.518445516344663
