"Year","OPR","DPR","CCWM"
2017,-1.4457497765289,1.18985470906164,-0.694511080809628
2018,-0.975442034441619,-1.21282164728435,-1.34780218348451
2019,-1.51160022119163,2.57968506082491,0.37946702302648
2020,-1.42757227374088,2.0968954465629,-0.0366296611640505
