"Year","OPR","DPR","CCWM"
2017,-0.721849192371195,-0.10706284021593,-1.00673799652382
2018,0.475852100265094,1.57162297142617,1.18378823071944
2019,-0.965945700418134,-0.108274623293335,-1.28278285910191
