"Year","OPR","DPR","CCWM"
2017,0.984191573932309,-0.475623074651759,0.78752165975231
2018,0.360545602736646,0.737337009135527,0.65341126912787
