"Year","OPR","DPR","CCWM"
2017,-0.933986233706555,-0.0553203845264448,-1.22427788658535
2018,-0.499015812741228,0.464998844293009,-0.106571276410998
