"Year","OPR","DPR","CCWM"
2017,-0.421075403664413,0.325832065605712,-0.221774189651509
