"Year","OPR","DPR","CCWM"
2017,-0.906290284532736,1.66264663709748,0.427571162087777
