"Year","OPR","DPR","CCWM"
2017,0.594798261833326,-0.159225205954135,0.596630071520399
2018,-0.175792525962626,-0.788756057936689,-0.549112282991313
2019,-1.6564150068468,0.929654691233772,-1.2313673907444
2020,0.00254023620560543,0.0926771259733966,0.0619227118757892
