"Year","OPR","DPR","CCWM"
2017,-1.2300375450528,1.23548114307881,-0.380832675170979
2018,-1.03200668065655,-0.707736478443329,-1.11693618903946
2019,-1.38993537397607,0.972573872989856,-0.866150933501053
