"Year","OPR","DPR","CCWM"
2017,-1.67714809047307,0.485376500573674,-1.64804081675396
2018,-2.91638416131383,-2.94946774746151,-3.66628612647832
2019,-1.44349346396319,0.303798028083152,-1.51271822470713
2020,-0.934822021447236,0.696671433287231,-0.458007451634501
