"Year","OPR","DPR","CCWM"
2017,-2.58425136397497,2.52070585930822,-0.870690980348873
