"Year","OPR","DPR","CCWM"
2017,-1.12332400223143,-0.155718716042148,-1.55641056553166
2018,-1.29272276621723,-2.1039890784001,-2.0529361565997
2019,-1.38188312954296,1.67067476354008,-0.250126003669136
