"Year","OPR","DPR","CCWM"
2017,-2.11641620912551,1.29978734001292,-1.43275817001815
2018,-0.305352312292257,-0.582374757256294,-0.530781815012596
2019,-1.62987923602293,1.59484077051434,-0.621172826572831
