"Year","OPR","DPR","CCWM"
2017,-1.6179855392165,0.538258851885786,-1.52401131548903
2018,-1.20562650658181,-0.185277495924322,-0.960316827016242
2019,-0.99869622470287,0.278091211319571,-0.987632368519075
