"Year","OPR","DPR","CCWM"
2017,-1.36013954229162,0.42333743269227,-1.30857321832205
2019,-1.17818046449483,0.555049119838952,-0.96805661191725
