"Year","OPR","DPR","CCWM"
2017,-1.56642321001387,1.94530219038565,-0.13487503746682
2018,0.309306581031795,-0.556365346745533,-0.0779485355904497
2019,-0.145846645554568,0.534579625012174,0.284649062948051
