"Year","OPR","DPR","CCWM"
2017,1.09489282554981,-1.28620595469102,0.163472078542171
2018,-0.115601539856334,-0.728719890153551,-0.473893981674807
2019,0.341804786705538,-0.501034694955666,-0.0143614116447756
