"Year","OPR","DPR","CCWM"
2017,-0.669065256035469,0.482974610950547,-0.385100336816436
2018,-0.0971936417965187,0.772132046512564,0.345272940639675
