"Year","OPR","DPR","CCWM"
2017,1.36627626841079,-0.609380676133328,1.14115626010862
2018,-0.0387980829206007,-0.555405497887871,-0.325979007623196
2019,-1.02526910830458,-0.880837009919821,-2.02655647934146
