"Year","OPR","DPR","CCWM"
2017,-0.332331984569606,1.23532860446671,0.745695314355067
2019,-1.42059521171696,1.97400818408947,-0.0344039058817008
