"Year","OPR","DPR","CCWM"
2017,-0.127128082619989,0.2924635678166,0.1157373080713
2018,-0.0888298386122968,-0.652104277540124,-0.41363308162881
2019,0.274808005976956,0.204037892097719,0.515354856880784
