"Year","OPR","DPR","CCWM"
2017,-0.167715415075674,-0.253120270560795,-0.448749595575479
2018,0.199734396579981,0.0912496645340444,0.191615010228354
2019,0.868474899171253,-0.498281505322876,0.636194135357187
2020,0.53005453698601,1.15116210983713,1.25175701267763
