"Year","OPR","DPR","CCWM"
2017,-1.04338192937555,0.585636557723025,-0.758255365543765
2018,0.09772735446457,-0.0701812846791835,0.032086665951127
2019,-1.24892732948744,1.19759376900007,-0.497244418330023
