"Year","OPR","DPR","CCWM"
2017,-0.418332515244829,0.848900397886636,0.274022373374912
