"Year","OPR","DPR","CCWM"
2017,-1.13639263379822,1.94215426645646,0.401874731025708
2018,-1.02576552064932,1.19654711361171,-0.0897956877320275
