"Year","OPR","DPR","CCWM"
2017,-1.14150784257609,0.272668418080253,-1.17599981465904
2018,-0.941189692230145,-1.27117481870079,-1.35468431582139
2019,-0.831373337798497,0.237027445118785,-0.81736353253855
