"Year","OPR","DPR","CCWM"
2017,-0.817870453603825,0.071475466450617,-0.959195497149857
2018,-0.0869396453591865,0.801457495275657,0.368343331361986
