"Year","OPR","DPR","CCWM"
2017,-0.395776825361827,1.71050356703534,1.11334140961876
2018,-0.567978395854176,2.35457934457288,0.858977710987673
2019,-0.543398804753095,-0.337422655243302,-0.961714817313381
