"Year","OPR","DPR","CCWM"
2017,-1.30515734700126,1.43286685909788,-0.289316953709601
2018,-1.55599798502846,0.695491888540365,-0.737469251989454
2019,0.168646576691795,-0.502231446524482,-0.228503725517608
2020,1.00592148389527,0.510997734659053,1.30170387025359
