"Year","OPR","DPR","CCWM"
2017,-1.24992933256666,1.19526724415773,-0.443650564181315
