"Year","OPR","DPR","CCWM"
2017,-0.812666093668017,0.868097581024917,-0.202818774607061
