"Year","OPR","DPR","CCWM"
2017,1.41797522217057,-1.6338269229986,0.241749995344411
2018,-0.175584878081092,1.04843635787757,0.437689381676686
