"Year","OPR","DPR","CCWM"
2017,1.03100453492456,-0.549210542392715,0.777008133194107
2018,1.06143115765427,0.510860845879281,1.03221429693434
2019,0.850855385377407,-1.32124775401973,-0.100017480882172
