"Year","OPR","DPR","CCWM"
2017,-0.507871712656402,-2.61710446364964,-3.10083760614235
2018,-0.251295422294996,0.334430141168075,0.000179373838955466
