"Year","OPR","DPR","CCWM"
2018,0.202458190642658,0.109296402568888,0.203251687857082
2019,0.216975089898084,0.277751697946122,0.508181596768895
