"Year","OPR","DPR","CCWM"
2018,-1.67721131585917,-0.877447732241322,-1.66875329155689
2019,-1.0757700124049,-0.140384493846049,-1.44582091035614
