"Year","OPR","DPR","CCWM"
2018,-1.16705406928877,-1.53355466413168,-1.65686053309776
2019,-0.488450495879114,-0.209639736296791,-0.783145229028011
2020,-1.55800122089169,-1.33915994064307,-2.36754039120258
