"Year","OPR","DPR","CCWM"
2018,0.0707844558967392,0.712617920741028,0.433247215570341
2019,0.176272868302182,-0.252582609284571,-0.00236447275413481
