"Year","OPR","DPR","CCWM"
2018,-0.251922117987471,-0.685842140161375,-0.548199326259763
2019,-0.0117727555525321,0.562579972324863,0.473962682806878
2020,0.909207540553422,-1.7783297482819,-0.260803651491912
