"Year","OPR","DPR","CCWM"
2018,-1.59924263168675,-1.66829888491584,-2.03780579514059
2019,-0.140170420699315,0.597259643264688,0.346055652068435
