"Year","OPR","DPR","CCWM"
2018,0.501979530826098,-0.735591216727055,-0.0366326810160101
2019,0.739538353618131,-0.461988105619964,0.509025007151101
