"Year","OPR","DPR","CCWM"
2018,0.213788162739818,0.297369843563944,0.312345000345343
2019,-0.89662702704691,-0.501214272194444,-1.53863707955689
