"Year","OPR","DPR","CCWM"
2018,0.223438341715955,-0.542265989732843,-0.131686289902204
2019,0.534588723093643,0.0335680984600753,0.687055425603825
