"Year","OPR","DPR","CCWM"
2018,0.464973421893468,0.644296630227124,0.678005709519262
