"Year","OPR","DPR","CCWM"
2018,-0.913462458540006,-0.284067070559717,-0.804766709978374
