"Year","OPR","DPR","CCWM"
2018,0.0226557966408732,0.30810051362008,0.181639760859436
2019,1.03854188336136,-0.410641413491662,0.921585197923641
2020,-1.03259243171712,0.917514803620131,-0.410961942565811
