"Year","OPR","DPR","CCWM"
2018,0.0310765933891119,-0.298064582190504,-0.137885216213734
2019,-0.951408964011747,-0.0692228981209719,-1.23098666416206
