"Year","OPR","DPR","CCWM"
2018,0.304140901068787,-0.81135155546205,-0.218575666449104
2019,0.832559030899904,-1.01284843685009,0.145228336929813
