"Year","OPR","DPR","CCWM"
2018,-1.75914817447117,-0.520331148525923,-1.53546866036569
2019,-1.00588779256349,-1.05015467555642,-2.14971158830403
