"Year","OPR","DPR","CCWM"
2018,-0.97143360099156,-0.760626046926831,-1.10209117768253
2019,-1.19061604727723,1.19868390203341,-0.4245350931301
