"Year","OPR","DPR","CCWM"
2018,-0.382559108371443,-0.380301702271354,-0.477385146892384
2019,0.0507175373944388,0.161571202287834,0.202698987460669
