"Year","OPR","DPR","CCWM"
2017,-0.751620084850712,-0.274530842821851,-1.20173654562143
2018,0.239946592506948,-0.116791100875616,0.108599356297482
2019,0.851091846284382,-0.6442392415845,0.488075552978494
