"Year","OPR","DPR","CCWM"
2018,-0.17847765052365,-1.06063032744939,-0.697037936764186
2019,-0.320462358543685,0.362183129454613,-0.0799284714983534
