"Year","OPR","DPR","CCWM"
2018,0.952389722630779,-0.0918502678331728,0.630676489320524
2019,-0.100464870273027,0.264126404334411,0.105682975969231
