"Year","OPR","DPR","CCWM"
2018,-0.202500357711427,-0.637691329677651,-0.487053189536585
2019,-1.5870495479102,-0.140913149449485,-2.07550408468343
