"Year","OPR","DPR","CCWM"
2018,-0.604236621713779,0.318149412110554,-0.260563324909001
2019,-0.933923092539562,0.681836974803486,-0.557371102772943
2020,-1.01630187028763,2.05239966054745,0.332973841912013
