"Year","OPR","DPR","CCWM"
2018,-0.109319779443114,-0.937752113223034,-0.581668347360433
2019,-1.81899768659475,0.375733221204637,-1.91238912528234
