"Year","OPR","DPR","CCWM"
2017,-1.33679972679464,0.916112693987834,-0.815440620056463
2018,-0.880007028737644,0.640445811915818,-0.284375390134576
2019,-1.03454283975404,0.651865875397008,-0.707224277519628
