"Year","OPR","DPR","CCWM"
2018,-0.526567038718925,0.757610918481424,0.0309028068451503
2019,0.185986031900347,-0.0848766743638496,0.155197422549034
