"Year","OPR","DPR","CCWM"
2018,-1.01694653961182,-0.308803025036454,-0.891938412105573
2019,-2.15318234988049,0.799096313987986,-1.95608689086112
