"Year","OPR","DPR","CCWM"
2018,-0.783248777297715,-2.31789359333483,-1.80404902981124
2019,-1.09989136765202,1.51155009263222,-0.0412404050879291
