"Year","OPR","DPR","CCWM"
2018,1.77926997746231,0.712244677076303,1.65290161697668
2019,0.559756828850641,-0.728017159725094,0.056794983672093
