"Year","OPR","DPR","CCWM"
2018,0.554840682165074,0.288502458099647,0.551093560797595
2019,-0.159574445298172,-0.0798622734022794,-0.265725080942878
2020,-0.139854501287217,-0.535354902344764,-0.478888234569316
