"Year","OPR","DPR","CCWM"
2018,-0.0295014760949297,-0.403171985065814,-0.237585136484084
2019,-0.570796184226623,0.16628053630994,-0.558099970204414
