"Year","OPR","DPR","CCWM"
2018,-1.32624796576682,-0.761823947635722,-1.35607116787041
2019,0.966088702204211,0.155161101483861,1.32366729876244
