"Year","OPR","DPR","CCWM"
2018,-1.35783331766368,0.637483083377957,-0.627133410079443
