"Year","OPR","DPR","CCWM"
2018,-0.954458870789961,0.260766234750973,-0.541438527812859
2019,-0.386589433238595,-2.11494637005226,-2.31203893089864
