"Year","OPR","DPR","CCWM"
2018,-0.049815388140211,0.251993692968607,0.0997636579097
2019,0.413616572094166,-0.503321721509794,0.0720306176815785
