"Year","OPR","DPR","CCWM"
2018,-1.08415647878525,-0.586054694512037,-1.08882254060798
2019,-1.02518155965993,0.0403139089633113,-1.22667389354442
