"Year","OPR","DPR","CCWM"
2018,-0.880453835916955,0.289170261363569,-0.473344882273031
2019,-1.10301497273435,0.910589465122192,-0.566859221070735
