"Year","OPR","DPR","CCWM"
2018,-0.208625457814984,0.0365626479212189,-0.129322355827258
2019,-0.846453299809642,-0.991776804247752,-1.90281224011761
