"Year","OPR","DPR","CCWM"
2018,-0.0082796708005553,-0.70462138541495,-0.384324446132211
2019,-0.198606431320619,-0.186424233546171,-0.406281920914856
2020,-1.40350813820742,0.363115206759534,-1.125761116643
