"Year","OPR","DPR","CCWM"
2018,0.883573154721176,0.66738510944496,0.989284516866339
2019,0.178009655664233,-0.206121569478973,0.0401120350824981
2020,0.402835389044256,0.150351913786148,0.486455703870988
