"Year","OPR","DPR","CCWM"
2018,0.37243682256871,0.663157916833543,0.622064127383151
2019,-0.203425176672033,1.29945476532982,0.877878861370081
