"Year","OPR","DPR","CCWM"
2018,-0.324080464827937,-1.63365455569415,-1.10873731998386
2019,-0.479343757852455,-0.895448519135224,-1.36738042265793
