"Year","OPR","DPR","CCWM"
2018,-1.06983015522083,0.612836996068859,-0.434735831348715
2019,-0.490409404741919,0.739483738913434,0.0385055451222249
