"Year","OPR","DPR","CCWM"
2018,0.175511514479539,0.170984137392757,0.217140857156708
2019,0.925787898763611,0.27349282013918,1.37680935403609
