"Year","OPR","DPR","CCWM"
2018,-0.614806099865128,-1.26249580682541,-1.11698614684229
2019,-0.373919086516534,0.282208446958576,-0.215153641557228
