"Year","OPR","DPR","CCWM"
2018,0.444486362871682,1.71264743882936,1.23712952677158
2019,-0.313100580004552,0.260381552944941,-0.159256061795131
