"Year","OPR","DPR","CCWM"
2018,0.91794179021377,-0.482228232428338,0.396430547667514
2019,-0.608197941539768,-0.712630629764426,-1.36723059879295
