"Year","OPR","DPR","CCWM"
2018,-1.82220691856926,1.04856278941714,-0.737927181298783
2019,-0.621397649851425,-0.0848670062640654,-0.838429362679753
2020,-0.31787570108732,1.07538508592366,0.382251548910485
