"Year","OPR","DPR","CCWM"
2018,-1.047333871273,-0.268961164008211,-0.892238061463215
