"Year","OPR","DPR","CCWM"
2018,0.559261664848381,0.604157849199835,0.723771007795893
2019,-0.604210683223143,0.413059223318281,-0.384960975573386
