"Year","OPR","DPR","CCWM"
2018,-0.260531910121643,1.65599815087955,0.703324885557295
