"Year","OPR","DPR","CCWM"
2018,-0.642306905762653,0.979550194829073,0.0674559858766399
