"Year","OPR","DPR","CCWM"
2018,-0.674363568877111,-0.860389212156787,-0.943561060079906
