"Year","OPR","DPR","CCWM"
2018,0.910274211808618,0.0821206910266264,0.694036191009694
2019,0.886882346296579,0.761447925158684,1.75258823332226
