"Year","OPR","DPR","CCWM"
2018,-1.58233801771678,-0.722854045459036,-1.51799033621776
2019,1.72801064228383,-1.55222627653761,0.778941065915726
