"Year","OPR","DPR","CCWM"
2018,-0.550287067078191,-1.47425711213504,-1.18464486761617
2019,-0.105553737120573,-0.469176142330808,-0.537258254743392
2020,-0.946649533400481,-0.20643510612636,-1.04890893396783
