"Year","OPR","DPR","CCWM"
2018,0.796113872412183,-0.659770445216537,0.214097682835864
2019,0.473066360836381,-0.523976043596929,0.12726180387632
