"Year","OPR","DPR","CCWM"
2018,0.584030124946578,0.540513183019285,0.707275638586842
