"Year","OPR","DPR","CCWM"
2018,-0.533593247420021,-0.0286537321215199,-0.396372706555211
2019,-1.77332450617872,0.370878017733618,-1.86039527060299
