"Year","OPR","DPR","CCWM"
2018,-0.878204292302117,0.19683307592302,-0.521327856671734
