"Year","OPR","DPR","CCWM"
2018,-1.16046987542319,-0.426159429965325,-1.05743932209643
2019,-0.553250546402651,-0.614896841450277,-1.21475182150837
