"Year","OPR","DPR","CCWM"
2018,-0.210079790949251,-0.487983427210812,-0.412065137560695
2019,-0.397073143583976,0.0418030039468071,-0.452377253969438
