"Year","OPR","DPR","CCWM"
2018,-0.0114249083281503,-0.621247938596848,-0.341794918407948
2019,0.155575589314186,-1.08810659778618,-0.753266909857838
