"Year","OPR","DPR","CCWM"
2018,-0.480950907745566,-0.0853741766297501,-0.389247575339121
2019,-0.378332914132333,-0.127357497703757,-0.576184883198984
