"Year","OPR","DPR","CCWM"
2018,-1.70304824592263,-0.874933601466565,-1.68585060278697
