"Year","OPR","DPR","CCWM"
2018,0.340202617309566,-0.141602366852643,0.166857189497117
2019,-0.885756414406787,1.23237538384142,-0.0200967421938192
