"Year","OPR","DPR","CCWM"
2018,-1.37472445164532,0.0876084484158703,-0.934500587573967
