"Year","OPR","DPR","CCWM"
2018,0.26658984442358,-0.425066224199192,-0.0379347670245952
2019,-1.1273476422812,0.705006030197765,-0.775299671977746
