"Year","OPR","DPR","CCWM"
2018,-1.784793122936,-0.231117121829758,-1.39845840068221
2019,-0.601170493318508,1.21155321212028,0.312060426049744
