"Year","OPR","DPR","CCWM"
2018,0.338342762443752,-0.178263950175535,0.145840369114417
2019,-1.82641406164922,1.07015928498654,-1.31859180784024
