"Year","OPR","DPR","CCWM"
2018,0.0629869378589678,0.801342217710682,0.475328668062503
2019,-1.58411795425652,0.627068729669827,-1.40510799164224
