"Year","OPR","DPR","CCWM"
2018,0.230720280623816,0.278669200879981,0.314391424328148
2019,-0.463216587805299,0.34760435108051,-0.268271789983614
