"Year","OPR","DPR","CCWM"
2018,-1.45409284701804,-1.6579920915754,-1.92863396993115
