"Year","OPR","DPR","CCWM"
2018,-0.852334200813359,-0.385046311131913,-0.815351578884268
