"Year","OPR","DPR","CCWM"
2018,0.898774128543431,-0.37390990837458,0.440916600229116
2019,0.549045515351303,0.491207716070643,1.1021856082924
