"Year","OPR","DPR","CCWM"
2018,-0.589429884896946,-0.498739714565804,-0.688696859074229
2019,-1.22023474771818,1.37035227688298,-0.311938015991169
