"Year","OPR","DPR","CCWM"
2018,-1.49285359361743,-0.604636500794058,-1.39061061855422
2019,-1.06467598386939,-0.28399765231728,-1.55685752607452
