"Year","OPR","DPR","CCWM"
2018,-2.5430941894397,0.846715231825917,-1.36104013013516
2019,-1.39280094147139,0.496525128766287,-1.28299940248441
