"Year","OPR","DPR","CCWM"
2018,-1.43805862588127,2.31043420580631,0.214034480737821
2019,-1.22344374535286,0.893754284594475,-0.729686015397434
