"Year","OPR","DPR","CCWM"
2018,-0.781065219428846,0.433272708907087,-0.324992258172205
2019,0.43480806391474,1.02793877978178,1.42760359277485
