"Year","OPR","DPR","CCWM"
2018,-1.99888450868815,-0.192168897223787,-1.53040225690105
2019,0.134693319504523,-0.968093901195946,-0.674767269147039
