"Year","OPR","DPR","CCWM"
2018,-0.877763895817442,-0.68140095030481,-0.992663844048749
2019,-1.29591312149584,0.615224624723831,-1.06070201652733
