"Year","OPR","DPR","CCWM"
2018,-0.705474604133217,0.490844863615083,-0.240101939741327
