"Year","OPR","DPR","CCWM"
2018,0.338949930057059,0.784398493483751,0.663266100996009
2019,0.455300452540389,0.454069845258949,0.954570569272378
