"Year","OPR","DPR","CCWM"
2018,0.614305155769984,-0.269635551048962,0.293806320114364
2019,-0.270163173690768,1.80126627156321,1.23143536505402
