"Year","OPR","DPR","CCWM"
2018,0.749627876058559,0.524390132314489,0.81685327357552
2019,-0.453574120136505,1.13841232138054,0.430201672386445
