"Year","OPR","DPR","CCWM"
2018,-0.628113943398416,-1.59448761815907,-1.30478217126441
2019,-0.843001857374723,-0.186023748534345,-1.19898214505779
