"Year","OPR","DPR","CCWM"
2018,-0.392893985426671,-0.0816633054802907,-0.324382227740116
2019,-0.0258885255455481,0.246413497405545,0.182084028920668
2020,-0.12261598496553,-1.14264238543301,-0.85184733236719
