"Year","OPR","DPR","CCWM"
2018,-0.369375636534938,-1.27622273420938,-0.949121309518465
2019,0.163446486014769,0.0694323704876206,0.261434744641077
