"Year","OPR","DPR","CCWM"
2018,-0.321160992951346,0.295468101865513,-0.0706288222386672
