"Year","OPR","DPR","CCWM"
2018,-0.571970681677097,-0.376830668308437,-0.610760489121529
2019,-0.0932427783491787,0.0196816158302537,-0.0976642566431231
