"Year","OPR","DPR","CCWM"
2018,0.440615885135993,-1.16817413711502,-0.312762305690931
2019,0.207041063380408,0.730322795059598,0.888893695378285
2020,-0.340319469859734,0.813900863765578,0.192750122193453
