"Year","OPR","DPR","CCWM"
2018,-0.256604512379088,-2.06079962348744,-1.28995539228563
