"Year","OPR","DPR","CCWM"
2018,-1.50142389571822,-0.120220865163321,-1.13657722101866
