"Year","OPR","DPR","CCWM"
2018,0.295904970016973,0.158840408222575,0.296579797259253
2019,0.681216646479501,1.57026151244789,2.20171820672348
