"Year","OPR","DPR","CCWM"
2018,-1.45514558219075,-0.522897548326481,-1.31978975784329
