"Year","OPR","DPR","CCWM"
2018,-1.07689330350024,2.12980415879479,0.374899408297123
