"Year","OPR","DPR","CCWM"
2018,-1.73093924099967,0.314750370697928,-1.06685191596116
2019,-1.1810949249981,1.62659902098008,-0.0412869964911962
2020,0.618662066038763,0.574185299464378,0.967338538709529
