"Year","OPR","DPR","CCWM"
2018,-1.48504475994239,-1.03284476880498,-1.61500186594383
2019,-1.31864550115765,1.61730607839903,-0.218636911873088
