"Year","OPR","DPR","CCWM"
2018,-1.38539111893877,-1.07502277632544,-1.56650084005397
2019,-0.0586745329494229,0.592944980041259,0.4426052994813
