"Year","OPR","DPR","CCWM"
2018,0.692339237210925,-0.026911792859563,0.479875849926459
2019,-0.0692360002746357,-0.14278892784454,-0.209181971112727
2020,-0.629818191239606,0.286778484203681,-0.425727262492194
