"Year","OPR","DPR","CCWM"
2018,-1.57314572065135,1.28612156723247,-0.432518494384746
2019,-0.516846702435807,-0.281713210405479,-0.880668685011075
