"Year","OPR","DPR","CCWM"
2018,0.506377028729158,1.84276506854449,1.35119823346419
2019,-1.49967712536904,1.58621256243397,-0.468426317263118
