"Year","OPR","DPR","CCWM"
2018,-0.0629478703662378,1.0833112999558,0.536841336787546
2019,-1.14231585854458,0.21148713249625,-1.22221087896562
