"Year","OPR","DPR","CCWM"
2018,0.529268960523821,-1.52976218273466,-0.443652945465097
2019,1.45292968949708,-1.51776564223097,0.470322903137141
