"Year","OPR","DPR","CCWM"
2018,-0.290668501352303,-0.000993424060611338,-0.208070173868472
2019,-0.672983068335587,-0.624005519577912,-1.37001333584217
