"Year","OPR","DPR","CCWM"
2018,-2.69712594420295,-1.16291167116156,-2.55027679317041
2019,-0.385488774488813,-0.210701837341156,-0.657353910900066
2020,-0.876321784607955,-0.0602377128654091,-0.887021126194626
