"Year","OPR","DPR","CCWM"
2018,-0.392683869889308,1.31007984841819,0.423195287031028
2019,-1.38809362587574,0.283750263535781,-1.46194461892961
