"Year","OPR","DPR","CCWM"
2018,1.23032329640673,1.7968997518154,1.84346255385226
