"Year","OPR","DPR","CCWM"
2018,-0.425123052833329,0.392470426475383,-0.0927629718606569
2019,-1.53370056708723,0.901283518866852,-1.1049773666365
