"Year","OPR","DPR","CCWM"
2018,0.0429195887308795,-0.303039971671247,-0.132101347689013
2019,-0.944330900533757,1.63346145681,0.256053195863014
