"Year","OPR","DPR","CCWM"
2018,-1.13174366089158,0.0173015123188313,-0.798770772617787
2019,-0.722778620133306,-0.209415589947313,-1.07133478109547
2020,-1.24675837123886,0.214056854411788,-1.06964971941854
