"Year","OPR","DPR","CCWM"
2018,-0.489100608954866,-1.42059336312913,-1.11213807160598
2019,-0.342363164526155,-0.620932419880008,-0.96045612985417
