"Year","OPR","DPR","CCWM"
2018,-0.0745369266870272,1.12497676820356,0.550942971627143
