"Year","OPR","DPR","CCWM"
2018,-1.20336950315359,-0.625110873593956,-1.19491526572773
2019,-0.976204468516209,-0.0767033040972965,-1.2679968707417
