"Year","OPR","DPR","CCWM"
2018,0.11642940074204,-0.191481033772922,-0.0197034330924608
2019,1.05051769594267,-1.27406093884401,0.186673189881947
2020,1.0490946710586,0.208559249427432,1.14944946555478
