"Year","OPR","DPR","CCWM"
2018,-0.672641202827064,-0.776266450035812,-0.897153658878049
2019,-0.730613360549884,-0.081318271157354,-0.96975839210229
