"Year","OPR","DPR","CCWM"
2018,-0.367160509759443,0.193682977549699,-0.15813547822989
