"Year","OPR","DPR","CCWM"
2018,-1.38698387451483,-0.552378784112672,-1.28695517532839
2019,-0.147226990706365,0.126830548516133,-0.071071449306736
