"Year","OPR","DPR","CCWM"
2018,-0.776178937180495,0.279926434640183,-0.403857180166359
2019,-0.110241730775328,0.168501794510538,0.010626170051643
