"Year","OPR","DPR","CCWM"
2018,0.0613325446274092,-1.49815244036047,-0.760782675537535
2019,-3.59566215576281,5.63950823403464,0.471286252605993
