"Year","OPR","DPR","CCWM"
2018,0.111221488758339,-0.812539138747037,-0.356957480951406
2019,-0.716296002351781,0.591036813224435,-0.368376471730557
