"Year","OPR","DPR","CCWM"
2018,0.07187671526716,-1.58106052424782,-0.797779461100479
2019,0.96048225478057,-0.853983124977475,0.440593876199394
2020,0.311164487449179,0.0161620032624984,0.311609726462023
