"Year","OPR","DPR","CCWM"
2018,0.774129336806834,0.364371474811194,0.748410180999605
2019,2.40350029914676,-3.16313072055223,0.211613692459943
