"Year","OPR","DPR","CCWM"
2018,-1.74928245955459,-1.51510767916028,-2.0626634594267
2019,-0.862437154369422,0.108912266838461,-0.966827307660169
