"Year","OPR","DPR","CCWM"
2018,-1.75676792294469,1.05860190423435,-0.685812436763464
