"Year","OPR","DPR","CCWM"
2018,-0.43707043792316,-0.105441535677388,-0.368694075212424
2019,-0.616380499292666,0.632325821287042,-0.209563403153307
2020,-0.238440316480861,1.67138884827912,0.841561262184639
