"Year","OPR","DPR","CCWM"
2018,0.525613627073048,0.515729925771909,0.652256686614631
2019,-0.636946713660331,1.74138679871762,0.728050863134047
