"Year","OPR","DPR","CCWM"
2018,0.519511101302344,0.89035015261986,0.849087091038481
2019,-0.69748192057341,0.344681219284008,-0.559116640394533
