"Year","OPR","DPR","CCWM"
2018,0.348380421864988,-0.980713458454287,-0.277943563353345
