"Year","OPR","DPR","CCWM"
2018,0.696649558325309,0.415327537317106,0.720455446379184
2019,0.138814536309887,0.37327474736869,0.494926946976662
