"Year","OPR","DPR","CCWM"
2018,-1.08488225739856,-0.457583486674217,-1.02034603673852
2019,-0.788704095647038,0.819517916757894,-0.259112907953616
