"Year","OPR","DPR","CCWM"
2018,-0.955014714159485,0.774089147634907,-0.266158341034499
2019,-0.530177414266176,0.0469263604246171,-0.611738441232614
2020,-0.59976432578405,1.23982648943326,0.214862684677457
