"Year","OPR","DPR","CCWM"
2018,-1.2794715463526,-1.28110855853249,-1.60155166142807
2019,-1.17176231488134,-0.31870995135343,-1.71878550228086
