"Year","OPR","DPR","CCWM"
2018,0.843843197799829,0.631882054360346,0.941850708918278
2019,-1.46152084847949,-0.525970597601436,-2.25533785857722
