"Year","OPR","DPR","CCWM"
2018,-1.43276583759384,-3.547533632314,-2.92817372764663
