"Year","OPR","DPR","CCWM"
2018,0.117953658874813,1.63801929445265,0.963907297861649
2019,-0.155017241469646,-0.923576441545214,-0.992658193869046
