"Year","OPR","DPR","CCWM"
2018,-0.0403128566633918,1.80944448270223,0.94296825022194
