"Year","OPR","DPR","CCWM"
2018,-0.739474903498992,-0.103004190392915,-0.583301226804615
2019,0.20077754762742,1.14579758134971,1.24191474723169
