"Year","OPR","DPR","CCWM"
2018,-0.72186532642985,-0.0479863672121384,-0.54118102903191
2019,-0.316092169970719,0.0687956947022821,-0.329279184614911
