"Year","OPR","DPR","CCWM"
2018,-0.301716796323039,0.0921649215622998,-0.165928489045906
2019,-0.516706914704012,0.0101508820244592,-0.627090228711882
