"Year","OPR","DPR","CCWM"
2018,-1.31286831830615,1.42313179317,-0.173100472212523
