"Year","OPR","DPR","CCWM"
2018,-1.41121703951002,-0.243905924517572,-1.13859406221865
2019,0.327108184943758,-0.771416215028753,-0.267202817512926
