"Year","OPR","DPR","CCWM"
2018,-0.802017758733302,0.829037199381539,-0.127409327585807
2019,-0.250237358086333,-1.52003709476909,-1.6277117950569
