"Year","OPR","DPR","CCWM"
2018,-0.287472296210192,1.43614505299002,0.566018694093193
2019,-0.866688022527755,0.608327972602681,-0.538448933044712
