"Year","OPR","DPR","CCWM"
2018,0.909018645066451,0.356599334341373,0.840546863651664
2019,-0.20821524235313,-0.322636073143426,-0.536371136642607
