"Year","OPR","DPR","CCWM"
2018,-0.746692489736285,0.184776362151923,-0.433903710493326
2019,-0.86779813800514,1.73922154288596,0.442065473349647
2020,-0.421669826912702,-0.264054017449905,-0.577642958071799
