"Year","OPR","DPR","CCWM"
2018,-1.57420881998741,-0.00400380841652256,-1.12613180626423
