"Year","OPR","DPR","CCWM"
2018,0.529027322576641,1.13894562404941,0.989388390731567
2019,1.07068835922216,-0.559880914242355,0.831572534916154
