"Year","OPR","DPR","CCWM"
2018,0.0563780110241584,-0.512017869355835,-0.234722417678654
2019,-0.353691868547651,-1.07306912712615,-1.36695880488989
