"Year","OPR","DPR","CCWM"
2018,-0.156085427895821,-1.48822929744076,-0.910689457060469
2019,-0.110093555736233,-0.122187778109784,-0.241578136308673
