"Year","OPR","DPR","CCWM"
2018,-0.09879159064011,-0.260788752532686,-0.210592044247388
2019,-0.527593069383917,0.291264624224961,-0.396415059998744
