"Year","OPR","DPR","CCWM"
2018,-0.889921685628859,0.167646329880584,-0.545368620025262
2019,-1.38732070991279,2.18635665796021,0.190914764978858
