"Year","OPR","DPR","CCWM"
2018,-0.301314140308106,-0.522519841319028,-0.495753837908237
2019,0.222845963593546,-0.721185349591179,-0.351904633064224
