"Year","OPR","DPR","CCWM"
2018,-0.546197047897529,1.01364839795671,0.154390449782149
2019,-0.0396506781424482,0.0648517100311546,0.0075089760009724
2020,-0.0433192048111498,-0.765616554703111,-0.533172421375569
