"Year","OPR","DPR","CCWM"
2018,0.605953573251828,0.0507292758685184,0.459893358928484
2019,-0.391878092885941,-0.940363568154491,-1.29873450686625
