"Year","OPR","DPR","CCWM"
2018,-0.424244073482795,2.20228695842042,0.879815964213465
