"Year","OPR","DPR","CCWM"
2018,-0.6713926943669,-0.205135088105832,-0.589539480633958
2019,-0.224083268789478,0.282792812179223,-0.0302455464557179
2020,-1.17197960528308,-0.160986537978537,-1.23789136863579
