"Year","OPR","DPR","CCWM"
2018,-0.711260030294195,0.0271652703011284,-0.493249125391757
2019,-0.116794482034858,-1.07029178734092,-1.07300130641459
