"Year","OPR","DPR","CCWM"
2018,-0.902450335442127,1.42975876510814,0.123496028045962
2019,-0.418372163994861,1.18464017930096,0.513660812948055
