"Year","OPR","DPR","CCWM"
2018,0.0341912804752311,-0.851420612263237,-0.432837944923126
2019,-0.298106969075316,-1.87435542549718,-1.99425555337489
