"Year","OPR","DPR","CCWM"
2018,0.359737911371041,-1.48151077719425,-0.538784602072201
2019,0.242346372253714,-1.22186280555098,-0.762611118103453
