"Year","OPR","DPR","CCWM"
2018,0.777577938330774,-1.1956073506121,-0.086904997982225
2019,-1.89605822625194,1.81068824722416,-0.761349193800025
