"Year","OPR","DPR","CCWM"
2018,-0.0345493435785451,-0.230030657582138,-0.14820476883319
2019,0.697525236043083,0.0494657373953315,0.901381862716084
