"Year","OPR","DPR","CCWM"
2018,-1.31760748527807,0.262872996987086,-0.79959440385716
