"Year","OPR","DPR","CCWM"
2018,-1.48713600104817,0.289140587919209,-0.906530530248403
