"Year","OPR","DPR","CCWM"
2018,-0.137357041017578,0.259937621962889,0.0415253535579598
