"Year","OPR","DPR","CCWM"
2018,-0.282919243667594,0.692433817674942,0.169863809317426
2019,0.230513281417826,-0.889307001405402,-0.488437566106735
