"Year","OPR","DPR","CCWM"
2018,-1.89571005118337,-1.44184369166005,-2.12786643857532
2019,-0.497486397381002,0.790716182392564,0.0742777604312539
