"Year","OPR","DPR","CCWM"
2018,-1.06362285942031,-0.0340757905058922,-0.777724551338098
2019,0.576132027607434,-0.365615732418929,0.391597055597255
