"Year","OPR","DPR","CCWM"
2018,-2.10154795384993,0.277909709858429,-1.35125077057075
2019,-1.79765266769828,1.36732166889719,-1.02518900475155
