"Year","OPR","DPR","CCWM"
2018,-0.67104395353654,-0.265361788443598,-0.621634876408927
2019,0.384901095253999,0.0698720530659735,0.53435741086181
