"Year","OPR","DPR","CCWM"
2018,-0.468141385098906,0.51090067478324,-0.05987569530427
2019,-0.908758313493416,-1.04428260032206,-2.02507743488948
