"Year","OPR","DPR","CCWM"
2018,-1.02423069512179,-0.0628718380640457,-0.765063382275745
2019,-0.492289882618011,0.675851322034491,-0.0190565793926946
