"Year","OPR","DPR","CCWM"
2018,-1.50461943853959,-2.27918159155513,-2.29831601876317
2019,-1.40745989914399,0.680997219498862,-1.14087496519665
