"Year","OPR","DPR","CCWM"
2018,0.0750039699849071,3.40871951169785,1.88418547538225
