"Year","OPR","DPR","CCWM"
2019,-0.466840353802595,-0.401931028455526,-0.923503845302971
