"Year","OPR","DPR","CCWM"
2019,-0.493181421003008,-1.03212910465755,-1.50308100556474
