"Year","OPR","DPR","CCWM"
2019,-0.43108215612139,0.430841615383428,-0.156454969736728
