"Year","OPR","DPR","CCWM"
2019,1.57671459815575,-1.30783321635479,0.804933699910747
