"Year","OPR","DPR","CCWM"
2019,0.105910681411236,1.24894038582354,1.21471561792847
