"Year","OPR","DPR","CCWM"
2019,0.812427854591287,1.98937393239588,2.72708569036623
