"Year","OPR","DPR","CCWM"
2019,0.392877401066763,0.763964159336119,1.1468083200642
