"Year","OPR","DPR","CCWM"
2019,0.232310555337202,-0.89269537358597,-0.489167588637084
2020,-0.0654298299107492,-0.930727988503064,-0.660516622423724
