"Year","OPR","DPR","CCWM"
2019,-0.571928227675116,-0.00329841965459379,-0.706727428755499
