"Year","OPR","DPR","CCWM"
2019,0.632200071450158,-0.609089405179145,0.249206971017049
