"Year","OPR","DPR","CCWM"
2019,0.218366448045047,-0.689528906682931,-0.329932296570017
2020,-1.1694408678718,0.457183216386803,-0.838803531972735
