"Year","OPR","DPR","CCWM"
2019,-0.288270200198264,-0.158791284321085,-0.492637922893743
