"Year","OPR","DPR","CCWM"
2018,-2.7098431402942,-1.30217398263984,-2.63414684985725
2019,-0.76277369144476,0.732840496394289,-0.302457053321267
