"Year","OPR","DPR","CCWM"
2019,-1.32995431988567,0.58503051653569,-1.12881157787399
