"Year","OPR","DPR","CCWM"
2018,1.23034304398225,-0.490315519547134,0.615141115617343
2019,1.02848994415047,-0.00570286100416314,1.26079597316506
