"Year","OPR","DPR","CCWM"
2019,-1.08052640072919,1.15061330622149,-0.330785931178194
