"Year","OPR","DPR","CCWM"
2019,0.219312232014889,-0.946855080122725,-0.552187749217731
