"Year","OPR","DPR","CCWM"
2019,0.417161690791105,-0.0711872049527417,0.451587560735043
