"Year","OPR","DPR","CCWM"
2019,0.189821096737872,-0.509848678224915,-0.209058098232224
