"Year","OPR","DPR","CCWM"
2019,-0.784518911777935,0.851516617342873,-0.226179893924167
