"Year","OPR","DPR","CCWM"
2019,1.1432694378733,-0.27884926806041,1.16489831705576
