"Year","OPR","DPR","CCWM"
2019,1.58385759203691,-0.857426896144442,1.20478270185165
