"Year","OPR","DPR","CCWM"
2019,0.759246171601229,-0.683610090384633,0.340859314766905
