"Year","OPR","DPR","CCWM"
2019,0.54444926160602,-1.0952621560841,-0.280898522789554
2020,0.160674632897584,-2.40440832226522,-1.38716654946829
