"Year","OPR","DPR","CCWM"
2019,-1.65887887638985,1.47444842603439,-0.761391021162057
2020,0.307223465075419,-1.28958442009825,-0.529998605667539
