"Year","OPR","DPR","CCWM"
2019,-2.42529060587381,1.1052792406577,-2.02512798004399
