"Year","OPR","DPR","CCWM"
2017,0.835670466189262,-0.349676846891973,0.719669959312944
2018,1.28852401712308,-0.194159688504517,0.815730951543813
2019,1.39632013984866,-0.288208733049977,1.46819787200165
