"Year","OPR","DPR","CCWM"
2019,-0.921805861304986,0.64493136257011,-0.574501324267572
