"Year","OPR","DPR","CCWM"
2019,-1.22820833687802,0.118526898694829,-1.40862874950929
