"Year","OPR","DPR","CCWM"
2019,-1.12809684030337,1.29578583923013,-0.263286393609737
