"Year","OPR","DPR","CCWM"
2019,-0.890464812577021,2.88297546050134,1.40721633557214
