"Year","OPR","DPR","CCWM"
2019,0.032863595493458,0.550243536538481,0.518185064238694
