"Year","OPR","DPR","CCWM"
2019,-1.00595062558649,0.727579390758362,-0.606299189124136
