"Year","OPR","DPR","CCWM"
2019,0.504414483474681,-0.360370173549745,0.307889706883924
