"Year","OPR","DPR","CCWM"
2019,-0.0439829007724717,-0.0798743498866857,-0.123478758551011
