"Year","OPR","DPR","CCWM"
2019,-0.287678146575766,0.298215248970238,-0.0951205349200833
