"Year","OPR","DPR","CCWM"
2019,0.457167732630411,-0.275563394259992,0.323375984308899
