"Year","OPR","DPR","CCWM"
2019,-0.972232658612648,1.14431607545923,-0.202977893134744
