"Year","OPR","DPR","CCWM"
2019,-0.748735414372477,1.11581759797724,0.0473335101304643
