"Year","OPR","DPR","CCWM"
2019,-1.55248057162944,0.956923449465786,-1.07978114375038
