"Year","OPR","DPR","CCWM"
2019,-0.769656318367089,-0.218767262320182,-1.13714591525016
