"Year","OPR","DPR","CCWM"
2019,0.462468092356323,0.855009167905517,1.31150095764683
