"Year","OPR","DPR","CCWM"
2019,0.745542791012052,0.342353413167759,1.21477149062065
