"Year","OPR","DPR","CCWM"
2019,0.922930351311929,-0.106849863605908,1.04306604146859
