"Year","OPR","DPR","CCWM"
2019,-0.154561739884227,-1.00580427711281,-1.06349064362798
