"Year","OPR","DPR","CCWM"
2019,-2.28157041904732,0.95643435622171,-1.97748590446941
