"Year","OPR","DPR","CCWM"
2019,-0.476452358759438,1.54835096960648,0.757968564989072
2020,-0.424285873097592,-1.49136262734576,-1.36764130506216
