"Year","OPR","DPR","CCWM"
2019,-0.420494620124136,0.246280650154829,-0.303667209469942
