"Year","OPR","DPR","CCWM"
2019,-0.711952368537018,0.959439011313168,-0.0431713940472304
