"Year","OPR","DPR","CCWM"
2019,-2.42740242372833,2.42510234956328,-0.881811244629367
2020,-1.08380901772792,0.903797786337325,-0.469346082473044
