"Year","OPR","DPR","CCWM"
2019,0.02356266318403,0.837571647916913,0.756206671316539
