"Year","OPR","DPR","CCWM"
2019,-0.617835528856151,1.50983658778667,0.550530876416701
