"Year","OPR","DPR","CCWM"
2019,-1.16362619662157,0.207797193165062,-1.25164092943998
