"Year","OPR","DPR","CCWM"
2019,-0.969842633471376,-0.557459455090033,-1.67757644373544
2020,-1.03871002491909,1.75574344406922,0.120939838721259
