"Year","OPR","DPR","CCWM"
2019,-0.690277451210665,-0.732398330423949,-1.48540763590076
2020,-0.587926859312789,0.991322020579109,0.0668771586589079
