"Year","OPR","DPR","CCWM"
2019,-0.50213032710887,-0.524404347152331,-1.07327023302208
