"Year","OPR","DPR","CCWM"
2019,-0.225481078984729,-0.265359256357314,-0.507890248895028
