"Year","OPR","DPR","CCWM"
2019,-0.039247585309721,-1.31373368546885,-1.18893009597382
