"Year","OPR","DPR","CCWM"
2019,0.240370115974736,0.223769722202253,0.490104506068167
