"Year","OPR","DPR","CCWM"
2019,0.178233658093293,-0.00100857603888538,0.218473851791881
