"Year","OPR","DPR","CCWM"
2019,0.327361941730759,-0.384162539094713,0.0693364089163175
