"Year","OPR","DPR","CCWM"
2019,-0.759475702287693,2.13883386675215,0.922333430019409
2020,-0.65643314334654,1.16066826876997,0.109211828381985
