"Year","OPR","DPR","CCWM"
2019,0.253948016619954,-1.78735479408876,-1.23931269733578
