"Year","OPR","DPR","CCWM"
2019,-0.386837933901967,1.07691728523418,0.458940810852622
