"Year","OPR","DPR","CCWM"
2019,-0.00361393311597447,-0.112564227040638,-0.102179739176081
