"Year","OPR","DPR","CCWM"
2019,-0.261511910490113,0.853519663411682,0.419216215835442
2020,-0.0762144401093029,-0.399315232276181,-0.329992208150941
