"Year","OPR","DPR","CCWM"
2019,0.0767110018344138,1.77722076925689,1.63745116236474
2020,0.248088617398704,-2.64190785761629,-1.45492509343022
