"Year","OPR","DPR","CCWM"
2019,0.736103378393079,0.176166311509098,1.05886519977008
