"Year","OPR","DPR","CCWM"
2019,-0.533452492705032,-0.539262526236338,-1.12471834087937
