"Year","OPR","DPR","CCWM"
2019,-1.0031795819943,-2.65432271276408,-3.53917237726129
