"Year","OPR","DPR","CCWM"
2019,-0.912075311555211,1.5095271371852,0.188145643466978
2020,-1.69055574762475,-0.490562359004375,-1.95138990365511
