"Year","OPR","DPR","CCWM"
2019,0.616642695131306,-1.57678361203059,-0.610124583293989
