"Year","OPR","DPR","CCWM"
2019,-0.439245599745109,0.229738671756448,-0.341106076661313
