"Year","OPR","DPR","CCWM"
2018,-0.106238955328001,-1.49123134780065,-0.87671142041183
2019,0.0919874384241472,-0.210316042161324,-0.0693960230416139
