"Year","OPR","DPR","CCWM"
2019,0.44998931305872,-0.740470026540079,-0.0891062840850348
