"Year","OPR","DPR","CCWM"
2019,-0.132082656940054,-0.209939074263592,-0.344828485459192
2020,-0.785258939530517,-0.038594721397728,-0.78497616452543
