"Year","OPR","DPR","CCWM"
2019,0.732480275990241,0.564325786159803,1.39141967835255
