"Year","OPR","DPR","CCWM"
2019,-0.99456763494692,1.7969703724272,0.336191640401541
