"Year","OPR","DPR","CCWM"
2019,-0.671681703335529,0.145801694847259,-0.700038722384661
