"Year","OPR","DPR","CCWM"
2019,-1.03397770034632,1.07679003808769,-0.337595027670816
