"Year","OPR","DPR","CCWM"
2019,-1.224706205601,0.791848211124333,-0.819718056915363
