"Year","OPR","DPR","CCWM"
2019,0.608829180168224,-1.3812952043545,-0.450010816266739
