"Year","OPR","DPR","CCWM"
2019,-0.472159892756639,0.135934792979843,-0.463056958056851
