"Year","OPR","DPR","CCWM"
2018,-2.13010672025782,-3.406293569282,-3.35022141475432
2019,0.310599881426963,0.864189849845671,1.13256997530526
