"Year","OPR","DPR","CCWM"
2019,0.349623280672499,-1.8173995149971,-1.14765241992594
