"Year","OPR","DPR","CCWM"
2019,-0.201679216164698,1.25447524139158,0.840974822848299
