"Year","OPR","DPR","CCWM"
2018,0.0352747130640087,-1.58050424169612,-0.823614460712563
2019,0.462746862341197,-0.748531941836034,-0.0804053880350154
