"Year","OPR","DPR","CCWM"
2019,-0.373172940126644,1.60686355797576,0.935875658330756
