"Year","OPR","DPR","CCWM"
2007,1.37525500162626,0.318646604012262,1.1351046973152
2008,1.81203781496865,-1.18659376922911,0.763079827434512
2009,1.42086692148028,-0.763648075375847,0.536849449337329
2010,0.199167484314963,0.167441567356703,0.317138003573952
2011,2.00373998359415,-0.413167504092172,1.65973842814365
2012,0.220143278325718,0.149423109546797,0.389022131078071
2013,-0.520564909864071,-0.748558152034791,-1.25374269396259
