"Year","OPR","DPR","CCWM"
2019,0.106915186338156,-1.15471989684454,-0.870988501888215
