"Year","OPR","DPR","CCWM"
2019,0.807842370188075,-0.474121952222496,0.582550730068806
