"Year","OPR","DPR","CCWM"
2019,-0.296067529458717,0.038117161329921,-0.331271310656704
