"Year","OPR","DPR","CCWM"
2019,-1.40702681567036,-0.151304135255001,-1.86297457590434
