"Year","OPR","DPR","CCWM"
2019,1.46003640840196,-0.691462313607679,1.19649394520339
