"Year","OPR","DPR","CCWM"
2019,-1.00296876328995,-0.146693090052699,-1.36170282741671
