"Year","OPR","DPR","CCWM"
2019,-0.0632808965636378,0.314120810853742,0.194851603053712
