"Year","OPR","DPR","CCWM"
2019,-0.333414069385596,-0.374093055216042,-0.735128202821302
