"Year","OPR","DPR","CCWM"
2019,-0.142121576582542,0.428850508584216,0.197435802920975
