"Year","OPR","DPR","CCWM"
2019,-1.37432041264809,1.03410245850748,-0.793512601525311
