"Year","OPR","DPR","CCWM"
2019,0.346973586868336,-1.26300851018954,-0.669572062327774
