"Year","OPR","DPR","CCWM"
2019,-0.999164155572735,1.47418105923958,0.0502780107233326
