"Year","OPR","DPR","CCWM"
2019,-0.284034778396519,-0.417911921269036,-0.712402881622207
