"Year","OPR","DPR","CCWM"
2019,-0.874862330070888,-0.204274552333042,-1.25403833272675
