"Year","OPR","DPR","CCWM"
2019,-1.31083616185067,0.676311113739753,-1.02603019580879
