"Year","OPR","DPR","CCWM"
2018,-0.643714387963066,0.471175917702505,-0.206568375187022
2019,-1.25544484842397,1.2111474197806,-0.493497687921987
