"Year","OPR","DPR","CCWM"
2019,-0.553134693703126,-1.28553058913826,-1.79687647868334
