"Year","OPR","DPR","CCWM"
2019,0.355533925844119,-0.722714466525,-0.189935148319103
