"Year","OPR","DPR","CCWM"
2007,-0.180754448988494,-0.784435549875086,-0.709912801635076
2017,-0.257508303094464,-0.138998171164723,-0.454023860582588
2018,-1.81217139209195,-0.369189947146821,-1.49215762425758
2019,-1.08924439334804,0.369378321854654,-1.01981006082562
