"Year","OPR","DPR","CCWM"
2019,-0.21190446686716,1.48298661344073,1.02679217329222
2020,0.314146400234798,0.118861302145755,0.380390454092493
