"Year","OPR","DPR","CCWM"
2019,-1.67466486210284,1.38714713370557,-0.856616578877093
