"Year","OPR","DPR","CCWM"
2019,-0.921238924963595,1.21355495017498,-0.0801050905936883
2020,-1.89359446915121,1.64524270107062,-0.777577458383371
