"Year","OPR","DPR","CCWM"
2019,-0.0535177500997455,0.533218954334031,0.397095490744798
