"Year","OPR","DPR","CCWM"
2019,-1.35029801933575,2.29578927472832,0.331491197305148
