"Year","OPR","DPR","CCWM"
2017,-1.41728076986157,1.93891658911872,0.0462965706475691
2019,-0.423712710485408,0.471337618751207,-0.11222548185643
