"Year","OPR","DPR","CCWM"
2019,-0.730948922666148,0.740522562893723,-0.256620946370867
