"Year","OPR","DPR","CCWM"
2019,-1.22694396021373,-0.0297567829216823,-1.53581768117438
