"Year","OPR","DPR","CCWM"
2019,-0.653687916370321,0.423776369695819,-0.436546881788799
