"Year","OPR","DPR","CCWM"
2019,-1.04612628795617,0.498282944594538,-0.854825827611546
