"Year","OPR","DPR","CCWM"
2019,0.58506027002054,-0.424570330775403,0.351398506175984
2020,0.184478813128205,-0.618158486412131,-0.218028001622696
