"Year","OPR","DPR","CCWM"
2019,0.150880105098994,0.923556692916715,0.987549534768608
2020,-0.332482872300643,0.421525359895269,-0.0514191968537541
