"Year","OPR","DPR","CCWM"
2019,-0.804858699041701,1.77162078987804,0.547654249993851
