"Year","OPR","DPR","CCWM"
2019,-0.114944917922114,0.141723919628748,-0.0184114429151717
