"Year","OPR","DPR","CCWM"
2019,-1.28367636146057,1.0014437971143,-0.710313676360511
