"Year","OPR","DPR","CCWM"
2019,-1.06542837826214,0.0113469998672407,-1.30135512371751
