"Year","OPR","DPR","CCWM"
2019,-0.382269353236394,0.0621732152965314,-0.416472331122299
