"Year","OPR","DPR","CCWM"
2019,-0.0421597367094384,1.39783878348497,1.16176623893243
