"Year","OPR","DPR","CCWM"
2019,1.01803149203896,-0.535486060048243,0.787948955361826
