"Year","OPR","DPR","CCWM"
2019,0.372643255853053,-0.478593508032158,0.0430752457822841
