"Year","OPR","DPR","CCWM"
2019,-0.0997519988762795,-0.9366080828319,-0.935958593776417
