"Year","OPR","DPR","CCWM"
2019,-1.07100548850185,0.912529778429186,-0.525780974712085
2020,-1.70295255000197,-0.559883392732038,-2.00786906973683
