"Year","OPR","DPR","CCWM"
2019,0.19131265473391,0.300794083946696,0.496605406936374
