"Year","OPR","DPR","CCWM"
2019,-0.289512977954718,-1.13853258604355,-1.34481241326486
