"Year","OPR","DPR","CCWM"
2019,-1.61692296600636,1.49890140005274,-0.688525590310811
