"Year","OPR","DPR","CCWM"
2019,-0.604544467120626,0.16765527155605,-0.598439891485767
