"Year","OPR","DPR","CCWM"
2019,-0.704892288890519,-0.457030987369795,-1.26431052326776
