"Year","OPR","DPR","CCWM"
2019,-1.26525142769013,0.317396064608022,-1.28155209969742
