"Year","OPR","DPR","CCWM"
2019,-0.276126021202901,0.516321229378097,0.108463592677554
