"Year","OPR","DPR","CCWM"
2019,-0.340262041772804,-0.12128932934444,-0.524063030522785
