"Year","OPR","DPR","CCWM"
2019,-1.01277154885848,-0.19768164207708,-1.41803698167361
