"Year","OPR","DPR","CCWM"
2019,-1.36310131671148,1.82795091124707,-0.0904589548174668
