"Year","OPR","DPR","CCWM"
2019,-0.267698905233256,0.526987418876513,0.128095471687415
