"Year","OPR","DPR","CCWM"
2019,-0.626550980166362,-0.060582000357796,-0.823686414659702
