"Year","OPR","DPR","CCWM"
2019,-1.3196971404573,0.903835878544426,-0.839390462103696
