"Year","OPR","DPR","CCWM"
2019,0.658906197263683,1.10175211106571,1.76748512503047
