"Year","OPR","DPR","CCWM"
2019,-1.16968852495177,0.466654785179986,-1.03435270224762
