"Year","OPR","DPR","CCWM"
2019,-0.587081773350564,0.590426735787775,-0.209884117587725
