"Year","OPR","DPR","CCWM"
2019,-1.39328711410031,1.23828984302059,-0.639572146246764
2020,-0.90660971099434,0.0711942089561786,-0.832013667288154
