"Year","OPR","DPR","CCWM"
2019,-0.91097701502663,0.29485344406142,-0.865124086253346
