"Year","OPR","DPR","CCWM"
2019,-0.64414317074374,0.544787174612423,-0.319734570408131
