"Year","OPR","DPR","CCWM"
2019,-0.503722485222639,-0.929006328489829,-1.42651900434004
