"Year","OPR","DPR","CCWM"
2019,-0.784845365925205,1.51139140485584,0.346344280694487
