"Year","OPR","DPR","CCWM"
2019,-1.2524119670187,0.277114908833949,-1.300724246833
