"Year","OPR","DPR","CCWM"
2019,0.00100857354850017,1.08287439294551,0.941429947958465
2020,-1.20306940073541,-0.487815546567382,-1.47768957738167
