"Year","OPR","DPR","CCWM"
2019,-1.21287955244498,0.697427856922208,-0.887142161401465
2020,-0.774959498092699,0.198180411270122,-0.623085566282895
