"Year","OPR","DPR","CCWM"
2019,0.789269629338514,-1.51995746452871,-0.348336752006579
2020,0.387290957465091,-0.613982754286115,-0.0190053396155012
