"Year","OPR","DPR","CCWM"
2019,-0.859786139044187,0.201154035497734,-0.883477273013605
