"Year","OPR","DPR","CCWM"
2019,-0.769326114802658,1.93641453254667,0.734463259903812
2020,-0.992096002515377,-1.4659277575991,-1.90102154734507
