"Year","OPR","DPR","CCWM"
2019,-0.400612404466844,0.61750067791925,0.0431075079533826
2020,-1.21966831803911,1.52180593608457,-0.204345751725591
