"Year","OPR","DPR","CCWM"
2019,-0.688789088032157,-0.843803541710002,-1.58030175708715
2020,-0.215870979062735,0.336249014691708,0.00675833939925567
