"Year","OPR","DPR","CCWM"
2019,-0.609232669344584,-0.539616204818398,-1.21828696156735
