"Year","OPR","DPR","CCWM"
2019,-0.169053635098196,0.82707030495638,0.510039009858221
