"Year","OPR","DPR","CCWM"
2019,-1.09428981916246,0.291039261505033,-1.09403605263271
