"Year","OPR","DPR","CCWM"
2019,0.276945013857839,-1.05684766394205,-0.576759271450217
