"Year","OPR","DPR","CCWM"
2019,-0.697702988287738,0.280359941130444,-0.615234646317606
