"Year","OPR","DPR","CCWM"
2019,-0.370721162783956,0.0640925333401773,-0.400593725799381
2020,-1.20881910359153,-0.350422122664807,-1.39510152535539
