"Year","OPR","DPR","CCWM"
2019,-1.40478866430967,1.72582953300699,-0.230428243478869
