"Year","OPR","DPR","CCWM"
2019,-1.28508514877493,0.768309465678257,-0.91446267765877
2020,-0.48838068828772,-0.494420288213427,-0.790033673917748
