"Year","OPR","DPR","CCWM"
2019,-0.601757592054836,1.19936799169948,0.300758265744237
