"Year","OPR","DPR","CCWM"
2019,-0.0951456561401822,-0.298845565112913,-0.376562330357417
