"Year","OPR","DPR","CCWM"
2019,-1.08771225505752,-1.09314870392889,-2.28774063744626
