"Year","OPR","DPR","CCWM"
2019,-0.746212791233057,-1.01302566294354,-1.79789671421902
