"Year","OPR","DPR","CCWM"
2020,1.67932153283175,-3.04240080090475,-0.32630578736069
