"Year","OPR","DPR","CCWM"
2020,-1.39096599314143,2.00336225808086,-0.0612037054923344
