"Year","OPR","DPR","CCWM"
2020,-0.867449036954256,-0.48015646804958,-1.14785964394259
