"Year","OPR","DPR","CCWM"
2007,0.587276644765827,0.634027642955462,0.860744066793577
2008,-0.385747940712874,0.140880611217993,-0.255716541438874
2009,0.00591549399966491,-1.23514167919239,-0.80507504819341
2010,0.451378187017182,-0.63350144929496,-0.108145194791047
2011,-0.620926034194145,0.234388834500704,-0.429914429535795
