"Year","OPR","DPR","CCWM"
2019,-0.044559759210846,0.689590102341209,0.543886755142118
