"Year","OPR","DPR","CCWM"
2020,0.980362685969105,-0.674225635101595,0.51649726451884
