"Year","OPR","DPR","CCWM"
2020,-1.36799637220314,1.54033433009961,-0.336054678356865
