"Year","OPR","DPR","CCWM"
2020,-0.205375108038667,-1.38695836071719,-1.08872485814432
