"Year","OPR","DPR","CCWM"
2020,0.0630825307088461,0.731924858968451,0.530688128298835
