"Year","OPR","DPR","CCWM"
2020,-0.231121900934811,-0.519288751608075,-0.556936287016541
