"Year","OPR","DPR","CCWM"
2017,-2.42190152416844,0.115175025042243,-2.93121223643822
