"Year","OPR","DPR","CCWM"
2020,-1.03303210237458,-0.210409674073042,-1.13508648370238
