"Year","OPR","DPR","CCWM"
2020,-0.82200782548557,0.0688009263812268,-0.751645746122664
