"Year","OPR","DPR","CCWM"
2020,-1.13828055412762,-0.328277635047397,-1.31260446468944
