"Year","OPR","DPR","CCWM"
2020,-1.0437492719059,0.216533677338222,-0.871526438422673
