"Year","OPR","DPR","CCWM"
2020,-1.16158627493709,-0.924663400304412,-1.71781987663514
