"Year","OPR","DPR","CCWM"
2020,-0.283276141062103,-0.644300675141465,-0.687637211265317
