"Year","OPR","DPR","CCWM"
2020,-0.67897693158655,1.6542991831298,0.404110539825274
