"Year","OPR","DPR","CCWM"
2020,-0.199470208007571,0.657742880895106,0.228912897776636
