"Year","OPR","DPR","CCWM"
2020,-0.570147891255468,-1.62829695333288,-1.59671083926647
