"Year","OPR","DPR","CCWM"
2018,-1.51146450658554,-2.41654824364073,-2.37697533637861
