"Year","OPR","DPR","CCWM"
2007,1.08153459657766,-0.884019139251849,0.035900800956716
2008,0.973452082220636,0.312658769509512,1.20314074609322
