"Year","OPR","DPR","CCWM"
2018,-3.41067683774071,3.48174354523985,-0.565365714016568
