"Year","OPR","DPR","CCWM"
2018,-1.21678013828889,1.32035995034561,-0.159686741138685
