"Year","OPR","DPR","CCWM"
2017,-1.60626593196847,0.836423869149376,-1.22864559029407
