"Year","OPR","DPR","CCWM"
2017,0.267190959538514,1.609483452823,1.85031543704619
2018,-1.39305908924422,-0.795515187378107,-1.4218678435088
