"Year","OPR","DPR","CCWM"
2017,-0.683765161519027,1.95239714466046,0.979589392655333
