"Year","OPR","DPR","CCWM"
2017,-0.730734161735071,1.18032384035528,0.193902988782356
