"Year","OPR","DPR","CCWM"
2017,-1.85550999253362,-0.502406520353521,-2.80167616555633
