"Year","OPR","DPR","CCWM"
2017,-0.495870507864284,0.467178291932589,-0.182599839405767
