"Year","OPR","DPR","CCWM"
2017,-0.213289175230046,1.25916035190571,0.917533177283858
