"Year","OPR","DPR","CCWM"
2017,-0.492473958660022,-0.898586528337865,-1.46390492799119
