"Year","OPR","DPR","CCWM"
2017,0.359817216879686,0.919814789411268,1.31739491757802
