"Year","OPR","DPR","CCWM"
2017,-0.0260139279823312,-0.4454155624569,-0.45190999514133
2018,0.460814267793632,-0.541781440675352,0.038059815814529
