"Year","OPR","DPR","CCWM"
2017,1.30246772985349,-1.30765512008052,0.403800713925832
