"Year","OPR","DPR","CCWM"
2017,0.224924211848438,-0.341701062836346,-0.0393438994754675
