"Year","OPR","DPR","CCWM"
2018,-0.651654609464319,0.138066535113369,-0.391132114540502
