"Year","OPR","DPR","CCWM"
2018,-0.965444622315439,0.377943048382262,-0.486353209828961
