"Year","OPR","DPR","CCWM"
2018,-1.62682747674668,-1.57373156980285,-2.00671449138311
