"Year","OPR","DPR","CCWM"
2018,-0.835008154970134,-0.00392054462241567,-0.59829946471689
