"Year","OPR","DPR","CCWM"
2018,-0.392161959657997,-0.274364266855293,-0.427348483331251
