"Year","OPR","DPR","CCWM"
2018,0.500614566706787,0.258681224206513,0.496360916728554
