"Year","OPR","DPR","CCWM"
2018,1.47752040915367,-0.165030695589574,0.966317508376286
