"Year","OPR","DPR","CCWM"
2018,-0.0944089735594944,-0.475648003676298,-0.322851765263092
