"Year","OPR","DPR","CCWM"
2019,0.0404605414476653,1.16729308700325,1.06327810987079
