"Year","OPR","DPR","CCWM"
2019,-0.0762485071677331,2.03443844429497,1.67253136544189
