"Year","OPR","DPR","CCWM"
2007,-1.69749831064718,-0.761607634787169,-1.67918781013393
