"Year","OPR","DPR","CCWM"
2015,-2.14189204696464,0.383328576145177,-2.51375521724452
