"Year","OPR","DPR","CCWM"
2016,-0.107731291450391,-1.6595853010756,-1.81323723573905
