"Year","OPR","DPR","CCWM"
2007,-0.813391537951422,-0.444827049426761,-0.864942364639586
2008,-0.848237030053828,1.24602393863329,0.219312054036063
