"Year","OPR","DPR","CCWM"
2017,0.831401055435957,-0.687632573500017,0.39620043134807
