"Year","OPR","DPR","CCWM"
2019,0.101580864959697,0.425047681344886,0.494055055335105
