"Year","OPR","DPR","CCWM"
2007,-1.61213168474731,1.05192454880633,-0.254219423844334
2012,-0.985711396058712,1.03672471709536,-0.200632700714402
2013,-0.686705439870553,1.72754856304362,0.705108554449377
2014,-0.893098457119545,0.928282656214098,-0.171285643316369
