"Year","OPR","DPR","CCWM"
2009,0.67079295961338,-0.889039496252277,-0.0928943275657308
2010,-1.10290745558138,1.2381492475414,0.011388947206588
2016,-0.0386582201327231,-0.210508341481934,-0.263066064488193
2017,0.193227192530598,0.00597449595216284,0.248134801347838
2018,0.848267576597073,-0.0608132780723162,0.573001742609292
2019,1.16018635093203,-0.850417101767946,0.68946290325027
