"Year","OPR","DPR","CCWM"
2018,-5.16148771623896,11.7921028729327,2.64758892981189
