"Year","OPR","DPR","CCWM"
2019,-0.55856675946247,0.0514726693112271,-0.642729527911588
