"Year","OPR","DPR","CCWM"
2017,-0.659570881383901,-0.752615317501348,-1.53622120506769
2018,-0.274053786420173,0.700817553298996,0.180696162021117
2019,-0.861706812798542,1.15350876137236,-0.0589739607588743
