"Year","OPR","DPR","CCWM"
2017,0.478019821673011,0.207251050074657,0.79502347866891
2018,-0.215849502011237,-0.322002871596399,-0.327045815120146
2019,-2.14945337700564,2.68479803467004,-0.314266749243957
