"Year","OPR","DPR","CCWM"
2017,0.971862265565226,-0.913039942372202,0.360315657393547
2018,-0.0054691088271287,2.4011784024919,1.28563383719254
2019,-1.49801930261754,1.52861659958399,-0.51639285086978
