"Year","OPR","DPR","CCWM"
2018,-7.02641459415053,9.23952820903571,-0.0548099415716399
2019,0.47821584115505,-0.341827713740168,0.291746624467034
