"Year","OPR","DPR","CCWM"
2014,-0.835870647849936,0.674896835734935,-0.299603433474765
2016,-0.8302980029455,-0.816226822387009,-1.92024274660917
2017,-0.599585284997786,-0.754789288290796,-1.46298218409672
2018,-0.386352462072425,0.831747155984683,0.170830132916738
2019,-1.83949815144729,2.07034997919505,-0.466294317526744
