"Team","OPR","DPR","CCWM"
2002,9.4724435735524,7.40260281471969,2.06984075883271
2003,11.6823007479124,45.353987740655,-33.6716869927426
