"Year","OPR","DPR","CCWM"
2007,0.204968180011493,-0.11580892821488,0.0458640868003415
2008,0.872825079341986,-1.84590912597421,-0.696330437867349
