"Year","OPR","DPR","CCWM"
2007,0.204968180011493,-0.11580892821488,0.0458640868003415
2008,0.872825079341986,-1.84590912597421,-0.696330437867349
2009,1.0990452980077,-0.313817483175097,0.596686843309621
2010,1.10295012464613,-0.54716608489438,0.552691498458271
