"Year","OPR","DPR","CCWM"
2002,1.69237927372772,1.24846611709437,0.178416423639278
