"Team","OPR","DPR","CCWM"
2002,8.28188313743077,8.74768064336179,-0.465797505931016
2003,23.0039591379417,17.5393384104083,5.46462072753339
