"Year","OPR","DPR","CCWM"
2002,-1.38966265185124,-1.27760813914686,0.0614955828299797
2003,0.0118517084302159,-0.702376425188142,0.441253772047963
