"Year","OPR","DPR","CCWM"
2007,3.30415330474882,-0.061968083725686,2.10227716910754
2008,1.75900860282022,0.0314939798669138,1.72867979599339
2009,1.06011349134203,0.338191138143443,0.995529554796109
