"Year","OPR","DPR","CCWM"
2007,0.762812088678815,0.438113119947578,0.826974872048186
2008,1.48566669512153,-0.114249368694746,1.34246259546734
2009,-0.520663435935067,0.471210985013725,-0.0713118392693965
2010,0.0685697128474877,0.0888015853346407,0.134615887031039
2011,0.842134813267428,-0.177200907969504,0.694736409434561
