"Year","OPR","DPR","CCWM"
2007,0.762812088678815,0.438113119947578,0.826974872048186
2008,1.48566669512153,-0.114249368694746,1.34246259546734
2009,-0.520663435935067,0.471210985013725,-0.0713118392693965
