"Year","OPR","DPR","CCWM"
2007,-0.877582923011096,-0.64170044871483,-1.05535755592632
2008,-0.476749555709406,1.97202605233311,1.18494537623474
