"Year","OPR","DPR","CCWM"
2007,0.261050738254328,-0.0559636598705341,0.127531720309006
2008,0.545512054606066,-0.00982864425193321,0.519746840262264
