"Year","OPR","DPR","CCWM"
2007,0.275377567086407,-0.0673564952568891,0.128247082500392
2008,-0.518246647771428,-1.3058498872824,-1.59175508635524
2009,0.523664499941899,0.927963642017675,0.990387693811237
