"Year","OPR","DPR","CCWM"
2002,-0.101510165043947,1.18177823483799,-1.04606713909837
2003,0.387909096261435,-0.612249638052985,0.589071988698866
