"Year","OPR","DPR","CCWM"
2007,0.275377567086407,-0.0673564952568891,0.128247082500392
2008,-0.518246647771428,-1.3058498872824,-1.59175508635524
2009,0.523664499941899,0.927963642017675,0.990387693811237
2010,1.0220278210854,-0.446708695622986,0.561373417747205
2011,0.97700391041968,-0.658847469306514,0.446252889961542
