"Year","OPR","DPR","CCWM"
2007,0.431432923117278,0.555786939503018,0.700299411872677
2008,0.577095679794089,-0.048134516980438,0.51833409509491
2009,-0.478228511463036,-2.0688984859727,-1.7048775795664
