"Year","OPR","DPR","CCWM"
2007,0.026865602769426,0.71680774023184,0.558753695249376
2008,0.236174092473491,-0.0518887316551167,0.185252390269751
2009,0.0752729250087494,-0.768467312531027,-0.44862858184875
