"Year","OPR","DPR","CCWM"
2007,-1.12634597072048,-0.435956311830671,-1.06179409932219
2008,0.830099878774524,-0.251622581130564,0.593311932424495
2009,0.274426446302638,-0.150671376977599,0.101603133896996
2010,0.517420112974656,0.282545131717259,0.699451157102044
2011,1.15132494085609,0.238830811915721,1.33163850244679
