"Year","OPR","DPR","CCWM"
2007,-1.12634597072048,-0.435956311830671,-1.06179409932219
2008,0.830099878774524,-0.251622581130564,0.593311932424495
