"Year","OPR","DPR","CCWM"
2007,0.698536319819428,0.177964853169179,0.588724321398225
2008,-0.103167845630029,-0.743508482505544,-0.720565982349152
