"Year","OPR","DPR","CCWM"
2007,0.572783231888601,0.707478179182872,0.906781716969374
2008,0.0498533669525112,-1.11080934503911,-0.879112064854134
