"Team","OPR","DPR","CCWM"
2002,17.8684752555686,15.1175085946688,2.75096666089976
2003,31.0131907271751,15.0663600143858,15.9468307127893
