"Year","OPR","DPR","CCWM"
2002,0.990654461728129,0.0915171446486575,0.631147941724843
2003,0.747993779420403,-0.90116469759417,0.962904188003331
