"Year","OPR","DPR","CCWM"
2007,-0.347916765363298,-0.809457772667634,-0.837532600975331
2008,0.45685903932468,-1.36229232770931,-0.695158606102134
