"Year","OPR","DPR","CCWM"
2007,1.2931474778467,0.773226984552935,1.42496603382914
2008,0.693835044233777,-2.06101090132,-1.04913688089036
2009,-0.883254716872529,-1.05186052441599,-1.33408841175676
2010,0.392393725999208,-1.62670371955048,-0.972328394056237
2011,3.54362374349563,-2.12264841176853,1.83049356248155
2012,3.79556955426866,-2.57554158846309,2.05238868762384
2013,1.52879383818008,-1.81043334558296,0.198871078846988
