"Year","OPR","DPR","CCWM"
2007,0.54759674048759,-0.202684695904601,0.203112720780175
2008,2.81253836190123,-1.44773787367928,1.51335826002978
2009,0.359926747277355,-1.66307454647315,-0.827063471986181
2010,0.799504762606163,0.461011044959588,1.10071598897406
2011,1.4205567831358,-0.281639915786202,1.18562565627397
2012,0.731662865324877,-2.07635490038783,-1.03185297368417
2013,0.790936999568849,-0.686171928642121,0.320517047364613
2014,1.53224605142452,-1.31873173153044,0.490610914479086
