"Year","OPR","DPR","CCWM"
2007,0.54759674048759,-0.202684695904601,0.203112720780175
2008,2.81253836190123,-1.44773787367928,1.51335826002978
