"Year","OPR","DPR","CCWM"
2007,0.54759674048759,-0.202684695904601,0.203112720780175
2008,2.81253836190123,-1.44773787367928,1.51335826002978
2009,0.359926747277355,-1.66307454647315,-0.827063471986181
