"Year","OPR","DPR","CCWM"
2008,1.15257031439155,-1.10601996833765,0.192107398699185
