"Year","OPR","DPR","CCWM"
2007,-0.100611150660916,0.74567985999009,0.497642981134002
2008,0.566956699237206,0.155154035732296,0.678237205105265
