"Year","OPR","DPR","CCWM"
2007,-0.0481801111169371,-0.91855824702616,-0.724963951878567
2008,0.507297201646298,-0.37241744444974,0.180054356141547
