"Year","OPR","DPR","CCWM"
2007,-0.0481801111169371,-0.91855824702616,-0.724963951878567
2008,0.507297201646298,-0.37241744444974,0.180054356141547
2009,-0.285078070555865,0.0158592333826106,-0.197722069993915
2010,0.0628934373730998,0.767721797368236,0.683667785091762
2011,0.86072339953188,0.248293541433651,1.05087955621246
2012,-0.148559481750736,-0.886988988261441,-0.972849286357812
