"Year","OPR","DPR","CCWM"
2007,-1.36243226595363,-0.299933002002807,-1.11263347703238
2008,0.377062709349775,0.0646843024191335,0.418927028173093
