"Year","OPR","DPR","CCWM"
2007,1.83532458409925,-0.270447143807351,0.989501058951354
2008,3.36403902363704,-0.373083206060677,2.94428329006108
