"Year","OPR","DPR","CCWM"
2007,1.83532458409925,-0.270447143807351,0.989501058951354
2008,3.36403902363704,-0.373083206060677,2.94428329006108
2009,2.30095440160697,0.833935721427367,2.22624044012677
2010,1.74456303626262,0.138967017654231,1.6941128828271
2011,1.97802174659921,-1.43857650869164,0.820386456650329
2012,2.39523606144761,-0.481762066309744,2.32844205488284
