"Team","OPR","DPR","CCWM"
2002,16.3323962504775,15.1700102842839,1.16238596619362
2003,29.0339468834413,27.2910236668124,1.74292321662894
