"Year","OPR","DPR","CCWM"
2007,0.62369059363024,-1.89004135057784,-1.02156097154248
2008,0.896941282588156,-2.19979282675452,-0.968430807025513
2009,0.806030377718168,-0.421475966524965,0.312228981205777
2010,0.848910462285068,0.148177770648295,0.890118145235123
2011,1.53736349279258,0.291022634236944,1.75600210735753
2012,1.18974097963642,-0.772823799243564,0.674497936270953
2013,1.10420835372717,-2.21289862590218,-0.642920541350876
