"Year","OPR","DPR","CCWM"
2007,0.62369059363024,-1.89004135057784,-1.02156097154248
2008,0.896941282588156,-2.19979282675452,-0.968430807025513
