"Year","OPR","DPR","CCWM"
2007,0.28059927114364,0.00222645884382652,0.184187229942998
2008,-0.043715142372075,1.18516498915285,0.947128612674244
