"Year","OPR","DPR","CCWM"
2002,-0.767226724669318,-0.717009024195338,0.0435475138508059
2003,0.313702266036041,-0.691921452028032,0.598217231021565
