"Team","OPR","DPR","CCWM"
2002,10.7887085177664,11.3558567936092,-0.567148275842721
2003,26.2880956062628,17.6694010264923,8.61869457977043
