"Year","OPR","DPR","CCWM"
2007,-1.2237567593488,0.602845537721737,-0.34072562446286
2008,-0.647832119273689,0.568356822114391,-0.152485272542779
