"Year","OPR","DPR","CCWM"
2007,-2.10820458953536,1.62146515183109,-0.146797967212546
2008,-0.76406495717251,-0.814604757808977,-1.41954397088897
