"Team","OPR","DPR","CCWM"
2002,11.8097724447432,16.1635416092027,-4.35376916445948
