"Year","OPR","DPR","CCWM"
2007,0.68966278654313,-1.53058705160669,-0.707218510031447
2008,-0.541093477091698,0.748538033771864,0.101242033786445
2009,0.559758620672459,0.166626179722356,0.517829747272824
2010,0.0491602240261326,0.199905039374932,0.207722260337498
