"Year","OPR","DPR","CCWM"
2007,0.68966278654313,-1.53058705160669,-0.707218510031447
2008,-0.541093477091698,0.748538033771864,0.101242033786445
