"Year","OPR","DPR","CCWM"
2010,0.0545666059895506,-0.609581437458281,-0.448153950589225
2011,3.12562642524141,-1.52866538652187,1.88727965306977
2012,3.75209826756325,-0.580525285586685,3.80481630915678
