"Year","OPR","DPR","CCWM"
2007,-0.61794571933331,-0.758269486862894,-0.974509894824527
2008,1.85341927569937,-1.03074683100554,0.933238266030756
2009,-0.681293442448164,-1.48035179812616,-1.46744335339064
2010,2.26783683525088,0.0533146117587536,2.09831231094852
