"Year","OPR","DPR","CCWM"
2007,1.14554129435249,-0.802105711494056,0.139386646669684
2008,0.420780834769449,-1.35338960437942,-0.722643020921503
2009,0.853236514464286,-0.395734624395957,0.363559145546077
2010,1.22021642014535,-0.898306351912236,0.372309737626105
2011,-0.723945325175195,-0.766541487148445,-1.32651897485521
2012,1.58102632122015,-0.876469415862565,1.03233284746428
2013,1.25031678858512,-2.04936858774523,-0.331492137700024
2014,1.66702485758887,-0.893377428479865,0.922653990371818
