"Team","OPR","DPR","CCWM"
2002,16.8315994194443,12.5946369866852,4.23696243275903
2003,19.9045509682065,39.8813220705855,-19.976771102379
