"Year","OPR","DPR","CCWM"
2007,1.14554129435249,-0.802105711494056,0.139386646669684
2008,0.420780834769449,-1.35338960437942,-0.722643020921503
2009,0.853236514464286,-0.395734624395957,0.363559145546077
