"Year","OPR","DPR","CCWM"
2002,0.733201837587173,-0.45074668612741,0.894300896944877
2003,-0.273020157677374,1.09356499551885,-0.824844946564311
