"Year","OPR","DPR","CCWM"
2007,-0.907865783388263,-0.0485903054003924,-0.627181305263926
2008,-0.163030243502118,0.621749137620819,0.36128572223651
