"Year","OPR","DPR","CCWM"
2007,-0.710385808129522,1.49011056292529,0.663175111569938
2008,-0.123717961778973,-0.513498768291595,-0.548430681083515
2009,-1.1052003103852,-0.0204387374945388,-0.820219670810658
2010,0.26548266667742,-1.37067157424823,-0.878321040898308
2011,1.89528494328122,-0.565464364787739,1.43127980326579
2012,1.74662020283598,-0.389905652405686,1.66303504861837
2013,0.125898011637193,-0.942452135264199,-0.672948906180619
2014,-0.105084888992641,0.17926886395803,0.0301631639707145
2015,0.110497652822739,-0.0480035031913279,0.097290517550801
