"Year","OPR","DPR","CCWM"
2007,-0.843798146118478,-0.853957626265312,-1.19366426766354
2008,-0.571862711899029,-1.02862553762764,-1.41220415494749
