"Year","OPR","DPR","CCWM"
2007,-0.843798146118478,-0.853957626265312,-1.19366426766354
2008,-0.571862711899029,-1.02862553762764,-1.41220415494749
2009,-0.0509713799535154,-0.475887541386148,-0.349061584434074
2010,-0.0833110296324702,-0.426327211854024,-0.423490751372569
2011,-0.380854473867608,0.132333805809293,-0.272767997784844
2012,-0.112610478354892,-1.07593322715589,-1.1020892458458
2013,-0.700136512571652,0.181898117922884,-0.653425275270963
2014,-0.0402264481587863,-0.780290171560271,-0.598283487173852
2015,-0.190930207653501,0.195373502052936,-0.0391009248516848
