"Year","OPR","DPR","CCWM"
2007,-0.843798146118478,-0.853957626265312,-1.19366426766354
2008,-0.571862711899029,-1.02862553762764,-1.41220415494749
2009,-0.0509713799535154,-0.475887541386148,-0.349061584434074
2010,-0.0833110296324702,-0.426327211854024,-0.423490751372569
