"Year","OPR","DPR","CCWM"
2007,0.667863182112551,1.26978741217504,1.39323726241954
2008,-0.0881827136739604,1.84978975746658,1.45895531259219
