"Year","OPR","DPR","CCWM"
2007,0.667863182112551,1.26978741217504,1.39323726241954
2008,-0.0881827136739604,1.84978975746658,1.45895531259219
2009,1.37839669562897,-0.950957151150883,0.383100614921694
2010,1.61820549901389,-1.12654877327389,0.546599289889494
2011,0.927421078544619,-0.520633899363543,0.506764467201551
2012,0.787781356208978,-0.526859832722404,0.432937559033831
2013,0.753333558457555,-0.118086947410712,0.770525124522049
2014,0.812628485006424,-1.48778941964337,-0.306161517147431
