"Year","OPR","DPR","CCWM"
2007,-0.0262156897442867,-0.574728417394138,-0.451043242337424
2008,-0.655794603122207,0.353492570211023,-0.33957115801658
2009,0.0129403258041141,-0.237413340973174,-0.146131169907301
2010,-0.0348086052033521,-1.43414237954256,-1.20221291900562
