"Year","OPR","DPR","CCWM"
2007,-0.0262156897442867,-0.574728417394138,-0.451043242337424
2008,-0.655794603122207,0.353492570211023,-0.33957115801658
