"Year","OPR","DPR","CCWM"
2011,-1.05719969922368,0.810302478245357,-0.405599198126247
