"Year","OPR","DPR","CCWM"
2011,-1.05719969922368,0.810302478245357,-0.405599198126247
2012,0.053268751075581,-0.030810111779546,0.0336256638656708
2014,-0.79938766858091,-0.785525131316155,-1.31448133384553
2015,-0.552204858659841,1.04728737119758,0.440264266963654
2016,-0.258250247856998,0.423679660425665,0.0848319339592873
2017,0.655119370156357,-0.314961549580315,0.525744894190363
2018,-0.182532708351511,-0.813220086360171,-0.56706302106248
2019,1.45698503800556,-0.753525463591766,1.13885331192132
