"Year","OPR","DPR","CCWM"
2011,-1.05719969922368,0.810302478245357,-0.405599198126247
2012,0.053268751075581,-0.030810111779546,0.0336256638656708
2014,-0.79938766858091,-0.785525131316155,-1.31448133384553
2015,-0.552204858659841,1.04728737119758,0.440264266963654
