"Year","OPR","DPR","CCWM"
2002,0.351723041063824,-1.11924318237011,1.17299985640925
2003,0.145900290902619,-0.219650704658408,0.214981598372517
