"Year","OPR","DPR","CCWM"
2007,-0.530499860633193,-1.15315905124438,-1.21582503243759
2008,0.822572827770533,-1.85113754643524,-0.749330048707449
