"Team","OPR","DPR","CCWM"
2002,15.2952152111704,9.48447043179343,5.81074477937698
2003,24.4624087817527,23.5445733451741,0.917835436578585
