"Year","OPR","DPR","CCWM"
2016,-0.0247107579484038,-0.451773753736803,-0.487493756453879
2017,0.88575631573385,-1.78196455160941,-0.56565410167319
