"Year","OPR","DPR","CCWM"
2016,-0.0247107579484038,-0.451773753736803,-0.487493756453879
