"Year","OPR","DPR","CCWM"
2016,-0.0247107579484038,-0.451773753736803,-0.487493756453879
2017,0.88575631573385,-1.78196455160941,-0.56565410167319
2018,0.243742362716667,-0.450020460217234,-0.0676493439753041
2019,-0.866325769968726,1.40176059278946,0.150882316681958
