"Year","OPR","DPR","CCWM"
2018,-0.439627282523542,-0.842134435368765,-0.766156254725235
