"Year","OPR","DPR","CCWM"
2007,0.627027818757565,-1.15084006274463,-0.461200543952623
2008,1.97345938767441,-0.410571473703608,1.56716857938392
2009,1.52467268094061,-0.178273628971393,0.996228785680296
2010,3.50996970147812,-0.697827552711237,2.61060809580178
