"Year","OPR","DPR","CCWM"
2007,0.194216825076041,-1.00833287413763,-0.635096472471736
2008,-1.94179791823596,0.548371879323052,-1.42148342250986
