"Year","OPR","DPR","CCWM"
2007,1.24884512455477,1.0659769888824,1.61721415357556
2008,1.13066794027639,-0.821948025880973,0.408067894527959
2009,-0.891384383769375,-0.251496750428625,-0.815541552935079
2010,0.550546196951796,0.376100214443078,0.805833279519278
