"Team","OPR","DPR","CCWM"
2002,16.3009330810564,13.4467352422765,2.85419783877988
