"Year","OPR","DPR","CCWM"
2007,-0.683858465725366,0.529209720617118,-0.0451719716404713
2008,0.37740618805995,-0.159886394548043,0.231776301790581
