"Year","OPR","DPR","CCWM"
2007,-0.74934858844933,-1.8827346104237,-1.90908873863808
2008,0.71695360901148,-1.31070961823256,-0.400372454771377
2009,0.343469948616925,0.388011848226079,0.5050081305919
2010,0.746090969194016,-0.168960194908773,0.538081544131882
2011,0.557024082461955,-1.39453421975317,-0.554251525743344
