"Year","OPR","DPR","CCWM"
2007,1.94224064072123,0.0202969541876937,1.27858918885042
2008,-1.30116120308594,0.767241582620789,-0.61874481313982
