"Year","OPR","DPR","CCWM"
2007,1.94224064072123,0.0202969541876937,1.27858918885042
2008,-1.30116120308594,0.767241582620789,-0.61874481313982
2009,1.34451289197,0.836266473821,1.52953965431123
2010,-0.615893082782641,0.640456215834628,-0.035237780153206
2011,0.921762193111555,1.99838677858744,2.5004314163274
