"Year","OPR","DPR","CCWM"
2007,-0.666074357568872,0.644174546083377,0.0532079665183187
2008,1.12212871029899,-0.439188470164969,0.719350868421059
