"Year","OPR","DPR","CCWM"
2007,1.40676251206223,-0.711027576438902,0.378064279023884
2008,-0.797509697485019,0.539674697824454,-0.321290115201073
2009,0.666399326242348,-0.862327220876084,-0.0785971326085294
2010,0.364264798800316,-0.241625927145255,0.132808586028344
2011,1.29590869545598,-0.918378887343352,0.556614990127845
2012,1.21294391225832,-0.955807294463128,0.535936762078048
2013,-1.36519026204985,0.385107809662021,-1.24767204164987
2014,0.544898534654374,-1.12804841973567,-0.298988326114261
2015,0.546342927235653,-0.77298557497872,-0.133591892018796
