"Year","OPR","DPR","CCWM"
2007,1.40676251206223,-0.711027576438902,0.378064279023884
2008,-0.797509697485019,0.539674697824454,-0.321290115201073
