"Year","OPR","DPR","CCWM"
2007,1.40676251206223,-0.711027576438902,0.378064279023884
2008,-0.797509697485019,0.539674697824454,-0.321290115201073
2009,0.666399326242348,-0.862327220876084,-0.0785971326085294
2010,0.364264798800316,-0.241625927145255,0.132808586028344
