"Year","OPR","DPR","CCWM"
2007,-0.868847699912696,-0.427733925522565,-0.888104427847164
2008,1.36217478249017,-0.632833532321407,0.790005137981981
2009,0.747428778031842,-1.14859509825742,-0.207035983756986
2010,0.581257951305872,-1.25339502547043,-0.496478722536159
2011,2.54375882260482,-2.32616784125772,0.677125224897865
2012,1.43519229796146,-1.73374287253073,0.0894776403544459
2013,2.90363583666643,-1.4736651942443,2.08494493593295
2014,1.03478741485226,-1.07489318636403,0.198934274327992
2015,1.11569402121662,-0.87758021416521,0.531509176532632
