"Year","OPR","DPR","CCWM"
2007,-0.868847699912696,-0.427733925522565,-0.888104427847164
2008,1.36217478249017,-0.632833532321407,0.790005137981981
2009,0.747428778031842,-1.14859509825742,-0.207035983756986
2010,0.581257951305872,-1.25339502547043,-0.496478722536159
2011,2.54375882260482,-2.32616784125772,0.677125224897865
