"Year","OPR","DPR","CCWM"
2007,-0.868847699912696,-0.427733925522565,-0.888104427847164
2008,1.36217478249017,-0.632833532321407,0.790005137981981
2009,0.747428778031842,-1.14859509825742,-0.207035983756986
