"Team","OPR","DPR","CCWM"
2002,15.8724464427925,14.6325010401565,1.23994540263605
2003,23.2502200191469,31.7706172044004,-8.52039718525345
