"Year","OPR","DPR","CCWM"
2002,0.495047526156184,-0.0127299575950339,0.363563257405805
2003,0.0344859640481906,0.441592859030588,-0.254714961798234
