"Year","OPR","DPR","CCWM"
2007,1.36410856723552,0.341983888162963,1.14547747089112
2008,0.73655466330588,-0.633418660514042,0.184034919326981
2009,1.75903291125662,0.730454456685937,1.76281140722383
2010,-0.553117335235383,1.01733002787508,0.329278556081498
2011,1.03658612713829,-1.81947844918619,-0.415805345272938
