"Year","OPR","DPR","CCWM"
2007,1.37998572981978,-0.602304530992105,0.442747817699651
2008,-0.285741733668824,0.649962430745215,0.266078158693881
2009,0.737572006693736,-0.338886758439943,0.316373575319346
2010,0.0870409455395459,0.0160148273989138,0.0919368871797964
2011,1.34482192749585,-0.363270656341243,1.045710454066
2012,1.33749000481519,0.0859523077480878,1.62092047447688
2013,-0.510102908194064,-0.810415398595102,-1.29536285840356
2014,2.20427422620113,-0.136473048952388,1.97057067611701
2015,0.359609402122653,1.00461333844474,1.64866638415338
