"Year","OPR","DPR","CCWM"
2007,0.479019459255773,-0.251917840169044,0.121331819068745
2008,-0.279826930729744,0.0332901864859923,-0.243027086187217
2009,0.1457124896293,-0.417681526838366,-0.167334401511283
