"Year","OPR","DPR","CCWM"
2007,-0.751287964962307,-1.15778908694511,-1.36292518507891
2008,0.983507616391116,-1.23807680080847,-0.0817610808258784
2009,0.128586466062045,-1.29013129798487,-0.751556852619816
