"Year","OPR","DPR","CCWM"
2007,0.892729442157082,0.356184090750757,0.849608356282974
2008,1.71513623107868,-0.759721148867396,1.02567263835474
2009,2.62557194663142,-0.978541400410586,1.27549616296413
