"Team","OPR","DPR","CCWM"
2002,13.8479214533898,10.9563008331373,2.89162062025252
2003,29.1350983238327,14.5355184028034,14.5995799210292
