"Year","OPR","DPR","CCWM"
2002,-0.00763490987098023,-0.802889235082516,0.65605615867136
2003,0.57537511857834,-0.943835950629548,0.895857836431821
