"Year","OPR","DPR","CCWM"
2007,-0.442566538167277,-1.02770057669747,-1.06389496985489
