"Year","OPR","DPR","CCWM"
2007,-0.749128689837198,-2.34632355552413,-2.25901361262481
2008,0.761068639459208,1.05096135161171,1.61396672365541
2009,0.0575819816878607,-1.21066372102785,-0.751316607988
2010,0.746242520070871,-0.75281579666836,0.0616240962574324
