"Year","OPR","DPR","CCWM"
2007,-0.749128689837198,-2.34632355552413,-2.25901361262481
2008,0.761068639459208,1.05096135161171,1.61396672365541
