"Year","OPR","DPR","CCWM"
2007,3.73786977015304,0.135004062315741,2.53311158020497
2008,5.51892531723971,-0.845529126113266,4.63538277009225
