"Year","OPR","DPR","CCWM"
2007,3.73786977015304,0.135004062315741,2.53311158020497
2008,5.51892531723971,-0.845529126113266,4.63538277009225
2009,2.21629781393559,-0.886855110898242,1.03679740045651
2010,6.02192406145458,-0.627043402580139,4.94436528296072
