"Team","OPR","DPR","CCWM"
2002,17.0612708518923,17.0803809221605,-0.0191100702681481
