"Year","OPR","DPR","CCWM"
2009,-0.492456898749696,0.516938126667098,-0.0207551176447124
