"Year","OPR","DPR","CCWM"
2007,1.00378525135668,-0.594515211704226,0.203943299775107
2008,-1.72171045992582,1.69718510601858,-0.249392199428035
2009,-0.743038670864212,-0.803084114577692,-1.06870268668781
