"Year","OPR","DPR","CCWM"
2007,1.00378525135668,-0.594515211704226,0.203943299775107
2008,-1.72171045992582,1.69718510601858,-0.249392199428035
2009,-0.743038670864212,-0.803084114577692,-1.06870268668781
2010,-0.947405774401759,0.980464495089565,-0.0580626428006522
2011,-0.539286683746932,1.63169025387521,0.760071072692179
2012,-0.376712990982985,-2.1294939254637,-2.35876252212097
2013,0.168738691796756,1.19521954862008,1.23405979012311
2014,-1.5000344178458,-0.801648592634519,-1.98358800513706
