"Year","OPR","DPR","CCWM"
2007,3.12065650693454,0.115881602228351,2.11722695822781
2008,2.51210539107296,-0.337132416016502,2.14978653621964
2009,1.64557849687487,-0.83869727101913,0.651714916908923
