"Year","OPR","DPR","CCWM"
2007,1.84873267615612,0.475878698532964,1.56179166320278
2008,2.96677829654419,-1.23695194596722,1.83860820461126
2009,1.7697814125606,0.174250798017621,1.40617551505407
2010,-0.217151527473826,-0.322753421702396,-0.460211913697583
2011,3.39681790767635,-0.310018086083694,3.12350292955963
