"Year","OPR","DPR","CCWM"
2007,0.0650565176801634,-1.13108549078095,-0.811797921603314
2008,-0.666283484995801,-0.368357974448664,-0.952360307066338
2009,-1.49599215847002,0.129414680834888,-1.0073087030245
2010,0.123104609269822,0.102211892960363,0.194974361197625
2011,-0.680348000008325,2.17068330398884,1.04792646877501
2012,-0.546476883175559,-0.0612754553928034,-0.685915786933595
2013,-1.01522404071419,2.03325017429026,0.589964082038652
2014,0.631857701121312,-2.65989253513579,-1.3178038339802
