"Year","OPR","DPR","CCWM"
2007,0.0650565176801634,-1.13108549078095,-0.811797921603314
2008,-0.666283484995801,-0.368357974448664,-0.952360307066338
2009,-1.49599215847002,0.129414680834888,-1.0073087030245
