"Year","OPR","DPR","CCWM"
2008,0.408461539740349,-0.467286473874346,0.00519862733247218
