"Year","OPR","DPR","CCWM"
2007,-0.0146858925774391,-0.367712750238585,-0.287221250997489
2008,0.77499094474145,0.603183404197124,1.2536128547533
2009,-0.205980627289307,-1.25614260608089,-0.973526935915994
2010,-0.625180923940037,-0.566046054411054,-1.02850734004033
2011,-0.854648327285404,-0.14126984222111,-0.959911347082163
2012,-0.223683651552017,0.574115850739012,0.260642766929997
2013,-0.264042337452968,0.082823750235835,-0.234066874176601
2014,0.855847196282226,0.638650213853317,1.26195621148858
2015,0.433369593798137,0.754222877851544,1.46306184122238
