"Year","OPR","DPR","CCWM"
2007,-0.0146858925774391,-0.367712750238585,-0.287221250997489
2008,0.77499094474145,0.603183404197124,1.2536128547533
