"Year","OPR","DPR","CCWM"
2007,0.165238835152043,-0.347701973783328,-0.155084859556634
2008,0.490237661719486,-1.43924505225083,-0.727098510379598
