"Year","OPR","DPR","CCWM"
2020,-0.074909393163215,-1.77546691456028,-1.21169521654978
