"Year","OPR","DPR","CCWM"
2007,0.69733994314813,0.256179949119862,0.64700840453819
2008,-0.0308347622162546,-0.359790422386939,-0.330213725287344
2009,-0.0674829804625136,-0.282823889238908,-0.234600078477542
2010,-0.593701530728973,-1.93224080041336,-2.11519458444965
