"Year","OPR","DPR","CCWM"
2002,-0.0675420556098999,-0.401330217263699,0.282484521393058
2003,0.0569980358591532,-0.811711190242919,0.533386559227031
