"Year","OPR","DPR","CCWM"
2007,-0.361884330839789,-0.565206322459847,-0.662176782107264
2008,0.591729374864164,-2.31518567619252,-1.3601539733239
2009,0.295878067059006,0.851951022309112,0.774286056544918
