"Year","OPR","DPR","CCWM"
2007,-0.689022753829284,-0.022713780948593,-0.465302489983483
2008,-1.03360902676138,-1.08606996895289,-1.90704465002254
