"Year","OPR","DPR","CCWM"
2007,-0.857902806579145,0.0927545865355405,-0.487951483780193
2008,-0.233931567794293,-1.26159509813916,-1.27964579488028
