"Year","OPR","DPR","CCWM"
2009,-0.0449988024817425,-0.69453596119384,-0.487982667358483
2010,0.350472741683845,-1.37242137947288,-0.802743431644265
2011,-0.827062085850929,-0.779502946847159,-1.43909532260065
