"Year","OPR","DPR","CCWM"
2009,-0.0449988024817425,-0.69453596119384,-0.487982667358483
