"Year","OPR","DPR","CCWM"
2020,1.8174549584827,0.487512168870875,2.07228458732626
