"Year","OPR","DPR","CCWM"
2007,-0.247135741690318,-0.277834973094312,-0.370541104567585
2008,-0.257256793889331,0.352729144822666,0.0455005737553926
