"Year","OPR","DPR","CCWM"
2007,-0.247135741690318,-0.277834973094312,-0.370541104567585
2008,-0.257256793889331,0.352729144822666,0.0455005737553926
2009,1.77562297466735,-0.926878366712697,0.68886545692809
2010,0.528585068825177,-0.339005727994752,0.202202280116646
2011,0.257279781851152,-0.125989608903614,0.155220299133472
2012,0.581871627768365,-1.46240039775823,-0.649953662232401
2013,0.162703005962605,0.193364656778337,0.356584170384058
2014,-0.527523399931118,-0.959343596681539,-1.18421449053093
