"Team","OPR","DPR","CCWM"
2002,7.62519280677584,6.99181453586863,0.633378270907209
2003,30.6220119254333,11.6524670228221,18.9695449026112
