"Year","OPR","DPR","CCWM"
2007,0.96368604692522,0.492345338557332,0.998578445612889
2008,0.978107084692408,0.863341122078018,1.66738380977314
