"Year","OPR","DPR","CCWM"
2007,0.96368604692522,0.492345338557332,0.998578445612889
2008,0.978107084692408,0.863341122078018,1.66738380977314
2009,1.62554452234486,1.58529747265122,2.22554348833906
2010,-0.128120722069781,-0.551362318525262,-0.566155692734571
