"Year","OPR","DPR","CCWM"
2007,0.96368604692522,0.492345338557332,0.998578445612889
2008,0.978107084692408,0.863341122078018,1.66738380977314
2009,1.62554452234486,1.58529747265122,2.22554348833906
2010,-0.128120722069781,-0.551362318525262,-0.566155692734571
2011,1.15294921565258,-0.357164065024347,0.860224292507847
2012,0.767862465218204,-0.242472823646965,0.666910643576246
2013,1.14038773370796,-1.32753881018883,0.1682732610571
2014,1.12766626532518,-0.602535905615576,0.625421480993764
