"Year","OPR","DPR","CCWM"
2007,1.20371488908897,0.524912327128701,1.17928897211818
2008,0.812366762407297,-0.302898381705106,0.533341964976199
2009,2.3602963987743,0.901340160025935,2.31373211210898
