"Year","OPR","DPR","CCWM"
2007,-0.376765697991794,-0.290043939205433,-0.464073675420651
2008,1.9038945999782,0.550407054467834,2.30211726500186
2009,-0.10452290581373,0.555507112625294,0.287721594283363
2010,-0.922540248877553,2.00295982438928,0.799118409376099
