"Year","OPR","DPR","CCWM"
2007,-0.376765697991794,-0.290043939205433,-0.464073675420651
2008,1.9038945999782,0.550407054467834,2.30211726500186
