"Year","OPR","DPR","CCWM"
2007,-0.559088417042516,0.0817474783288576,-0.301909873484967
2008,-0.341239697361183,0.16514021136482,-0.19238783611466
2009,-0.22263868862046,1.39136739568959,0.749236628680391
2010,-0.945535258673305,0.403527172419293,-0.527315295032466
2011,0.66142087418815,-0.613054445703034,0.169547340665104
