"Year","OPR","DPR","CCWM"
2007,0.61911710711168,0.102155398226059,0.479823211233336
2008,1.90710233409588,-0.437877245435658,1.48015126554782
