"Year","OPR","DPR","CCWM"
2007,-0.603799103810375,-1.37385110499255,-1.43015018794175
2008,-1.46771245690789,0.0192688385495609,-1.40438091856897
2009,-0.171155651267008,-0.600967959826371,-0.518765071325412
