"Year","OPR","DPR","CCWM"
2007,1.49372517647521,-1.16001808746701,0.0955818525839058
2008,1.10243142677126,-1.35600777814354,-0.0651202030147123
2009,-0.0150151532502341,-0.0588227954280695,-0.0495082918234836
2010,-0.984443052774175,-2.25105318380048,-2.7294721133666
2011,0.164593410139875,-0.461848939779823,-0.203284913175045
