"Team","OPR","DPR","CCWM"
2002,9.58760795091358,16.8821561006257,-7.29454814971212
2003,14.0193066819414,19.9743244329108,-5.95501775096938
