"Year","OPR","DPR","CCWM"
2020,-0.852148721471447,-0.10540757146171,-0.892600949842476
