"Year","OPR","DPR","CCWM"
2007,1.49372517647521,-1.16001808746701,0.0955818525839058
2008,1.10243142677126,-1.35600777814354,-0.0651202030147123
