"Year","OPR","DPR","CCWM"
2002,-1.06545577198639,0.470808945912546,-1.14779851234991
2003,-0.813942950195729,-0.506642137527306,-0.127048062274187
