"Year","OPR","DPR","CCWM"
2007,-1.72367552041101,-0.23380771646094,-1.29765860825463
2008,0.414102803584177,-0.267326467634334,0.177595182144332
