"Year","OPR","DPR","CCWM"
2007,-0.513619663716555,0.048584999669749,-0.297378152433836
2008,0.478453385608078,0.450246084548743,0.838940762647908
2009,-1.38895449687882,1.22048455271993,-0.214185659240538
2010,0.457734903209738,-0.597197356286625,-0.0727510170157226
2011,-0.539804066876942,-0.165222439363202,-0.666604472728345
