"Year","OPR","DPR","CCWM"
2007,0.0179450900903965,0.476759508470339,0.371685085145996
2008,0.409253056302345,0.553271880456263,0.857979181393872
