"Year","OPR","DPR","CCWM"
2007,-0.748727795518882,0.0923640615796931,-0.417237314820208
2008,0.0114811835071678,-0.830230768241307,-0.682007664536522
2009,-0.259138358178747,0.251780055071639,-0.024185476120585
