"Year","OPR","DPR","CCWM"
2007,-0.748727795518882,0.0923640615796931,-0.417237314820208
2008,0.0114811835071678,-0.830230768241307,-0.682007664536522
2009,-0.259138358178747,0.251780055071639,-0.024185476120585
2010,-0.202666199219537,-0.815479105055333,-0.84929379727314
2011,0.92959496662168,-0.372446876539132,0.626533048469113
2012,0.113206164226164,-0.943597614529266,-0.721960241887093
2013,0.547781769204753,-0.62773544874586,0.0894693753724283
2014,-0.373173079782155,0.954806161938272,0.335693511575198
2015,-0.261153227715751,-0.0477381208584811,-0.41490249851792
