"Year","OPR","DPR","CCWM"
2002,0.662678056806513,0.313611952840669,0.214246242234685
2003,-1.80466780019849,1.1891090738647,-1.71330161916408
