"Year","OPR","DPR","CCWM"
2007,-0.273808035104094,-0.997254779729235,-0.931141506830236
2008,-1.35998558096846,1.32011109483568,-0.214111807453623
