"Team","OPR","DPR","CCWM"
2002,16.5475688937987,16.1508002399299,0.396768653868765
2003,3.24021243155125,41.0699155361726,-37.8297031046213
