"Year","OPR","DPR","CCWM"
2007,1.60495230560565,-0.786908966714268,0.449669909298784
2008,0.72363679249889,0.193304112611082,0.861723488356766
2009,-0.745358034896113,0.216780726624607,-0.402074180595117
