"Year","OPR","DPR","CCWM"
2007,1.41667614428645,-0.668680822445699,0.416489373840534
2008,1.36342969168774,-0.895135478517551,0.572236519386215
