"Year","OPR","DPR","CCWM"
2007,1.41667614428645,-0.668680822445699,0.416489373840534
2008,1.36342969168774,-0.895135478517551,0.572236519386215
2009,2.01480587332838,-1.35852458684403,0.580615856813493
2010,1.73432360375746,-0.600590168348882,1.08114314687761
