"Team","OPR","DPR","CCWM"
2002,10.7434670685035,9.03375298281545,1.70971408568809
2003,24.2755706796049,9.00814765532786,15.267423024277
