"Year","OPR","DPR","CCWM"
2007,1.41667614428645,-0.668680822445699,0.416489373840534
2008,1.36342969168774,-0.895135478517551,0.572236519386215
2009,2.01480587332838,-1.35852458684403,0.580615856813493
2010,1.73432360375746,-0.600590168348882,1.08114314687761
2011,3.06226935568081,0.18558906439849,3.18498971029507
2012,4.07663996292155,-1.89363332265247,2.99283565355819
2013,3.57794321586003,-1.88737631199708,2.50701876866212
2014,3.11080136312188,-0.846973838998003,2.31090529315187
2015,4.51682914213009,-2.66251826899684,3.17341110605555
