"Year","OPR","DPR","CCWM"
2007,-0.466320919983904,-0.496992255624352,-0.678593714857704
2008,0.0818923964149811,0.353501788580751,0.374377765635248
2009,1.11087104287655,-0.753206670120192,0.317386380906983
2010,1.31792178531105,0.338365584904226,1.47031788095552
