"Year","OPR","DPR","CCWM"
2007,-0.466320919983904,-0.496992255624352,-0.678593714857704
2008,0.0818923964149811,0.353501788580751,0.374377765635248
