"Year","OPR","DPR","CCWM"
2007,-0.069359270521144,1.34772370248835,0.972588415118354
