"Year","OPR","DPR","CCWM"
2007,-0.659344735122719,-0.142591935251991,-0.536522529682487
2009,0.868226082715942,-1.07666060190962,-0.0717117114166889
2010,-0.0174912578832225,-0.803203325900556,-0.671493940147213
2011,0.336807107815675,-0.734837584930891,-0.249117251278113
