"Year","OPR","DPR","CCWM"
2007,-0.659344735122719,-0.142591935251991,-0.536522529682487
2009,0.868226082715942,-1.07666060190962,-0.0717117114166889
