"Year","OPR","DPR","CCWM"
2007,-0.659344735122719,-0.142591935251991,-0.536522529682487
