"Year","OPR","DPR","CCWM"
2007,-0.400080725815962,0.411869040416722,0.0507943695352401
2008,-0.214125791261638,0.231789307510331,-0.0137235747956381
2009,0.447960420491949,0.221255422349517,0.472012812859105
