"Year","OPR","DPR","CCWM"
2007,0.204235436122181,-0.686967257132183,-0.385908800064538
2008,-1.80817067430461,-0.0979349801851791,-1.83172772379265
2009,1.57329728020607,-1.44395413271704,0.202320318286126
2010,-1.35577328763758,0.790471284166163,-0.583156704011337
