"Year","OPR","DPR","CCWM"
2007,0.204235436122181,-0.686967257132183,-0.385908800064538
2008,-1.80817067430461,-0.0979349801851791,-1.83172772379265
