"Year","OPR","DPR","CCWM"
2007,-0.0604874211733346,0.532290404180671,0.362604206876536
2008,-0.348191081110478,0.664587320726884,0.217848633288137
2009,0.50005566623237,-0.603331608321239,-0.0303115874190451
2010,0.375387533385126,-0.304329066904282,0.0917025632246005
2011,2.06800016218002,0.285810942835418,2.27824367300469
2012,1.48829950708325,-1.58221851856677,0.28766428846778
2013,-0.726101859066969,1.44935518692297,0.417733935755368
2014,0.88736882728324,-0.352219522617796,0.579732026527072
