"Year","OPR","DPR","CCWM"
2007,-0.0604874211733346,0.532290404180671,0.362604206876536
2008,-0.348191081110478,0.664587320726884,0.217848633288137
2009,0.50005566623237,-0.603331608321239,-0.0303115874190451
2010,0.375387533385126,-0.304329066904282,0.0917025632246005
