"Year","OPR","DPR","CCWM"
2007,-0.0604874211733346,0.532290404180671,0.362604206876536
2008,-0.348191081110478,0.664587320726884,0.217848633288137
