"Team","OPR","DPR","CCWM"
2002,11.4291841576575,19.0918413061402,-7.66265714848273
2003,13.3996518655944,51.1369055526725,-37.7372536870781
