"Year","OPR","DPR","CCWM"
2002,-0.608198875390212,0.945756763534219,-1.21298643058226
2003,-0.870896476226605,1.99833553412308,-1.70870084535932
