"Year","OPR","DPR","CCWM"
2007,1.03787010954251,-0.216807019669383,0.511329743302359
2008,0.341382216908069,-0.367183946076516,0.0238492841082225
