"Year","OPR","DPR","CCWM"
2007,0.36405218647034,0.967028054534495,0.96701268092938
2008,-0.448227189840006,0.0721620915112927,-0.373554363787561
