"Year","OPR","DPR","CCWM"
2007,-0.444587135937053,0.946560750637644,0.425606153412226
2008,-0.721330933316477,-0.556673016522273,-1.16285087222442
