"Year","OPR","DPR","CCWM"
2007,-0.444587135937053,0.946560750637644,0.425606153412226
2008,-0.721330933316477,-0.556673016522273,-1.16285087222442
2009,1.31009324627055,-0.123223152203939,0.875654810239117
2010,1.87644347310594,0.713314357726951,2.28243751061927
2011,1.42041473929095,-1.10277639785659,0.53377033674478
2012,1.61056790502479,-0.424180687465938,1.47508249215178
2013,1.8138523781629,-1.68465082434531,0.638547526968427
2014,0.826888672961343,0.179547266353686,0.904976681060354
