"Year","OPR","DPR","CCWM"
2007,-0.550182275931205,-0.0143216209518467,-0.36866142592801
2008,-1.27226659365959,-0.29748324291195,-1.47966726055302
2009,-0.673607124257237,-1.09340779334326,-1.20826610554859
