"Year","OPR","DPR","CCWM"
2007,2.04468379001847,-0.404285832258921,1.02460640059305
2008,3.43751771518497,-1.50575219939397,2.0697865057321
2009,2.85491535014278,-0.242980209526293,1.92493937357251
2010,0.467247439824401,0.135442473397193,0.533913548769136
2011,0.707929039524358,-0.120606295665636,0.60652538298695
