"Year","OPR","DPR","CCWM"
2007,2.04468379001847,-0.404285832258921,1.02460640059305
2008,3.43751771518497,-1.50575219939397,2.0697865057321
2009,2.85491535014278,-0.242980209526293,1.92493937357251
2010,0.467247439824401,0.135442473397193,0.533913548769136
2011,0.707929039524358,-0.120606295665636,0.60652538298695
2012,-0.0400736168838455,-0.665258758647218,-0.647329985860671
2013,0.542183062368025,-0.767255453577567,-0.0382441631178531
2014,-0.382932953809298,0.479739084814024,-0.0147370518587918
