"Year","OPR","DPR","CCWM"
2002,1.4184846528263,-0.705876780653445,1.59325649211328
2003,0.0711143334376967,-0.731119530337634,0.49113601032712
