"Year","OPR","DPR","CCWM"
2007,-0.692671155823753,-1.06409822365512,-1.25405156020513
2008,-0.474322694065997,-0.715752133910947,-1.05660111872169
