"Year","OPR","DPR","CCWM"
2007,0.584017780981068,-0.0164276758911684,0.36744896331551
2008,0.160812831709714,0.434188357522245,0.518119082689874
2009,-0.278185877178905,0.301132618556698,-0.00574973782777587
2010,0.627857543269193,0.352804980340935,0.856866222273333
