"Year","OPR","DPR","CCWM"
2007,0.584017780981068,-0.0164276758911684,0.36744896331551
2008,0.160812831709714,0.434188357522245,0.518119082689874
