"Year","OPR","DPR","CCWM"
2007,-0.366055080835001,0.863152215371045,0.413700656046651
