"Year","OPR","DPR","CCWM"
2007,0.536050578622766,0.0454634115468577,0.382985922667302
2008,-0.373158595768402,0.662042585428891,0.191560334624751
2009,-0.821929166276454,0.223191100462253,-0.453772430017289
