"Year","OPR","DPR","CCWM"
2007,1.10976143852136,0.375688553072599,1.00549754091503
2008,2.2478726061026,-2.43099818315506,0.145992616596079
2009,2.08066537105838,0.0496338995945318,1.55146722663705
2010,1.90603784327476,-1.13111086628384,0.803668164486047
2011,2.52623227359503,-0.842234256530206,1.83749837140466
