"Year","OPR","DPR","CCWM"
2007,-1.99661491988648,-0.539412110619177,-1.70595220067573
2008,-0.101957921490625,-0.476954776527984,-0.496862284778994
2009,-0.116751218042696,-0.395585182833495,-0.344460171006984
2010,-0.144779680374564,-1.26454825815564,-1.16341534091755
2011,-0.0583209410123691,-0.632440765700885,-0.55980446722842
