"Year","OPR","DPR","CCWM"
2007,-1.99661491988648,-0.539412110619177,-1.70595220067573
2008,-0.101957921490625,-0.476954776527984,-0.496862284778994
2009,-0.116751218042696,-0.395585182833495,-0.344460171006984
