"Year","OPR","DPR","CCWM"
2007,-1.99661491988648,-0.539412110619177,-1.70595220067573
2008,-0.101957921490625,-0.476954776527984,-0.496862284778994
