"Year","OPR","DPR","CCWM"
2007,0.97824915652016,-0.329671219322476,0.387324730276746
2008,1.00523110076626,-0.868811544708019,0.247544731732282
2009,1.9766389633714,-1.27541591935889,0.607214439667227
