"Team","OPR","DPR","CCWM"
2002,16.0848161594158,13.9103723278704,2.17444383154535
2003,19.3433198224883,30.3362350715361,-10.9929152490478
