"Year","OPR","DPR","CCWM"
2007,-1.72285948793758,-0.948354396127835,-1.83670036802341
2008,0.603462861514365,2.00717012662049,2.25972637917565
2010,0.114533321846076,1.00451474042254,0.923747943084806
2011,-0.160608445129071,-0.786999498622556,-0.783940243056759
