"Year","OPR","DPR","CCWM"
2007,-1.06835539508773,1.28180124968082,0.273046620452335
2008,-1.28178892294062,1.62326301772582,0.114654530591941
