"Year","OPR","DPR","CCWM"
2007,-1.20689306536035,0.0475907938547437,-0.749044319402455
2008,0.671530000933722,-1.0042831630257,-0.188513361202509
2009,-0.218536664843608,0.197524810103916,-0.0300988326448753
2010,0.767191316358664,-0.114936515800156,0.601298608718569
