"Year","OPR","DPR","CCWM"
2007,-1.20689306536035,0.0475907938547437,-0.749044319402455
2008,0.671530000933722,-1.0042831630257,-0.188513361202509
