"Year","OPR","DPR","CCWM"
2007,-0.44472266554829,0.82104974197337,0.330741422047236
2008,-0.261827001707326,-0.719498853608788,-0.854073509336128
2009,0.0268134492254486,1.46537131800038,0.979838507985319
2010,-1.48543300792212,-0.139428643868119,-1.45970281240279
