"Year","OPR","DPR","CCWM"
2007,1.40824082240941,-0.624317488531686,0.444502804956614
2008,-0.658461241610461,-1.25277175286178,-1.68314389127522
2009,0.972903509767582,0.0367466570734538,0.73432608077507
