"Year","OPR","DPR","CCWM"
2007,1.40824082240941,-0.624317488531686,0.444502804956614
2008,-0.658461241610461,-1.25277175286178,-1.68314389127522
2009,0.972903509767582,0.0367466570734538,0.73432608077507
2010,1.18696285454705,-1.61570224127382,-0.243422125427119
2011,-0.267618346453048,0.800706529130153,0.370029173124194
2012,1.33532958430633,-0.444533479225478,1.13910994588049
2013,0.824932814569656,-0.648139058660323,0.392964371273991
