"Year","OPR","DPR","CCWM"
2002,-1.16606418515159,-0.62410911865839,-0.317449462947459
2003,0.404829582894697,-0.573663967489842,0.574345395655265
