"Team","OPR","DPR","CCWM"
2002,9.18241327531112,11.7880717427938,-2.60565846748264
2003,27.279561538708,19.1405552394208,8.13900629928715
