"Year","OPR","DPR","CCWM"
2007,-0.0462121067589122,0.439702449011491,0.301973546443968
2008,1.25105240271264,-1.38983890819957,0.0504727743190742
2009,-0.386203722124495,0.468757744047423,0.0252397647790925
2010,-0.627645590957184,1.77322814845266,0.878782752944484
2011,0.550835673672378,0.809741165304642,1.18908509410503
