"Year","OPR","DPR","CCWM"
2007,-0.0462121067589122,0.439702449011491,0.301973546443968
2008,1.25105240271264,-1.38983890819957,0.0504727743190742
