"Year","OPR","DPR","CCWM"
2007,-0.699191896648052,1.82565706943197,0.923835570279866
2008,0.511774474419683,1.36738684306868,1.63686545937509
2009,0.419169123054224,0.857544456026551,0.867957258340389
2010,-0.750269928382891,0.0243513667463752,-0.659910484618133
