"Year","OPR","DPR","CCWM"
2007,-0.699191896648052,1.82565706943197,0.923835570279866
2008,0.511774474419683,1.36738684306868,1.63686545937509
