"Year","OPR","DPR","CCWM"
2007,-0.630050768282281,1.23531467029065,0.523023314423628
2008,-0.120834966380061,0.946160847149948,0.67295830713672
