"Year","OPR","DPR","CCWM"
2008,0.693641460384062,-0.992935022863916,-0.157639648370472
