"Year","OPR","DPR","CCWM"
2007,0.217897312696484,0.219711569688449,0.307633519638908
2008,0.356818970800608,-0.593447848969741,-0.150107587242099
2009,-0.325719544510737,-0.0214663324600737,-0.251851043517296
2010,0.911561026994481,-1.80044302407669,-0.643754036917116
