"Year","OPR","DPR","CCWM"
2007,0.217897312696484,0.219711569688449,0.307633519638908
2008,0.356818970800608,-0.593447848969741,-0.150107587242099
