"Year","OPR","DPR","CCWM"
2008,0.156587174396276,0.180868699167277,0.302545189346853
2009,1.0859018232311,-1.64151089661295,-0.282951306231845
