"Year","OPR","DPR","CCWM"
2008,0.156587174396276,0.180868699167277,0.302545189346853
