"Year","OPR","DPR","CCWM"
2007,-0.801921457164096,0.669457653200692,-0.0160571017344349
2008,0.87539838697512,-1.16852741414528,-0.128326929675981
2009,-0.54854994822765,0.438721840525162,-0.112960019057887
2010,-0.259384022891278,-0.544728116136239,-0.679672459857371
