"Year","OPR","DPR","CCWM"
2007,-0.847989480987059,-2.27837618853559,-2.27200535463875
2008,0.0999650851283494,-0.664603885789355,-0.45809818922198
2009,-1.12118438596835,-0.571594348601287,-1.19306305949137
2010,-0.511533995530166,-0.515362170336643,-0.884163922452453
