"Year","OPR","DPR","CCWM"
2007,-0.733343867696872,-2.18628897100245,-2.12790070937434
2008,-1.13115428386,0.142517266319709,-0.97576226724611
