"Year","OPR","DPR","CCWM"
2007,-0.733343867696872,-2.18628897100245,-2.12790070937434
2008,-1.13115428386,0.142517266319709,-0.97576226724611
2009,-1.14047622370737,-1.02114662170276,-1.50174011070192
2010,-0.118069718952283,0.678872312745934,0.447177795730897
