"Year","OPR","DPR","CCWM"
2007,-0.362657456853658,-0.0571021959802949,-0.278997180644445
2008,-1.49601412783683,-0.581411157385969,-1.93325007626735
2009,-0.0691941599777873,-0.561078910157467,-0.418190967064855
