"Year","OPR","DPR","CCWM"
2007,0.232950512951531,0.136569755830952,0.254641831335363
2008,0.97485695487118,0.947248665073848,1.73428862521777
2009,-0.114139298947822,0.662143349013725,0.350580540131756
2010,-0.216409897441735,-0.336692540946503,-0.470918299997516
2011,-0.0190865744847111,-0.545017540482297,-0.451499470161322
2012,0.257832855742028,0.0295879667522568,0.32423369974046
2013,0.888068155842674,0.949774988890028,1.8545165403848
2014,-0.485543863167064,0.0620752225868657,-0.411067523165862
2015,0.343516492031939,-1.02744378442705,-0.705270335845615
