"Year","OPR","DPR","CCWM"
2007,0.232950512951531,0.136569755830952,0.254641831335363
2008,0.97485695487118,0.947248665073848,1.73428862521777
