"Year","OPR","DPR","CCWM"
2007,0.701427725189683,-1.08100596972601,-0.360076214861863
2008,-0.250576176883479,-0.59855682952235,-0.742216231255547
