"Year","OPR","DPR","CCWM"
2002,0.0125068086683337,-0.139627933805689,0.123959672654723
2003,0.490654172032776,-0.959138881612837,0.859459883483371
