"Team","OPR","DPR","CCWM"
2002,13.929041081986,14.0421107483418,-0.113069666355761
2003,28.213333751364,14.3451459162404,13.8681878351236
