"Year","OPR","DPR","CCWM"
2007,-0.159101423452273,0.57243578095153,0.328778984360129
2008,0.291860195855736,-0.463423141050959,-0.104424069588102
