"Year","OPR","DPR","CCWM"
2007,-0.159101423452273,0.57243578095153,0.328778984360129
2008,0.291860195855736,-0.463423141050959,-0.104424069588102
2009,1.80521546658814,-0.187019264121652,1.19530154591639
2010,0.829928962934299,-1.25897235101859,-0.275721017952205
2011,2.04942578004477,-1.44172239146381,0.88872061962906
2012,0.482816589626523,-0.686702223003693,-0.0633698719467932
2013,0.982700083392299,-0.262331551632746,0.911035462985021
2014,0.692734126554842,-1.46628895181779,-0.403231579875103
