"Year","OPR","DPR","CCWM"
2007,1.88799685854876,0.63627627409156,1.70844999829416
2008,2.621266173065,-0.819928380233702,1.85237062710428
2009,-0.381174119191421,-0.125351786363344,-0.360410954290142
2010,0.103367846850288,0.0959210299937301,0.171956544792783
2011,-0.286449427293192,-0.350989715634526,-0.562721775316617
2012,0.990213802111168,-0.0125884693681877,1.13118088454734
2013,0.472409497467677,-1.16689734936054,-0.466349232803741
2014,1.24589861899684,0.207351519047356,1.31817147511547
