"Year","OPR","DPR","CCWM"
2007,1.88799685854876,0.63627627409156,1.70844999829416
2008,2.621266173065,-0.819928380233702,1.85237062710428
2009,-0.381174119191421,-0.125351786363344,-0.360410954290142
