"Year","OPR","DPR","CCWM"
2007,-0.946062802302824,0.290466512192848,-0.395994722433991
2008,-0.120335512207415,-0.563398239588285,-0.586815751643069
2009,-0.392692457956536,0.377817862281584,-0.0390904732851445
2010,-0.428303507042502,0.629819039281961,0.12604628823908
