"Year","OPR","DPR","CCWM"
2007,-0.946062802302824,0.290466512192848,-0.395994722433991
2008,-0.120335512207415,-0.563398239588285,-0.586815751643069
