"Year","OPR","DPR","CCWM"
2007,0.0828043251953662,-2.02259491113073,-1.47345610397419
2008,-1.4255356557817,1.91916003428746,0.222564955085184
2009,-1.78556759060901,-1.35936305270422,-2.1943088785107
2010,-0.204383784098114,0.867456443094195,0.522911332831978
