"Year","OPR","DPR","CCWM"
2007,-0.272401341552947,1.23421079922371,0.754810303484798
