"Year","OPR","DPR","CCWM"
2009,0.381364863583823,0.19119161831716,0.403695320649768
2010,-1.84055678133018,0.553027671200904,-1.21622132157627
2011,-1.01418092076308,1.59683867981842,0.261327408916889
2012,-0.224789761721255,-0.775368507988965,-0.95995324195494
2013,-1.05771353157176,0.411355705414928,-0.868495007423699
2014,0.519310664093678,0.226499641296956,0.650058055363878
2015,0.561355791836681,-0.769124862648014,-0.10845942605275
2016,1.09305545960136,-1.31658248986655,0.120797730630598
