"Year","OPR","DPR","CCWM"
2009,0.381364863583823,0.19119161831716,0.403695320649768
2010,-1.84055678133018,0.553027671200904,-1.21622132157627
