"Year","OPR","DPR","CCWM"
2007,-0.764426087837179,0.555468740015554,-0.0777455023874235
2008,-0.542885796490754,1.36361361978192,0.613004089256208
2009,-1.18791075945953,-0.569648833324146,-1.24050021025187
2010,0.00983317217509631,0.236696282563609,0.202121940037331
2011,-0.602671108834051,0.710942202587932,-0.0335781457816524
