"Year","OPR","DPR","CCWM"
2007,-0.764426087837179,0.555468740015554,-0.0777455023874235
2008,-0.542885796490754,1.36361361978192,0.613004089256208
