"Year","OPR","DPR","CCWM"
2007,-1.08245199814556,0.367010261749939,-0.426904152733584
2008,0.131924747287373,-1.17944901556354,-0.856986442133807
2009,-0.289480179349452,-1.15220885429739,-0.966375641317668
2010,0.766234033107988,-1.46707376595552,-0.50330317706667
