"Year","OPR","DPR","CCWM"
2007,-1.08245199814556,0.367010261749939,-0.426904152733584
2008,0.131924747287373,-1.17944901556354,-0.856986442133807
2009,-0.289480179349452,-1.15220885429739,-0.966375641317668
2010,0.766234033107988,-1.46707376595552,-0.50330317706667
2011,-0.404208386520498,0.85215975759573,0.27537243467187
2012,0.487656687815073,-0.097576514482034,0.474516397245363
2013,0.513124882709151,-0.227365933687656,0.397169877822416
2014,0.436165914498276,0.377896096020076,0.680788459623441
2015,-1.29239470888024,1.00159860981526,-0.632866499270794
