"Year","OPR","DPR","CCWM"
2007,1.24593351820233,0.382678788556658,1.09934440960883
2008,1.77546666435393,-1.3161590757128,0.619518113140808
2009,1.83447858086855,-0.944574927380772,0.720235008906027
2010,1.86768389492774,0.207620451765305,1.86170857435595
2011,1.35548642337729,-2.35673708900787,-0.525872484764435
