"Year","OPR","DPR","CCWM"
2007,1.24593351820233,0.382678788556658,1.09934440960883
2008,1.77546666435393,-1.3161590757128,0.619518113140808
