"Team","OPR","DPR","CCWM"
2002,24.2468390203023,27.6283286998314,-3.38148967952906
2003,33.071269332798,14.0288767834544,19.0423925493436
