"Year","OPR","DPR","CCWM"
2008,1.02843941491488,-0.0992982352134493,0.912435204345056
