"Year","OPR","DPR","CCWM"
2007,0.230134238400973,2.37394934572683,1.94231278117429
2008,0.575500146132176,-0.371668155335853,0.246687427324314
