"Year","OPR","DPR","CCWM"
2007,0.230134238400973,2.37394934572683,1.94231278117429
2008,0.575500146132176,-0.371668155335853,0.246687427324314
2009,0.25160734855545,0.229402871669947,0.334008824100492
2010,1.52658914686128,-0.627903494853688,0.870628074578846
