"Year","OPR","DPR","CCWM"
2007,0.656697155013594,-1.26269573143456,-0.526368246256169
2008,-0.744605598152543,-0.894086511782715,-1.46706644811105
2009,0.748804974762752,0.804955489068228,1.07413856384051
