"Year","OPR","DPR","CCWM"
2007,-1.09421190424041,0.0270474502401481,-0.691267607974069
2008,-1.06167428662987,0.172393781826161,-0.883576346836037
