"Year","OPR","DPR","CCWM"
2007,0.606479825869106,-0.506634547438488,0.0118908360359157
2008,-0.496142139851422,0.9831623873735,0.340622867651594
2009,-0.749473290529241,-1.01767318402119,-1.21402124936223
