"Year","OPR","DPR","CCWM"
2007,-0.376120534404286,-0.763527344065317,-0.821193510958646
2008,-1.55774269553791,-0.292049427883874,-1.75141760313604
2009,-1.051139124405,-0.175578827832914,-0.882417496092871
2010,-1.05563757736128,1.46967765489989,0.243212243853757
2011,-0.0844731475241824,-0.0946815584382047,-0.158941454026852
