"Year","OPR","DPR","CCWM"
2007,0.944295887049826,0.762980079736129,1.19033002727427
2008,0.368152298392881,-0.805556544796416,-0.316218303997382
