"Year","OPR","DPR","CCWM"
2007,0.226171358696774,-0.623080057466595,-0.323398484472984
2008,-0.00446900172792564,-0.397563939398831,-0.336231936838968
2009,0.108655878953471,-0.11590572929557,0.00336821652579682
2010,-1.22254440783811,0.483763197978605,-0.712805944682956
2011,-0.60830433768752,0.986156434330639,0.179264128696076
2012,-0.834110865899793,-0.46626931089825,-1.38373150582075
2013,0.6756106505403,0.127400360335572,0.893739062807965
2014,-1.54723229840801,0.64905297858109,-0.985748326042659
2015,-0.436051468769092,0.474102458365993,-0.0572812761892804
