"Year","OPR","DPR","CCWM"
2007,0.226171358696774,-0.623080057466595,-0.323398484472984
2008,-0.00446900172792564,-0.397563939398831,-0.336231936838968
2009,0.108655878953471,-0.11590572929557,0.00336821652579682
2010,-1.22254440783811,0.483763197978605,-0.712805944682956
