"Year","OPR","DPR","CCWM"
2002,0.153914303656015,2.15638447389322,-1.66687407723138
2003,0.295844594443605,-1.0516142121901,0.811231709799779
