"Team","OPR","DPR","CCWM"
2002,14.4985517447296,24.7242624726631,-10.2257107279335
2003,26.0938039972587,13.1947284800674,12.8990755171914
