"Year","OPR","DPR","CCWM"
2007,0.193218627923686,-1.93445193031251,-1.3350819608291
2008,0.450223058289472,-0.407531444584279,0.0955024303431226
2009,0.145246400329057,0.923614137307004,0.711282010522693
