"Year","OPR","DPR","CCWM"
2007,0.193218627923686,-1.93445193031251,-1.3350819608291
2008,0.450223058289472,-0.407531444584279,0.0955024303431226
2009,0.145246400329057,0.923614137307004,0.711282010522693
2010,-0.194741374794763,0.0786220249749078,-0.112268747448828
2011,-0.0498152673890572,-0.173362747726799,-0.187008916291876
2012,0.389162824607465,0.0301895243929371,0.47631191234795
2013,2.62695699204376,-0.877090765093948,2.28261390127065
2014,-0.452751738488383,-0.851484563631672,-1.03656267652893
