"Year","OPR","DPR","CCWM"
2020,1.3537505548453,-1.48004450198949,0.36094639190414
