"Year","OPR","DPR","CCWM"
2007,0.619836898427817,-0.928223738021346,-0.297774331459614
2008,-0.338895207561483,1.26454015151762,0.727716705822906
