"Year","OPR","DPR","CCWM"
2007,0.619836898427817,-0.928223738021346,-0.297774331459614
2008,-0.338895207561483,1.26454015151762,0.727716705822906
2009,1.08218790830426,0.510591637216841,1.12461924499557
2010,1.85631536102458,-0.0832516236994154,1.61397241671832
2011,0.940308160498945,-0.493040289056402,0.541448443837807
