"Year","OPR","DPR","CCWM"
2007,-0.985558072538816,-3.44279095441151,-3.24076147604684
2008,-0.0307518445281216,0.00961992499416781,-0.0217307508558406
