"Year","OPR","DPR","CCWM"
2014,1.18666300933967,-0.320424642021564,0.883445910948396
