"Year","OPR","DPR","CCWM"
2014,1.18666300933967,-0.320424642021564,0.883445910948396
2015,0.26441479317071,-0.0680569082822985,0.286527633431149
