"Year","OPR","DPR","CCWM"
2007,-1.08673677577874,-0.609657880368191,-1.16719819324699
2008,-0.693226502778854,2.67224271399963,1.56001353537657
2009,1.04219827926296,-0.014178857634077,0.751541431104666
2010,0.675815578192101,0.682237822988456,1.16923131846615
2011,0.411125595389492,0.96110938036846,1.17063325323875
