"Year","OPR","DPR","CCWM"
2007,-0.847075142721231,0.166076833475187,-0.425541500115008
2008,-0.0893367151055928,0.972388690891224,0.725338996270882
2009,0.471337666280584,-0.683899920283846,-0.104073255594878
2010,0.871350442944665,0.89075119843467,1.51660441230471
2011,-0.204649676621111,-2.04188114759832,-1.82359455324044
