"Year","OPR","DPR","CCWM"
2007,-0.847075142721231,0.166076833475187,-0.425541500115008
2008,-0.0893367151055928,0.972388690891224,0.725338996270882
