"Year","OPR","DPR","CCWM"
2007,-0.426886712557656,-1.59387077369086,-1.48122620908037
2008,0.285113065603836,0.266688750881588,0.498580882751667
2009,-1.28598656658401,-1.00227052172232,-1.59559700413362
