"Year","OPR","DPR","CCWM"
2007,-0.443033226498354,0.528939315473479,0.111260185478748
2008,-2.05341256971536,0.813128399714082,-1.30847291727188
2009,-0.816992594623168,0.1240396481716,-0.515142961572456
2010,-0.941190213828181,0.682108795729401,-0.295975385225692
2011,-1.03887638150796,0.964256156811948,-0.265233954515437
