"Year","OPR","DPR","CCWM"
2007,-0.443033226498354,0.528939315473479,0.111260185478748
2008,-2.05341256971536,0.813128399714082,-1.30847291727188
2009,-0.816992594623168,0.1240396481716,-0.515142961572456
