"Year","OPR","DPR","CCWM"
2007,-1.84860418689705,0.177054786221886,-1.06866127563888
2008,-0.627875744133725,-2.9091434956391,-3.03636710482376
2009,0.837822379293797,-0.222884273373178,0.465575969907965
2010,-0.735599473101575,0.303529087177737,-0.418728564494671
