"Year","OPR","DPR","CCWM"
2007,-1.84860418689705,0.177054786221886,-1.06866127563888
2008,-0.627875744133725,-2.9091434956391,-3.03636710482376
