"Year","OPR","DPR","CCWM"
2007,-1.84860418689705,0.177054786221886,-1.06866127563888
2008,-0.627875744133725,-2.9091434956391,-3.03636710482376
2009,0.837822379293797,-0.222884273373178,0.465575969907965
2010,-0.735599473101575,0.303529087177737,-0.418728564494671
2011,0.0139093362730957,1.19960073570918,0.965889237976425
2012,-0.567594408893416,-0.196338523866155,-0.832317727060806
2013,-1.67622103878864,1.87455312410598,-0.3140302023265
2014,-0.965093054873452,-0.352816297230245,-1.15914535928548
2015,-0.606982002905037,-0.309548258543794,-1.19221388661498
