"Year","OPR","DPR","CCWM"
2007,0.118936864496562,-1.47939239109332,-1.03976880742361
2008,0.559172465749052,0.497104566444512,0.956181403069344
2009,0.916076271438922,-1.69870287744911,-0.444406691124303
