"Year","OPR","DPR","CCWM"
2007,-0.384515099254282,-2.34819262544903,-2.02327484823772
2008,0.240512110718822,-0.236078984593676,0.0356792892713053
