"Year","OPR","DPR","CCWM"
2007,0.148106782616961,0.532579943953846,0.498495643979625
2008,-0.270632814662459,0.388101331750989,0.0620856382098719
2009,1.92358257658628,-0.103193864866642,1.33664386899849
2010,-1.47338569255916,0.411810842410113,-0.99881664984144
2011,1.30564379577676,-1.01280454739671,0.491328798273097
2012,1.26095695991675,-0.0216813417406636,1.43536122097156
2013,-0.0715448009005585,-0.617957103570517,-0.619845169928259
2014,0.564483121478085,-0.162442001245061,0.413048376078206
2015,-0.519653300345902,-0.10969396856924,-0.842460918388806
