"Year","OPR","DPR","CCWM"
2007,0.148106782616961,0.532579943953846,0.498495643979625
2008,-0.270632814662459,0.388101331750989,0.0620856382098719
2009,1.92358257658628,-0.103193864866642,1.33664386899849
2010,-1.47338569255916,0.411810842410113,-0.99881664984144
2011,1.30564379577676,-1.01280454739671,0.491328798273097
