"Year","OPR","DPR","CCWM"
2007,0.148106782616961,0.532579943953846,0.498495643979625
2008,-0.270632814662459,0.388101331750989,0.0620856382098719
