"Year","OPR","DPR","CCWM"
2007,-0.893333686123129,0.4588773905367,-0.234527542086687
2008,-0.512431523544184,0.800263877750385,0.172164764008854
2009,-0.267842793367245,-0.701276059144894,-0.655081614645632
2010,-0.526978745415435,0.132196530559067,-0.369562879727925
