"Year","OPR","DPR","CCWM"
2007,-0.893333686123129,0.4588773905367,-0.234527542086687
2008,-0.512431523544184,0.800263877750385,0.172164764008854
