"Year","OPR","DPR","CCWM"
2007,0.130547680471389,0.343022216635622,0.343935040277529
2008,0.562418439381195,-0.434426481706482,0.18163294084752
2009,-0.226045433661525,0.628410200665145,0.246780565477945
