"Year","OPR","DPR","CCWM"
2007,0.408154886577248,-0.298329052567157,0.0401941418099582
2008,0.755759975536211,0.208006040406978,0.905086566572519
2009,0.0126695847957311,-0.985229814542475,-0.636376087234259
2010,2.42453619297717,-1.61773193134603,0.876234550292523
2011,1.02902942888317,-1.88911934344329,-0.478573540875178
2012,-0.0205816729686909,-1.22755661008937,-1.13290062976822
2013,0.744635728952568,-0.870045736728444,0.107090882648439
2014,-0.47265529211107,-1.29324950597807,-1.37258953271043
