"Year","OPR","DPR","CCWM"
2007,0.408154886577248,-0.298329052567157,0.0401941418099582
2008,0.755759975536211,0.208006040406978,0.905086566572519
2009,0.0126695847957311,-0.985229814542475,-0.636376087234259
2010,2.42453619297717,-1.61773193134603,0.876234550292523
