"Year","OPR","DPR","CCWM"
2007,0.408154886577248,-0.298329052567157,0.0401941418099582
2008,0.755759975536211,0.208006040406978,0.905086566572519
