"Year","OPR","DPR","CCWM"
2007,-0.00313221797151917,0.816256779384461,0.614339182235682
2008,-1.29562192925595,1.77865094006399,0.230992617913481
2009,0.294282435796494,-0.495968373151642,-0.110176026081181
2010,1.77480322461836,-2.86794444083693,-0.732995754548181
