"Year","OPR","DPR","CCWM"
2007,1.6807879571307,0.335676375658386,1.34668753053784
2008,0.156339027276194,-0.875314544528128,-0.579450972905906
