"Year","OPR","DPR","CCWM"
2007,1.6807879571307,0.335676375658386,1.34668753053784
2008,0.156339027276194,-0.875314544528128,-0.579450972905906
2009,-0.911959161885609,-0.217371912240758,-0.808199547255197
2010,-0.220647606683875,1.86479987597653,1.32229559111874
2011,-1.03633945875993,0.347247922941574,-0.752420589505258
