"Year","OPR","DPR","CCWM"
2007,-2.18551119465717,1.03352907095392,-0.641044952418194
2008,-0.970123233277806,-0.411565288169714,-1.28249129137045
2009,-0.198781423575895,1.32892707267199,0.725735671252001
