"Year","OPR","DPR","CCWM"
2007,0.311731650898583,-1.55247899766636,-0.969561757861541
2008,0.803594562681687,-0.299085845189808,0.528035039170598
