"Year","OPR","DPR","CCWM"
2002,-0.24468553596973,0.170769513707793,-0.315210474653085
2003,0.198282318953206,-0.722128122025205,0.554424206116798
