"Year","OPR","DPR","CCWM"
2007,0.311731650898583,-1.55247899766636,-0.969561757861541
2008,0.803594562681687,-0.299085845189808,0.528035039170598
2009,0.873926003182284,0.239731328784601,0.795086533407354
2010,-0.199899980707488,-0.120339365252251,-0.279352690071459
