"Year","OPR","DPR","CCWM"
2020,0.0976173529793324,0.245951255139032,0.252311079060886
