"Year","OPR","DPR","CCWM"
2007,0.922693995675158,0.600592088668961,1.05365649733552
2008,1.8364442824312,-0.406039381526791,1.43834754441686
