"Year","OPR","DPR","CCWM"
2007,0.922693995675158,0.600592088668961,1.05365649733552
2008,1.8364442824312,-0.406039381526791,1.43834754441686
2009,0.847801038291404,0.51987619786765,0.959594710084762
2010,1.37796637251282,-0.570932629422248,0.78247186583892
2011,1.76072386041797,0.756006610902788,2.34661540072235
