"Year","OPR","DPR","CCWM"
2007,0.625875298067076,0.608509138511921,0.866579532695043
2008,-0.302579054300188,-0.490260542952313,-0.702133861684243
