"Year","OPR","DPR","CCWM"
2007,-1.14430524496569,-0.383236674898064,-1.03366513097277
2008,0.594009922216281,1.77186567004091,2.05413348286914
