"Year","OPR","DPR","CCWM"
2007,-1.05804483944127,-0.0831838445390655,-0.750982483803497
2008,-0.121497701765726,0.074052551691792,-0.0557638796519969
