"Year","OPR","DPR","CCWM"
2007,0.0249093021094468,-0.241766689216599,-0.166362842544891
2008,0.863779696217239,-0.24717393168027,0.629621574540431
