"Year","OPR","DPR","CCWM"
2007,0.0249093021094468,-0.241766689216599,-0.166362842544891
2008,0.863779696217239,-0.24717393168027,0.629621574540431
2009,1.91507202316525,0.363281393536454,1.63611412684734
2010,-0.264394432235669,-0.136314764517265,-0.350828956409635
