"Year","OPR","DPR","CCWM"
2007,0.0355154002121553,-0.618407685737283,-0.44387575122568
2008,1.0997061673317,-0.133212801881844,0.953094294363913
