"Year","OPR","DPR","CCWM"
2007,-1.63491173903872,1.44171971220794,0.0253084098704177
2008,-1.83630126680164,2.02903934233593,-0.0832454301778058
2009,-1.19731469450248,0.16593240755886,-0.765335867031415
2010,-0.472760162289621,-0.533459713139897,-0.8638053930196
2011,0.582595367716539,-1.43064571026181,-0.557546207163362
