"Year","OPR","DPR","CCWM"
2007,-1.63491173903872,1.44171971220794,0.0253084098704177
2008,-1.83630126680164,2.02903934233593,-0.0832454301778058
2009,-1.19731469450248,0.16593240755886,-0.765335867031415
