"Year","OPR","DPR","CCWM"
2007,-0.607676776706482,-0.810411072950908,-1.00720426916717
2008,0.528061653433893,0.243865500180754,0.714655056698234
2009,0.282332941496062,-0.981902268330569,-0.437333997664064
