"Year","OPR","DPR","CCWM"
2007,-0.286841390340476,0.220225935549063,-0.0202676909608689
2008,-1.06729911920342,0.543919369124607,-0.578851482176121
2009,-1.04785633304834,-1.37000100432328,-1.66273082756295
