"Year","OPR","DPR","CCWM"
2007,-1.77612206088223,-1.53450975122457,-2.31396408244347
2008,-0.655412953346026,-0.261609730099438,-0.852720776836351
2009,-0.47560114949797,1.24629178454935,0.46949854320384
2010,1.18198519635882,-1.18521465731628,0.103470000090181
