"Year","OPR","DPR","CCWM"
2007,-1.77612206088223,-1.53450975122457,-2.31396408244347
2008,-0.655412953346026,-0.261609730099438,-0.852720776836351
