"Year","OPR","DPR","CCWM"
2007,-0.857419719106829,-0.663466235705785,-1.05867900959623
2008,-0.0165589901929041,-0.822626203432241,-0.702796558042063
