"Year","OPR","DPR","CCWM"
2007,-1.04788596986056,-0.185791110616465,-0.821856380257787
2008,-1.0230663260001,1.79588226377139,0.509160387783347
2009,-0.166766654856318,0.116754262809844,-0.0452346050669954
2010,-0.0344129258523556,-0.607442540771109,-0.527028628993847
