"Team","OPR","DPR","CCWM"
2002,15.0963869543435,10.2452762968549,4.85111065748858
2003,5.96368571410069,29.0364208652915,-23.0727351511908
