"Year","OPR","DPR","CCWM"
2020,2.01127940871131,-0.109287698009683,1.8770082599687
