"Year","OPR","DPR","CCWM"
2007,-0.530926822776199,0.490571999741764,0.0251207285325399
2008,-0.836817372216322,1.05051071184176,0.0671396382643185
