"Year","OPR","DPR","CCWM"
2002,0.302354684033927,-0.955716230955061,1.00305956459472
2003,-1.55434874771941,0.221806803663285,-0.978916553230957
