"Year","OPR","DPR","CCWM"
2007,-1.25312498484246,-2.58230931872922,-2.76501926147125
2008,-0.177155445612472,-0.382300847940613,-0.490617278880315
2009,2.13603680529168,0.148838638127627,1.65689915023948
2010,-0.501185850706558,0.174344433163204,-0.311788156701443
2011,0.684690323499899,0.246404040047532,0.874759618235198
2012,1.01406139246989,0.220497850577289,1.36930131150736
2013,0.983194894910995,0.113047007510103,1.23776356185794
2014,-0.298068461625001,1.00491292591136,0.442170603194493
