"Year","OPR","DPR","CCWM"
2007,-1.25312498484246,-2.58230931872922,-2.76501926147125
2008,-0.177155445612472,-0.382300847940613,-0.490617278880315
2009,2.13603680529168,0.148838638127627,1.65689915023948
2010,-0.501185850706558,0.174344433163204,-0.311788156701443
