"Year","OPR","DPR","CCWM"
2007,-1.06944894891675,-0.231183597939714,-0.870158296279251
2008,1.18792844194809,-0.28129898035729,0.914846793070068
