"Year","OPR","DPR","CCWM"
2007,-0.0969676838777007,0.35565143865877,0.205492284890495
2008,-0.0701926319339704,0.552750227068907,0.393531104624995
2009,-0.355180831668175,0.0580167647928879,-0.221272972229039
2010,-0.0157298470998032,0.280256582361635,0.214518139299362
2011,-0.336981488158849,-0.318745038893919,-0.587256530570983
2012,-0.332095260982248,0.565968446600742,0.128190821236232
2013,1.11705073638527,-0.665729165152043,0.716250810836926
2014,-0.143376876261982,0.159273388208245,-0.0201361142883745
2015,1.40110287041186,-0.96951969923883,0.819582323120776
