"Year","OPR","DPR","CCWM"
2007,-0.0969676838777007,0.35565143865877,0.205492284890495
2008,-0.0701926319339704,0.552750227068907,0.393531104624995
2009,-0.355180831668175,0.0580167647928879,-0.221272972229039
2010,-0.0157298470998032,0.280256582361635,0.214518139299362
