"Year","OPR","DPR","CCWM"
2007,-0.0969676838777007,0.35565143865877,0.205492284890495
2008,-0.0701926319339704,0.552750227068907,0.393531104624995
