"Year","OPR","DPR","CCWM"
2007,-0.0674321783874897,-0.152653848674897,-0.159131735362991
2008,0.216178940941008,-0.604031929851984,-0.295056619761539
