"Team","OPR","DPR","CCWM"
2002,16.3903061506177,13.7986599228324,2.5916462277853
2003,21.812307704605,30.4044797240269,-8.59217201942196
