"Year","OPR","DPR","CCWM"
2002,0.623630270657989,-0.191955042656002,0.602934104515503
2003,-0.0976749976290934,0.331777055532521,-0.25828685857876
