"Year","OPR","DPR","CCWM"
2007,0.186078528722348,1.98499754272549,1.61995080737604
2008,-0.763495958398678,-0.302816262469478,-0.991725973579776
2009,-1.24020174518893,-0.769260499278307,-1.40948040356091
2010,-0.685397651568944,0.768260167345447,0.00611196273709626
2011,-0.0746360131188482,2.42752418602025,1.8526250522666
