"Year","OPR","DPR","CCWM"
2007,0.186078528722348,1.98499754272549,1.61995080737604
2008,-0.763495958398678,-0.302816262469478,-0.991725973579776
