"Year","OPR","DPR","CCWM"
2007,-0.166877160406715,0.0366781353790045,-0.0808428071066109
2008,-0.876579559259192,2.27826218139594,1.05364734312685
2009,0.634400908436452,-1.33261315387901,-0.410137184724597
