"Year","OPR","DPR","CCWM"
2007,-0.193419430353664,-2.57115864075355,-2.0673507147733
2008,0.314397769147343,0.244077648183171,0.508046016954546
