"Year","OPR","DPR","CCWM"
2007,-0.89152080732872,0.564799807668069,-0.153363685397742
2008,-0.075880183480442,-0.38487769794449,-0.394753302969309
2009,-0.293047975180802,-0.429694844437103,-0.495513770077054
