"Year","OPR","DPR","CCWM"
2002,0.4792930666952,-0.4173546436333,0.68569775569046
2003,0.542903046947699,-0.641709347579593,0.691231306877854
