"Year","OPR","DPR","CCWM"
2007,-0.139335958026385,-0.780819177994401,-0.680242778872521
2008,0.941287659654431,-1.52654926430741,-0.363453622985649
2009,1.81545182443654,-1.9652025434888,0.0375234086765953
