"Year","OPR","DPR","CCWM"
2020,-0.0660159965900788,-0.560180745425882,-0.423333574288379
