"Team","OPR","DPR","CCWM"
2002,15.8089962512056,12.749992795352,3.05900345585362
2003,28.7818019261385,18.2940528131238,10.4877491130147
