"Year","OPR","DPR","CCWM"
2007,-0.0839332919931575,0.329236284204627,0.194023288394226
2008,1.33910155812682,-1.41838257144723,0.111857956212138
