"Year","OPR","DPR","CCWM"
2007,-0.0839332919931575,0.329236284204627,0.194023288394226
2008,1.33910155812682,-1.41838257144723,0.111857956212138
2009,-0.118906017248184,-0.403702208518033,-0.351352353580757
2010,-0.209421017758557,-1.05361106447656,-1.04979849658597
