"Year","OPR","DPR","CCWM"
2007,0.0700001997720082,1.01460562982207,0.81168390625364
2008,-0.455003345273329,0.570165809160751,0.035646675905834
2009,-0.189960420695347,-0.0869368320388261,-0.195646308726684
2010,0.113249844271641,0.925708287629201,0.858256216512446
2011,0.410840683381475,-1.20194693375502,-0.546410242765885
