"Year","OPR","DPR","CCWM"
2007,-0.650125130192267,-4.00568339228226,-3.44764537321261
