"Year","OPR","DPR","CCWM"
2007,0.182482953833287,0.0984644112230154,0.19304265130643
2008,1.04323465030595,-1.13368778474442,0.0631926806324194
