"Year","OPR","DPR","CCWM"
2007,0.530915444654455,1.93524993951683,1.80667221786455
2008,0.134714836565628,-0.810640118021621,-0.546385559806005
2009,0.218223982382205,0.244827435578761,0.319745846406441
