"Year","OPR","DPR","CCWM"
2007,0.0659880561910334,-0.272840658663251,-0.163109355976304
2008,0.760668710895344,-0.0454377868186375,0.698249371867596
2009,-0.832265191876263,1.71649923194533,0.517253068809192
2010,-0.554641670442298,-1.12590236727098,-1.42159908214231
