"Year","OPR","DPR","CCWM"
2002,-0.606234557824699,0.450773103148334,-0.803767768572291
2003,0.920742790630131,-0.905573111910184,1.05916783484638
