"Team","OPR","DPR","CCWM"
2002,11.4370953351992,16.7889397435998,-5.35184440840058
2003,32.8927013435548,15.0115181807491,17.8811831628057
