"Year","OPR","DPR","CCWM"
2007,-1.40749783349771,0.158241448099195,-0.795965522625224
2008,1.19170629313461,-0.81605067730121,0.472064863043755
2009,-0.00941144423180335,-1.37485800478266,-0.907820820798909
2010,-0.30442743411043,-1.00125962784745,-1.09314595153234
2011,-1.1412369558177,1.36990181783101,-0.0448227297229338
