"Year","OPR","DPR","CCWM"
2007,-1.40749783349771,0.158241448099195,-0.795965522625224
2008,1.19170629313461,-0.81605067730121,0.472064863043755
