"Year","OPR","DPR","CCWM"
2016,-0.0641938126875292,-0.0236265278520054,-0.108718206881411
2017,0.913609303897438,-1.01842389814214,0.188009000253723
