"Year","OPR","DPR","CCWM"
2007,-1.19643727314983,1.29885414835995,0.202617327308292
2008,-1.72599630830992,0.0787145848463092,-1.60472238194963
