"Year","OPR","DPR","CCWM"
2007,-1.61012458451445,1.80650177573266,0.316886636431854
2008,-0.88933201492692,0.247590505326799,-0.65400359994964
2009,0.293937153665202,0.831249363807692,0.759303253766648
2010,-0.449383263592588,-1.39740387621825,-1.54785246650877
2011,0.509453194476066,0.622525026455126,0.999446215175704
