"Year","OPR","DPR","CCWM"
2007,-1.61012458451445,1.80650177573266,0.316886636431854
2008,-0.88933201492692,0.247590505326799,-0.65400359994964
