"Year","OPR","DPR","CCWM"
2007,1.65021059280116,-0.526024521616776,0.676107111816032
2008,-1.22014106617524,0.26220846298111,-0.961960253328077
2009,0.764655379406181,-1.55063853257668,-0.457920846817393
2010,-1.34273952737339,-0.653448287134163,-1.75000266648012
2012,-1.32429884993522,-0.739836538664313,-2.1965136715649
2013,-0.59660494862585,-0.0419632208443236,-0.7279363936161
2014,-0.0766107845598844,0.500548898960166,0.287680986211084
