"Year","OPR","DPR","CCWM"
2007,-0.141190182038596,1.07479228244363,0.719770999583098
2008,0.276916882008643,-1.18101662319167,-0.717970250321452
2009,-0.632257047784588,0.843649406831012,0.0912822683221607
2010,-0.675856870986268,0.144309707478491,-0.494567278212003
2011,-0.0705765955856346,1.16925380593044,0.857995803868116
2012,0.338943961429907,-0.335455434105859,0.0879903903359566
2013,1.49220880140274,-0.907894887446265,0.940655593797249
2014,-1.03330881918792,-0.695321759729322,-1.46920646342678
