"Year","OPR","DPR","CCWM"
2007,-0.141190182038596,1.07479228244363,0.719770999583098
2008,0.276916882008643,-1.18101662319167,-0.717970250321452
2009,-0.632257047784588,0.843649406831012,0.0912822683221607
2010,-0.675856870986268,0.144309707478491,-0.494567278212003
