"Year","OPR","DPR","CCWM"
2007,-0.60493040775615,-1.69231331671798,-1.67136498676475
