"Year","OPR","DPR","CCWM"
2007,-0.60493040775615,-1.69231331671798,-1.67136498676475
2010,-0.840805785359068,0.878119071193232,-0.0450202656701158
