"Year","OPR","DPR","CCWM"
2017,-1.5709290762397,0.811055568615956,-1.20817451471292
2018,-0.548678433592084,-0.650284515014389,-0.740986659457679
2019,0.00786541442573907,-0.183728481363065,-0.149839523507985
