"Year","OPR","DPR","CCWM"
2017,-1.5709290762397,0.811055568615956,-1.20817451471292
