"Year","OPR","DPR","CCWM"
2007,-0.551903034386732,0.532844832240488,0.04339878568315
2008,-0.801619842085302,0.804607779423818,-0.104088216489314
2009,-0.103324304285156,0.0829794052598738,-0.0210527811285108
