"Year","OPR","DPR","CCWM"
2008,1.54169762355167,-0.0153732401016744,1.47923678568256
