"Year","OPR","DPR","CCWM"
2008,0.062520411223096,0.104776617745572,0.147980811147764
2009,-0.229308166825878,-0.971725086634068,-0.80417667747612
