"Year","OPR","DPR","CCWM"
2008,0.062520411223096,0.104776617745572,0.147980811147764
