"Year","OPR","DPR","CCWM"
2002,0.52630201714929,-0.775523282276394,1.01432082433129
2003,1.2114249257741,-1.0610934487408,1.31283842607893
