"Year","OPR","DPR","CCWM"
2007,-0.58132607388499,0.341561999883334,-0.120180971831526
2008,1.30707829029354,-0.954193130055201,0.468394681244252
2009,-1.43031952526507,-1.85381503586106,-2.25898465148782
2010,1.00979401701915,-1.38221445211915,-0.213353949431741
