"Year","OPR","DPR","CCWM"
2007,1.08811147598075,-0.027723123102662,0.686789580049346
2008,-0.762230254629635,0.0168843358302831,-0.723598537295035
