"Year","OPR","DPR","CCWM"
2007,1.08811147598075,-0.027723123102662,0.686789580049346
2008,-0.762230254629635,0.0168843358302831,-0.723598537295035
2009,1.33797403485316,-0.504525761805955,0.646139340991633
