"Year","OPR","DPR","CCWM"
2007,-0.922805754197006,1.67275509860114,0.662933565308426
2008,0.135784637861,-1.39759771013886,-1.03537253083202
