"Year","OPR","DPR","CCWM"
2007,0.716384039378968,0.101539512957379,0.542622011823702
2008,-0.567803579307745,-0.44634208953892,-0.922155563260284
