"Year","OPR","DPR","CCWM"
2007,0.716384039378968,0.101539512957379,0.542622011823702
2008,-0.567803579307745,-0.44634208953892,-0.922155563260284
2009,-0.694026767158155,-0.335851301582812,-0.726743052629156
2010,-1.49591656171618,-0.142735320203354,-1.47190072513763
