"Year","OPR","DPR","CCWM"
2007,-0.905889032993094,0.160534713005307,-0.467979933585604
2008,-0.0163321434080404,-1.20408032846298,-1.02103450314694
2009,1.8007399894184,-0.662493748123339,0.880453904706307
2010,1.09654632612486,-0.945751495927229,0.221528495593186
2011,0.146690647965928,0.753979687072012,0.743927190281052
2012,0.622236150347262,-0.583707801230778,0.190559042677857
2013,0.630411628639858,-1.27768540408944,-0.379482169345523
2014,0.362104369833314,0.972394885404221,1.0383520650945
