"Year","OPR","DPR","CCWM"
2007,-0.905889032993094,0.160534713005307,-0.467979933585604
2008,-0.0163321434080404,-1.20408032846298,-1.02103450314694
2009,1.8007399894184,-0.662493748123339,0.880453904706307
2010,1.09654632612486,-0.945751495927229,0.221528495593186
