"Year","OPR","DPR","CCWM"
2007,-0.415176244768551,1.76675747689924,1.06408701675594
2008,-0.885584132527559,0.251662791587479,-0.646976606324424
2009,-0.0395107074310475,1.77409018804017,1.13372485137992
