"Year","OPR","DPR","CCWM"
2007,1.53204585217566,0.466832726629567,1.34898295855995
2008,-0.718545167150669,0.392803355911204,-0.367483150725913
2009,-0.0019126638698829,-0.35989216246435,-0.237235138588414
2010,0.163430195208475,-0.388389668964081,-0.168960848212589
2011,-0.959194870173368,-1.29157138620274,-1.97658289518016
2012,-1.23459836163899,-0.069602647194402,-1.4874266177107
2013,-0.524930982865753,0.772207417906011,0.0625422395518288
2014,-0.927734788545818,0.271634367310718,-0.675503114160687
2015,-0.974619086673456,1.16704369112859,-0.00481670644004366
