"Year","OPR","DPR","CCWM"
2007,1.53204585217566,0.466832726629567,1.34898295855995
2008,-0.718545167150669,0.392803355911204,-0.367483150725913
2009,-0.0019126638698829,-0.35989216246435,-0.237235138588414
2010,0.163430195208475,-0.388389668964081,-0.168960848212589
