"Year","OPR","DPR","CCWM"
2002,1.43649875913458,1.87926160984,-0.523794474305579
2003,-0.0305041339644869,0.189937089646222,-0.134105193791219
