"Team","OPR","DPR","CCWM"
2002,19.6640878666153,23.4349539000401,-3.77086603342479
2003,22.5431272356977,28.6399532402264,-6.09682600452864
