"Year","OPR","DPR","CCWM"
2007,0.693279166063852,-0.181056219358322,0.314198972225766
2008,-0.000753587843331179,-0.404309834747706,-0.338267940063914
2009,-0.282683479204016,0.527346185769014,0.139205589813287
2010,-0.12392802275687,-0.510653227781684,-0.529126490115071
