"Year","OPR","DPR","CCWM"
2007,0.50744211678878,-0.118286212319092,0.240727010392195
2008,-0.142430263627186,-1.11056438707183,-1.06500167901367
2009,-2.09105629183647,1.03598084411806,-0.847644988340064
2010,-1.10778287485703,0.0374765002542402,-0.973124127556902
