"Year","OPR","DPR","CCWM"
2007,-0.588448226618251,0.819503272155995,0.236092382825679
2008,-0.32436302115202,-0.436057461897672,-0.677965098459643
