"Year","OPR","DPR","CCWM"
2002,1.0224077171629,1.35292685124888,-0.385482278993916
2003,-0.245522606562104,-0.25334641579821,0.023907659270057
