"Year","OPR","DPR","CCWM"
2007,0.334256027158353,-1.10791784524278,-0.619212040570416
2008,2.47862628370179,-1.34524697436786,1.27575930820971
2009,0.936843335369868,0.527657896059861,1.02969737161749
