"Team","OPR","DPR","CCWM"
2002,17.9963596901843,20.9861919812449,-2.98983229106058
2003,20.2037245431154,23.12538983561,-2.92166529249464
