"Year","OPR","DPR","CCWM"
2007,0.0867950454704518,0.913263326723587,0.746081354158873
2008,-0.683976543645482,0.844682843495266,0.0432249247944785
2009,-0.149675647927241,1.23744790360361,0.701637531069478
2010,-0.298679176840019,-0.325908594963304,-0.536656242536745
2011,0.180107838842232,-0.63462276572509,-0.325021037055193
