"Year","OPR","DPR","CCWM"
2007,-0.290641404279009,1.65318788536701,1.05932703391145
2008,-0.421454167324508,1.63167988300744,0.954322376356146
