"Year","OPR","DPR","CCWM"
2008,-0.168203884228931,1.87053322841284,1.3988276977376
2009,-0.395949062947723,-0.217274385568205,-0.43143432682398
2010,-0.688402868808716,1.10231673291814,0.276075678714357
2011,-0.358334688065287,-0.0197355686992331,-0.37112240911788
2012,-0.0404054086747907,1.3349494364973,1.1595651162588
2013,-0.949431379013286,0.492309613686203,-0.672655743378906
2014,-1.55954352022264,-0.621917872462157,-1.91032231960164
2015,1.79108441511626,-2.47496010831603,-0.370105419503224
2016,-0.948049047838975,0.0247282827061503,-1.22944923566079
