"Year","OPR","DPR","CCWM"
2008,-0.168203884228931,1.87053322841284,1.3988276977376
