"Year","OPR","DPR","CCWM"
2008,-0.168203884228931,1.87053322841284,1.3988276977376
2009,-0.395949062947723,-0.217274385568205,-0.43143432682398
