"Year","OPR","DPR","CCWM"
2008,-0.382508221099597,1.34885555541012,0.75589840160581
2009,-1.42364430435707,0.0450752641762033,-1.00976078843303
