"Year","OPR","DPR","CCWM"
2008,-0.382508221099597,1.34885555541012,0.75589840160581
