"Year","OPR","DPR","CCWM"
2007,1.93272749044024,-0.0380005198082673,1.22837977582831
2008,1.95547818166637,0.38444158704778,2.21348390335118
2009,-0.22809753427927,0.366311899199776,0.0735283612440079
2010,-0.078488007476871,-0.000935340597222724,-0.0718782118976986
2011,1.12762434992472,0.304038964401981,1.35988211945594
2012,1.13844026982075,-0.61529923543964,0.757635289215621
2013,0.304774368634614,-0.218479802943958,0.163408761170081
2014,2.64688872299916,0.320558352958443,2.71425883180863
2015,1.38406597226451,0.422755070115813,2.39369636190467
