"Year","OPR","DPR","CCWM"
2007,1.93272749044024,-0.0380005198082673,1.22837977582831
2008,1.95547818166637,0.38444158704778,2.21348390335118
