"Year","OPR","DPR","CCWM"
2007,0.472421138804351,1.03393530970049,1.08802085656041
2008,0.0817435142019693,-0.666148619215087,-0.477022839765373
2009,1.15882919083789,-0.365099368372778,0.606725465688235
