"Year","OPR","DPR","CCWM"
2013,0.517750811532494,-0.62025796098021,0.0611599084701405
2014,-0.340647322721895,0.167541502085283,-0.199325665230392
2015,-0.517636919100012,0.855994699753916,0.268428093765745
