"Year","OPR","DPR","CCWM"
2007,0.843712942722353,0.348792480293569,0.812145695420991
2008,1.00408131020525,-0.193578947499493,0.810150795145522
2009,-0.786795162272518,-0.913447710075266,-1.17296783401615
