"Year","OPR","DPR","CCWM"
2007,-1.4661814331291,-0.865720624504398,-1.60735423229829
2008,-0.405693395724977,1.52855257145971,0.883479841801293
2009,-0.51247931793595,1.61363283115069,0.683296611373427
2010,-0.377365110265476,-0.186809110985483,-0.49440493436939
2011,-0.295381946881259,-1.62389726389918,-1.58185582684285
