"Year","OPR","DPR","CCWM"
2007,0.962772262138841,-1.93845026717142,-0.837571983694795
2008,-1.40063614043699,-1.11965751170283,-2.29029795160332
2009,-1.83279145105077,0.0419821903629164,-1.31047616171733
2010,-0.947614649518643,0.304242959111658,-0.61024393098064
