"Year","OPR","DPR","CCWM"
2007,-1.14980954326514,0.22649188324103,-0.57682354081169
2008,-0.235583003128475,0.834863629769061,0.468987319961423
2009,-0.338034836411972,0.540349764651677,0.107318903626588
2010,-1.2496141368236,0.495924437142095,-0.72740561221887
2011,-0.68794842909182,1.33697713047064,0.378696389337911
2012,-0.519323964107732,1.56042329667692,0.810692182080265
2013,0.486727797180056,-0.596361879832588,0.0459662285283403
2014,0.377478604880235,-0.470217857068328,0.0164581140618393
2015,-0.841220208585755,0.842618275561658,-0.193134582477448
