"Year","OPR","DPR","CCWM"
2007,-1.14980954326514,0.22649188324103,-0.57682354081169
2008,-0.235583003128475,0.834863629769061,0.468987319961423
2009,-0.338034836411972,0.540349764651677,0.107318903626588
