"Team","OPR","DPR","CCWM"
2002,13.9105337300411,17.9457940230843,-4.0352602930432
2003,16.7641513434656,30.7612612228925,-13.9971098794269
