"Year","OPR","DPR","CCWM"
2020,0.21877648159872,-1.25702680140672,-0.594734943896835
