"Year","OPR","DPR","CCWM"
2011,1.21901667478561,-0.0205967387648199,1.19288614448221
