"Year","OPR","DPR","CCWM"
2002,0.00791149825785614,0.699426356551243,-0.570615691484915
2003,-0.561659617997292,0.360456633930779,-0.527265259779493
