"Year","OPR","DPR","CCWM"
2007,0.588553088455068,0.100391581868085,0.45861201220713
2008,0.893372138290454,1.81737870145687,2.38185599598689
2009,-0.134306941031881,-1.48598957053152,-1.07182288793057
