"Year","OPR","DPR","CCWM"
2007,-1.06435760828695,1.58078123387273,0.501414293154765
2009,0.731952284077786,-0.639815038461053,0.115071462981228
