"Year","OPR","DPR","CCWM"
2007,-1.06435760828695,1.58078123387273,0.501414293154765
2009,0.731952284077786,-0.639815038461053,0.115071462981228
2010,-0.279742055342083,-0.533142554243281,-0.688660858499113
2011,-1.26683875644358,0.640072675596484,-0.748662673197862
2012,-0.462899780034794,1.01730247516969,0.385062997054616
2013,-1.97744374794081,1.01766426657203,-1.40767647491522
2014,-0.386087718359575,-1.80466536530876,-1.65873297859015
2015,-0.557486117825495,-0.275538073840376,-1.08493425523609
