"Year","OPR","DPR","CCWM"
2007,-1.06435760828695,1.58078123387273,0.501414293154765
