"Year","OPR","DPR","CCWM"
2007,-1.06435760828695,1.58078123387273,0.501414293154765
2009,0.731952284077786,-0.639815038461053,0.115071462981228
2010,-0.279742055342083,-0.533142554243281,-0.688660858499113
2011,-1.26683875644358,0.640072675596484,-0.748662673197862
