"Year","OPR","DPR","CCWM"
2007,0.413718891826687,0.000195848773721596,0.269236861748599
2008,0.0683424964421002,1.81254333314902,1.5793468277836
2009,1.55033710642749,3.68334100985844,3.54549676560936
