"Year","OPR","DPR","CCWM"
2007,-0.419488534708606,1.03192585721824,0.506392040854454
2008,0.158824924279732,0.233146778633529,0.348355332212672
