"Year","OPR","DPR","CCWM"
2007,-0.419488534708606,1.03192585721824,0.506392040854454
2008,0.158824924279732,0.233146778633529,0.348355332212672
2009,-0.32563207283335,-0.0970914750987943,-0.301344659730837
2010,2.15935184311377,-0.218562948325502,1.77808799789518
