"Year","OPR","DPR","CCWM"
2002,-0.43245220080738,-1.23835154322683,0.711848308399469
2003,-1.35940144586794,1.29242227555816,-1.53617404229814
