"Year","OPR","DPR","CCWM"
2007,-0.419488534708606,1.03192585721824,0.506392040854454
2008,0.158824924279732,0.233146778633529,0.348355332212672
2009,-0.32563207283335,-0.0970914750987943,-0.301344659730837
2010,2.15935184311377,-0.218562948325502,1.77808799789518
2011,-0.485462116803866,0.4116966475415,-0.15481315759834
2012,-1.02601528924893,1.32388661320055,0.0123264471671435
2013,1.12482345058195,0.652658192704253,1.87076476480544
2014,0.491739520443734,-0.54466940487662,0.0702032722852071
