"Team","OPR","DPR","CCWM"
2002,12.13699391785,8.93032116934153,3.20667274850845
2003,8.08471390927564,42.3551589397171,-34.2704450304415
