"Year","OPR","DPR","CCWM"
2007,-0.0640834505608154,0.270259304874379,0.162398893604871
2008,1.01178588106781,-2.43271999421982,-1.05174255748585
2009,0.137883534772696,-0.154512370918623,-0.000593899271026927
