"Year","OPR","DPR","CCWM"
2007,-0.20395948018636,0.754022481244666,0.436723405035489
2009,-0.801663897083955,1.84515098161581,0.623898871328478
2010,0.106707439742899,-1.40953986484368,-1.05390838797411
2013,-1.61292629135505,1.23001296788267,-0.800691085830939
2014,0.14840184299309,1.46785766807058,1.19372518827429
