"Year","OPR","DPR","CCWM"
2007,-0.20395948018636,0.754022481244666,0.436723405035489
2009,-0.801663897083955,1.84515098161581,0.623898871328478
