"Year","OPR","DPR","CCWM"
2007,-0.20395948018636,0.754022481244666,0.436723405035489
