"Year","OPR","DPR","CCWM"
2007,0.184948132054314,-0.0229929444871308,0.102930476600899
2008,-0.672424104572842,1.46820427308549,0.574953201585116
