"Year","OPR","DPR","CCWM"
2007,-0.993764801408669,-0.892877020076328,-1.32059386134429
2008,-0.139807589327798,-0.38746058180219,-0.458779241982745
2009,-0.738742050294569,-0.477413823401211,-0.85215293098452
