"Year","OPR","DPR","CCWM"
2008,1.18820239463972,-1.92819062736957,-0.459797781237785
2009,-0.319934193087505,-0.806965282159386,-0.762368334308417
2010,1.36453644333782,-0.443145968043408,0.874614382814363
2011,-0.212908764510311,-0.980605120239223,-0.989480503370114
2012,-0.0676079034598612,0.107213364589549,0.0188629199084849
2013,0.403029156189935,-0.0132673766269189,0.455590440163649
2014,-0.334619260171586,0.542561198353006,0.0757322695407809
2015,1.06166147795992,-0.556844169966272,0.825037820519173
2016,0.666578107508068,-0.407191177707468,0.472016715382188
