"Year","OPR","DPR","CCWM"
2008,1.18820239463972,-1.92819062736957,-0.459797781237785
2009,-0.319934193087505,-0.806965282159386,-0.762368334308417
2010,1.36453644333782,-0.443145968043408,0.874614382814363
2011,-0.212908764510311,-0.980605120239223,-0.989480503370114
