"Year","OPR","DPR","CCWM"
2008,1.18820239463972,-1.92819062736957,-0.459797781237785
2009,-0.319934193087505,-0.806965282159386,-0.762368334308417
