"Year","OPR","DPR","CCWM"
2007,1.43106984476735,-0.287084616002428,0.714004332482979
2008,1.55612395692093,-0.0984741949989106,1.42382179859965
2009,-0.218349359702572,1.71625066059445,0.965265319666872
2010,1.16224416757324,-0.268017492581155,0.834281209757878
