"Year","OPR","DPR","CCWM"
2007,1.43106984476735,-0.287084616002428,0.714004332482979
2008,1.55612395692093,-0.0984741949989106,1.42382179859965
