"Team","OPR","DPR","CCWM"
2002,25.5801205383852,10.9735750062046,14.6065455321806
2003,38.7132131343305,23.2848450437156,15.4283680906148
