"Year","OPR","DPR","CCWM"
2007,0.681251489179014,0.186155031993085,0.583666622383189
2008,1.39067427404558,-0.187200791272119,1.18962433908998
2009,-0.808701930587603,-0.325597437605853,-0.803739619525435
