"Year","OPR","DPR","CCWM"
2007,0.681251489179014,0.186155031993085,0.583666622383189
2008,1.39067427404558,-0.187200791272119,1.18962433908998
2009,-0.808701930587603,-0.325597437605853,-0.803739619525435
2010,0.15856700510677,-0.958096965382957,-0.638412840801932
2011,0.0789200949741815,0.979663117814382,0.855819541821056
