"Year","OPR","DPR","CCWM"
2007,1.67327412239356,1.05917341034628,1.88813158184759
2008,1.63082171148046,-0.102045588288586,1.49313348767959
2009,1.34166273137821,1.15305462282872,1.73505156172991
2010,0.0260915177388715,0.570869994566597,0.489635190640223
