"Year","OPR","DPR","CCWM"
2007,1.67327412239356,1.05917341034628,1.88813158184759
2008,1.63082171148046,-0.102045588288586,1.49313348767959
