"Year","OPR","DPR","CCWM"
2002,-1.9212482332724,0.935750349859371,-2.14122785501525
2003,1.597275777295,-1.83731161019116,2.00230783642504
