"Team","OPR","DPR","CCWM"
2002,6.14095236988918,19.0452866670047,-12.9043342971156
2003,40.2533856210696,3.42044618689934,36.8329394341703
