"Year","OPR","DPR","CCWM"
2007,-0.543151200060043,0.860295111809712,0.2963572122345
2015,-0.0388778890268276,0.0622921408514331,0.017867323614302
2016,0.932350753317586,-0.164599724600267,1.06787093792434
