"Year","OPR","DPR","CCWM"
2007,1.51131943321959,-1.93318265605527,-0.476810969462377
2008,0.973464508357893,-1.47744630775648,-0.291318861406654
