"Year","OPR","DPR","CCWM"
2007,1.51131943321959,-1.93318265605527,-0.476810969462377
2008,0.973464508357893,-1.47744630775648,-0.291318861406654
2009,-0.699302890443748,1.52689971414034,0.490073781868718
2010,-0.0527500298247698,0.163113546855131,0.0853531561355377
2011,0.403342444020346,-0.193034414990056,0.246899010601408
2012,-0.0185331894337002,-1.98309710924587,-1.81320176772593
2013,0.598434680637343,0.557375362577699,1.17788245740129
2014,0.711705949752678,-0.381945433061855,0.393526603926174
2015,0.748874806333931,0.537646710964519,1.64961903724141
