"Year","OPR","DPR","CCWM"
2007,0.404983238328033,-1.93585150007757,-1.19840393364406
2008,-0.0591263718612304,2.1064327854959,1.70133512289097
2009,-0.688783002256999,-2.58384443251007,-2.19603428218679
