"Year","OPR","DPR","CCWM"
2007,1.53012130755507,-0.441859514475181,0.661554394818732
2008,1.86550416292152,-0.333636910348065,1.52691730256836
