"Year","OPR","DPR","CCWM"
2007,1.53012130755507,-0.441859514475181,0.661554394818732
2008,1.86550416292152,-0.333636910348065,1.52691730256836
2009,-1.1189868679038,0.834763537962124,-0.269866595118026
2010,0.340146232971835,-1.45699850355531,-0.881139204937107
