"Year","OPR","DPR","CCWM"
2007,1.66703829193896,0.609242797734095,1.54432156194215
2008,-0.125649314055159,-1.21744744756976,-1.13799236667678
2009,0.243546778195599,-0.157999366558693,0.0742580797684087
2010,-0.24084359085354,-1.04184051677775,-1.06866101133119
2011,0.0156228328542506,-1.37507642527574,-1.07586452141597
2012,-1.18527613621301,0.47619551345429,-0.937363169086291
2013,0.326269995528261,0.721664208968078,1.00518409152706
2014,-0.495768714796773,0.670066665599214,0.0160964727706861
2015,-0.278646938317971,0.126808154541965,-0.238737533509514
