"Year","OPR","DPR","CCWM"
2007,1.66703829193896,0.609242797734095,1.54432156194215
2008,-0.125649314055159,-1.21744744756976,-1.13799236667678
2009,0.243546778195599,-0.157999366558693,0.0742580797684087
2010,-0.24084359085354,-1.04184051677775,-1.06866101133119
2011,0.0156228328542506,-1.37507642527574,-1.07586452141597
