"Year","OPR","DPR","CCWM"
2007,-0.476260886886245,0.570589336248902,0.121099415521665
2008,-0.0279492338147988,0.374668747931918,0.285743146503157
