"Year","OPR","DPR","CCWM"
2007,0.751178345927417,-0.455916066287728,0.144303748952532
2008,1.93131513099176,-2.23528485811856,0.00301649957358765
2009,2.16544659314059,-1.2552776091476,0.75824582858572
