"Year","OPR","DPR","CCWM"
2007,-0.638681522186122,0.492274304204279,-0.0436790900903992
2008,0.146890151304029,0.201781088434937,0.31061904486222
2009,0.512324232498454,-0.337368701255743,0.152931404952958
2010,-0.0207315579959298,-0.997501437971284,-0.833033204525692
2011,0.0582330878358038,0.034211242166251,0.0849182901198015
