"Year","OPR","DPR","CCWM"
2007,0.178640267125904,-0.418277685027957,-0.199661896429218
2008,1.51720670950984,-1.13990338352734,0.51671871767804
2009,2.19121306375686,-0.175191179725337,1.48484121176886
2010,0.02721645222406,-0.281532432553514,-0.205152068537477
2011,1.75458253011349,-0.897475368005158,1.02819822738959
