"Year","OPR","DPR","CCWM"
2007,-0.299692934533454,0.0752282448236471,-0.138118002180387
2008,0.0332331494098089,-1.01546305516552,-0.815597307531403
