"Team","OPR","DPR","CCWM"
2002,10.1861887832044,10.147461373286,0.0387274099184527
2003,27.2934664567652,27.363450161988,-0.0699837052228069
