"Year","OPR","DPR","CCWM"
2007,-0.299692934533454,0.0752282448236471,-0.138118002180387
2008,0.0332331494098089,-1.01546305516552,-0.815597307531403
2009,2.06531414173995,0.593730287048941,1.89680905746086
2010,0.242721699497665,-0.743391597860697,-0.386902211715455
2011,-0.0997802640611416,0.809528401866546,0.543521928577524
2012,-0.781739038708118,1.16714346901277,0.152559372571708
2013,0.350169633565824,-1.37445244570706,-0.788365519145456
2014,-0.789216797840406,-0.463853542951704,-1.07385896079302
2015,-0.301993077083619,0.0330220072980511,-0.378549023753961
