"Year","OPR","DPR","CCWM"
2002,-0.916830256119638,-0.976740485615382,0.150841208909258
2003,0.406107607516851,0.087326471594676,0.165822473823955
