"Year","OPR","DPR","CCWM"
2007,-0.299692934533454,0.0752282448236471,-0.138118002180387
2008,0.0332331494098089,-1.01546305516552,-0.815597307531403
2009,2.06531414173995,0.593730287048941,1.89680905746086
2010,0.242721699497665,-0.743391597860697,-0.386902211715455
