"Year","OPR","DPR","CCWM"
2007,-0.398466978460893,0.102019209968186,-0.182131576824796
2008,0.0192922919872574,-0.0793641824039343,-0.0475860116680705
2009,-0.0108644135809316,-0.775580613496515,-0.516172541711545
2010,-0.362338397137914,0.384959032897408,-0.0140619516487507
