"Year","OPR","DPR","CCWM"
2007,-0.0639609544821519,0.171614531220172,0.0879893689518503
2008,1.41414180623631,-0.641514862070229,0.833051749658347
2009,0.894814231061117,0.237433419894475,0.808829674670179
2010,1.92359070736553,-1.80794407385675,0.267080745368522
2011,0.60966625556342,-1.05000936944027,-0.228591535297122
2012,1.15218222306708,-1.01166739873181,0.415354961957134
2013,0.250428094952652,-0.714619733614054,-0.330659902594816
2014,1.16433327355598,-0.968499205657401,0.396936664389177
2015,0.844309405340041,-0.282657579682671,0.839938231262258
