"Year","OPR","DPR","CCWM"
2007,0.252139565469372,1.34143368134712,1.17694632295422
2008,1.72666139298436,-1.23558120788387,0.639554400234615
2009,-0.0617560156085685,1.14395038581508,0.704551922329024
