"Year","OPR","DPR","CCWM"
2007,0.252139565469372,1.34143368134712,1.17694632295422
2008,1.72666139298436,-1.23558120788387,0.639554400234615
2009,-0.0617560156085685,1.14395038581508,0.704551922329024
2010,-0.270120674859085,-0.27208086587442,-0.466841607313828
2011,-1.17782618162164,0.431211415589238,-0.826132170433089
