"Year","OPR","DPR","CCWM"
2007,0.722732565571974,0.798223120454796,1.07283484416524
2008,-0.840963169120124,-3.3196858346083,-3.58533717761864
2009,-0.966164617403554,-1.70948438608216,-1.82555855124185
2010,-1.46817545629802,-1.40397483497606,-2.47630130096171
