"Year","OPR","DPR","CCWM"
2007,3.29922192029213,0.206954048762941,2.30213972038813
2008,-0.295238633541023,0.245556677659396,-0.0807317281552924
2009,0.49070194527633,-0.667558265924098,-0.0792280542696426
