"Year","OPR","DPR","CCWM"
2007,0.048236455298239,-0.551248092436904,-0.384887855292422
2008,-0.308639959314412,0.934780026226613,0.481697368381423
2009,-0.77250733461902,0.0733942619934802,-0.515855653931669
2010,-0.478050518760141,0.971596898576143,0.359962022618171
2011,-0.822560570591764,-0.305668881716029,-1.05856030763604
2012,-0.635796941970058,-0.644414567251729,-1.31586983834453
2013,-0.829053547735891,-0.821263770034194,-1.6744581982401
2014,0.225299918118446,-0.923790061233893,-0.452184676273274
2015,-0.650224298164007,0.493029974836376,-0.330901458395673
