"Year","OPR","DPR","CCWM"
2007,0.048236455298239,-0.551248092436904,-0.384887855292422
2008,-0.308639959314412,0.934780026226613,0.481697368381423
2009,-0.77250733461902,0.0733942619934802,-0.515855653931669
