"Year","OPR","DPR","CCWM"
2007,0.048236455298239,-0.551248092436904,-0.384887855292422
2008,-0.308639959314412,0.934780026226613,0.481697368381423
2009,-0.77250733461902,0.0733942619934802,-0.515855653931669
2010,-0.478050518760141,0.971596898576143,0.359962022618171
2011,-0.822560570591764,-0.305668881716029,-1.05856030763604
