"Year","OPR","DPR","CCWM"
2007,0.599446819972719,0.662310810377234,0.890017076180088
2008,2.59475969966283,-1.82493992804927,0.987682140021448
2009,1.71089121277339,-0.0916398321452226,1.18894483421584
