"Year","OPR","DPR","CCWM"
2007,0.432004687112501,0.282721628916211,0.494472678050385
2008,-0.152874995406802,-1.87005802505626,-1.70917448627705
2009,0.349916552920945,-0.288281887237044,0.0665362068115889
2010,0.568684558477859,-1.74013396357187,-0.905190469789751
