"Year","OPR","DPR","CCWM"
2007,0.490163154641541,-0.20703627597991,0.162471065585611
2008,-0.339270425679056,0.312665400863176,-0.0673203512378305
2009,-0.551800842639018,2.19428726504015,1.03509612011223
