"Year","OPR","DPR","CCWM"
2007,0.208840550586749,-1.13629401906473,-0.722211723693643
2008,0.232054943984042,-0.385744718773093,-0.0974542852026136
2009,-0.346976794837104,0.237814281902529,-0.0974617372762808
2010,0.765060545214157,0.339127498448262,0.970015354537159
2011,1.4762597961079,-0.807392286082637,0.823605794654324
2012,0.226564061681267,-0.162441761055882,0.114646814807088
2013,-0.604199879655656,0.0835398037416173,-0.627693431389922
2014,-1.08648258127552,-0.586812902524613,-1.4411586241727
