"Year","OPR","DPR","CCWM"
2007,0.208840550586749,-1.13629401906473,-0.722211723693643
2008,0.232054943984042,-0.385744718773093,-0.0974542852026136
2009,-0.346976794837104,0.237814281902529,-0.0974617372762808
2010,0.765060545214157,0.339127498448262,0.970015354537159
