"Year","OPR","DPR","CCWM"
2007,-0.774255933099434,1.75747228933228,0.823524719540526
2008,-0.605201273197729,0.469142649318409,-0.194055777589624
2009,-0.795571902659322,-1.71104572561514,-1.70204441373281
2010,-0.529219787339163,1.05611910851019,0.38259421595904
2011,-0.30090319863297,0.894809616217209,0.411698598277146
2012,-0.444620133327303,0.449325074703939,-0.10703817986202
2013,-0.748266646432109,0.0601640496165953,-0.81497986327357
2014,-1.60810564349233,-1.28541175776034,-2.43252612786635
