"Year","OPR","DPR","CCWM"
2007,-0.774255933099434,1.75747228933228,0.823524719540526
2008,-0.605201273197729,0.469142649318409,-0.194055777589624
2009,-0.795571902659322,-1.71104572561514,-1.70204441373281
2010,-0.529219787339163,1.05611910851019,0.38259421595904
