"Year","OPR","DPR","CCWM"
2007,-0.0226320244540414,-1.41027662181312,-1.07965624616267
2008,0.403673236185946,0.962455235713946,1.19418624785942
2009,0.789580641335739,0.642041941856221,0.997147971653609
2010,-1.22746973459408,0.287150661888576,-0.87776117959203
2011,0.538207118846218,-0.62423165690842,0.038451401424375
