"Year","OPR","DPR","CCWM"
2007,0.109654659004626,-0.164089438028048,-0.0525871074932076
2008,-0.217553576186288,-0.567697317609911,-0.684493506328536
2009,-1.05110710228761,1.03454526020524,-0.0893947328055283
2010,-1.10460705135772,0.347565710932369,-0.71712431111426
