"Year","OPR","DPR","CCWM"
2007,0.643843799463226,-0.996327995408322,-0.333587154037826
2008,0.356366899020729,-1.41328175090406,-0.834984543773424
2009,1.54384250058139,-0.686884760692744,0.676928265733749
2010,1.48818870678095,-0.0737540305605091,1.28818101626384
