"Year","OPR","DPR","CCWM"
2007,1.27616757346606,-0.337815978074422,0.574945020029928
2008,1.84642836808472,-0.211395970892153,1.61050856079976
2009,0.243702869368065,-0.965510950321574,-0.454793694416841
2010,2.19675178044166,-0.44149363557795,1.62999870535029
2011,1.6556653030052,-1.28310955954425,0.624007169585494
