"Year","OPR","DPR","CCWM"
2007,-0.822401321671256,-0.645055473502565,-1.0220000801624
2008,-0.40601973188958,0.815876343597037,0.288185301976746
2009,0.555673174525289,1.69256690908583,1.51480261608929
