"Year","OPR","DPR","CCWM"
2007,-1.16062085618027,2.61121225252362,1.21690811666608
2008,-1.14010571109472,-0.0271844371867861,-1.12610124818985
2009,-1.27158659366379,1.94148914004312,0.343973408129272
