"Year","OPR","DPR","CCWM"
2007,0.192281888083772,-0.591209261641718,-0.321374249234419
2008,-0.463232186669119,0.704800444972365,0.140082623713881
2009,-1.00741158322314,0.787817207743482,-0.219177750341805
