"Year","OPR","DPR","CCWM"
2007,-1.8625387923064,-0.378381147444851,-1.49714846741771
2008,-0.230002759690811,-0.402257779336296,-0.558424535657914
2009,-0.598872393812786,-0.156318423260523,-0.539629142207268
2010,0.30726234837875,-0.297459929036467,0.0355843797514761
