"Year","OPR","DPR","CCWM"
2007,-1.8625387923064,-0.378381147444851,-1.49714846741771
2008,-0.230002759690811,-0.402257779336296,-0.558424535657914
2009,-0.598872393812786,-0.156318423260523,-0.539629142207268
2010,0.30726234837875,-0.297459929036467,0.0355843797514761
2011,-0.0898871358723205,-0.368225884344771,-0.381416923933739
2012,-0.89061037726406,-0.285978081259133,-1.2860220688643
2013,0.784641708613779,-0.0970366298109461,0.825101791789218
2014,-0.582382237103868,-0.580405263883762,-0.963481048619806
