"Year","OPR","DPR","CCWM"
2007,-0.393109941098471,0.568090486915084,0.173295092377579
2008,0.151510003083551,0.786594228482247,0.803322223207427
2009,-0.101083944195194,0.180820060823646,0.0446981338755573
2010,-0.635326184180891,-0.0321453000240592,-0.601882354752857
