"Team","OPR","DPR","CCWM"
2002,7.21074992709186,15.7198280957214,-8.50907816862953
2003,28.3217226961245,33.6098328835668,-5.28811018744226
