"Year","OPR","DPR","CCWM"
2007,-0.242126868643601,-2.77578835388779,-2.25355190635087
2008,1.28446122043457,-0.712098380887558,0.64861877069593
2009,2.28458369408912,-0.884135830601943,1.08842989329474
2010,0.452023777240966,-1.19720833471996,-0.567707843701667
2011,1.83442849089628,-1.31525545792084,0.775822307340732
2012,-0.322814065701779,-0.781132714574438,-1.07826650136744
2013,0.785576563620467,-0.188284059904717,0.746903288387146
2014,0.820298948674963,0.0324674189949781,0.79313557533802
