"Year","OPR","DPR","CCWM"
2002,-1.6556212615504,0.220979174725154,-1.36287796932688
2003,0.500616383935312,0.589436652583989,-0.0938592014893866
