"Year","OPR","DPR","CCWM"
2007,-0.368817883897276,-0.761943698713636,-0.815247906347956
2008,-0.39987563290733,0.910032322454865,0.372737871221529
2009,0.892428549720776,-0.0748837087453466,0.602425339593638
2010,-1.35051187549755,0.68001096964326,-0.668557070853932
