"Year","OPR","DPR","CCWM"
2007,-0.368817883897276,-0.761943698713636,-0.815247906347956
2008,-0.39987563290733,0.910032322454865,0.372737871221529
2009,0.892428549720776,-0.0748837087453466,0.602425339593638
2010,-1.35051187549755,0.68001096964326,-0.668557070853932
2011,-1.35849519607166,-1.41386469924961,-2.46973954756895
2012,-0.330340097895062,0.125729035382868,-0.267560069638962
2013,0.27796667405595,1.10074439860544,1.27857050611167
2014,-0.193846156629615,0.187098089318428,-0.0475108885468451
