"Year","OPR","DPR","CCWM"
2007,-0.742956415898004,-3.22605427858725,-2.91930629927965
2008,-0.0497106507021586,0.15970741084696,0.085221456979602
2009,-0.119608211872871,0.600636537811737,0.306282414825811
2010,0.758757120436872,1.55661833095874,1.95812815965668
2011,-0.436372448296853,0.679021217776642,0.106051008936453
