"Year","OPR","DPR","CCWM"
2007,-0.503096656128121,0.235034177856791,-0.149741275299389
2008,-1.67148928088644,0.675670278190472,-1.05360064397613
2009,-0.424590559733614,0.420649839064716,-0.0343089753342524
2010,-0.724389395145862,-1.00799318617926,-1.47915246390184
