"Year","OPR","DPR","CCWM"
2007,0.102240301338518,-0.813525007678966,-0.54781496774184
2008,-0.402050322069898,0.185892345479696,-0.233916050431114
2009,0.144775366774926,-1.42042982565258,-0.825123689036974
