"Year","OPR","DPR","CCWM"
2007,-0.0782897311072122,-0.900614424276291,-0.730997859583659
2008,-0.224257491064631,0.590020602571287,0.275540738642571
2009,0.352475347651105,0.46144984982409,0.559706545353502
2010,0.0562996272503621,0.450737362629923,0.418942579935114
2011,2.26997390486493,-1.15268260176684,1.33690196954405
