"Year","OPR","DPR","CCWM"
2007,-0.0782897311072122,-0.900614424276291,-0.730997859583659
2008,-0.224257491064631,0.590020602571287,0.275540738642571
2009,0.352475347651105,0.46144984982409,0.559706545353502
2010,0.0562996272503621,0.450737362629923,0.418942579935114
2011,2.26997390486493,-1.15268260176684,1.33690196954405
2012,0.334855034959806,-1.76427014104633,-1.207725864459
2013,0.915486902227439,-0.194497004948958,0.892073476745029
2014,0.383005956427777,-1.18041846664474,-0.488537714410705
