"Year","OPR","DPR","CCWM"
2011,1.26563997560013,-1.25143801610916,0.262248932139518
2012,0.740779218456923,-0.683010260417129,0.237615363247183
2013,0.155386594985413,0.429429239744311,0.553213397104112
2014,-0.702931153989159,-0.651619635360736,-1.12776844380068
2015,-0.00354334645839452,0.879638329814252,1.00448123685209
2016,0.557761453908959,-0.556407150208344,0.177828421010693
2017,1.10627336875927,-0.478170829668893,0.93834310811301
