"Year","OPR","DPR","CCWM"
2011,1.26563997560013,-1.25143801610916,0.262248932139518
