"Year","OPR","DPR","CCWM"
2007,-0.028130146924978,0.603351287333206,0.437309758215515
2008,-0.661657198408646,1.04602051017459,0.232912843657066
