"Year","OPR","DPR","CCWM"
2007,0.308844487931696,0.700687985972006,0.7299845509083
2008,0.61815782869727,1.39393074083689,1.76198459600668
2009,1.21252012194437,0.391067877848642,1.14144086109913
