"Year","OPR","DPR","CCWM"
2007,-1.38344667313405,-1.12038037445038,-1.74584241063954
2008,-0.659851263701316,-0.581381258694198,-1.12397791135632
2009,0.393320799135402,-0.655018658009663,-0.142101663814474
