"Year","OPR","DPR","CCWM"
2007,0.0145863137516822,-1.91300243974971,-1.43507003640219
2008,0.568539692124257,-0.34838160424778,0.259391835339554
2009,-0.393452346540148,-2.05337979267245,-1.63281922442639
