"Year","OPR","DPR","CCWM"
2007,-0.392534306705135,-0.788042317241115,-0.850381159435986
2008,0.253848576993203,0.189177685792108,0.4036125651978
2009,0.85623476027209,-0.220975305623984,0.480268459947226
2010,-0.224049104144337,0.907689154694027,0.537934918099966
2011,-0.694098608239733,0.521705230044247,-0.274464281997391
