"Year","OPR","DPR","CCWM"
2007,0.143397413152265,-1.31149437839083,-0.897075205301803
2008,0.41678757463249,0.236956742858487,0.601195048929265
