"Year","OPR","DPR","CCWM"
2007,0.143397413152265,-1.31149437839083,-0.897075205301803
2008,0.41678757463249,0.236956742858487,0.601195048929265
2009,-0.136780422904349,-1.23064424375495,-0.906299733774363
2010,-0.227264817488199,-0.312169888051572,-0.460735923688368
