"Year","OPR","DPR","CCWM"
2020,-0.271100433095134,0.30268322344302,-0.0682460478486753
