"Year","OPR","DPR","CCWM"
2002,1.14486344291163,0.0906178160031572,0.741872967135151
2003,0.9322787375654,-0.669078021322532,0.919001357674635
