"Year","OPR","DPR","CCWM"
2007,0.257710671284384,0.206345639024625,0.323435768139899
2008,-1.80323750662641,0.386580495509704,-1.42245495513745
2009,0.652154058275018,-0.514471889104475,0.138954493680521
2010,-0.840080484900887,1.99447538487067,0.866906003299485
