"Year","OPR","DPR","CCWM"
2007,-0.035677678925255,-0.274237296421714,-0.230288911644475
2008,1.16641757998376,-0.374623372870546,0.816116360159958
2009,-0.0604997661325377,0.226861365453348,0.104496740002978
2010,0.480412401619555,0.169908718125082,0.573976178513408
