"Year","OPR","DPR","CCWM"
2007,-0.317072223614101,0.135588622210477,-0.103842083749144
2008,-0.733963726246674,1.42731033587792,0.481254150714335
2009,0.612097260402367,0.244084402756931,0.606797066223891
2010,-0.299661369553692,5.41911083262443,4.15204858507041
2011,-0.766496958590391,1.32676678858023,0.292674585748872
