"Year","OPR","DPR","CCWM"
2007,1.36995330760192,0.36636570087688,1.16769030962736
2008,1.79535959227231,0.819159067157359,2.42144392396029
2009,1.67953619641114,0.616239572832703,1.62993116596477
2010,-1.82519960913874,-1.70215883293325,-3.04319021150766
2011,1.93000972413775,-0.746008979636072,1.32243238470686
