"Year","OPR","DPR","CCWM"
2007,-0.107272788182369,-0.445303603594421,-0.406031999197862
2008,-1.20458419325445,0.257334041258623,-0.950973565824757
2009,0.238952670468055,0.33734270257045,0.395503990809063
