"Year","OPR","DPR","CCWM"
2007,1.10998881752905,-0.361067350629517,0.44930215756847
2008,-0.297397932227491,0.0817346905143863,-0.219588526617714
2009,-0.376446931501653,-0.827958515614976,-0.817381113746126
