"Year","OPR","DPR","CCWM"
2009,-1.04042492771875,0.190102944855478,-0.634963044956817
2010,-0.104467839211228,1.72177657172872,1.31081290891001
