"Year","OPR","DPR","CCWM"
2007,-0.00307761950587485,0.138913398312351,0.102895339069548
2008,0.329881273393081,1.11229473860385,1.24786332177681
2009,-0.670860900758995,-0.194117031185142,-0.616952283025448
