"Year","OPR","DPR","CCWM"
2002,1.13636626056008,1.47480090225728,-0.40461759316591
2003,0.122237029463581,-0.939039197346068,0.647537959060045
