"Year","OPR","DPR","CCWM"
2007,-0.0711943155958827,0.222611815021994,0.121794039034401
2008,-0.776225195514746,1.35023874575515,0.376009736022577
2009,-0.642021974315466,-0.917534408568474,-1.06995752681394
2010,-2.75865339687815,-0.935963705145897,-3.26351721708686
2012,-1.59516278287361,0.937355305263498,-0.993631024384136
2013,-0.142459417692176,1.24674007592849,0.918140143283658
2014,-1.09431591064762,0.556221672512144,-0.627394242001852
