"Year","OPR","DPR","CCWM"
2007,1.26539303517388,-0.0672656039420568,0.772236623447726
2008,-0.354127939322207,1.11571240340735,0.588725262136332
2009,1.29429058258875,0.853574388207469,1.50421796067915
2010,-0.287436320799098,-0.960333234490381,-1.04434325910179
2011,-0.762157371690836,2.05159569466512,0.872256971685418
2012,0.453029244439497,-0.850743636272743,-0.245958692463905
2013,-0.0129408453945617,0.496736785501241,0.416600270084686
2014,1.35924044368476,-1.17777456149229,0.429511900825519
2015,0.229343149213415,0.841965305013308,1.28239701366425
