"Year","OPR","DPR","CCWM"
2007,1.26539303517388,-0.0672656039420568,0.772236623447726
2008,-0.354127939322207,1.11571240340735,0.588725262136332
2009,1.29429058258875,0.853574388207469,1.50421796067915
2010,-0.287436320799098,-0.960333234490381,-1.04434325910179
