"Year","OPR","DPR","CCWM"
2007,-0.506159295144656,-0.0801825473097617,-0.389761493296251
2008,-0.53748582904372,-0.64501913193517,-1.05867952237068
2009,0.791212044831922,1.00012717286349,1.23299369281546
2010,0.967524549461344,1.25204043903963,1.89866009562108
2011,-1.03124939757451,-0.741108099624315,-1.61117091199912
