"Year","OPR","DPR","CCWM"
2008,-0.227629533052894,1.13780760209704,0.729597954982999
2009,-0.791959932435061,1.56266215298492,0.445866914392273
