"Year","OPR","DPR","CCWM"
2008,-0.227629533052894,1.13780760209704,0.729597954982999
2009,-0.791959932435061,1.56266215298492,0.445866914392273
2010,-0.879725663946556,0.885615523946089,-0.0741646712795805
2011,0.16609669772576,1.19039959831315,1.10955249138346
