"Team","OPR","DPR","CCWM"
2002,13.8429156620472,15.4777711698603,-1.63485550781316
2003,14.8286415296294,25.9959472391113,-11.1673057094819
