"Year","OPR","DPR","CCWM"
2002,-0.00887783025947286,0.168951669453799,-0.145531296953127
2003,-0.739555610503558,-0.0225990918417385,-0.386439181652801
