"Year","OPR","DPR","CCWM"
2007,-0.318681630076809,-0.31642286172902,-0.44621432740796
2008,-0.600398744156846,-0.145718841789458,-0.702725783127933
2009,0.329311049839835,-0.639159857315005,-0.178438171288318
