"Year","OPR","DPR","CCWM"
2007,-0.0241216121880119,-0.0840936856940299,-0.0791903566075491
2008,0.290719931627636,0.749422420817506,0.907018120806461
2009,-0.28056058006977,0.56771026224009,0.167206111994643
2010,-1.62384978380867,-0.380443958022676,-1.78185455970486
2011,-0.273049041276416,0.272812294983992,-0.0543336975312911
2012,-1.08368830042582,-0.0108238249099943,-1.26019020462216
2013,0.889879019881669,-0.455111978969079,0.635953340188622
2014,-0.564651927201543,0.357734278701683,-0.272915730231948
