"Year","OPR","DPR","CCWM"
2007,-0.748447505881712,0.182054708233906,-0.349327303188189
2008,-0.444920712712977,0.448763320781317,-0.055948277241496
2009,-0.224808675948562,0.584243555335716,0.218740844238097
