"Year","OPR","DPR","CCWM"
2007,2.11598239039316,0.156244856066542,1.49425117479774
2008,1.97832157329914,-0.580225067906296,1.43023872219702
2009,0.0637303138990796,0.35616643900727,0.279922210745439
2010,2.6829642516817,-0.363631392272456,2.13409358232728
