"Year","OPR","DPR","CCWM"
2007,0.853783245541993,0.626397217043943,1.02832202617835
2008,-0.658696522984772,-0.0557583457474494,-0.684043344677935
2009,0.351792573916255,-2.24226222828559,-1.21254575341183
2010,-0.955287429579907,-0.942517371528546,-1.63491235346108
2011,-0.885778475374765,0.0603833606531787,-0.830744814343277
2012,0.539466880242007,-0.110962787139233,0.522202328925426
2013,1.25069036511927,-1.20213790125763,0.405072894989477
2014,1.34637273841968,-0.189827955219168,1.127142047803
