"Year","OPR","DPR","CCWM"
2007,0.940473434076347,1.85374713910015,2.01151002145185
2008,-0.287044392718937,0.513045405295409,0.150512068562143
2009,0.272376141282483,0.375078752724698,0.444632619155391
