"Year","OPR","DPR","CCWM"
2007,0.163330728766987,0.520563691376011,0.499323746421311
2008,1.80585782370648,-1.47505690015885,0.516274933775107
2009,-0.0389994806830548,-0.818722895803704,-0.564983219082712
2010,0.316873206090416,-0.279042642859144,0.0593261999155536
2011,0.928059626802363,-0.934349625740933,0.17904260654951
