"Year","OPR","DPR","CCWM"
2007,0.163330728766987,0.520563691376011,0.499323746421311
2008,1.80585782370648,-1.47505690015885,0.516274933775107
2009,-0.0389994806830548,-0.818722895803704,-0.564983219082712
