"Year","OPR","DPR","CCWM"
2007,0.749364200357555,-0.0673559097430498,0.436535538757251
2008,0.262798912297061,-0.702591634132147,-0.332220023534348
2009,-0.918554099092837,-0.160964336639988,-0.776049908876339
2010,-0.284410604295104,1.06370692235786,0.610599434268741
