"Year","OPR","DPR","CCWM"
2007,0.749364200357555,-0.0673559097430498,0.436535538757251
2008,0.262798912297061,-0.702591634132147,-0.332220023534348
2009,-0.918554099092837,-0.160964336639988,-0.776049908876339
2010,-0.284410604295104,1.06370692235786,0.610599434268741
2011,-0.932413879766457,-0.287871462018303,-1.15340662539627
2012,-0.772997822589929,0.868847890870135,-0.106878054364018
2013,-0.784320749623731,-0.959803024545873,-1.74298447357801
2014,-0.357882480787988,-0.838326056834637,-0.938079717336973
