"Year","OPR","DPR","CCWM"
2007,-0.0276345847398765,-1.0820193234735,-0.835034483560071
2008,2.22534882509446,-1.40423468487347,0.981388753518851
2009,1.50961160458163,0.0484959319185952,1.13383683670195
2010,3.43524464535618,-1.22907722753717,2.1092497096683
