"Team","OPR","DPR","CCWM"
2002,20.2971653525138,11.2306050611518,9.06656029136192
2003,44.8898974390744,13.1451814284144,31.7447160106601
