"Year","OPR","DPR","CCWM"
2007,-0.227554563808151,-0.0502236701990466,-0.185930081832673
2008,-0.590658614199183,0.275129905869057,-0.34195303949183
2009,0.226944143374172,-0.187706531968924,0.0426704778849828
2010,-0.134197339820435,-0.689125018355651,-0.684115604781184
2011,-0.710042313436945,0.373356223165868,-0.408020730685421
