"Year","OPR","DPR","CCWM"
2007,-1.09217251860159,-3.10725092698685,-3.05673023224317
2008,-0.967339742443722,-2.08301781845943,-2.67521179476963
2009,-0.881835128762769,-0.500214536835738,-0.971556146592353
2010,-1.53017585581216,1.00339767004057,-0.567366169214019
