"Year","OPR","DPR","CCWM"
2007,1.49428716957122,-0.493001343387138,0.599628827769649
