"Year","OPR","DPR","CCWM"
2011,0.178173484159321,-1.37982795736952,-0.918389616003976
