"Year","OPR","DPR","CCWM"
2007,0.407968784967337,-2.14070500641215,-1.35115222462637
2008,-0.758829812146955,-0.473714115217986,-1.12988433065333
2009,0.261580136200572,-1.22783669200975,-0.613645964607142
