"Year","OPR","DPR","CCWM"
2007,0.407968784967337,-2.14070500641215,-1.35115222462637
2008,-0.758829812146955,-0.473714115217986,-1.12988433065333
2009,0.261580136200572,-1.22783669200975,-0.613645964607142
2010,-1.01981979924146,-0.909989443607774,-1.66683025531256
2012,-0.825301267175263,0.0569555992990123,-0.900809371784619
2014,-0.110740541254163,0.362899653909407,0.156769461407159
