"Year","OPR","DPR","CCWM"
2007,0.142608460686321,-0.870009631667075,-0.564211899443602
2008,-0.65904855061043,0.955276338638519,0.159679626631205
2009,1.12925255519709,0.499424573079691,1.15165988461914
2010,1.04895689212159,0.257312651052463,1.16045743176484
