"Year","OPR","DPR","CCWM"
2007,-0.184133875762964,-1.2894581672296,-1.09346635914919
2008,-0.738286842203458,1.35229618382849,0.414444527851607
2009,-0.720090379070361,-0.0438790184772806,-0.55443953264481
2010,0.205944212171653,0.0566860547537001,0.232869634110426
2011,-1.23328457539248,0.166660054502772,-1.09111292574701
