"Year","OPR","DPR","CCWM"
2007,-0.780251748489443,-0.381957342979734,-0.795913221231679
2008,1.30180807401627,1.78968221415714,2.75402213556552
2010,-0.432565440858914,0.926616777583055,0.364457384142841
2011,1.38044316999937,-0.740239093426051,0.781855884082892
2012,0.63248025675633,-0.305660861056759,0.453607071448607
2013,0.278025495167326,-1.18281003309256,-0.705469819531607
2014,1.02855302724962,0.0945572650346718,1.03317541934207
