"Year","OPR","DPR","CCWM"
2007,-0.780251748489443,-0.381957342979734,-0.795913221231679
2008,1.30180807401627,1.78968221415714,2.75402213556552
2010,-0.432565440858914,0.926616777583055,0.364457384142841
