"Year","OPR","DPR","CCWM"
2008,-0.194817407572735,0.0897343360271271,-0.113631502404767
2009,-0.412288604936768,-0.499796035311296,-0.628500254910728
2010,1.39858221912289,-0.107023445663343,1.17983487267279
2011,-0.501107790731312,1.00972864602409,0.304308994263972
2012,-1.19763723214244,1.88501039829726,0.321301540745706
2013,-1.12305292829163,1.55164084803476,0.046533290569294
