"Year","OPR","DPR","CCWM"
2007,0.67613981534519,0.343393256073097,0.699076527819925
2008,0.534398029051128,-0.757225701292292,-0.114974869661984
2009,1.81411568343715,-0.355126283266564,1.09163771048246
