"Year","OPR","DPR","CCWM"
2007,1.84537330689498,-0.0919837721048119,1.13079916690359
2008,1.5509387358995,-1.49209494647954,0.255337326717829
2009,1.99099887532469,-0.324894203265384,1.24057842728628
