"Year","OPR","DPR","CCWM"
2007,0.181908576363668,-0.153742475757698,0.00222118038436639
2008,2.82756817795285,-1.23671355482153,1.70407821058074
2009,2.91972054674934,-0.0114207371972527,2.12399081026253
2010,2.29663133494048,-1.9262993136011,0.508465218991611
2011,2.06816746302801,-1.18560276988927,1.11058729106913
