"Year","OPR","DPR","CCWM"
2007,0.181908576363668,-0.153742475757698,0.00222118038436639
2008,2.82756817795285,-1.23671355482153,1.70407821058074
2009,2.91972054674934,-0.0114207371972527,2.12399081026253
