"Year","OPR","DPR","CCWM"
2007,2.57723980896402,0.348277439555254,1.93926864449624
2008,0.350328498044121,-1.09223957110362,-0.5728060756705
2009,0.65349295663018,-0.0191513925154774,0.464517522849151
2010,0.536342804995926,0.603091874895131,0.978254919292356
