"Year","OPR","DPR","CCWM"
2007,2.57723980896402,0.348277439555254,1.93926864449624
2008,0.350328498044121,-1.09223957110362,-0.5728060756705
2009,0.65349295663018,-0.0191513925154774,0.464517522849151
2010,0.536342804995926,0.603091874895131,0.978254919292356
2011,0.928008236041569,-0.657098008258998,0.399038940502229
2012,0.291001936886536,-0.366336378881929,0.00477031308991708
2013,1.76936502948064,-1.49756335204977,0.749540299492505
2014,0.632839755991452,-0.385631665752086,0.316866317019911
2015,0.225227255851822,0.0232719753141476,0.337287042287588
