"Year","OPR","DPR","CCWM"
2007,-0.0235571854494277,0.292348362475084,0.20543779794022
2008,2.08735630620123,-0.255514236713873,1.80684895668464
2009,0.704653091678935,0.279375787332391,0.697491915404004
2010,2.04853271434742,-0.943850265290452,1.08563553559104
2011,1.33214904927424,-0.182223720673731,1.17683147250515
2012,2.16309320458636,-1.71583093255156,0.945548091699803
2013,1.81018231836552,-1.33522634644605,0.937897781539893
2014,2.07175021659016,0.147075904277577,2.04989463737336
2015,1.7227193088091,-0.113400313550687,2.24546348633868
