"Year","OPR","DPR","CCWM"
2007,-0.0235571854494277,0.292348362475084,0.20543779794022
2008,2.08735630620123,-0.255514236713873,1.80684895668464
2009,0.704653091678935,0.279375787332391,0.697491915404004
2010,2.04853271434742,-0.943850265290452,1.08563553559104
