"Year","OPR","DPR","CCWM"
2007,-0.489311253196674,0.334270819262611,-0.0658389100538399
2008,-0.762881151027625,0.538064997364842,-0.289120104756381
2009,1.72766765440588,0.962644166044058,1.89206881208061
2010,0.4251199410759,-0.628356030639647,-0.127736546831396
2011,-0.398313151719354,1.11011920596867,0.485955981554765
2012,-0.597770287512299,1.42678435463558,0.599428348301008
2013,-1.0746884835735,0.406267440164996,-0.892590315673247
2014,-0.641924352049184,0.814613708367015,-0.0172262640184116
2015,-0.812241650432502,0.888631909605093,-0.100374128047211
