"Year","OPR","DPR","CCWM"
2007,-1.45261806242164,0.114590739492521,-0.858274165452194
2008,-0.504989785753573,-1.18926574864992,-1.48159453094248
2009,-0.456778629918819,1.12538966849758,0.404011827609289
2010,0.446922212459176,0.133324622289289,0.513768931517922
