"Year","OPR","DPR","CCWM"
2007,0.783413696577365,-0.790570730199735,-0.0874362131966643
2008,-0.925206150131308,-0.418207214009808,-1.24456508716859
2009,-0.992597285852336,-1.19676629973188,-1.50886880253094
