"Year","OPR","DPR","CCWM"
2007,0.783413696577365,-0.790570730199735,-0.0874362131966643
2008,-0.925206150131308,-0.418207214009808,-1.24456508716859
2009,-0.992597285852336,-1.19676629973188,-1.50886880253094
2010,-0.656472506035165,0.913516279576431,0.15089075933605
2011,-1.00518863994237,2.43003251953638,0.931531543677084
