"Year","OPR","DPR","CCWM"
2007,0.783413696577365,-0.790570730199735,-0.0874362131966643
2008,-0.925206150131308,-0.418207214009808,-1.24456508716859
2009,-0.992597285852336,-1.19676629973188,-1.50886880253094
2010,-0.656472506035165,0.913516279576431,0.15089075933605
2011,-1.00518863994237,2.43003251953638,0.931531543677084
2012,2.20368046899036,-0.608336696521284,1.99305036396456
2013,0.548167433429465,0.560808548568639,1.12260480032301
2014,0.270246348413277,1.19685670804968,1.11339304703214
2015,-0.591687215720746,1.04224291387899,0.380030641504869
