"Year","OPR","DPR","CCWM"
2007,0.392790295418082,-0.0380817923121925,0.226720160540007
