"Year","OPR","DPR","CCWM"
2007,-0.276463305888338,0.452290229552974,0.161720069564181
2008,0.0951704941393374,-0.963640102038289,-0.712389232455682
2009,-0.977455635620723,1.65594245046163,0.371577010274571
2010,0.0983083350441124,0.411026347277582,0.424589259447691
