"Year","OPR","DPR","CCWM"
2007,0.0209450273347666,0.87550530743323,0.674739466364759
2008,-1.64386190750998,0.600422337478197,-1.08968342639656
2009,-0.421038468436509,-0.177339424228231,-0.423580723025465
