"Year","OPR","DPR","CCWM"
2007,-0.450476526017331,-0.0846813440460906,-0.356941742013771
2008,-0.384057018690767,1.59473372115832,0.959671176709776
2009,-0.0654585041391278,1.90940121393149,1.2034521412036
