"Year","OPR","DPR","CCWM"
2007,-0.880008269910534,-0.125694436169514,-0.667285666923233
2008,-0.0272443510404734,-1.51086161533076,-1.28771222266756
2009,-0.318692653829151,-0.858265977514627,-0.795079537770235
2010,-0.122678182093129,0.480096115428676,0.280743485375392
2011,0.15923976825413,-0.573371246187486,-0.297107908054983
