"Year","OPR","DPR","CCWM"
2007,0.269410734170976,0.0348692743565248,0.201559464703087
2008,0.195175507049015,0.696639307651017,0.770483169903146
2009,-0.596307602646233,-1.06981109319479,-1.13637235024594
2010,1.28868684601986,-1.20354310078669,0.185186603942304
2011,1.92557081106346,-0.208584196624709,1.74456900361962
