"Year","OPR","DPR","CCWM"
2008,-0.938189101701162,0.379265633617005,-0.591358843664127
2009,-0.743024292899765,-0.11460619431447,-0.617529723965193
2010,-0.133793330848001,-0.162786043904906,-0.254104963393383
2011,-0.296998906029969,0.295214380420385,-0.0603114026270042
