"Year","OPR","DPR","CCWM"
2008,-0.938189101701162,0.379265633617005,-0.591358843664127
2009,-0.743024292899765,-0.11460619431447,-0.617529723965193
