"Year","OPR","DPR","CCWM"
2007,-0.7653377886151,0.670630200324738,0.00862288529235969
2008,0.754949141987173,-0.226518359148075,0.541538553408136
2009,1.96476357166021,-0.620349351619147,1.0278129500289
