"Year","OPR","DPR","CCWM"
2002,0.686066349778073,0.0733877683723174,0.428848128214486
2003,-0.266868540946107,1.25861714971696,-0.923696893230247
