"Year","OPR","DPR","CCWM"
2007,-0.630776419834109,-0.681219590204991,-0.924672822232929
2008,-0.178734167595315,0.244161058434786,0.0308573832983307
2009,0.978837773284643,0.172868128031938,0.827859223816694
