"Year","OPR","DPR","CCWM"
2007,0.390994940363341,0.395778486351132,0.55317145573095
2008,1.77783823890687,0.717391520259014,2.31952580057787
2009,-1.62953448951866,0.810150081365751,-0.658709451170271
2010,-0.372030374139479,0.879464481403191,0.380815789482033
