"Year","OPR","DPR","CCWM"
2007,1.82648277085591,0.613006278822615,1.65086854310748
2008,-0.785986612196033,0.911981346334056,0.000682754511715281
2009,1.31818040035011,-0.664304856677201,0.526985542663753
2010,1.31335713112006,0.420750958691924,1.53343229266422
2011,1.49503742369054,-0.594485529159569,1.01121120878805
2012,0.780966738896966,0.33388178431997,1.20279324315404
2013,-0.217550320384026,0.0449423051152763,-0.213095783811601
2014,-0.704057094855178,1.6776570825504,0.544444890925116
