"Year","OPR","DPR","CCWM"
2007,1.82648277085591,0.613006278822615,1.65086854310748
2008,-0.785986612196033,0.911981346334056,0.000682754511715281
2009,1.31818040035011,-0.664304856677201,0.526985542663753
