"Year","OPR","DPR","CCWM"
2007,-0.0756922829176226,1.26141648222041,0.903296533856649
2008,-1.87422348175474,-1.50110824815093,-3.06709541649231
2009,-1.24056289493376,0.156600772568989,-0.803023281091254
