"Year","OPR","DPR","CCWM"
2007,-0.0756922829176226,1.26141648222041,0.903296533856649
2008,-1.87422348175474,-1.50110824815093,-3.06709541649231
2009,-1.24056289493376,0.156600772568989,-0.803023281091254
2010,-0.234670613980429,0.675630399106852,0.338884259367514
2011,0.129536570229352,0.72180045457591,0.701370975765982
