"Year","OPR","DPR","CCWM"
2002,1.64390050680828,0.865803958899715,0.459116519029403
2003,0.335268695543518,-1.23412336463108,0.945568004766641
