"Team","OPR","DPR","CCWM"
2002,20.4993866376042,18.7198624844984,1.77952415310573
2003,26.52273853089,10.924266618308,15.598471912582
