"Year","OPR","DPR","CCWM"
2007,0.786692322902586,-0.224731557747943,0.341975922346508
2008,0.212351153962451,-0.445511065440166,-0.166419835151452
2009,0.189389526178344,-1.82978361801956,-1.06080540320278
