"Year","OPR","DPR","CCWM"
2020,1.04405987504632,0.114150274660268,1.08400056932198
