"Year","OPR","DPR","CCWM"
2007,-0.102624914172762,0.167095755256964,0.0594295061735859
2008,-0.559157284025216,0.363400716640144,-0.237772716017538
2009,0.330191595659036,-0.704493803138824,-0.220608957554522
