"Year","OPR","DPR","CCWM"
2007,1.04515455189607,0.845990889375159,1.31861360619422
2008,-0.221432534613157,0.399130656938858,0.118910033080245
2009,0.841913649807937,1.70475463847287,1.73175256517496
