"Year","OPR","DPR","CCWM"
2007,1.75774217477775,0.344399998738727,1.40332713916135
2008,2.12736133620243,-0.893788071478278,1.31270247476413
2009,0.362789137164194,-1.61922696752286,-0.796240347806871
