"Year","OPR","DPR","CCWM"
2007,-0.209184369252924,1.25781954613856,0.813755140409974
2008,-0.532129563939123,1.20488038290692,0.490895427619485
2009,-0.606219520058749,-3.00347205247381,-2.41074444789726
2010,-0.597842033782309,1.25396948881139,0.481921506349145
2011,-1.01248975698316,-0.106996471397803,-1.08928411914123
2012,0.962371646350679,-0.486478919538978,0.670873993836338
2013,0.633292099630265,-0.165759491522466,0.589973741628927
2014,-0.802220642211282,1.11530618498696,0.0483500137547912
