"Year","OPR","DPR","CCWM"
2007,-0.209184369252924,1.25781954613856,0.813755140409974
2008,-0.532129563939123,1.20488038290692,0.490895427619485
2009,-0.606219520058749,-3.00347205247381,-2.41074444789726
2010,-0.597842033782309,1.25396948881139,0.481921506349145
