"Year","OPR","DPR","CCWM"
2007,-0.0893345301790625,0.275928353539884,0.150256056766866
2008,-0.732039818568273,0.798812233605714,-0.0415863580075525
2009,1.16659756484117,-1.34602650172589,-0.0304090728019527
