"Year","OPR","DPR","CCWM"
2007,-0.0893345301790625,0.275928353539884,0.150256056766866
2008,-0.732039818568273,0.798812233605714,-0.0415863580075525
2009,1.16659756484117,-1.34602650172589,-0.0304090728019527
2010,0.147276406472606,-0.232856405457986,-0.0566370672828036
2011,0.0136448267136528,0.0578937169849354,0.059484037228381
