"Year","OPR","DPR","CCWM"
2007,-2.38624977204319,0.26209770712477,-1.3541359365184
2008,-0.211632386913725,-0.341131451969393,-0.489614099208
2009,0.927415607383605,-0.85856901282112,0.114414572737552
