"Year","OPR","DPR","CCWM"
2007,-2.38624977204319,0.26209770712477,-1.3541359365184
2008,-0.211632386913725,-0.341131451969393,-0.489614099208
