"Team","OPR","DPR","CCWM"
2002,6.64622771613941,14.7104946748914,-8.06426695875201
2003,28.3337078133439,20.8807275643884,7.45298024895549
