"Year","OPR","DPR","CCWM"
2002,-1.79579014149924,0.00403392647011645,-1.28410696162219
2003,0.501717956403614,-0.433781690020102,0.54020509747243
