"Year","OPR","DPR","CCWM"
2007,0.492115877272417,-0.387778860461743,0.0272577856999251
2008,-1.81942754629404,0.793685625216128,-1.09825158001504
2009,-0.513978332195579,-1.17478914599075,-1.145062316861
