"Year","OPR","DPR","CCWM"
2007,0.688178604215192,-1.53576732991094,-0.71209560544933
2008,0.0348608940122017,0.00769995575629669,0.0401670578738572
2009,-0.790564226592498,0.0868096256146851,-0.520246528826675
2010,0.560361437674273,0.44597424527777,0.871763844580527
2011,-1.17063817453545,0.582545742150336,-0.698891779736479
