"Year","OPR","DPR","CCWM"
2007,-0.207878335844472,0.59507870376841,0.314152000694927
2008,0.273915519457164,-1.14294709992478,-0.689092607778976
2009,0.14698470342566,-0.360340266286553,-0.128829682729422
