"Year","OPR","DPR","CCWM"
2007,-0.350936449327295,0.35978604400183,0.0434293378701706
2008,0.467850115718793,-0.320226929892273,0.185448373320996
2009,0.106649313382283,0.522690919473811,0.420378429625028
