"Year","OPR","DPR","CCWM"
2007,0.375701074613725,-0.852771576672434,-0.399588070591374
2008,0.772763074976123,-1.03011587507251,-0.112105403102087
2009,-0.677092888043139,-0.407252983949218,-0.761170685138542
2010,-0.560988683087918,-0.146835869821098,-0.628148873605803
