"Year","OPR","DPR","CCWM"
2007,0.921512780288822,-0.17091604678143,0.470302641795987
2008,0.467103477449585,0.246307022338821,0.657697401664796
2009,1.29204421706881,-0.739142824752058,0.458863788762274
