"Team","OPR","DPR","CCWM"
2002,12.6302748428208,11.8158817513078,0.814393091512981
2003,23.4531486049298,21.2145109406052,2.23863766432456
