"Year","OPR","DPR","CCWM"
2007,0.0544105707621776,-1.69096904520506,-1.24150463305852
2008,-0.919911527046406,-1.12532490361778,-1.82977905043731
2009,0.0564241729967374,-0.787987835566737,-0.475180560515686
