"Year","OPR","DPR","CCWM"
2007,1.86286464470819,-0.281478706150779,0.999083311772408
2008,-0.709402873588557,-0.176985510435592,-0.834324145110752
