"Year","OPR","DPR","CCWM"
2007,0.23586532963492,1.03123730184093,0.932124076002579
2008,0.582797593046741,-0.0975572122540646,0.482591862956994
2009,-0.471672627121043,-1.28887043833012,-1.18893595834793
2010,0.275552714053688,-0.569084045005895,-0.214870106131051
