"Year","OPR","DPR","CCWM"
2007,-1.7051059684568,0.147549320383058,-0.997608216290381
2008,-0.658602614388815,-0.101294306131914,-0.721968216781028
2009,-0.873459317219094,0.0490851204776712,-0.605483210475129
2010,-0.537171853358059,0.572967525770967,-0.0190020223393757
2011,-0.0784302900642337,-1.07314932347971,-0.929531209057198
