"Year","OPR","DPR","CCWM"
2007,0.0883418610683409,0.550250687098616,0.472967274022156
2008,-2.65881340668552,1.62362432412463,-1.21774259352673
2009,-0.210893221903305,-0.0529980403955189,-0.188687586655094
2010,-1.15924646510026,0.744726504403626,-0.442432911433592
