"Year","OPR","DPR","CCWM"
2007,1.02156317300648,0.528790877855081,1.06374355755862
2008,0.36362791284356,0.509338145758608,0.777144550697141
2009,1.40716219984347,0.609330574600205,1.42656329555282
2010,2.5830967570086,-1.16439425265439,1.38995410074354
