"Year","OPR","DPR","CCWM"
2007,-0.33539441236145,0.17553659436246,-0.0855933719885722
2008,-0.696793531576719,0.298449893389092,-0.425202804520606
2009,-1.10517933646343,-0.261965151168854,-0.978477630350328
2010,0.90228749296393,-0.0493198661744041,0.777265742409891
2011,-0.0112563881680408,-0.149987337557942,-0.13020705052097
