"Year","OPR","DPR","CCWM"
2007,-1.56256547503841,-0.796581618540283,-1.61783522231987
2008,0.53993490164626,1.29393796443991,1.60280052147298
2009,-0.613254209805383,0.480753801440681,-0.132652157678871
2010,-0.34038580624909,0.65633671393162,0.227350922816278
2011,-0.0574228840692343,0.191303824964696,0.0948707850314771
