"Year","OPR","DPR","CCWM"
2007,-0.432277226118174,0.692662748625688,0.241887811831649
2008,-0.0476868028297411,-0.56982595922658,-0.521871757913131
2009,0.521597851014448,-0.233976722672251,0.227454593831119
2010,1.09625385147511,-0.288044529382112,0.758142296882165
2011,0.156874093545694,-0.977771339618072,-0.620416308026406
2012,0.275776993856881,-0.0318519501054193,0.289424763674929
2013,2.2385700859633,-0.539497952587258,2.1257902456002
2014,0.690285266713848,1.36651951764413,1.62945965125206
2015,0.454329154941488,-0.175553550693917,0.425064673868491
