"Year","OPR","DPR","CCWM"
2007,-0.432277226118174,0.692662748625688,0.241887811831649
2008,-0.0476868028297411,-0.56982595922658,-0.521871757913131
2009,0.521597851014448,-0.233976722672251,0.227454593831119
2010,1.09625385147511,-0.288044529382112,0.758142296882165
