"Year","OPR","DPR","CCWM"
2007,-1.04620888778354,1.22454831147532,0.244217879246008
2008,-0.163596019502965,0.939747468629843,0.626219493020625
2009,-0.059927434947285,-0.012486979417317,-0.051931416226098
2010,-0.919248382290415,-1.68553876645247,-2.2087788874384
