"Year","OPR","DPR","CCWM"
2002,-0.771714673056577,-1.92624515731322,1.0366378692813
2003,1.1038908883277,-1.25959954006156,1.37750828581285
