"Year","OPR","DPR","CCWM"
2007,0.866468168471639,0.0423619750096625,0.59555250375018
2008,2.70508684367066,-1.89826227236746,1.03324465113556
2009,-0.275418041600332,0.207603633118801,-0.0650190792085876
2010,0.625527327203466,0.653943013684342,1.10057050094547
2011,1.03570940346182,-0.375892267435627,0.729061328449234
