"Team","OPR","DPR","CCWM"
2002,10.7706335602784,5.7299099123192,5.0407236479592
2003,34.8853541036589,10.6073362949528,24.2780178087061
