"Year","OPR","DPR","CCWM"
2020,-1.43686355844676,2.41454708530839,0.158187042433734
