"Year","OPR","DPR","CCWM"
2007,-0.675728064203865,1.15207279657584,0.430456042936428
2008,-0.288230546343937,0.344850714605703,0.00894653267232188
2009,-0.41879346386273,-0.0865124914648712,-0.362422539366965
2010,0.274411048408729,-0.807491378283503,-0.410513746739095
2011,-0.712535207952579,-0.164479047392661,-0.83735931786446
