"Year","OPR","DPR","CCWM"
2007,0.0397204798525551,0.419292762790884,0.342453512019276
2008,-0.30999231974976,-0.453549984785703,-0.678660638957801
2009,-1.66531451389639,-0.354770338168516,-1.44820706832992
2010,0.941730011142376,-0.00872642046851539,0.846138933216126
