"Year","OPR","DPR","CCWM"
2003,1.06422443616554,-1.90611707521731,1.75628582926795
