"Team","OPR","DPR","CCWM"
2003,34.4537827885422,2.56448810406833,31.8892946844739
