"Year","OPR","DPR","CCWM"
2007,-1.10211981986226,0.143585359321568,-0.608410271581621
2008,-0.341616388473879,-0.887901826918617,-1.0718859650269
2009,0.853304243738698,0.844467265193607,1.17631808542919
2010,0.0382156415366687,0.881010626760655,0.753784662876176
