"Year","OPR","DPR","CCWM"
2007,2.11577257413375,0.693247056976132,1.89961883835058
2008,-0.830222125493232,-1.31316499286067,-1.89979525679136
2009,1.26463295068085,0.935500699356941,1.53625374330126
2010,-0.387796000137473,1.01172432989807,0.474493441503471
2011,0.316175212517618,1.29866722086779,1.34435568636984
2012,-0.905037269788596,0.233723481093324,-0.833094791386751
2013,0.782765079866341,-0.6134064850632,0.374269246740054
2014,0.623674563960785,-1.59234145312864,-0.558592400593569
2015,1.45376541532538,-1.39272954736688,0.406577840102553
