"Year","OPR","DPR","CCWM"
2007,2.11577257413375,0.693247056976132,1.89961883835058
2008,-0.830222125493232,-1.31316499286067,-1.89979525679136
2009,1.26463295068085,0.935500699356941,1.53625374330126
2010,-0.387796000137473,1.01172432989807,0.474493441503471
