"Year","OPR","DPR","CCWM"
2007,-0.777500223353367,-2.29611495175898,-2.2395530793763
