"Year","OPR","DPR","CCWM"
2007,-0.263189074192253,1.21981572160479,0.749932008107525
2008,-1.04078651499775,0.566085558794965,-0.534686832019264
2009,0.268734122272747,-0.00287539386621148,0.194298910708933
2010,-0.475755062424646,-1.0087326387901,-1.25447889127008
