"Year","OPR","DPR","CCWM"
2007,2.07218130104095,0.566678062337252,1.77569092743135
2008,0.370413043066691,0.283378047360975,0.595068178664874
2009,2.3511096671508,0.663944890363169,2.15145943478441
2010,0.507581405902363,0.814825836502641,1.12503146913492
2011,0.641717519023234,-0.172366005403165,0.499764935687106
2012,0.858668583705023,0.0374644346548913,1.02462288806478
2013,0.730351593284101,-0.269043253243116,0.612727435127755
2014,2.03441374128997,-0.821399315180443,1.31913777445663
2015,1.86062185718142,-1.39885961732898,0.960588858104739
