"Year","OPR","DPR","CCWM"
2007,2.07218130104095,0.566678062337252,1.77569092743135
2008,0.370413043066691,0.283378047360975,0.595068178664874
2009,2.3511096671508,0.663944890363169,2.15145943478441
2010,0.507581405902363,0.814825836502641,1.12503146913492
2011,0.641717519023234,-0.172366005403165,0.499764935687106
