"Year","OPR","DPR","CCWM"
2007,-0.139290086286557,0.893392075797965,0.584026903028212
2008,0.314958220042314,-0.968072477282228,-0.503376736857546
2009,0.359887423739868,0.53526762883257,0.613490661054438
2010,0.713428357398246,0.357475474981005,0.938210833557863
2011,-0.0405419188777777,-0.119360936583517,-0.134950176411623
