"Year","OPR","DPR","CCWM"
2009,0.433434190549248,-0.331772113116518,0.0990070109980472
2010,-0.211013518228448,0.601627882035403,0.299911542828878
2011,-0.183260460472342,1.1084119945578,0.697927759412943
2012,-0.878185107941892,1.08669426969118,-0.0314140908023377
2013,-0.937291734799144,-0.126662887565327,-1.19639138232649
