"Year","OPR","DPR","CCWM"
2009,0.433434190549248,-0.331772113116518,0.0990070109980472
2010,-0.211013518228448,0.601627882035403,0.299911542828878
