"Year","OPR","DPR","CCWM"
2007,0.551687545002889,-0.186191909460192,0.218227567318231
2008,0.242824796910846,-1.22882703108883,-0.790879511819114
2009,-1.12365340216727,-0.466023567829406,-1.12568453294455
2010,-0.471041153876574,0.209764071947714,-0.255562653707999
2011,1.79817047429345,-1.07851704312294,0.927748335564734
