"Year","OPR","DPR","CCWM"
2007,0.551687545002889,-0.186191909460192,0.218227567318231
2008,0.242824796910846,-1.22882703108883,-0.790879511819114
