"Team","OPR","DPR","CCWM"
2002,19.1725581044464,13.4625074811714,5.71005062327492
2003,25.8117121943803,11.6619249630263,14.149787231354
