"Year","OPR","DPR","CCWM"
2020,-0.630200925809966,0.591200137832446,-0.230774770879011
