"Year","OPR","DPR","CCWM"
2007,2.26321153801415,0.683931222999386,1.98848072633019
2008,0.850155176751028,0.818612188478544,1.50620859867933
2009,0.62595195760237,1.0760073395293,1.16207395631346
2010,0.505161808024855,-1.13016847079477,-0.464837807421033
