"Year","OPR","DPR","CCWM"
2007,-0.668436907645429,0.846396511679488,0.204374319920382
2008,3.04298297682239,-0.982031661102924,2.12518043772794
2009,0.587665644272831,0.0907478031360981,0.488479210163368
2010,0.700842812971183,0.139746073007738,0.749077535361327
2011,2.10648953712646,-1.13760515336634,1.18669624943219
2012,1.69241345842721,-0.665260180213028,1.3516935815018
2013,-0.0288287541836818,1.341957573299,1.13257161096343
2014,1.93411964182389,0.112122990858395,1.89562585502003
