"Year","OPR","DPR","CCWM"
2007,1.48999395167672,-0.173627793576949,0.838003610997774
2008,0.334313366708371,-0.855553066890346,-0.390707641342424
2009,1.30751315374825,-0.329974305396941,0.738286375864228
2010,2.4935914996354,-0.721147875249878,1.67067416030463
