"Year","OPR","DPR","CCWM"
2007,-0.160061662555913,-1.09954088034954,-0.934398017698336
2008,0.30070378386036,-1.05489737285176,-0.589658210892174
