"Year","OPR","DPR","CCWM"
2007,-0.465518644658555,1.07506825616833,0.509031298744165
2008,0.331477802020313,-2.41420271463218,-1.69469268735153
2009,-0.0404647141631679,1.26143545666822,0.797083606795337
2010,1.53822779572501,-1.08610214050531,0.507150966349734
2011,-0.0277686902808944,0.246457902836734,0.168061323773468
