"Year","OPR","DPR","CCWM"
2007,3.64332875952381,0.205380106554497,2.52476344468593
2008,1.42567735128361,-2.16865863875626,-0.430722066512821
2009,0.578452341601227,0.201869501958927,0.554571765268653
2010,-1.25658025947409,0.656801576226031,-0.602395125425529
2011,-0.48311763246899,1.0855423540086,0.382326114039336
