"Year","OPR","DPR","CCWM"
2007,-0.127322201874997,0.726490952325352,0.465779676668048
2008,0.726738406297342,-1.68351962554178,-0.702143561656683
2009,-0.407842298302204,2.5509480203248,1.37391103374657
2010,-0.734888014482041,1.31746762645981,0.409582685494494
2011,-0.694207372603249,-0.611037718897026,-1.17360044123481
2012,0.398345772027831,-0.607541874713754,-0.0893113335094683
2013,-1.69215307767786,1.55344226427371,-0.611498831379238
2014,-0.249022099633678,-1.75075622489812,-1.49137689826763
2015,0.575819182539337,-0.0833084982761947,0.698445827381135
