"Year","OPR","DPR","CCWM"
2007,0.565427585537905,0.141751619484733,0.474802863240966
2008,0.157019570253012,0.817990424407254,0.834865596627446
2009,0.299659640985557,0.60131240016543,0.612802168193418
