"Team","OPR","DPR","CCWM"
2002,13.8173074295396,14.4467726921699,-0.629465262630255
2003,22.3200081360901,26.9371159923358,-4.61710785624573
