"Year","OPR","DPR","CCWM"
2007,-0.217731660560373,-1.58562357870895,-1.33896095840249
2008,-0.215587449811882,1.07420991847907,0.688157797862371
2009,-0.143983090050767,1.45907233718425,0.851024672196395
2010,0.125886350651605,0.0181775422176249,0.128898485348692
2011,-0.319200301246329,-0.457915393297184,-0.680073897514101
