"Year","OPR","DPR","CCWM"
2007,-0.0213136281057615,-0.851788090828441,-0.657069731441656
2008,1.15167803935503,-0.594740482469305,0.618086212621557
2009,0.851009399217335,-0.605395016623283,0.224541957585653
2010,0.249746973238864,-0.0327082413450477,0.199585926983141
2011,0.754080123045573,-1.06032996234813,-0.0935278706446791
2012,1.96229792197534,-2.15574095169283,0.316382616249368
2013,2.71752302340989,-2.19056147509278,1.24634824372347
2014,1.03529956488769,-2.09865758810883,-0.536021219272344
2015,1.47699365801616,-1.56350218618703,0.24265082820727
