"Year","OPR","DPR","CCWM"
2007,0.613039488928282,-0.0495620512234746,0.361304500957254
2008,-0.0729244732634882,-0.114588471382039,-0.166241410904353
2009,1.15607076918072,0.915073507945953,1.44361439416468
2010,1.39097963979992,-0.0260586864334799,1.23903711567407
2011,0.153394433024522,-0.305414588394631,-0.0902361830988509
