"Year","OPR","DPR","CCWM"
2007,-0.693749670896783,1.54135906314153,0.712694561276844
2008,-0.00635991948045843,-0.583167708145538,-0.49301354310757
2009,0.188230558407497,-0.302220794950016,-0.0606331613175171
2010,-0.915212244118504,0.783383171986772,-0.189768697956037
