"Year","OPR","DPR","CCWM"
2007,-0.275316743273207,1.79967523800575,1.17991077929978
2008,0.690309693560237,0.714887485692113,1.26491375308403
