"Year","OPR","DPR","CCWM"
2007,-0.275316743273207,1.79967523800575,1.17991077929978
2008,0.690309693560237,0.714887485692113,1.26491375308403
2016,-0.794005055725439,0.120624422332776,-0.929098570643218
2017,1.32964818413578,-0.0882689914866682,1.58569825712094
