"Year","OPR","DPR","CCWM"
2007,-0.963744779178376,1.45809134577069,0.474208105583161
2008,-0.34398771671977,0.530911593730591,0.110317332861612
2009,1.09273992387105,0.0852410452928536,0.853588475946445
2010,1.13784116188965,-0.332937175065265,0.759177459270442
2011,-0.792015680251953,-0.250336854331445,-0.984344986945362
