"Year","OPR","DPR","CCWM"
2007,1.30623625236348,0.257035218123885,1.04368953053519
2008,1.23239476542573,0.787032673713338,1.84977988767768
2009,0.730119777348052,0.509330261350454,0.866773414370458
2010,-0.680662277680841,-0.225452758451783,-0.800754199083006
2011,-0.470928283934617,0.0121955082413365,-0.457469509108516
2012,-0.908082955458181,1.31588447088087,0.14117201066431
2013,0.424110137592838,-0.538760110645922,0.0234395965318528
2014,1.92189387953824,-0.927416486719971,1.13738417119843
