"Year","OPR","DPR","CCWM"
2007,1.30623625236348,0.257035218123885,1.04368953053519
2008,1.23239476542573,0.787032673713338,1.84977988767768
2009,0.730119777348052,0.509330261350454,0.866773414370458
2010,-0.680662277680841,-0.225452758451783,-0.800754199083006
2011,-0.470928283934617,0.0121955082413365,-0.457469509108516
