"Year","OPR","DPR","CCWM"
2007,-0.0734664929696305,1.27066553246153,0.91172841600868
2008,-0.108034729429996,-0.441215799353246,-0.472906750133492
2009,0.073120938341643,0.193958372506447,0.18048199449078
2010,-1.07174206525271,1.50856482809601,0.260363802477518
2011,-1.32199535799595,1.67760874587305,0.020088468400467
