"Year","OPR","DPR","CCWM"
2010,-0.670033146329121,0.224192232079798,-0.424083438160522
