"Year","OPR","DPR","CCWM"
2007,1.56458199698526,-1.11554282902004,0.17525259924771
2008,2.50421795014257,-1.07455101513922,1.5265180778167
2009,2.11257376582595,-0.217677765705849,1.39959076221294
2010,1.70067252877107,-1.20437154133612,0.557793369208025
2011,1.87654844014184,-1.1345041238324,0.961061792216509
