"Year","OPR","DPR","CCWM"
2002,1.71241508576851,0.408853910047887,0.884463844310022
2003,-0.0850516966824054,-0.631085724276866,0.344650106742855
