"Year","OPR","DPR","CCWM"
2007,1.56458199698526,-1.11554282902004,0.17525259924771
2008,2.50421795014257,-1.07455101513922,1.5265180778167
