"Team","OPR","DPR","CCWM"
2002,20.7753252169181,16.5939115375855,4.18141367933261
2003,21.9496493193379,18.426213481342,3.52343583799587
