"Year","OPR","DPR","CCWM"
2007,-1.48894317727944,-0.45744360207208,-1.31385836374529
2008,-0.945878828487513,0.0370048540433948,-0.884537914618142
2009,-0.326533102698558,0.828012285548054,0.304221935403361
2010,0.368733717228259,-0.260686031694079,0.121299137281327
2011,0.579819627585212,0.282509186487434,0.799386285767335
