"Year","OPR","DPR","CCWM"
2007,-0.435497768884917,-0.448985394869025,-0.622294663661506
2008,-0.421472342356205,-0.2673424327032,-0.63109655041952
2009,-1.02973044359982,-0.0964419941781906,-0.814929882069065
2010,0.179140200861796,0.916171344459476,0.9101718158755
