"Year","OPR","DPR","CCWM"
2007,0.0887154064391182,-0.160775548316211,-0.0637039082711289
2008,0.842191650948834,-0.523404906309402,0.378116636504315
2009,1.03121559968948,-0.282000961777383,0.568018831116297
2010,-0.248378991133152,0.180609113257899,-0.0776166370810527
