"Year","OPR","DPR","CCWM"
2007,-1.69297878828344,-0.867068559734641,-1.75588449356858
2008,0.10492148968114,-0.658852998731689,-0.448500193025789
2009,0.264203547251668,1.11901526163164,0.926171116727269
2010,-0.652882650469667,-0.0145608473449937,-0.603435544274655
