"Team","OPR","DPR","CCWM"
2002,14.610375300118,12.7478297001847,1.86254559993329
2003,40.0105133956363,17.2089521364666,22.8015612591697
