"Year","OPR","DPR","CCWM"
2002,0.181679699253549,-0.417819577428599,0.473818673297298
2003,1.57495297878124,-0.728934245802009,1.30403196981756
