"Year","OPR","DPR","CCWM"
2007,0.749953191101039,0.582380767866361,0.927551452347288
2008,1.52499111488425,-0.63989984082509,0.941681177719947
2009,0.999779569242036,-0.675028627162075,0.287517003507202
2010,-0.202725478848645,-0.423069487791907,-0.529027950457132
2011,1.87284719958497,-0.509254202323336,1.45363466442201
2012,1.07042467876256,-0.905245299453374,0.41717641880729
2013,1.49131948507822,-0.341505877330104,1.43174242649179
