"Year","OPR","DPR","CCWM"
2007,-1.71115023036474,-3.15264654384353,-3.49360201236042
2008,0.49767590905624,-1.4475771963226,-0.726855798162284
2009,1.11851965927944,0.870401363374136,1.38692722604872
2010,-0.503540836847332,-0.356104844010047,-0.746921690866965
2011,-0.566645325255623,1.33515259000158,0.497577863222903
2012,0.195264245000102,-0.577732115995426,-0.29670186933023
2013,0.180231568095141,1.042858688446,1.11499868945467
2014,0.306610480486404,-0.0959738340835734,0.218795363918966
