"Year","OPR","DPR","CCWM"
2007,-0.367751113840303,1.00959172048169,0.523177755914755
2008,0.391625087865764,1.07679892726908,1.27798590817478
2009,-0.455011117043328,1.92202230347385,0.927338863978985
2010,1.86846864601396,0.488140947970233,2.09140533089753
2011,-0.454409709244691,-1.87945431286129,-1.94243618705338
