"Year","OPR","DPR","CCWM"
2007,-0.775518631918271,1.5548525319762,0.669700067135407
2008,-0.43029521478548,0.828909133672301,0.275571676951335
2009,0.107387048022702,0.716636816914784,0.54801055522146
2010,0.639074642798088,-0.0811667748730969,0.51278330402009
