"Year","OPR","DPR","CCWM"
2007,-0.775518631918271,1.5548525319762,0.669700067135407
2008,-0.43029521478548,0.828909133672301,0.275571676951335
2009,0.107387048022702,0.716636816914784,0.54801055522146
2010,0.639074642798088,-0.0811667748730969,0.51278330402009
2011,0.00752674748886542,-1.22735544836617,-0.966653378422205
2012,0.441597923091381,-0.442614533186313,0.109614287581206
2013,0.155417482106093,-0.967221033309889,-0.660256223764411
2014,-0.0824557753864696,-0.757871243485901,-0.621808767549137
2015,0.0290189912733499,0.103052649470044,0.158267342402689
