"Year","OPR","DPR","CCWM"
2007,-1.18428553314658,0.525939610011216,-0.373126584996775
2008,-1.0817673726846,-0.949885100275997,-1.83995868216804
2009,0.874985323242579,0.847104658756763,1.19387415417546
2010,-1.04338768595935,0.267287131535504,-0.727186503794472
2011,-1.31584084747693,0.564172131790928,-0.857511753123917
2012,-0.36063667945318,0.831111721056136,0.334827250605215
2013,-0.766171207686698,1.79707471985316,0.673415386501991
2014,-0.393116523561291,-1.47769894730805,-1.43044807729863
2015,-0.18684256944079,-1.0442102272759,-1.45586175789334
