"Year","OPR","DPR","CCWM"
2007,-1.18428553314658,0.525939610011216,-0.373126584996775
2008,-1.0817673726846,-0.949885100275997,-1.83995868216804
2009,0.874985323242579,0.847104658756763,1.19387415417546
2010,-1.04338768595935,0.267287131535504,-0.727186503794472
