"Year","OPR","DPR","CCWM"
2007,-0.765423366325358,-0.259058424961415,-0.693464494857687
2008,-0.10135971527906,2.19753290319842,1.73651630536803
2009,-1.23191478111481,0.885220231125616,-0.319242539709904
2010,-0.113147714676794,0.873572254071662,0.610568790681807
