"Year","OPR","DPR","CCWM"
2007,-0.457248125871367,-1.74489769946853,-1.61501803173542
2008,0.128441333869722,0.925145867159307,0.896666144873576
2009,-0.544722657989728,0.287967267185651,-0.20895609749197
2010,0.189957470387434,-0.206901002957441,0.00322156443781946
2011,1.75583675390724,-0.349819848957769,1.46410215780737
2012,1.47969372035819,-0.441651302855024,1.30828823342148
2013,-0.142699171073007,0.630346815984371,0.382297581230776
2014,0.068709021756714,0.422317926991802,0.367858453632006
2015,2.37908805010661,-1.59425942415136,1.45132376671885
