"Year","OPR","DPR","CCWM"
2007,-0.727503287889236,0.949795196937394,0.244035658944837
2008,-0.382201511225327,-0.312377969870507,-0.630687806336338
2009,-0.455082977296504,0.336732131918595,-0.111560888997519
2010,-0.59836526170791,1.8910329079166,1.00147513611516
2011,-0.556503528412927,0.105981316593795,-0.467922625949142
2012,0.654909371825088,-1.09206724622653,-0.23106665215132
2013,-0.181204379390229,-0.388203484409946,-0.54731691393857
2014,0.932447082638766,-0.13526217293501,0.77789034057399
2015,-1.18603903152669,-0.110468168732866,-1.76227903465571
