"Team","OPR","DPR","CCWM"
2002,15.4633945417873,21.4620924611036,-5.99869791931632
2003,12.0249609351984,30.0485711849618,-18.0236102497633
