"Year","OPR","DPR","CCWM"
2007,0.609335703045124,-0.760881601505428,-0.178240128303769
2008,0.290244485614784,-2.08123620920572,-1.45662118882773
2009,1.43529608306857,-2.56929586820298,-0.635865438684044
2010,2.66032153732952,-3.4894043196307,-0.437955323778232
2011,2.36701039476462,-1.06101988681158,1.50590995992489
2012,2.31920659081993,-0.809089595166723,1.94496056193876
2013,2.00330951145819,-0.110034137531495,2.22626658382311
2014,2.65499799075642,-0.726454611258084,1.96973193256967
