"Year","OPR","DPR","CCWM"
2007,0.609335703045124,-0.760881601505428,-0.178240128303769
2008,0.290244485614784,-2.08123620920572,-1.45662118882773
