"Year","OPR","DPR","CCWM"
2002,0.393481377486662,1.45521648678154,-0.91831817054211
2003,-0.99724665316911,0.303167649267954,-0.727645293759431
