"Year","OPR","DPR","CCWM"
2008,1.09954915661103,-1.84927161459813,-0.479711672264507
2009,2.47556849789194,0.176239820802559,1.92272256717623
2010,1.29837724501503,-0.113505325373331,1.08375224727015
