"Year","OPR","DPR","CCWM"
2007,2.22518368570745,1.1966224667895,2.35089314504482
2008,-0.424167714914572,0.0464272931930372,-0.371754082226634
2009,-0.947062242342246,-1.79867299770379,-1.87005897241696
2010,1.92462338893949,-0.532613421906631,1.30905448406086
2011,1.50511461206597,-0.432100002996828,1.15008863940772
