"Year","OPR","DPR","CCWM"
2007,2.57728443255226,1.24129530487987,2.61363835634831
2008,-0.274813896003807,-0.199777841710575,-0.432752575619387
2009,0.579692885120911,0.342727197652415,0.647782033841895
2010,-1.51338264372332,1.14540474400463,-0.436231763965637
2011,-0.954435766465882,-0.0929234568328643,-1.02052667022411
