"Year","OPR","DPR","CCWM"
2007,0.441858461497773,-1.08721178570482,-0.533590127202477
2008,0.605853337017963,0.976781048985406,1.40181819787757
2009,-0.185412637662639,-0.862819339979957,-0.700765363287636
2010,-0.722980425879096,0.188634037907484,-0.501082509736192
2011,-0.741975795165032,-0.366676953726654,-1.0270427812155
