"Year","OPR","DPR","CCWM"
2007,-0.473382681882962,-0.229444569379814,-0.481154672613607
2008,0.274210088627777,-0.1627355402648,0.129523419529757
2009,1.25574625200492,0.275662103796982,1.097371216298
