"Year","OPR","DPR","CCWM"
2007,-0.416338069018769,0.439838927487861,0.0613411286271933
2008,1.16407686191768,0.727110292505396,1.73363482235036
2009,-0.295789673428708,2.67687084158278,1.53823022917985
2010,-0.153927856316344,0.0157206703187097,-0.126634992212623
2011,0.460943968233794,0.208011936985635,0.622338178355782
