"Year","OPR","DPR","CCWM"
2007,-1.156749141009,1.23200931227175,0.17795483391027
2008,-0.772815164750249,-0.478108456930099,-1.14708812391554
2009,-1.85850328028336,-0.241967119359275,-1.51531966422533
2010,-1.1723244465045,1.04293757805001,-0.210855978114868
