"Year","OPR","DPR","CCWM"
2007,0.783284063772288,-3.05433824719565,-1.79694942572291
2008,0.00509676046959362,-0.449514668187514,-0.370345227560978
2009,-0.793842194837449,0.855652551449105,-0.0188135428261699
2010,-0.426582233712085,0.849930210799393,0.307280136061715
