"Year","OPR","DPR","CCWM"
2007,-1.37410281551117,-0.0810905080340752,-0.9549705989327
2008,-0.158939884990087,0.233148037204537,0.0408202623459629
2009,0.171264788528553,0.352268387255166,0.355870872318869
2010,-1.18664601028711,1.07103503835856,-0.200896507748238
2011,-0.914043267190967,-0.353114343577025,-1.18696500759811
