"Year","OPR","DPR","CCWM"
2014,-0.556149404103216,0.0197718118661318,-0.507716788735128
