"Year","OPR","DPR","CCWM"
2008,-1.71057688681373,2.06114820834174,0.0652380755419944
2009,-0.412401362418433,-0.295264790473343,-0.494552389026791
2010,-0.878982860195763,0.497717888853616,-0.390128125145274
