"Year","OPR","DPR","CCWM"
2007,1.00904463289294,0.199671652047065,0.807074944980075
2008,-0.67307756837662,0.493876672304627,-0.239097936728452
2009,-0.764760718727049,-1.30650105039963,-1.41445159615069
2010,-1.5447767201823,1.56308383931866,-0.123729876448991
2011,-0.754994814329199,2.04516461927549,0.874257869347876
