"Year","OPR","DPR","CCWM"
2007,1.37271780886058,-0.149643319197948,0.779836740642764
2008,1.6216518308723,-2.50769558114295,-0.524101354193331
2009,1.67882140527805,-0.647137160293746,0.801513281355451
2010,2.18544221896915,0.608810161502457,2.47710276232683
2011,2.53656252028492,0.795547692534869,3.14761014170677
