"Team","OPR","DPR","CCWM"
2002,9.97147299755894,14.3543462000081,-4.38287320244913
2003,18.3542759544731,38.1242680641068,-19.7699921096337
