"Year","OPR","DPR","CCWM"
2007,-1.14729825110371,0.322442612759378,-0.502735302596415
2008,-0.819130098368258,-0.33429510318968,-1.07184943124171
2009,-0.895609027450769,-1.16305819708012,-1.41597569309978
2010,-0.633773123021185,-1.17054828533223,-1.52974074558339
2011,-1.30389361298023,-0.780199748378254,-1.9126529843232
