"Year","OPR","DPR","CCWM"
2016,-0.713778719012914,-0.398903709507,-1.3459604929715
2017,0.544008193063628,-0.154611840542457,0.537228115942269
