"Year","OPR","DPR","CCWM"
2016,-0.713778719012914,-0.398903709507,-1.3459604929715
2017,0.544008193063628,-0.154611840542457,0.537228115942269
2018,0.922233329073721,0.28556972583525,0.811836084163011
2019,0.828967601512105,-1.72914104884839,-0.481101410558827
