"Year","OPR","DPR","CCWM"
2016,-0.713778719012914,-0.398903709507,-1.3459604929715
