"Year","OPR","DPR","CCWM"
2007,-1.58794016802038,1.79676240696396,0.323961266509515
2008,0.00278290433894499,0.270791354135502,0.228763850601205
2009,-0.603850872404687,0.721035346758765,0.0316700362467841
2010,-0.838969521672132,0.864391537050535,-0.0545621356167569
2011,0.0281401264031912,-0.441799343981291,-0.322730229646937
2012,0.0358674180224405,0.535665872190534,0.525383683038518
2013,-0.962967532700739,-0.42656997578533,-1.48672991433111
2014,-0.700476449628914,1.25199444293932,0.242024179609509
2015,0.191684094911406,0.896699505923432,1.29327249553568
