"Year","OPR","DPR","CCWM"
2007,-1.58794016802038,1.79676240696396,0.323961266509515
2008,0.00278290433894499,0.270791354135502,0.228763850601205
2009,-0.603850872404687,0.721035346758765,0.0316700362467841
2010,-0.838969521672132,0.864391537050535,-0.0545621356167569
2011,0.0281401264031912,-0.441799343981291,-0.322730229646937
