"Year","OPR","DPR","CCWM"
2007,2.45961785033355,0.864989741958173,2.2529482673378
2008,-1.24561824503355,-0.977169287985724,-2.02131351854973
2009,0.755601122959172,-0.564436221371852,0.181731808907794
2010,-1.04628808606481,1.06997794086196,-0.0745869543838653
