"Year","OPR","DPR","CCWM"
2007,-0.227052496707942,0.0173361513207075,-0.134587376329044
2008,-1.61951156718507,0.260696267273512,-1.34973767828483
2009,1.10997734625518,-0.315178600462985,0.603775587966066
2010,-0.430891425208133,0.359370606092937,-0.0970625308748475
