"Year","OPR","DPR","CCWM"
2016,-0.0650338890779485,0.636607812322601,0.554826536791673
2017,-0.211720669812318,0.425045359165527,0.134365466785693
