"Year","OPR","DPR","CCWM"
2007,-0.981365584070663,1.07747661783709,0.175335329427083
2008,-0.626940997041296,0.512578806534478,-0.178832976378212
2009,-1.35911172594444,-0.0468983028381846,-1.02292092693186
2010,0.599438117882154,0.97257513062701,1.33702797232545
