"Year","OPR","DPR","CCWM"
2007,-0.950835766052702,1.51390935516803,0.524753931428925
2008,0.0033514220453187,0.0591187674601213,0.0525989240641942
2009,-1.51390112149985,-2.0902661624715,-2.47494888864889
2010,-0.6169275629851,0.734850782816265,0.0408781440463861
