"Year","OPR","DPR","CCWM"
2007,1.36559018944457,-1.68108865702486,-0.381232812333402
2008,0.794571845601264,-0.880137892663064,0.0342106747330507
