"Team","OPR","DPR","CCWM"
2002,19.4087090874145,6.26062061776829,13.1480884696462
2003,22.1144269896021,6.71744621043186,15.3969807791703
