"Year","OPR","DPR","CCWM"
2007,1.36559018944457,-1.68108865702486,-0.381232812333402
2008,0.794571845601264,-0.880137892663064,0.0342106747330507
2009,0.870371866304605,-1.21679340048986,-0.161974841612473
2010,0.604404945276288,-0.733546688997635,-0.0511598475655723
2011,2.5484823747022,-0.758661640004678,1.9258992865912
2012,3.63311975167424,-1.18541470624123,3.12098855792406
2013,2.79847314615326,-0.520750062204247,2.79101742074206
2014,3.67471743432539,-0.101397276121329,3.37570992720849
2015,-0.76279458693809,0.932591236642225,0.0182546217909765
