"Year","OPR","DPR","CCWM"
2002,1.37308910624797,-1.81217465952808,2.47235999734932
2003,-0.0699067012992919,-1.5722850576524,0.935540736308618
