"Year","OPR","DPR","CCWM"
2007,1.36559018944457,-1.68108865702486,-0.381232812333402
2008,0.794571845601264,-0.880137892663064,0.0342106747330507
2009,0.870371866304605,-1.21679340048986,-0.161974841612473
