"Year","OPR","DPR","CCWM"
2007,1.00730369387299,0.763917980781332,1.23201948281676
2008,0.42663234344779,0.511231071511095,0.839701212121288
2009,0.890800497934334,0.647213636110169,1.07443023405999
2010,-0.19175863982166,1.96407996402335,1.42951189623092
2011,-0.358469618706184,-0.000725995826284167,-0.356168859140615
