"Year","OPR","DPR","CCWM"
2007,0.112042402820934,-0.894603310087499,-0.602663839026223
2008,-0.834672833358254,-0.689680537988774,-1.38358586211622
2009,-1.24561871307303,1.02803904101285,-0.23565701556894
2010,-0.52304256244569,-0.7484642343899,-1.08486994750617
2011,-0.115645184810892,0.629405000843387,0.38482513162313
