"Year","OPR","DPR","CCWM"
2007,0.565913649314041,-1.10865128361802,-0.469092287336588
2008,-0.0203517475505173,0.113859320725609,0.0753589721103732
2009,0.443474996888126,-0.320828282813067,0.113508608710942
2010,0.482967385923271,0.458310092987805,0.811709942024224
2011,0.469840895727043,-0.597232057156461,-0.00793726432891501
2012,1.56134121868402,-1.26867036244544,0.655248082766923
2013,0.820644594912557,-0.224261457754146,0.756288140313932
2014,0.976146346418936,-0.91283649774249,0.26031817014309
