"Year","OPR","DPR","CCWM"
2007,0.565913649314041,-1.10865128361802,-0.469092287336588
2008,-0.0203517475505173,0.113859320725609,0.0753589721103732
