"Year","OPR","DPR","CCWM"
2020,0.234481567302272,0.273303586353027,0.402359796810298
