"Year","OPR","DPR","CCWM"
2007,-0.224487506171281,2.51439605523251,1.75267489260251
2008,-1.68968074206,1.24733443405032,-0.593951941094204
2009,-0.240322138968718,0.895064868726005,0.411098106434492
2010,0.324099265555343,0.849388790454672,0.986999319346197
2011,2.14329961872796,-0.136056992435565,2.01811332224323
