"Year","OPR","DPR","CCWM"
2007,-0.342990926661294,0.106018989048714,-0.143028785080663
2008,-0.535400150551302,0.170422976650527,-0.375888038691099
2009,0.0139077120906136,-0.761026547702038,-0.488550880513375
2010,-0.394101263870743,1.15010590442691,0.581739828581518
2011,-1.06696416478096,-0.559677046521891,-1.50260199176042
2012,-0.0306959186605382,-0.695937608016975,-0.664229276054141
2013,-0.141675044426139,0.4720908073536,0.245980902538071
2014,-1.1220713259962,0.946597472023923,-0.373009237174081
2015,0.753971001943257,-0.316281327272561,0.676781188048078
