"Year","OPR","DPR","CCWM"
2007,-0.137861379879705,-0.110106933040955,-0.172811677218738
2008,0.845077632769602,-0.239066194668747,0.618290276226288
2009,0.763059704369269,0.752471805276967,1.050152123568
2010,0.104901642996233,0.539569501503793,0.535491511500012
2011,0.903090357919229,-0.424571166278865,0.558871480347716
