"Year","OPR","DPR","CCWM"
2007,-0.137861379879705,-0.110106933040955,-0.172811677218738
2008,0.845077632769602,-0.239066194668747,0.618290276226288
2009,0.763059704369269,0.752471805276967,1.050152123568
2010,0.104901642996233,0.539569501503793,0.535491511500012
2011,0.903090357919229,-0.424571166278865,0.558871480347716
2012,0.772764634408613,-0.566838199982008,0.379488310688605
2013,0.299221056600404,-1.50082655770508,-0.957218321208072
2014,1.83608961766692,-0.117043416725286,1.63900423166891
