"Year","OPR","DPR","CCWM"
2007,-0.808971400655322,-1.16435808226717,-1.40540377347028
2008,-0.807664084554571,0.933040903658821,-0.00271533117897142
2009,-0.990619727734565,-0.00337406947592325,-0.725390201934616
2010,-0.195212338621884,-0.23319424794774,-0.367227585055343
2011,0.534141833494102,0.338713499681966,0.79868297138295
