"Year","OPR","DPR","CCWM"
2007,-0.778171421917546,0.624299208741411,-0.0347100219777569
2008,-0.980581104948467,0.297281603376409,-0.7008307477579
2009,-0.559681482625918,0.445873599989461,-0.116399761907346
2010,-1.03889157306901,0.158613094650233,-0.811822157961066
2011,-1.01432678853163,-0.647663971261633,-1.52021997296388
