"Team","OPR","DPR","CCWM"
2002,11.1798891678455,16.7759825819361,-5.59609341409065
2003,11.8393618229777,32.827569996861,-20.9882081738833
