"Year","OPR","DPR","CCWM"
2002,-0.670097944764029,0.44798810208149,-0.847021490335224
2003,-1.01430538262672,0.526555113438435,-0.8751794246758
