"Year","OPR","DPR","CCWM"
2007,0.558270025368255,-1.38039825889532,-0.679266923876909
2008,0.89453229478552,-0.781683844628848,0.213147942098641
2009,1.18967422342144,1.74784076414688,2.01386169641129
2010,0.0847102851232329,-0.270719671525718,-0.144232973747293
2011,-0.120075177204587,0.265205746073796,0.0913753291904713
