"Year","OPR","DPR","CCWM"
2007,0.993378620110969,0.356044949407826,0.914967021750153
2008,-0.87068070870624,-0.158805992570336,-0.975233333226006
2009,0.203675292326162,2.5502434304968,1.81987367267523
2010,-0.477860201542695,1.3585980346914,0.676039136368683
2011,-1.06097837032418,-1.02095497226928,-1.86276838744261
2012,-0.629044341913668,0.882145107998982,0.0712368568350971
