"Year","OPR","DPR","CCWM"
2007,-0.424280419021579,0.831107816048005,0.351632475370529
2008,-0.506558754365979,1.80304581101559,1.0150223386741
2009,0.636073403388669,-0.911116561501751,-0.132707734839943
2010,-0.525638726730695,-0.780462145945491,-1.1133417588425
2011,0.384454725548501,-0.721755837488313,-0.191469399528981
