"Year","OPR","DPR","CCWM"
2007,-0.284605647953668,2.27351961828095,1.5316811778024
2008,0.0417604249277055,-0.742214810300675,-0.579222855624652
2009,-0.548141920689158,0.21852346736308,-0.256959064673011
2010,-1.41473642960578,1.42392155279135,-0.119502412502007
2011,-0.50739758514838,0.773388475279386,0.110492706066802
