"Year","OPR","DPR","CCWM"
2007,-0.523511440139464,1.09176269669761,0.483918315017349
2008,-0.176405438747884,-0.130320739782215,-0.279525481838965
2009,1.31142311975945,-0.229716072808926,0.806840396646089
2010,-0.951732634127071,0.681950570613843,-0.305656589117005
2011,-0.0984762455300239,0.455319036045481,0.263688829669571
