"Year","OPR","DPR","CCWM"
2007,-0.593560404599286,0.964560844287776,0.342304037746986
2008,-0.501512543046213,1.36312744239679,0.652639672728642
2009,-0.122400637168991,-0.785594994247604,-0.604159463444329
2010,-1.07365898682018,0.57810583473231,-0.500896252578842
2011,0.698857663300919,-1.16959002870936,-0.235023971695915
2012,-0.449645279785014,1.34905375489253,0.700108842233704
2013,-0.888107902953151,2.65240113411714,1.27525473564495
2014,0.046905086349575,0.772416918731492,0.5988952099521
2015,-0.332266678340182,-0.0104907295358935,-0.470225581538494
