"Year","OPR","DPR","CCWM"
2007,-0.593560404599286,0.964560844287776,0.342304037746986
2008,-0.501512543046213,1.36312744239679,0.652639672728642
2009,-0.122400637168991,-0.785594994247604,-0.604159463444329
2010,-1.07365898682018,0.57810583473231,-0.500896252578842
2011,0.698857663300919,-1.16959002870936,-0.235023971695915
