"Year","OPR","DPR","CCWM"
2007,-0.961283862251763,-0.589411569360863,-1.07031322843594
2008,-0.0461387458683797,-0.357578506032415,-0.343178460090585
2009,-0.462383405491655,0.174893397508787,-0.222943999672763
2010,-0.895262286514047,0.275145894522946,-0.586561249053968
2011,-0.183583175727805,-0.446361380798647,-0.536375076337821
