"Year","OPR","DPR","CCWM"
2007,-0.410420790270838,-0.362350311788266,-0.540563848073138
2008,-0.367024278541702,1.7004374990445,1.06440258282768
2009,-0.376341133334324,1.03955230524879,0.406483789045965
2010,0.277192986048794,0.997399012052988,1.06531857890089
2011,-0.0703881077479886,1.24796676929968,0.920655186471788
