"Year","OPR","DPR","CCWM"
2007,-0.272310482993856,1.83555412181303,1.20895916120122
2008,0.476934178908607,-1.36521347363222,-0.678168397726213
2009,0.466631272762236,-0.340146230565152,0.117754183481508
2010,-0.675391875694719,1.20601431350653,0.372511564771309
2011,-0.324461898240135,-2.20194008668902,-2.069479767638
