"Year","OPR","DPR","CCWM"
2002,0.414772176935001,1.05352362288769,-0.572177991903343
2003,0.135121678501563,-0.185552741648039,0.188035723217943
