"Team","OPR","DPR","CCWM"
2002,15.5491420285469,19.5932244600845,-4.04408243153759
2003,24.3451373930729,23.9687609738124,0.376376419260563
