"Year","OPR","DPR","CCWM"
2007,1.13122146312529,-0.925518944415404,0.0368803170803725
2008,-0.82517231642268,-0.157636034080583,-0.930213091680134
2009,-0.403640159142202,-0.954557555603584,-0.920193785928212
2010,-0.249990084817289,-0.46026538769807,-0.602215029729315
2011,-0.339947249024056,-0.153942197502933,-0.459398811143125
