"Year","OPR","DPR","CCWM"
2007,-1.18788222213958,1.86991885477415,0.639407263274244
2009,-2.32547980773672,-1.4643940535519,-2.65728663625127
2010,-0.445636228288565,1.58828120143325,0.892723718067935
2011,-1.15670387135605,-0.235121994459481,-1.33403067254958
