"Team","OPR","DPR","CCWM"
2002,10.6831785937562,8.50849704288594,2.17468155087028
2003,30.3653223448478,18.4830861686553,11.8822361761924
