"Year","OPR","DPR","CCWM"
2007,2.03768219998871,1.0758094032777,2.13771032495721
2008,0.99821404132907,-0.824058817417532,0.27811542251939
2009,0.673290070212263,-1.16541310344909,-0.272180152398027
2010,0.322240821436108,0.806966350926209,0.950686500473735
2011,0.669324770995184,0.257902351168498,0.868643291707998
2012,-1.16418625336888,1.33474799399583,-0.137287946941499
2013,-0.161378859917946,-0.00561740879500635,-0.191921792651074
2014,1.28887302439763,1.25676431014026,2.11236195893362
