"Year","OPR","DPR","CCWM"
2007,0.0231637882765117,0.132311704290281,0.114978035773615
