"Year","OPR","DPR","CCWM"
2007,-0.727820007409679,-0.679972214366415,-0.986849501365167
2008,-0.325265203617454,-0.754517555151351,-0.944705077700173
2009,0.92139664956296,-0.835670053601103,0.125026354884964
2010,1.88604593842816,-1.35678010165112,0.601343075884693
2011,1.42508761292527,0.152860154893731,1.53497139427036
