"Year","OPR","DPR","CCWM"
2007,-0.539970810302369,0.040246964146567,-0.320813597750895
2008,-0.0929082247717614,2.11940327300992,1.67946911972218
2009,-0.492392560142938,0.177194426544491,-0.243343619211324
2010,-0.325538694905215,1.00994317511928,0.529448247684721
2011,0.137955780970136,-0.0912653094079927,0.0644137174566121
2012,-0.619451037374357,0.063579776480975,-0.657304479402836
2013,-1.28412544881623,0.713799179730333,-0.868126888363202
2014,-1.36368602417252,-0.068178897303882,-1.32873274912244
2015,-0.188749695968589,-1.53277231520039,-2.01910688306303
