"Year","OPR","DPR","CCWM"
2007,-0.539970810302369,0.040246964146567,-0.320813597750895
2008,-0.0929082247717614,2.11940327300992,1.67946911972218
2009,-0.492392560142938,0.177194426544491,-0.243343619211324
2010,-0.325538694905215,1.00994317511928,0.529448247684721
2011,0.137955780970136,-0.0912653094079927,0.0644137174566121
