"Year","OPR","DPR","CCWM"
2007,0.468391152422168,0.758028360924966,0.877055281426593
2008,-0.639385484190774,-0.413020149115694,-0.963614415965267
2009,0.256078694328486,1.13423296141306,0.930211977064239
2010,-0.858896989964669,-0.349789268593977,-1.06373971915996
2011,-0.126440553594828,0.865159938669154,0.561228892748676
2012,0.654391674782584,0.0935731033379876,0.839615310851177
