"Year","OPR","DPR","CCWM"
2008,-1.73376926508903,0.3107939136224,-1.41849339111619
2009,0.177377198899738,-0.627194520957111,-0.281513051482915
2010,-1.15199737435232,-0.441226566735916,-1.40394496819291
2011,-0.797558043569985,1.29675456195902,0.238042872748526
