"Year","OPR","DPR","CCWM"
2020,3.00354040188365,-0.319049811036547,2.7030334149794
