"Team","OPR","DPR","CCWM"
2002,11.5704951052928,9.35920117490697,2.21129393038581
2003,22.6044670969413,11.8068900694997,10.7975770274416
