"Year","OPR","DPR","CCWM"
2007,1.32824992193806,0.270685865850807,1.06831550545579
2008,1.8267746771574,0.796842861586336,2.43321705886937
2009,2.66563424891246,-1.56086596952975,0.923142995252043
2010,2.73080850928364,-1.65728948942001,1.12144470845006
2011,0.973161378144537,-1.36338770553777,-0.116733847234383
