"Year","OPR","DPR","CCWM"
2007,-0.894108744853123,-0.535984274550642,-0.986277204488842
2008,-0.923970617309293,-0.764158751743754,-1.53218743253097
2009,-1.3997839452247,-0.420182904485466,-1.2972277094724
2010,0.104719203196607,0.518409504980789,0.518053543220398
2011,-0.320907759103887,-0.29911262836571,-0.555730076598829
