"Year","OPR","DPR","CCWM"
2007,1.21265899649473,1.36762823824742,1.82146274628604
2008,-1.54092729313547,1.2055426238157,-0.484876739579659
2009,-0.286194928358254,1.08442859109221,0.501700571906686
2010,-0.148349477799894,1.04854516854684,0.721502366426654
2011,-1.28321586387579,0.236122852702707,-1.08551268670748
2012,-0.849409480239043,0.648676019799144,-0.393980583161489
2013,0.094625152460039,-0.90141728040982,-0.67354082026885
