"Year","OPR","DPR","CCWM"
2007,-0.0411577802648673,-0.363999281755345,-0.301634828449477
2008,-0.479089068816117,1.58261681349503,0.85758234359528
2009,0.518375506683836,-0.914562503330545,-0.220888518835556
2010,-0.146769505850266,0.528172534279008,0.298159583645033
2011,0.476599258482056,-0.188887786817849,0.322858958781095
