"Year","OPR","DPR","CCWM"
2007,1.88888893408787,0.580016006768081,1.6665466471753
2008,0.319548407637699,0.0125658717103001,0.319752940737735
2009,-1.24329267462875,-0.985081360874541,-1.55316518061037
2010,0.0174344169359843,1.42391709917232,1.178124111637
2011,1.94792052534436,-0.633489119409768,1.42950349134672
