"Year","OPR","DPR","CCWM"
2007,-0.313812069225383,0.433919974763208,0.123556023388721
2008,0.328835720174267,0.581748757409055,0.803924397751319
2009,-0.20927179714446,0.308223205924783,0.0492058937359798
2010,-0.147282178571753,1.0543607780222,0.727216618272807
2011,0.41866118787725,-0.716761410164508,-0.153573521879606
