"Year","OPR","DPR","CCWM"
2007,-0.594989672603369,0.866713936421854,0.26748771137933
2008,0.158191633348164,0.154236278349079,0.281863889202217
2009,-0.0335242541204122,-1.84626902960148,-1.23434144350973
2010,0.100498753301754,-0.754117860698867,-0.524520208086513
2011,-0.286115565997494,0.959625345574398,0.477810088680695
