"Year","OPR","DPR","CCWM"
2007,-1.44846338643682,0.732478420350453,-0.388989070798649
2008,-0.85146592864603,-0.263133978075738,-1.0437354263776
2009,-0.39451376024601,-0.358757440610101,-0.523100955976855
2010,-1.27893871457024,0.127396319510434,-1.05480074479087
2011,-1.22680385013889,0.265219588036943,-1.00646010479635
