"Year","OPR","DPR","CCWM"
2007,-0.0537311561518581,2.96068402586229,2.20074087319886
2008,-1.66439815483031,0.235632048810202,-1.41410428587562
2009,-1.34724209960869,1.27859840448214,-0.145652231886449
2010,0.221547201567288,-0.459932687096394,-0.174703218361976
2011,0.876997837013567,0.509990211324031,1.27472513995518
