"Team","OPR","DPR","CCWM"
2002,4.89964632516297,12.4910185989317,-7.59137227376869
2003,13.8614875462096,24.6584556775491,-10.7969681313395
