"Year","OPR","DPR","CCWM"
2002,-2.22946015937084,-0.473018332335741,-1.20036268978923
2003,-0.828448374857897,-0.130112217434839,-0.368009217746943
