"Year","OPR","DPR","CCWM"
2002,0.325549418790044,-0.283914137579062,0.466103764001295
2003,0.370323610922689,0.409307159573218,-0.052888822943614
