"Year","OPR","DPR","CCWM"
2007,0.657956741913446,-0.582844567695262,-0.012175946226845
2008,0.21495663837269,-1.3176790477354,-0.892028834124745
2009,1.70686781882571,-1.07647277428127,0.540642493735906
