"Year","OPR","DPR","CCWM"
2007,1.31099483679192,0.309811808842175,1.08663754210388
2008,-0.273618079014577,1.13944301716869,0.686455085557749
2009,-0.585072742233886,1.7061168379287,0.690906607951044
2010,-0.232166957021357,1.42017153176135,0.948913271943677
