"Year","OPR","DPR","CCWM"
2007,3.12094220268287,0.302873026390513,2.25861479806363
