"Year","OPR","DPR","CCWM"
2007,1.98332789477138,0.0164189968425769,1.30238460999755
2008,0.7113924608429,-0.903994874145033,-0.0662082407572951
2009,0.606014612185576,-1.18227777872063,-0.332344546397697
2010,1.75681043345065,-1.21542174726182,0.599637420039525
2011,0.100453932744222,-1.47401025062535,-1.07023542250395
