"Year","OPR","DPR","CCWM"
2007,0.583783433893503,1.7726365059805,1.7182647776284
2008,-1.22410168128148,-0.991275486535855,-2.01226614096496
