"Year","OPR","DPR","CCWM"
2007,-1.24641272020128,1.5959788064688,0.394478995039988
2008,0.172522381199674,-0.330677347980386,-0.109097456225776
2009,-1.11898587942823,0.428171170037599,-0.536307556151462
2010,-0.695577979492466,0.117297682300653,-0.534485362946982
2011,0.356607103995833,0.790536061499242,0.981172755798766
