"Team","OPR","DPR","CCWM"
2002,12.866640606513,16.5848318361719,-3.71819122965894
2003,23.0278243993738,19.0465824349397,3.98124196443405
