"Year","OPR","DPR","CCWM"
2007,2.54176075521291,0.0348698974172668,1.67953046473792
2008,2.52876086710987,-0.114023309983195,2.35216881842461
2009,1.53633890023667,-0.932725020653686,0.510350282174125
