"Year","OPR","DPR","CCWM"
2007,-0.997225249782591,0.802691400878102,-0.0424773980820879
