"Year","OPR","DPR","CCWM"
2007,1.44077077644171,0.761608537910031,1.51220905400582
2008,-0.102640089323784,-2.12333417324451,-1.87200454972595
2009,-0.956696055659367,-0.892842384224008,-1.28349731920281
2010,1.83736198553037,0.602488727557258,2.15656169219583
2011,1.0699223322458,-1.30759266905521,0.0235335862493174
