"Year","OPR","DPR","CCWM"
2007,1.89378920065597,2.17273011605081,2.87243311677856
2008,-2.39712844929808,-0.446725276297983,-2.69291529379732
2009,-0.406462223342884,0.695513680020158,0.159044626794129
2010,-0.816070164199259,-0.0701399801150924,-0.796661552584637
2011,-0.88395142119896,0.147129856842476,-0.760084012436645
