"Year","OPR","DPR","CCWM"
2002,-0.674944347391197,-1.41687477128767,0.685984935494564
2003,0.337662131560849,-0.851813186202207,0.710178165409085
