"Year","OPR","DPR","CCWM"
2007,0.133211924761486,-0.533008788645998,-0.31584556970566
2008,0.551602560098889,0.0472183203659942,0.573267030669574
2009,0.875803131397639,-0.157268223429314,0.536301417399333
