"Year","OPR","DPR","CCWM"
2007,0.133211924761486,-0.533008788645998,-0.31584556970566
2008,0.551602560098889,0.0472183203659942,0.573267030669574
2009,0.875803131397639,-0.157268223429314,0.536301417399333
2010,0.846564951269455,-0.152723337052029,0.642370785371838
2011,0.461691536687621,-0.121493706034355,0.361559789912879
