"Team","OPR","DPR","CCWM"
2002,11.1603705562446,8.09974542764824,3.0606251285964
2003,26.5487791338011,15.6803057970329,10.8684733367682
