"Year","OPR","DPR","CCWM"
2007,0.00317977717933972,0.914363233986937,0.692527297956146
2008,6.5577962986517e-05,0.0256778945049137,0.021500691837226
2009,0.188707954096599,-0.0277535143366258,0.11957490965385
2010,-0.468166052473067,0.391817374072779,-0.104349581275709
2011,-0.240111116773361,0.979335173242577,0.539088492311446
