"Year","OPR","DPR","CCWM"
2007,-0.466510803389063,0.298370840850384,-0.0781181497978042
2008,-0.698794833306637,0.3192180003791,-0.409801403279618
2009,-0.321897002526947,0.955639403854865,0.391240999245804
2010,2.56783192184936,-1.25946090813467,1.29852142969216
2011,-0.568956835373792,-0.159919270713549,-0.691314284969275
