"Year","OPR","DPR","CCWM"
2007,-0.379092493571542,0.181568061356215,-0.109460743918268
2008,0.356814410751682,1.00891624718394,1.18762382231682
2009,0.876705092032762,-0.315276093556285,0.433416653553698
2010,0.0371114834975377,-0.062268304578529,-0.0172037523080554
2011,2.52896834220907,-0.853192660374733,1.83151508446543
2012,0.489166064746775,-0.733801056814577,-0.0985994614071689
2013,1.44320357252126,-0.960617681611293,0.838048476757589
2014,0.648103677054894,-0.600530539067834,0.176815044951177
2015,0.68219176460472,-2.31737004205452,-1.71840999448306
