"Year","OPR","DPR","CCWM"
2007,0.0675209406459876,0.505590780378686,0.425701194461634
2008,0.556472342276494,-1.2797545142103,-0.529845000335736
2009,-0.160659028616154,-0.37728152511533,-0.364519595162649
2010,0.429006315451097,1.32286401995314,1.46854371885715
2011,1.82543891405785,-1.37598362151287,0.718706532753184
