"Year","OPR","DPR","CCWM"
2013,1.72733383499859,-1.24893682461293,0.916849145112124
2014,1.79798847776705,-0.60419134308035,1.25329826343942
2015,1.43814612822914,-1.35405854176324,0.429413429626042
2016,1.22420686362805,-1.14885985150272,0.463167262361997
