"Year","OPR","DPR","CCWM"
2013,1.72733383499859,-1.24893682461293,0.916849145112124
2014,1.79798847776705,-0.60419134308035,1.25329826343942
