"Year","OPR","DPR","CCWM"
2007,-1.50091144990818,1.30394744340506,0.00842883457609117
2008,-0.779821674751501,2.19459172865287,1.07743825009984
2009,-1.47550982273065,-0.975251479416083,-1.71624840890663
