"Year","OPR","DPR","CCWM"
2007,-0.154503757533581,-0.624487096444636,-0.572057779833086
2008,-0.0852078025325908,0.0986298575554962,-0.000123737055420829
2009,-0.809462634289765,1.5764007907443,0.442092456151383
2010,0.243034604554468,-0.905716201593713,-0.519122450075231
2011,0.421648261515991,0.569792556424016,0.870493603044913
