"Year","OPR","DPR","CCWM"
2007,0.54967407012974,1.26231031623132,1.31071914477013
2008,1.21116087721182,-1.04929955695591,0.296165072701464
2009,1.73643365304567,0.580245575694416,1.64788082906531
2010,0.628995586380787,-0.485535034313091,0.173569829427208
2011,1.3923844075752,-0.501415973318085,0.983248910315335
