"Year","OPR","DPR","CCWM"
2007,-0.573121992263877,0.0257926847457215,-0.353290420627531
2008,0.429688618915412,-1.22381389916571,-0.605845521911023
2009,-0.192893976629964,-0.136044163892362,-0.229968124163286
2010,-0.76010566632249,0.260311291296241,-0.476210802919323
