"Year","OPR","DPR","CCWM"
2007,-0.573121992263877,0.0257926847457215,-0.353290420627531
2008,0.429688618915412,-1.22381389916571,-0.605845521911023
2009,-0.192893976629964,-0.136044163892362,-0.229968124163286
2010,-0.76010566632249,0.260311291296241,-0.476210802919323
2012,0.601952152863044,-0.00190424255133718,0.69284006056798
2013,-0.794796385472678,0.785412169275085,-0.238763426650652
2014,-0.638620400418585,0.178877979292572,-0.470815713775513
2015,-0.483027792359625,0.0392753761053099,-0.62101588296576
2016,-0.587246000389457,0.573622437463799,-0.199508199148562
