"Year","OPR","DPR","CCWM"
2007,1.7488822490967,0.840153025341528,1.77192033264026
2008,-1.44104763514577,0.730183293500949,-0.785066534179461
2009,-0.401095261092457,-0.156254480830192,-0.395204591182882
2010,-0.0291392812971151,-0.697890009761746,-0.596081651808693
2011,0.294671205520408,-0.856156812443392,-0.387202862275709
2012,1.15744513983501,1.32479970294108,2.53253052557978
2013,-0.174564604139018,-1.12298713054063,-1.17805165505692
2014,-0.885425273834506,0.333112213497108,-0.59163410747508
2015,-0.0339672104976972,-0.882412302599095,-1.0593904621779
