"Year","OPR","DPR","CCWM"
2007,-0.299492202417839,0.373800292479609,0.0874719658764785
2008,-0.297908847213158,1.13684887497529,0.660780501813914
2009,1.02593590427801,0.407729263201502,1.01614761779824
2010,-0.795862435739877,6.92087840296915,4.92833751227163
2011,-0.438259305476805,1.5389543323622,0.786685576959046
