"Year","OPR","DPR","CCWM"
2007,0.613926400030199,-0.349250996849897,0.135578554063323
2008,1.1751441766713,-1.23682469901453,0.104752114257261
2009,1.44261242802862,-1.0238926188652,0.382184916530828
2010,0.125149559041393,0.490871681794412,0.514085819569504
2011,2.1128387763094,0.144784262429253,2.21079326186333
