"Year","OPR","DPR","CCWM"
2007,0.613926400030199,-0.349250996849897,0.135578554063323
2008,1.1751441766713,-1.23682469901453,0.104752114257261
