"Year","OPR","DPR","CCWM"
2007,-0.184757000034608,-0.454401311462797,-0.46329880501551
