"Year","OPR","DPR","CCWM"
2007,0.039265222900887,0.417889132977352,0.341097489208232
2008,-1.35936946795671,0.578394559909114,-0.832738574511888
