"Year","OPR","DPR","CCWM"
2007,-0.0954343506956668,1.10631889891275,0.773337834907561
2008,-0.847956297720021,1.25316393863996,0.225544588355507
2009,-0.853091863307234,0.210315416184351,-0.484959530489539
2010,-0.570033294454131,1.94828918212178,1.07388320050944
2011,-0.692766801652198,0.506324633783083,-0.285350338542634
2012,-0.190993692456382,0.148014643744985,-0.0866396027770568
2013,1.24173650596021,-0.402162665174828,1.0897684898026
2014,-0.377796450458094,1.09364643886766,0.431092637180102
