"Year","OPR","DPR","CCWM"
2009,-0.7864034208331,0.150724691460054,-0.475325217726207
2010,1.19964897028393,2.02550783335425,2.74035106952975
2011,0.0817885799903196,-0.00127140642986479,0.0801230889916373
2012,-0.374001395825737,-0.13461006127164,-0.553166589532666
2014,-0.728116913518825,0.469898510208349,-0.345745145943948
