"Year","OPR","DPR","CCWM"
2007,-0.330928798670542,-0.773084202439442,-0.799016757154087
2008,-0.561125351652844,0.136458699050978,-0.429140281442592
2009,-0.857876781307551,-0.805837675260521,-1.15434202919682
2010,-0.431990412176776,0.798747576260984,0.260600202556304
2011,-0.220130194092293,1.03064429346502,0.59963175285145
