"Year","OPR","DPR","CCWM"
2007,-0.548983736606994,1.31636701787704,0.636955233423562
2008,-1.69333989167358,0.560425897195756,-1.17095982125915
2009,-1.20121391024834,0.292294345093451,-0.685376892628559
2010,-1.13493647650177,-0.0610710149731883,-1.07817009980513
2011,-1.16236351082417,-1.41712811036542,-2.27777203647427
2012,-0.671369539713697,-0.757139001136878,-1.45876675896833
2013,0.373879212463945,-2.02720488532295,-1.32804171973843
2014,-1.21663108671334,-0.084246748755131,-1.20227115615416
