"Year","OPR","DPR","CCWM"
2007,-0.633508069169218,-0.754406812140381,-0.981715075802828
2008,-0.450360064414467,-2.14487517004286,-2.22651512465425
2009,-0.425368553122474,1.27692107905239,0.526241200500028
2010,-0.331060832489815,0.65838702718845,0.237473539541753
2011,-0.980529170166532,-0.44123804780167,-1.32285878068622
