"Year","OPR","DPR","CCWM"
2007,2.76646323795728,-0.406411413715172,1.49245749618177
2008,-0.94643228383883,-1.2020375575289,-1.91948977985667
2009,-1.88008119001242,-1.03058285546219,-2.04785531799168
2010,-1.07809085320709,-1.03442674405562,-1.82120399136363
2011,-0.898847293386166,0.305962682437683,-0.648798901467209
