"Year","OPR","DPR","CCWM"
2007,1.04362889971772,-0.26515013239823,0.478570222801791
