"Year","OPR","DPR","CCWM"
2007,-0.873815745324146,1.04819756870444,0.223177996606024
2008,-0.619727797800538,0.570485312932054,-0.123508641555675
2009,-1.36988925741704,1.28289768465742,-0.159367932519885
2010,-0.736657544068777,0.4364367729089,-0.31119618917696
2011,-0.602411918437135,0.131735366771874,-0.493022257962813
