"Year","OPR","DPR","CCWM"
2007,-1.1976036258117,-0.150374947723963,-0.892491336127666
2008,-0.313783009301288,-0.219232627977991,-0.486709147351998
2009,1.32877913198896,0.962289722751208,1.60063714768347
2010,-0.626488301064035,0.561588045580587,-0.109216865150266
2011,1.53517174773211,-1.13929380790645,0.618623434556109
