"Year","OPR","DPR","CCWM"
2007,0.115547690052969,-0.137761230440545,-0.0288730870966653
2008,-1.28853483096913,-2.18714407007108,-3.072997716991
2009,-1.60808675345869,1.59591472963719,-0.128137157502947
2010,-0.693620235789623,0.129328443753481,-0.522890957905446
2011,-0.321448153149944,-2.08732100418814,-1.97552006059859
