"Year","OPR","DPR","CCWM"
2007,-0.378385718734341,0.243502400120305,-0.0622328397046825
2008,0.635185270255357,-0.0175567217953265,0.600081724459652
2009,0.4960672104097,0.697975623080071,0.819528814346071
2010,-0.311039243847918,0.934895789985522,0.481325257899296
2011,2.79277103087563,-0.384537508266246,2.46515983697627
2012,1.36095519049205,-1.12783609238997,0.551283372341326
2013,1.29638838232222,0.0986375768466398,1.58824055028001
2014,1.65633875290585,-0.0663133009691366,1.50675918703537
