"Year","OPR","DPR","CCWM"
2007,0.0432431908738167,0.685509267563624,0.545771644911886
2008,1.02074028647094,0.31850702905502,1.25378919429221
2009,-1.57027897599505,1.21496388197759,-0.350175145642421
2010,0.152427636494627,-1.65478134265437,-1.21267108855408
2011,1.06462565195453,-0.184678363636312,0.909506947514671
