"Year","OPR","DPR","CCWM"
2015,0.0824761768107176,1.02222422514899,1.28671453888621
2016,-0.20744903850045,-0.610708543745363,-0.889270061174696
2017,0.829487743995012,-1.44983114296283,-0.323643622281437
