"Year","OPR","DPR","CCWM"
2015,0.0824761768107176,1.02222422514899,1.28671453888621
