"Year","OPR","DPR","CCWM"
2007,0.712218661078486,0.0812834101441457,0.524616884692076
2008,0.232785116590458,-0.0335048351669171,0.197320324540468
2009,0.83876064934496,0.269981798208061,0.789238134599235
2010,-1.56581769948749,1.08743822508285,-0.53105839446609
2011,-0.997548869301723,1.25495286077673,0.00648019976917761
