"Year","OPR","DPR","CCWM"
2008,-0.384308622135951,0.362408386693769,-0.0693807922168705
2009,0.150302086624289,0.275772035586788,0.29043915385098
2010,-0.723317624720906,1.98314516080921,0.963451217389529
2011,-0.877613664622335,0.428941814729051,-0.53013038625141
