"Year","OPR","DPR","CCWM"
2007,0.576733255598471,-1.19290067763837,-0.5256739308255
2008,3.07269990347466,-1.30897018541725,1.88099572436577
2009,1.7500252013444,0.323915070145472,1.48982857194553
2010,1.70324262807444,-0.431392650727605,1.19109600442845
2011,0.718564747841757,-1.0116928172859,-0.0901561886880223
