"Year","OPR","DPR","CCWM"
2010,0.575539513349099,-0.170816642380635,0.38203659943397
2011,1.03611695076741,-0.647250571631887,0.514095660300416
