"Year","OPR","DPR","CCWM"
2007,-0.526540676761876,2.50093660465524,1.54605140465602
2008,-0.629454541881428,0.186342865721881,-0.453624125855247
2009,-0.348421651240121,-1.74959869667339,-1.4008765751858
2010,0.0488581970607047,0.443250336042903,0.406088635381379
2011,-0.635034014135812,-0.451741340061583,-0.988472645731904
2012,-0.442112543093671,1.17017911735726,0.547179198405022
2013,-0.64100037014259,1.32436551308858,0.407768503381082
2014,-0.41215984051189,0.486368860278724,-0.0374025195653886
