"Year","OPR","DPR","CCWM"
2007,-0.600256997699945,0.035566170141935,-0.363559225651222
2008,-1.11648475473943,2.00379340455455,0.592323946851165
2009,0.388842098520999,-0.56425671712119,-0.0858945560134096
2010,-0.463522386012007,1.02916313236425,0.420116025893614
2011,-0.238837244877041,0.856809764466614,0.443106948114948
