"Year","OPR","DPR","CCWM"
2007,-0.600256997699945,0.035566170141935,-0.363559225651222
2008,-1.11648475473943,2.00379340455455,0.592323946851165
2009,0.388842098520999,-0.56425671712119,-0.0858945560134096
2010,-0.463522386012007,1.02916313236425,0.420116025893614
2011,-0.238837244877041,0.856809764466614,0.443106948114948
2012,-0.756611858094045,1.14411726904588,0.160747086345051
2013,-0.0215477416404133,0.450982719517185,0.366870456016804
2014,-0.58095771822587,2.1208238149267,0.97832318838033
2015,-1.17659175415006,1.55101179761842,0.157263629001987
