"Team","OPR","DPR","CCWM"
2002,4.83259934365596,7.85590273072227,-3.02330338706631
2003,31.5057210337489,27.1153829755524,4.39033805819654
