"Year","OPR","DPR","CCWM"
2002,-2.24610768912158,-1.46928610863969,-0.391409629525567
2003,0.793263075964913,0.0673858010609298,0.387791763358816
