"Year","OPR","DPR","CCWM"
2007,0.0790862970350833,-0.0351598103933916,0.0248888391975862
2008,1.32864163841668,-1.16246789464671,0.315385448479922
