"Year","OPR","DPR","CCWM"
2007,0.0790862970350833,-0.0351598103933916,0.0248888391975862
2008,1.32864163841668,-1.16246789464671,0.315385448479922
2009,1.50748998393633,0.297708382253019,1.29559795942436
2010,1.81523401711411,-1.83463651198666,0.147114539040358
2011,1.47560893480018,-0.165680994494863,1.33226952094544
