"Year","OPR","DPR","CCWM"
2007,-0.00290747290697786,0.979202102916035,0.737529551679908
2008,0.0255247483035079,0.938150610293433,0.807919419518684
2009,0.483075161025424,1.05573945379015,1.04448840493184
2010,0.349209857003199,0.370067169963277,0.618486128539121
2011,0.388686760998047,-0.56673793824081,-0.064237702079837
