"Year","OPR","DPR","CCWM"
2007,-0.030882088561778,-0.874577138301904,-0.68050179569139
2008,-0.149350415896249,-1.54686871512042,-1.4359483307138
2009,-0.0118755043148449,-0.319709332434908,-0.218176304315104
2010,0.779486328644472,-0.0202322183121171,0.689744658606846
2011,1.50023836630828,0.41530666957897,1.8178159033758
