"Year","OPR","DPR","CCWM"
2007,-0.833777830722051,-1.8657897664899,-1.9512072977644
2008,1.27330515071641,-1.61577685102495,-0.11661537812573
2009,-0.1960566064145,0.296053338854736,0.0508783750478126
2010,2.64148979984655,-0.118153096399715,2.29689648688497
2011,2.39747518980565,-1.25427103272419,1.38275190554058
2012,1.76788099054968,-1.54488490597711,0.643991113913203
2013,1.45560790271394,-0.747417582274513,1.03766816796571
2014,0.584388265586444,0.439374145642577,0.864051847115319
