"Year","OPR","DPR","CCWM"
2007,-1.86574484944506,0.946995276216894,-0.498408013539701
2008,-0.0201666711271914,1.31954402902223,1.08210559286572
2009,0.858901260090365,0.25430754431407,0.793669920221283
2010,-0.216929932890402,0.927420351390016,0.560491655662332
2011,-0.520618893025656,-1.06323729063522,-1.36030402707469
