"Year","OPR","DPR","CCWM"
2007,-0.614582872991258,-0.231220081008418,-0.574334128686508
2008,1.39994800871069,1.03062077058275,2.21529952730176
