"Year","OPR","DPR","CCWM"
2007,-1.22601745327471,2.41640422309516,1.02726865113792
2008,-1.19648864453401,0.582762582142494,-0.671454153269868
2009,0.568368523932404,-0.687427628254984,-0.0355498303092584
2010,-0.658685323533308,0.503417665363857,-0.185873069028068
2011,-0.29942980665614,0.73485779603845,0.286210615109905
