"Year","OPR","DPR","CCWM"
2007,-0.444885158606352,-0.396017231752024,-0.588402744580674
2008,0.122690134349781,-0.686791949177689,-0.454628382444809
2009,-0.755141399039629,1.31814772872666,0.31251411139369
2010,-0.673760262813003,0.580154849194321,-0.13689214140072
2011,-0.723174172601044,1.89896611783861,0.789789225675155
2012,-0.0699359360973777,0.0234397828223434,-0.0595164669716375
2013,-0.376524994640381,0.0814650084422287,-0.365616866247973
2014,-1.60155478861454,1.42818743582896,-0.47702481194574
