"Team","OPR","DPR","CCWM"
2002,14.1708833724172,18.6213254985128,-4.45044212609561
2003,21.0927853020591,23.3547930419748,-2.26200773991573
