"Year","OPR","DPR","CCWM"
2007,-0.160081047570631,-0.255898179703245,-0.297354390879985
2008,-0.9258993754696,0.526726955086182,-0.456356434766311
2009,-1.12773310255416,-0.555397673351293,-1.18723005032595
