"Year","OPR","DPR","CCWM"
2007,1.80637859326001,1.11588713717521,2.01753071504284
2008,-0.419641873595398,0.549742478295632,0.0528194344069847
2009,-0.199732100528705,0.154343050012528,-0.0446681810962043
