"Year","OPR","DPR","CCWM"
2007,0.818538481184381,-0.57660527453158,0.0969802753072431
2008,0.37635439881715,-0.230447983259272,0.171849931784579
2009,-0.512333640719849,-0.559653777875543,-0.740760863023195
