"Year","OPR","DPR","CCWM"
2007,0.301708230862258,0.56091247781687,0.61979495210056
2008,1.40336649039346,0.498031634864456,1.77397521284498
2009,1.31876927512775,-0.413900765288636,0.69150628763805
2010,0.661319854197376,-0.828353826763144,-0.0769816272055024
2011,-0.681599370931557,-0.420025052868548,-1.0094919013019
