"Year","OPR","DPR","CCWM"
2007,-0.905371410208006,-1.3736587619956,-1.62615209523227
2008,-0.175320549949078,-0.178386653461721,-0.318603407805578
2009,-0.329173187925668,-0.105480612314032,-0.309427206175875
2010,0.336299651832494,-0.262641609491402,0.0903156697472408
2011,-0.839635951546774,0.247442297996097,-0.636508860087834
2012,0.15055717504293,-0.190714673548829,0.00140065756250289
2013,0.372032556234796,-0.70194280823643,-0.178703562276944
