"Year","OPR","DPR","CCWM"
2002,0.471161314448134,0.81045905874386,-0.3316992355756
2003,0.267866046967139,-0.32991970718344,0.349286411628105
