"Year","OPR","DPR","CCWM"
2007,0.382916702561514,1.03402846170894,1.02987617050149
2008,0.94773727991984,-0.287160339898624,0.677493899305009
