"Year","OPR","DPR","CCWM"
2007,1.97958726100658,0.114416241665078,1.37395187801827
2008,-0.0742261219956942,0.592582276002881,0.422881290246306
2009,-0.747386588758215,-0.305340554413,-0.745703343278772
2010,1.26003648977253,-0.330784369407181,0.871650850878377
