"Year","OPR","DPR","CCWM"
2007,-0.832222538134087,2.08952889583244,1.03656682820687
2008,0.644809925036586,0.212417339861181,0.801390721437199
