"Year","OPR","DPR","CCWM"
2007,0.669693203549494,0.633885561442394,0.914241743140646
2008,1.62266925448315,-0.214579149012085,1.3912946594887
2009,0.990776890786848,0.403177592105503,0.987497859082944
2010,0.929754101639301,0.28730296492363,1.0769335202464
2011,1.44230369509589,-1.06103531857392,0.588612414852177
