"Year","OPR","DPR","CCWM"
2007,-0.468136019708965,0.610384226404847,0.156434092911777
2008,0.139674108861945,-0.76170405103382,-0.500731582575704
2009,-0.490030895634286,0.61244889287309,0.0436045355222977
2010,-0.139388288359993,-1.16543651383862,-1.0776266236022
2011,-0.329884786359444,0.126440039951454,-0.226885103658952
2014,-0.258724049450002,0.179571126857983,-0.113802854776742
