"Year","OPR","DPR","CCWM"
2007,0.389099138006397,-0.0263984631209512,0.233141757852199
2008,-0.0242238677522421,-1.34770883096742,-1.14858064554384
2009,0.0104657398566353,0.496754642697604,0.333165671955989
2010,-0.198841202898725,0.780486266522138,0.45694045696899
2011,0.760649086490627,-0.0173481629899142,0.740775578019053
2012,1.39298150908784,0.142607105627174,1.73613932940343
2013,3.13219473911424,-0.529625249348651,3.17009538279234
2014,1.66208563905916,0.275098695334766,1.75741066841717
