"Year","OPR","DPR","CCWM"
2007,2.70388260665016,-0.348017620933515,1.49584876533496
2008,4.15564137245418,-0.671610552693584,3.46117840194536
2009,3.07003492309311,-0.219959742044689,2.09706788149456
2010,5.57116160433184,-0.964407104473256,4.2605620601237
2011,4.01308374988495,0.31509130369823,4.23095568922877
