"Year","OPR","DPR","CCWM"
2007,2.70388260665016,-0.348017620933515,1.49584876533496
2008,4.15564137245418,-0.671610552693584,3.46117840194536
2009,3.07003492309311,-0.219959742044689,2.09706788149456
2010,5.57116160433184,-0.964407104473256,4.2605620601237
2011,4.01308374988495,0.31509130369823,4.23095568922877
2012,4.76924361533171,-2.20926144616161,3.5068100497875
2013,4.86649460917854,-1.53934297791629,4.30286822367168
2014,4.36901347527424,-2.36850777475384,2.39866226700635
2015,5.2571476586064,-2.69826721353571,4.15327115791414
