"Year","OPR","DPR","CCWM"
2011,-0.723942868668067,-0.4330660336753,-1.06184584683178
