"Year","OPR","DPR","CCWM"
2007,-0.56741951278652,-0.833856492331892,-0.99872457836022
2008,-1.6746418715414,1.39087672610182,-0.459560688460403
2009,-1.32096850560955,0.679990795355219,-0.518741873463706
2010,0.059039007855639,-2.26544894980749,-1.79576772291232
2011,0.338287938678763,0.230393821656606,0.518430459982462
2012,-1.47524049360618,0.589376022967871,-1.16967397217421
2013,0.339494209612093,-1.44688555456637,-0.863673373864277
2014,1.09770923517636,-0.654729656033509,0.559814068227438
