"Year","OPR","DPR","CCWM"
2007,-0.61331612660546,0.180951074107504,-0.262269210121802
2008,-0.403439202520985,0.59477775665964,0.106098312454672
