"Year","OPR","DPR","CCWM"
2007,-0.519961398578862,0.188439850858294,-0.19589492773372
2008,-0.0116596143979359,-1.37773005106376,-1.16148408517071
2009,1.69215704881959,-0.623533103273634,0.826716498850981
