"Team","OPR","DPR","CCWM"
2002,14.722698164857,12.5316486020685,2.19104956278852
2003,37.8880748620696,16.6656616686958,21.2224131933738
