"Year","OPR","DPR","CCWM"
2007,-0.28958907837691,-1.00565560990642,-0.947749416298013
2008,-0.463891984590746,0.292912258415203,-0.204421342688838
2009,-0.962143496808497,0.896346627619565,-0.115011040798751
2011,-0.676454697068917,-0.249052606083204,-0.868692185486437
2013,-1.08268505612213,1.76335408976232,0.277271346482491
2014,-1.20216084507836,1.30568820253714,-0.190211423330541
2015,-0.338143578658595,0.76350709294021,0.409817367675336
2016,-0.538518720386512,0.657032546828007,-0.0510694468302818
