"Year","OPR","DPR","CCWM"
2007,-0.354093254848625,-0.412302243894233,-0.541647559106286
2008,-1.22864687539066,1.09895573122555,-0.271632681494856
2009,-0.326938822724719,1.18515035238964,0.537959820719565
2011,-1.26999586932893,0.35236634554863,-0.980139390588396
2012,0.148746624788492,0.253234132970815,0.400439245380206
