"Team","OPR","DPR","CCWM"
2002,9.01599047918064,17.7157803312657,-8.69978985208511
2003,23.2068590354377,22.5346148649256,0.672244170512077
