"Year","OPR","DPR","CCWM"
2007,0.681289204570303,1.66169957771645,1.69791267399134
2008,0.691394934928299,-0.344347564964108,0.381660253067903
2009,0.525581725439543,-0.353915499309872,0.151766546804882
2010,1.56142510844197,0.293758009062276,1.65453340453982
2011,0.731580675818566,0.0617401485370284,0.774710772646072
2012,1.29224535510662,-0.887822368658299,0.68886592041346
2013,1.94589711319624,-0.370237772324146,1.93364184059955
2014,1.34670330412814,0.303168645040506,1.48160358218714
