"Year","OPR","DPR","CCWM"
2012,0.406542493527051,0.273835035743761,0.716510051842585
2013,-0.126480792202342,0.607761677906473,0.381471459327298
2014,-1.19499120366041,1.3237643609916,-0.17049777812904
2015,-1.66615008879554,1.61111439277841,-0.448858895005328
