"Year","OPR","DPR","CCWM"
2015,-0.776223319552823,0.658660957340138,-0.314592802053995
2016,0.167353672379075,0.619699297110304,0.845271720342547
