"Year","OPR","DPR","CCWM"
2015,-0.776223319552823,0.658660957340138,-0.314592802053995
2016,0.167353672379075,0.619699297110304,0.845271720342547
2017,-0.968168065681617,0.431681489678637,-0.808772607088041
2018,-1.55311562373257,-1.10006320145751,-1.69970357553767
2019,0.143786267707483,-0.18890107355937,0.0129452422445589
