"Year","OPR","DPR","CCWM"
2015,-0.776223319552823,0.658660957340138,-0.314592802053995
