"Year","OPR","DPR","CCWM"
2016,0.307291905100236,0.114437407384587,0.521775102298205
