"Year","OPR","DPR","CCWM"
2007,-0.664366143780345,-0.545135574798376,-0.843759553027272
2008,0.0392704247666849,1.19990936355044,1.03975227714421
2009,0.112042915504675,-0.307828090060666,-0.119926682617663
2010,-0.931084825627429,0.70393113488345,-0.269005985197482
2011,-0.0148939808080339,1.13918551749272,0.889367118443243
