"Team","OPR","DPR","CCWM"
2002,15.8268177202062,13.2223203201166,2.60449740008959
2003,24.5115701067094,28.1600673445903,-3.64849723788098
