"Year","OPR","DPR","CCWM"
2007,-0.664366143780345,-0.545135574798376,-0.843759553027272
2008,0.0392704247666849,1.19990936355044,1.03975227714421
