"Year","OPR","DPR","CCWM"
2007,-2.05527345782418,-0.502907794812028,-1.71653924851198
2008,-0.407257261508807,1.79872537134564,1.10752044176612
2009,-0.111491528512463,0.946987602339918,0.539173117000974
2010,-0.483785901606435,-0.143242033560952,-0.555265051165545
2011,-0.58905482035736,0.474828054054625,-0.207468723105364
2013,-1.12996488985256,-0.381252575397023,-1.64090799544284
