"Year","OPR","DPR","CCWM"
2007,-0.728479767920862,0.893863364885782,0.201164981157358
2008,-0.398550596192866,-0.861899884979291,-1.10527973312858
2009,-0.217051768917758,-0.0829987716459829,-0.212843097246989
2010,-0.972248444841367,0.784320844959405,-0.240681404222334
2011,0.176341936408722,2.07595996785696,1.82256146473842
2012,-0.257403260168837,0.326569436742315,-0.0019338021717388
2013,-1.61955604268268,-0.390170003167925,-2.21610102523929
2014,-0.620029753699882,2.15952108796716,0.969454665436891
2015,-0.759111815074375,-0.485877065806027,-1.6043309891634
