"Team","OPR","DPR","CCWM"
2002,6.90464021854732,9.48325789393189,-2.57861767538457
2003,21.0588260349766,33.2271170869293,-12.1682910519527
