"Year","OPR","DPR","CCWM"
2002,-1.73162722580779,-1.11950380420424,-0.312660846124415
2003,-0.166928776915364,0.558672367639797,-0.436253526242308
