"Year","OPR","DPR","CCWM"
2007,-0.326174457341458,2.08782705748538,1.36442298681166
2008,-0.742357982478158,-0.162316200528683,-0.853971752569289
