"Year","OPR","DPR","CCWM"
2007,0.229714083148862,-1.38061714261383,-0.893129920386059
2008,-0.320421502681203,1.9584735039172,1.32492694491922
2009,0.928612470318851,1.4584052506173,1.63361125981183
2010,-0.0962527089482775,1.7442235218356,1.33657948810335
