"Year","OPR","DPR","CCWM"
2002,-0.635173096199947,0.0720174901730372,-0.512349908324253
2003,0.387487466558829,-1.39031526848401,1.07053909646275
