"Team","OPR","DPR","CCWM"
2002,11.3205470138365,15.0267868429126,-3.70623982907609
2003,27.0908791749972,8.98119825121147,18.1096809237857
