"Year","OPR","DPR","CCWM"
2014,1.01354812892021,-0.896502305399922,0.307151896482858
