"Year","OPR","DPR","CCWM"
2007,-0.0335025379481428,0.361955140956642,0.251531054756523
2008,0.354902036435437,-0.565840352008688,-0.128914660454499
2009,-2.20317376258047,0.448855002742056,-1.31423979490235
2010,-0.207606232324486,-0.610991280612165,-0.686848643382889
