"Year","OPR","DPR","CCWM"
2007,-0.539104171961391,0.849325137126467,0.290705750833835
2008,-0.744342560615925,-0.856193893942949,-1.43517717460422
2009,-0.747392763133067,-0.121182881119395,-0.625028555662345
2010,-0.335009476326903,1.53853063443693,0.95234716703373
2011,-0.551001275507356,0.640556042265827,-0.0381866412026506
2013,-0.674493049504198,0.513579592827233,-0.335516456410231
