"Team","OPR","DPR","CCWM"
2002,20.9701103074742,12.7118298229073,8.25828048456682
2003,20.4312670163669,34.5290269294878,-14.0977599131209
