"Year","OPR","DPR","CCWM"
2007,2.0616302963388,0.291436799812929,1.56098666095105
2008,-0.736658977749979,-0.164712695735229,-0.850456913173722
2009,-0.207076686640324,0.470986982564048,0.15746816864054
2010,-0.716740136669521,1.50864168251807,0.582078951310546
