"Year","OPR","DPR","CCWM"
2007,2.0616302963388,0.291436799812929,1.56098666095105
2008,-0.736658977749979,-0.164712695735229,-0.850456913173722
