"Year","OPR","DPR","CCWM"
2002,1.76077953883036,-0.425557359762879,1.60643060098088
2003,-0.224608791593542,0.663325286907861,-0.532274139778677
