"Year","OPR","DPR","CCWM"
2007,0.217240783953248,1.47774564712932,1.25718029265945
