"Year","OPR","DPR","CCWM"
2007,0.302433428337898,0.167716056882281,0.323353932006236
2008,-1.25713325903456,3.83959675551654,1.98882574581861
2009,0.28922110296192,-0.516437813236302,-0.127284645638926
2010,-0.676116529523143,1.44730067027204,0.568814325786507
2012,-0.452570640653764,0.298237901443747,-0.252725894915576
2013,-1.23512993984657,-0.778338683237266,-2.1078117897046
2014,-0.43268962670153,0.199015324735583,-0.263093374553427
2015,-0.907673904427414,0.212846342274992,-1.00742333787011
2016,-0.672533262613747,1.39428560373552,0.513809595424481
