"Year","OPR","DPR","CCWM"
2007,-0.705617710453005,1.77727215455674,0.883119434759314
2008,-1.30222957983436,0.587643062840063,-0.769716865400016
