"Year","OPR","DPR","CCWM"
2007,-0.707155579123735,0.645221077720666,0.0272783868439389
2008,-0.529996836665011,1.17485806806119,0.467895333514186
2009,-1.677938485954,-1.62390504456072,-2.2890922007189
2010,1.26223947484813,-1.09209192110633,0.252200090664502
2011,0.111299811522246,0.244186103963976,0.304210638957426
2012,0.0552402331030511,1.30731128393573,1.24495323196866
2013,0.338150990797667,0.781061595220912,1.07056289642734
2014,-1.19281781625101,0.317081488919702,-0.891623511764751
