"Year","OPR","DPR","CCWM"
2007,-0.436133529898152,1.70973742127313,1.00739877817895
2008,-1.2020250043409,0.204301516598757,-0.992771030515682
2009,-0.510707134222607,-1.82533483931506,-1.5689795731193
2010,-0.563641915624943,0.226066377622476,-0.326156945737049
2011,-0.57064823649663,0.0827886703317488,-0.500361206065871
2012,0.718441487369539,0.371101332226206,1.16427820828562
2013,0.339970445791253,-0.926655812234227,-0.411110174731245
2014,0.082458752907116,-0.8697522689348,-0.547415579395722
