"Year","OPR","DPR","CCWM"
2007,0.126518878985176,1.02983251414341,0.859942713544494
2008,-1.17451888760826,1.29557182749549,-0.0551018336338782
2009,-0.760966169761535,1.48392203512744,0.41689446913783
2010,0.11470173000147,1.31090252851326,1.17400143651909
2011,-1.04039340863952,1.39191816621595,0.072685275464328
2012,-0.32281355543732,-0.810948411077609,-1.10520573349424
2013,0.547578297492445,-1.09382889683047,-0.315740364372828
2014,0.726706707972623,-0.275715436725508,0.48391598333131
2015,0.601133747445024,-1.20893148937651,-0.558275916926943
