"Team","OPR","DPR","CCWM"
2002,16.6468534743804,14.6951742344597,1.95167923992068
