"Year","OPR","DPR","CCWM"
2002,0.687330069050367,0.000740964318819897,0.489603227477323
