"Year","OPR","DPR","CCWM"
2007,-1.20211024350832,1.11568782808271,0.0606139573022564
2008,-0.63742794245172,0.133406255400478,-0.505535067080747
