"Year","OPR","DPR","CCWM"
2009,0.754333499174971,-0.426131129649478,0.271438315518353
