"Year","OPR","DPR","CCWM"
2009,0.754333499174971,-0.426131129649478,0.271438315518353
2010,0.570210241301441,-0.412758849261465,0.179713266077307
2011,-0.508362420502147,-0.656444233949968,-1.02528497773238
