"Year","OPR","DPR","CCWM"
2007,0.262335298894953,2.72683076002856,2.22972663798325
2008,0.706749688173044,-1.56647985803968,-0.623778045580968
2009,-0.855071313441896,0.0888371583139122,-0.566009794030455
2010,-1.10989860389257,0.352217517845093,-0.718121548084531
