"Year","OPR","DPR","CCWM"
2007,0.191386041158551,-0.0774717727995747,0.0659794290725381
2008,0.743606686421959,0.0593064625417686,0.76918244293092
2009,0.739227677940151,-0.0603951749251898,0.500078961831656
2010,-0.132647267278752,-0.75456908054653,-0.736132400817641
2011,-0.403203748748215,-0.122994433745787,-0.497585208653343
2012,-0.262777874763701,0.424930988209861,0.0807387948393269
2013,-0.0314582147652017,0.053082382794878,0.00966097290905284
2014,0.375362646726388,0.112686328272726,0.433210128354066
2015,0.8132043741903,-0.0308616576370138,1.08597594344317
