"Year","OPR","DPR","CCWM"
2007,0.928893236715702,-0.375813599590984,0.320379605422356
2008,0.986126033112306,0.561574842433366,1.42321464748666
2009,0.337654044852705,-0.0434838995933073,0.218001391886213
2010,0.433876048217546,0.632690994689872,0.90957550125837
2011,1.61489568465379,0.626332589725981,2.09903873766535
2012,1.48220918780209,-1.10277911894193,0.713832022883599
2013,2.06426125971873,-0.83587708685801,1.66624868669453
2014,1.09668140071441,-0.344210393764233,0.78191554466946
