"Year","OPR","DPR","CCWM"
2020,-0.478458253325983,-0.319410477725995,-0.668137922982669
