"Year","OPR","DPR","CCWM"
2007,0.179330244085502,-1.30617723560946,-0.869688842367637
2008,2.44416643560407,-1.11905709583448,1.43124362981084
2009,2.77736531624937,-0.210533670478655,1.8895881070479
