"Year","OPR","DPR","CCWM"
2002,0.145741399914698,1.25530676264148,-0.930304010151741
2003,-0.282944637750168,-0.0321876739670884,-0.133272331776668
