"Team","OPR","DPR","CCWM"
2002,14.4656358386338,20.5320164748978,-6.06638063626397
2003,19.7965725460538,25.8766627553866,-6.08009020933279
