"Year","OPR","DPR","CCWM"
2007,-0.859972192661989,-1.54436677851781,-1.72552976374433
2008,-0.631172095390838,1.51402915093171,0.653134290391734
2009,0.721034397898649,-0.224113622121039,0.379511991402467
2010,0.961296476639261,-1.80232122147278,-0.600223975644511
2011,0.740161748402784,-0.434806780269297,0.389126746671887
2012,0.741727138985024,-0.902940989572202,0.0399918269427611
2013,0.896877882302568,-1.00961349425194,0.162276251113954
2014,0.101539830364074,-0.62578974233285,-0.354254835199409
2015,2.32819710028132,-1.38603460892515,1.62008020225918
