"Year","OPR","DPR","CCWM"
2007,-0.0395154542854239,-1.89333485872249,-1.45540714290586
2008,2.71047300393606,-1.52152626106316,1.35297599983313
2009,-0.444446542105036,0.235542406589617,-0.170106055067948
2010,0.0925774228692654,0.251348948723428,0.289053854657896
2011,0.0203588652421618,-0.0111121985852709,0.0113760118800988
2012,-1.32226683401064,2.49242295288859,0.726322583821291
2013,-0.455464853529838,-0.0663762309115195,-0.585564178464903
2014,-0.336852673880781,-0.843568237253751,-0.922110025781607
