"Year","OPR","DPR","CCWM"
2007,-0.166857964770689,0.294297531177993,0.113704689416413
2008,-0.993831271268464,-1.01373872860875,-1.80816148700851
2009,-0.603127070296866,0.0157204873116063,-0.429997351890637
2010,0.642141112821595,-0.277034376229027,0.355677184074956
2011,-0.848302403351174,-0.119394941868349,-0.936254820798042
2012,-1.36723429169907,1.13717159073593,-0.550093451804564
2013,-0.12670017442748,-0.0393575290761495,-0.181044299524047
2014,1.36711431062087,0.363908615703833,1.54439180124056
2015,1.95072495327796,-1.28210830180677,1.2188086432124
