"Year","OPR","DPR","CCWM"
2007,-1.43357178090522,0.0772437258618006,-0.874087865946703
2008,-1.02638857985317,0.0884942686933917,-0.919470090621823
2009,0.366484992802093,-0.412291057519039,-0.00263211350824732
2010,-0.871743049475371,-0.234120187101371,-0.980959626468403
2011,0.105192920278989,-0.226611799833767,-0.0755071464067351
2012,-0.158910641421122,-0.452498463806763,-0.592211236934053
2013,-0.636110945723259,-0.34193245602337,-1.03435837293834
2014,-0.514775090648212,0.18648841896268,-0.34912562243162
2015,0.294975528752426,-1.30623980191384,-1.09212001035907
