"Year","OPR","DPR","CCWM"
2007,-1.10318467091551,0.428207177320205,-0.394177633908747
