"Year","OPR","DPR","CCWM"
2007,0.656029286687055,1.24255871313042,1.3649792305549
2008,-2.1731226244732,0.246214844323941,-1.89761811075431
2009,-0.00410709088678352,-0.898687083321056,-0.591911699204979
2010,-0.552034215331093,0.765987252266252,0.125091644589543
2012,-0.0050844780408869,-1.96069739240246,-1.77744486349382
2013,-1.18630889123855,0.0256808322707738,-1.35264008998655
2014,0.233544799647444,-0.691725318958453,-0.277740141534643
