"Year","OPR","DPR","CCWM"
2007,-0.26693250178812,-0.484653406120669,-0.539591116019853
2008,0.274473452626648,-0.982120939061948,-0.554286697291249
2009,-0.816811577546642,-0.342876064872637,-0.820982637724119
2010,-0.423008143922483,0.288811079549589,-0.147516767130314
2011,-0.821582829361612,0.706364974421379,-0.254365775879414
2012,-0.880536062750247,0.951273427245919,-0.15648554599858
2013,0.807735698155212,-1.10653630088491,-0.0252543177352387
2014,-0.702249697320519,1.60814848007693,0.496208528232581
2015,-0.445340968528731,0.319004779983182,-0.248062760855851
