"Year","OPR","DPR","CCWM"
2007,1.08783629273566,-0.332509317960691,0.456458725972013
2008,-0.357130732095353,-0.595325102247471,-0.842642837297832
