"Year","OPR","DPR","CCWM"
2007,1.08783629273566,-0.332509317960691,0.456458725972013
2008,-0.357130732095353,-0.595325102247471,-0.842642837297832
2009,0.126453182706036,-1.43823911249707,-0.850169878634119
2010,0.482498900112181,0.35465536630739,0.726673278898277
2011,-0.493829885139399,0.792724723009922,0.139298186968149
2012,-0.616366575772398,0.0283863823009009,-0.685544295198071
2013,-0.0852482359541444,1.63205125458535,1.31923367617812
2014,-1.05080405774172,0.779500464833685,-0.426164822543714
2015,1.37367863765391,-1.03673569712539,0.704635956353801
