"Year","OPR","DPR","CCWM"
2007,1.08783629273566,-0.332509317960691,0.456458725972013
2008,-0.357130732095353,-0.595325102247471,-0.842642837297832
2009,0.126453182706036,-1.43823911249707,-0.850169878634119
2010,0.482498900112181,0.35465536630739,0.726673278898277
