"Year","OPR","DPR","CCWM"
2007,-0.984623694617097,0.459669000432254,-0.29330616765422
2008,0.0775297596334584,0.787215243864267,0.7322418219487
2009,0.548847869115286,2.26262315982561,1.88338020887367
2010,-0.504076396961264,-0.0722296150424577,-0.51568278250602
2011,0.459959074362207,-0.0470194839554217,0.418949461879926
2012,-0.704040891587765,1.09358295716048,0.175745912981674
2013,0.201166654809349,0.211160082592313,0.416626116493189
2014,1.26561109521862,0.229055654255761,1.3522621932495
2015,-0.405949642935066,1.15896691578652,0.770096705212703
