"Year","OPR","DPR","CCWM"
2007,-1.21603114949755,0.687700466542448,-0.271624639443408
2008,-1.81268006080506,1.97428042623919,-0.106100133690778
2009,0.309030344053858,1.37797682244111,1.12859448531735
2010,-1.99878890947604,-0.943663929114631,-2.58132136286427
2011,-0.947032556297134,-0.37729017530486,-1.23887725654247
2012,-0.229000166374071,-0.117652893803081,-0.370535807140459
2013,-0.424583400514779,0.147090528096482,-0.364297477168687
2014,1.43791294188725,-1.20877546011446,0.481072405723073
2015,0.511720373137469,-0.878241107615962,-0.302114175912426
