"Year","OPR","DPR","CCWM"
2007,-0.715162953170299,0.496005050186306,-0.0906065777567357
2008,0.753738153344756,0.467565763626687,1.11982361017271
2009,-0.934868462582321,1.015114829926,-0.0172702283499765
2010,-0.59082521345459,-0.214821310985509,-0.710678258097954
2011,-0.263587184550417,-0.404278992581554,-0.582337314355706
2012,-0.246191675684037,0.72369607456128,0.36982440319566
2013,-0.664049088137378,0.251345378600345,-0.551258764045292
2014,0.132726000911855,0.52172286726698,0.499344381071563
2015,0.483940111889832,-0.108158595568138,0.543231830039243
