"Team","OPR","DPR","CCWM"
2002,13.7909524496504,7.87050776630296,5.92044468334743
2003,27.5787574955366,28.4911431660686,-0.912385670532007
