"Year","OPR","DPR","CCWM"
2007,0.0326915921221168,-1.6364034557676,-1.21442710675901
2008,-0.696607922834341,1.88735315499699,0.901474856550385
2009,0.0360932296681792,-2.6006310798513,-1.67785541272993
2010,-0.126166681288525,1.57097030701403,1.16805103685923
2011,0.480604491210545,0.573420785155664,0.931856298417319
2012,-0.330893776592277,-0.832397687759585,-1.13390945650193
2013,-0.752799324128499,-0.79867501040986,-1.56645151910152
2014,-0.351962150213556,1.6928549516796,0.885787111401375
