"Year","OPR","DPR","CCWM"
2007,-0.709408618761442,-0.795283803346592,-1.06194919564001
2008,-0.52383301444962,0.443917612199592,-0.136365878182679
2010,-1.13065190437687,-4.19070749236744,-4.44526384345596
2011,-0.243642334400882,-0.980436460579626,-1.01983355465343
2012,-0.175482770319277,-0.291937384852477,-0.46625879052594
2013,0.177118433030814,1.45294979101656,1.4677057486383
2014,-0.245859227882797,0.323582252980268,0.00172267498418778
2015,0.159665109229644,0.386351403322211,0.663504831014179
2016,-0.628990893082149,0.549251752813094,-0.279273867588348
