"Year","OPR","DPR","CCWM"
2007,0.376150216005462,0.172051961038991,0.374574588558167
2008,1.59373794701686,-1.85087995629708,-0.00277329560234525
2009,1.93101334654542,-0.761283574737345,0.910819586991006
