"Year","OPR","DPR","CCWM"
2007,-0.419240698529235,0.923243468313806,0.424484378632313
2008,-0.43378697350837,-0.391393177499644,-0.746578711109911
2009,0.154663580070741,-1.17592150117257,-0.657677696511921
2010,0.421001974057953,1.1137813667445,1.29061950107712
2011,-0.20463444110764,-0.509657710912381,-0.60749402236504
2012,0.719246884954703,-1.31606996829704,-0.359227531632984
2013,-0.102358251621114,-0.394775157872759,-0.461642752812717
2014,0.453995278570705,-0.134865012892147,0.329171044812208
