"Year","OPR","DPR","CCWM"
2007,1.33470782133701,-0.959577274381165,0.143512577668079
2008,0.335131989977016,-1.21455423451335,-0.689627977230934
2009,0.523024860513558,-0.320264625955314,0.171951524675597
