"Year","OPR","DPR","CCWM"
2007,1.91383716257529,0.0283532589056145,1.26619866299392
2008,0.461809981196206,0.0784957532880419,0.512476836502307
2009,-0.323486460965035,-2.36688216397474,-1.78718165576329
2010,-0.555478635681735,1.45586615055649,0.68511118567
2011,0.0790752826315656,1.33093101681581,1.13476557098881
2012,0.0772122254536158,-1.10422532225858,-0.908626084936788
2013,-0.803162036588425,0.209467506773452,-0.748879538477465
2014,0.0223229801672781,0.646189732035183,0.485148910398725
