"Year","OPR","DPR","CCWM"
2007,0.813390548222631,0.46032209338885,0.876642425909739
2008,0.135918334039561,-0.373325995424473,-0.180128518332797
