"Year","OPR","DPR","CCWM"
2007,-0.190631482895204,0.460128797130871,0.223465477728555
2008,0.964415903491867,-0.302435496082411,0.680883161706007
2009,-0.868153095221603,1.2347270393225,0.175346593120241
2010,-0.725872469972722,0.78235790317835,-0.0190527557239176
2011,0.40923968074657,-0.288517995849647,0.176966112724576
2012,2.06073836974922,-0.214400863850136,2.1840557825328
2013,0.0671512620279171,0.872567661473937,0.835976071339492
2014,-0.796088934840008,1.42240890301377,0.274716060268916
