"Year","OPR","DPR","CCWM"
2007,-1.21428462279008,-1.07883699655249,-1.60444640649857
2008,-0.36719637851162,0.325761620007095,-0.0834139855734161
