"Year","OPR","DPR","CCWM"
2002,1.17435336699813,0.064152250575198,0.784710619734901
2003,0.580900487237946,0.733677170185886,-0.139687989480772
