"Year","OPR","DPR","CCWM"
2007,-0.507154816958328,-0.106283898152897,-0.410118794899647
2008,0.129227617259818,1.09141169502533,1.0362343684243
