"Year","OPR","DPR","CCWM"
2007,0.211710636013664,1.28269157438736,1.10629306979613
2009,-0.567222326399648,-0.767994048508575,-0.9173573386915
