"Year","OPR","DPR","CCWM"
2002,-0.372796171547565,-0.137851918240609,-0.152307226179852
2003,0.241685945351123,-0.241328159767553,0.28026482149527
