"Year","OPR","DPR","CCWM"
2009,-1.27077894727215,-1.39883374626049,-1.84436457420078
2010,0.0769596878052588,0.982176030156936,0.871469205353505
