"Team","OPR","DPR","CCWM"
2002,12.3772551908707,14.0503736251744,-1.67311843430362
2003,25.5045574642379,23.274900101794,2.2296573624439
