"Year","OPR","DPR","CCWM"
2007,1.34804641648082,-0.273820190704882,0.670020957372735
2008,-0.664121636320604,-0.0767611538988035,-0.706828049015858
2009,0.611586951295964,-0.731450745970913,-0.0328477444401788
