"Year","OPR","DPR","CCWM"
2007,0.486844559587372,-0.244746503139553,0.131836642139997
2008,0.651609049601464,-0.198157210237769,0.465202269739799
2009,-1.84402659248228,-2.89405475474949,-3.24267543291732
2010,0.373248035449259,0.80808030914195,0.99781131727551
2011,0.880607324431904,-0.507099648390677,0.471068204227649
