"Year","OPR","DPR","CCWM"
2007,0.0761252703739202,-0.483031768214606,-0.315236656193408
2008,-1.14768471036755,1.14332443649017,-0.156235374343156
2009,1.30650393610111,0.249857362552445,1.11751574168508
2010,-0.32525159191454,0.736671738074747,0.306639978805014
2011,0.235842636202454,-0.13717363981555,0.125078730208756
2012,-0.8871451829607,0.2735837775116,-0.776434494308431
2013,-1.52803444755372,-0.460416136199379,-2.17106050111217
2014,-0.36550179513207,-0.433097448361882,-0.654128192720499
