"Year","OPR","DPR","CCWM"
2007,0.531815310655056,1.34532525012293,1.36179024496985
2008,0.285290099283425,-1.06568104068812,-0.613578496359662
2009,0.572068989502264,0.60701422152143,0.815404778416887
2010,-0.351183373999253,0.918308859955658,0.431412614575661
2011,-0.836793392036654,0.650472693749164,-0.313814495640568
