"Year","OPR","DPR","CCWM"
2007,0.560563440314277,-0.192288461227922,0.219396920168852
2008,0.520654688414931,-1.29283616225237,-0.575430933492503
