"Year","OPR","DPR","CCWM"
2007,0.560563440314277,-0.192288461227922,0.219396920168852
2008,0.520654688414931,-1.29283616225237,-0.575430933492503
2009,0.701601896957734,-0.269548391198819,0.335552146216351
2010,-0.414762116879345,0.122592628082935,-0.275727639266033
2011,1.00137450179052,0.508563801486729,1.39697149316135
2012,0.999248582299925,-1.06485151444143,0.190838716524537
2013,1.03280280290253,-0.362663374375236,0.881930256901428
2014,1.23815612929989,-0.839528081745442,0.558864247764053
2015,0.684624901727185,-0.0746147420517554,0.858462183026944
