"Year","OPR","DPR","CCWM"
2002,0.384665830872568,1.01943829059157,-0.565567322046875
2003,-1.05709433908917,-0.139662995203403,-0.485896054078634
