"Team","OPR","DPR","CCWM"
2002,15.4278904279843,19.4346431345045,-4.00675270652023
2003,11.3738176362307,24.5396414899665,-13.1658238537358
