"Year","OPR","DPR","CCWM"
2007,-0.373082340216529,-0.00481692137198523,-0.246295729608995
2008,-0.869349098287674,0.70889928020396,-0.2495396715689
