"Year","OPR","DPR","CCWM"
2007,1.10560726223597,-0.501961829563939,0.340059294578215
2008,0.0907153961098364,0.359084462460154,0.387577460230865
2009,0.41410530994989,-0.533615129619184,-0.0473721685525767
2010,-0.175129840886696,-0.283767844716263,-0.390314331323133
2011,1.43523600793528,-1.20159586680493,0.470042242754911
2012,0.964743767081356,-0.044763000610932,1.07272122940571
2013,1.63266603175842,0.431098513463865,2.26685723163922
2014,-0.251166776353266,-0.335537726526441,-0.476746682254858
