"Year","OPR","DPR","CCWM"
2007,1.10560726223597,-0.501961829563939,0.340059294578215
2008,0.0907153961098364,0.359084462460154,0.387577460230865
2009,0.41410530994989,-0.533615129619184,-0.0473721685525767
