"Year","OPR","DPR","CCWM"
2002,-1.68015881608727,-1.94716866079166,0.405961318519447
2003,-0.305621592821522,-0.0152725108972556,-0.156022768062898
