"Team","OPR","DPR","CCWM"
2002,11.0961253533144,10.4404913498203,0.655634003494161
2003,21.7315106358017,26.9629329471968,-5.23142231139509
