"Year","OPR","DPR","CCWM"
2007,0.0425376795020286,-0.53674790122607,-0.377644958345281
2008,2.12181128692306,-0.326493232655664,1.78093793866688
2009,-0.90619619823962,-0.665712727457006,-1.09779204324015
