"Year","OPR","DPR","CCWM"
2007,0.708981362894727,-0.423749188395458,0.141148232695908
2008,1.34155798169496,-0.932718006480645,0.519693024624394
