"Year","OPR","DPR","CCWM"
2002,-0.274637467075254,0.578624872854708,-0.672605185052002
2003,1.04619139580878,0.151723570466865,0.472526064525002
