"Year","OPR","DPR","CCWM"
2007,0.708981362894727,-0.423749188395458,0.141148232695908
2008,1.34155798169496,-0.932718006480645,0.519693024624394
2009,1.86242938071238,-0.276669302885141,1.17832120259404
2010,1.05839499535507,-1.687454432404,-0.418482597032503
