"Year","OPR","DPR","CCWM"
2007,3.0126693293872,-0.167686545534655,1.83286089923544
2008,3.15380847420598,-0.250281514377777,2.84334111343351
2009,1.19766065209602,-0.529126728056357,0.527585665123841
2010,2.81438276266979,-1.60821883984399,1.23722366663225
