"Year","OPR","DPR","CCWM"
2007,3.0126693293872,-0.167686545534655,1.83286089923544
2008,3.15380847420598,-0.250281514377777,2.84334111343351
