"Year","OPR","DPR","CCWM"
2002,-0.0594993496072772,-0.0570972880987575,0.0046067365609608
2003,2.57520287458977,-0.623925453261965,1.78060396584913
