"Team","OPR","DPR","CCWM"
2002,13.6390403650881,14.4260829239239,-0.787042558835816
2003,50.893240220176,18.5152891361339,32.3779510840422
