"Year","OPR","DPR","CCWM"
2008,1.89287485600499,-0.526038215672736,1.39278045810205
2009,-0.122738562020323,-0.100681609575035,-0.15557954640452
2010,1.28981041033634,-0.0507691421260147,1.12720103720627
2011,2.89980145910802,-0.543439848676846,2.44521466727815
2012,1.90370973291283,-2.06939636675864,0.326797026017959
2013,0.955491934445549,-1.879745429225,-0.525819231569158
2014,2.34238845553023,-1.04424534114084,1.44807291430349
