"Year","OPR","DPR","CCWM"
2008,-0.346932003930432,-0.253673588575161,-0.547544174910036
2009,0.28759076542684,-0.0306361814447279,0.189873009130836
2010,-0.0269071676997113,-0.217866242122163,-0.202221223677377
2011,1.36100922766653,-1.03701134361152,0.527037587687942
2012,0.501556682595899,-0.828723807446433,-0.170069553768844
2013,1.75287299759764,-1.11611580004424,1.06185349782443
2014,1.99646030478135,-0.841864080169034,1.26881908944023
