"Year","OPR","DPR","CCWM"
2007,1.60488053540998,-0.221097685118579,0.876881835602068
2008,1.03582127040199,-1.06731309063491,0.111430936415333
