"Year","OPR","DPR","CCWM"
2002,0.476530294358383,1.62507087559896,-0.999029738533578
2003,0.986278076785401,-0.695098070610622,0.964347979625794
