"Team","OPR","DPR","CCWM"
2002,15.797869342376,22.2523366019042,-6.45446725952825
2003,33.605725778333,17.6298830557787,15.9758427225543
