"Year","OPR","DPR","CCWM"
2008,0.195470863520767,-0.37328870122849,-0.122461819581386
2009,0.166788052620997,1.67600224582455,1.22005107920119
2010,0.00319929223151269,-0.900840353007285,-0.732447104480885
2011,-1.30852318702636,1.36799747142614,-0.21227780437704
2012,0.38055894390535,0.216099977045235,0.634362794929392
2013,0.961021818041665,-0.710742828901305,0.496299532041282
2014,1.93709789485394,-1.06837637000185,1.05039183465323
