"Year","OPR","DPR","CCWM"
2008,-0.362425157437227,-0.608261036001476,-0.858566419471808
2009,-1.47904585702007,-1.82254532278506,-2.27406501585077
2010,-0.836965824362166,0.428538014387454,-0.408528998237417
2011,-0.910767906386353,1.16103100240536,0.0180213790139639
2012,0.0532541746438869,-2.23082883985081,-1.95420688468445
2013,0.593637983019686,0.769219798277682,1.35638795437166
2014,0.250335713949259,-1.72113194142765,-1.00147194930082
