"Year","OPR","DPR","CCWM"
2008,-1.18757902885524,-2.25632097461864,-3.03304406303621
2009,1.45713524077658,0.346215044038451,1.29062425547482
2010,0.876036681214868,0.651985605253727,1.32594874838012
2011,-0.490475495244762,0.917889553846934,0.241965687823188
2012,0.0706861940468703,-0.437245283682742,-0.313509705361572
2013,0.606280980740357,-0.63648753434809,0.149666602969068
2014,-0.173755030811173,-1.2157663998387,-1.03642451981677
