"Year","OPR","DPR","CCWM"
2008,-0.733032078300502,0.95600861868525,0.0886889363056452
2009,-0.280251433489227,3.01257469019196,1.76956170291827
2010,0.376488143620985,0.0740896806063239,0.401598748139609
2011,-0.164864205943296,0.820168265419311,0.487404909437758
2012,-0.17293493032589,1.15328058401494,0.842500370271408
2013,1.34164982380769,-1.2085684208623,0.504909268805852
