"Year","OPR","DPR","CCWM"
2002,-0.969690838033185,-0.867224407063646,0.0229098404799172
2003,-0.127889972806068,-0.399087939588752,0.177827125062896
