"Team","OPR","DPR","CCWM"
2002,9.97329578880393,10.6569827345032,-0.683686945699234
2003,21.4835685342845,21.3123269452537,0.171241589030778
