"Year","OPR","DPR","CCWM"
2008,-0.256962260028223,-0.351811644188519,-0.542401199458595
2009,0.320185310949145,0.725794497848832,0.709360102001613
2010,-0.620248812447853,-0.452375542006558,-0.931250598950115
2011,0.991048099258589,-1.16677413629779,0.0570563362926643
2012,0.726523339529159,0.374289236068293,1.17648384269474
2013,1.10765522056934,1.31055570694021,2.42249289972486
2014,-0.835480924299475,-0.885794678649475,-1.42038325825264
2015,0.898065182156177,0.51751195051401,1.83224470600098
2016,0.673019164153352,-0.067972486686138,0.822029330975051
