"Year","OPR","DPR","CCWM"
2008,-0.987818692177304,-0.393913256295008,-1.28488031981302
2009,-1.65672943307366,-0.596625678516581,-1.60042854552427
2010,-0.702046890416041,1.48346725330157,0.574842284308307
2011,-1.28752559428567,1.01878766914553,-0.468607361442577
2012,-0.252585867596039,0.463444768503232,0.127297741029976
2013,-0.00672001946699111,1.13011787612431,0.974135193727
2014,-0.703936856813592,0.586507500552315,-0.239285522927197
