"Year","OPR","DPR","CCWM"
2008,1.01525501613223,0.239505981539268,1.18252636116269
2009,-0.137482169108178,0.191295815580967,0.0249912524871033
2010,-0.264605932066005,-0.29976314362208,-0.484441661323195
2011,0.608150040427127,-0.225193744778175,0.424538872560788
2012,-0.392079397044457,0.126997966478432,-0.337651232715062
2013,0.888632354887989,-0.324030153122098,0.748401301657144
2014,-0.255863540211683,-1.19094686574147,-1.095650033798
