"Year","OPR","DPR","CCWM"
2007,0.222130432415412,-0.0123460524390102,0.135154143519384
2008,0.238631367133833,-0.974252661519686,-0.582406202059938
