"Year","OPR","DPR","CCWM"
2002,1.2423499767684,1.99396648609639,-0.756769680297298
2003,-0.42250244180892,-0.885841054292268,0.319655805004724
