"Year","OPR","DPR","CCWM"
2007,0.222130432415412,-0.0123460524390102,0.135154143519384
2008,0.238631367133833,-0.974252661519686,-0.582406202059938
2009,1.57254349233946,-1.37154518725686,0.249219918193321
2010,0.975094989090594,-2.11545611417642,-0.843330211555572
2011,0.990301551345304,-1.3136544282279,-0.0602592422689916
