"Team","OPR","DPR","CCWM"
2002,18.8821646614425,23.9686160386164,-5.08645137717388
2003,18.2781825275511,15.2569901676403,3.02119235991081
