"Year","OPR","DPR","CCWM"
2008,-1.10496233319661,0.23922259190234,-0.869678850992911
2009,0.631053879675489,-0.630581616827997,0.0474636021709571
