"Year","OPR","DPR","CCWM"
2002,0.127207361114586,-0.0321149424556083,0.117185665783251
2003,-0.91346988637083,-0.411053615482565,-0.240114854345904
