"Team","OPR","DPR","CCWM"
2002,14.3909910489691,14.5423127864868,-0.151321737517705
2003,12.9364528245046,21.1634707898022,-8.2270179652976
