"Year","OPR","DPR","CCWM"
2007,1.21446266564893,-0.989100249992299,0.0430097693447607
2008,1.99513207407431,-0.465709041341632,1.54211196038675
2009,0.124932188437093,-1.08930800930662,-0.622624231315483
2010,0.210996589676345,-0.885115750790511,-0.531334840298635
