"Year","OPR","DPR","CCWM"
2008,-0.356515122923033,0.287594280421482,-0.104940609041323
2009,0.426226794110513,0.0174145586914965,0.32256890631661
2010,-0.996238432291276,0.58180765591,-0.42772696820633
2011,-0.196367790552532,-0.143335502493115,-0.308553421130015
2012,0.396466301444599,-1.72106756443045,-1.09760042692435
