"Year","OPR","DPR","CCWM"
2007,-0.680592951389265,-0.558151878208746,-0.864142656487722
2008,0.323645357710241,-1.03761219838128,-0.553024563538526
2009,1.91327628140039,-0.822863366112903,0.857517554961088
2010,1.90295087640324,-0.603763809056816,1.23133866516862
2011,-0.5573652957321,-1.27091434793627,-1.56158332968995
