"Year","OPR","DPR","CCWM"
2007,-0.680592951389265,-0.558151878208746,-0.864142656487722
2008,0.323645357710241,-1.03761219838128,-0.553024563538526
2009,1.91327628140039,-0.822863366112903,0.857517554961088
