"Year","OPR","DPR","CCWM"
2008,-0.731841410149072,0.913826186382203,0.0546252170553835
2009,0.0674475562372619,0.0724160678266949,0.0966930906881816
2010,-0.288879026501527,0.994835160969499,0.55033153932125
2011,-0.812531162065642,0.504504660250271,-0.405597973320372
2012,-1.02132691837385,-0.201828564521217,-1.36081607765368
2013,-0.932928961083159,-1.53780989219697,-2.4174360220018
2014,-0.292486501042586,-2.2819087908366,-1.91372741220443
