"Year","OPR","DPR","CCWM"
2008,-0.115017987267232,0.385769901411454,0.210744905166438
2009,0.202856090469476,0.615616911336473,0.551506767557259
2010,-0.10925121986838,0.435909140192814,0.256839763823217
2011,-0.482767262247426,1.05921702980231,0.361779955290981
