"Year","OPR","DPR","CCWM"
2008,0.0490541909986789,1.67574547690334,1.44647352870054
