"Year","OPR","DPR","CCWM"
2008,0.0452364504592147,1.45521330150734,1.25866709578435
2009,-0.95055687784301,1.02693740089806,-0.0209758149649349
2010,-0.0177998457324002,1.60231238739061,1.29182188610105
2011,-0.302236269378304,-0.876877994924179,-0.995765604505781
