"Year","OPR","DPR","CCWM"
2008,-0.688100986681313,0.561115017536381,-0.197503735752471
2009,0.0405657838882563,1.07068981812448,0.731241642871009
2010,0.104981659173834,-0.488027402502416,-0.30325178577295
2011,-0.812943466850627,0.786450649189288,-0.182233857728404
2012,-0.735708081356845,0.366372145065221,-0.517860805684663
2013,0.145133991719717,1.54372660117673,1.50950831585226
2014,-0.770950554526952,-0.627310299205463,-1.17413849737255
2015,0.131677006381011,-1.08690468004573,-1.06562203191529
