"Year","OPR","DPR","CCWM"
2008,-0.601220770579527,-0.454231466795981,-0.961083529250532
2009,-0.526479963568782,0.321062422191658,-0.173951044018784
2010,-0.0619211028675312,-1.18244353800112,-1.02131948642573
2011,-0.289338590938569,2.01150678109683,1.30946354335686
2012,0.137700486970675,-0.228720037384773,-0.0477735453421806
2013,0.280468407712479,0.361761691364257,0.639391268404981
2014,-0.407769816938142,-0.938190457289352,-1.05663569676051
