"Year","OPR","DPR","CCWM"
2007,-0.582973337930337,0.507119896406673,0.00376463567036379
2008,-0.508266227233589,0.606463276158752,0.0144012883967414
2009,-0.91544285975228,1.23016130109668,0.137831840218679
