"Team","OPR","DPR","CCWM"
2002,12.5898897277169,10.318068884546,2.27182084317095
2003,22.0146466328558,63.5971002779533,-41.5824536450976
