"Year","OPR","DPR","CCWM"
2008,0.136964576894486,-0.259568706176989,-0.0841455274352673
2009,-2.26813538010244,2.12442429664624,-0.263655950182377
2010,0.439386786262072,-1.55886274929785,-0.874372124705892
2011,0.172435045910321,0.00346643994950068,0.173802359139909
2012,0.340126650763025,-0.443984358086533,-0.00870572437892913
2013,1.28033272680699,-0.745471335801059,0.83621211674181
2014,-0.14832105493972,0.332367178096524,0.0995684597569515
2015,-0.195216227818156,-0.601946171172115,-0.959919652779591
2016,0.885385524175113,-0.72786287743801,0.438696678833619
