"Year","OPR","DPR","CCWM"
2007,-1.18178464457096,-1.14727683328959,-1.63498860888732
2008,-0.536071724592084,-0.216666798274486,-0.699700414810217
