"Team","OPR","DPR","CCWM"
2002,8.6425449798972,13.925583159597,-5.28303817969983
2003,18.1333041807844,23.6851897374292,-5.55188555664477
