"Year","OPR","DPR","CCWM"
2002,-1.30011158456283,-0.16467427245562,-0.791582967805669
2003,-0.435818456590393,-0.208347375145575,-0.106986064169758
