"Year","OPR","DPR","CCWM"
2008,-1.09239694027881,-0.609960548326408,-1.56645961953995
2009,-1.32402391476943,0.868895983153597,-0.397182043456039
2010,-1.12016313027004,0.735948160880375,-0.414186797972724
2011,-0.155570811520701,-0.131578407398136,-0.258752568737663
2012,-0.369028014465847,0.851716862135665,0.343762605060033
2013,-0.674853905467672,0.576768680150652,-0.281031687817396
2014,0.0302378871900827,-0.75577554730352,-0.514545571208492
2015,-0.711149249618429,0.788291966063854,-0.0761082452128198
