"Year","OPR","DPR","CCWM"
2008,0.893382809941007,0.243983433839374,1.06831516680233
2009,-1.33428014317038,-2.15413242087801,-2.38567254929448
2010,-1.05727703671746,-1.06227690112988,-1.82507923198768
2011,0.0233928437196,-0.00119965661409152,0.0222529643002477
2012,0.102184047312748,-0.175627128556119,-0.0407822516870805
2013,0.277852393405714,-0.64968016509657,-0.242450701998826
2014,1.02986785517493,-0.532003009674815,0.584310591944019
2015,-0.321616723396675,0.00453170971160542,-0.438301603171914
2016,0.444976813840775,0.413852359998618,1.0053632901373
