"Year","OPR","DPR","CCWM"
2008,-0.190096834130337,-0.152601317648058,-0.311377128546664
2009,0.890549011697184,-1.24002900736709,-0.162471371009124
2010,1.06144502921616,0.177270662375365,1.10643503573815
2011,3.15319649654092,-0.523555490182201,2.71235772862642
2012,3.25213892931413,-2.35154372363973,1.62774507352244
2013,2.82528870807096,-1.71863605767317,1.78129173858755
2014,0.742916199747951,-1.09736056574561,-0.0911129565547339
2015,0.92279676293262,-0.0603617962761907,1.20325036530511
2016,1.99232939024092,-1.13467223226366,1.49373615931821
