"Year","OPR","DPR","CCWM"
2008,-0.67338468722624,1.53222894757955,0.627474625295283
