"Year","OPR","DPR","CCWM"
2008,-1.00878767104135,0.72566589405474,-0.370492156961562
2009,-0.581230452874185,2.49705176481447,1.21201455520885
2010,-0.308133309161671,-0.79812261152559,-0.930685228078457
2011,-0.860261212350775,0.358265876261073,-0.569010831611057
2012,-0.039064270760693,0.508678759022392,0.414539916951345
2013,-0.790010096720283,0.473321962590004,-0.504381379763538
2014,-1.34078209061859,-1.08166855085664,-2.03529358745005
