"Year","OPR","DPR","CCWM"
2008,-0.551988029776819,0.154347675759653,-0.405362449053915
2009,-0.436348709150804,0.822165899458663,0.220222415026421
2010,0.921737929609473,-1.0647257032319,-0.0339753954346158
2011,-0.801842485360078,0.938717379411432,-0.0503718726702676
2012,-0.367039641334538,-0.771917203830524,-1.12096941713394
2013,0.360940814225957,-0.414948271720309,0.057801419877321
2014,-0.647442106097315,0.24302828573639,-0.433011160914152
2015,-0.179637442215733,0.39124098980071,0.201225556992068
2016,-0.862674738867,-0.483254986485843,-1.62787780368036
