"Year","OPR","DPR","CCWM"
2008,-0.293760287153944,1.67075787184109,1.11053016661752
2009,-0.249075078340728,-2.4402170864559,-1.78091601846594
