"Year","OPR","DPR","CCWM"
2011,-0.217930269822157,-0.806620377628321,-0.856374596281724
2012,0.616984435123206,-0.762906711574264,0.0225851035134347
2013,-0.484365970115631,1.10060149597947,0.394889087517658
2014,0.345688927908157,-0.0274666942744247,0.304681761158188
