"Year","OPR","DPR","CCWM"
2008,-1.04888411625538,-0.0919205731045244,-1.09186108062605
2009,-0.52161288140286,1.59570673891543,0.66488181995853
2010,-1.3945828023969,0.0525475823421959,-1.22067920290061
2011,-0.558420436653242,0.572977776225484,-0.0991813497920905
2012,-0.763788050646419,-0.18783722599633,-1.05101384916433
2013,-0.295188223611954,0.221591669534618,-0.149594443719437
2014,0.229276824999414,1.93344774640166,1.60408600802159
