"Year","OPR","DPR","CCWM"
2008,-0.505179663682279,1.24220904982123,0.54814171202781
