"Year","OPR","DPR","CCWM"
2008,0.617728096882262,0.180569404284779,0.748592351759521
2009,-1.91354879735623,-1.14241238460074,-2.14556993448587
2010,0.237855147681993,-0.836870943325221,-0.467617729415028
2011,0.309877558762075,0.928573084664785,1.0443745995764
2012,0.971875204694972,0.477376555731214,1.55272635648171
2013,-0.396937094829721,0.762869267269857,0.202775834529306
2014,-0.647020070318217,0.160868259167912,-0.4916359561319
2015,-1.55440265355478,1.62183244866208,-0.282463140922561
2016,1.05738747022195,-1.01694649067985,0.375248985476838
