"Year","OPR","DPR","CCWM"
2002,-1.2369041326997,-0.546956923137031,-0.43153932863415
2003,0.93845818965747,-0.766140389996318,0.982437887665399
