"Year","OPR","DPR","CCWM"
2020,-0.359993188743748,-0.86837730812514,-0.905679407671455
