"Team","OPR","DPR","CCWM"
2002,8.89710940594858,12.1470207866492,-3.24991138070057
2003,33.0854450259187,16.746097916355,16.3393471095638
