"Year","OPR","DPR","CCWM"
2007,-0.356644287819398,-0.130182831208598,-0.330271186855251
2008,1.12445219186829,-1.73179651236702,-0.357536005885788
2009,1.81796694808886,-0.796510105700596,0.805208569118025
