"Year","OPR","DPR","CCWM"
2013,0.659872545883477,-1.11798609155099,-0.206578734823192
2014,2.45332936907806,-1.10723544748732,1.50693590019195
2015,2.10105226274834,-0.784682905610752,1.99689206491454
2016,3.00858022158581,-1.69859947677468,2.27061147259781
2017,1.36911530998213,-1.2232399518918,0.566905581723891
