"Year","OPR","DPR","CCWM"
2013,0.659872545883477,-1.11798609155099,-0.206578734823192
2014,2.45332936907806,-1.10723544748732,1.50693590019195
