"Year","OPR","DPR","CCWM"
2020,-2.10702144843199,2.19797008917974,-0.629556218724406
