"Year","OPR","DPR","CCWM"
2002,0.897908290664436,2.47049271497489,-1.39504103442842
2003,-0.303281244076171,0.855462950874135,-0.69382228427292
