"Year","OPR","DPR","CCWM"
2007,0.760116758508192,-1.9022092472511,-0.942015638852496
2008,-0.195178939760862,-0.289004239817946,-0.430171806967334
