"Team","OPR","DPR","CCWM"
2002,17.4949453139342,26.1856447708785,-8.69069945694436
2003,19.5753101074257,36.9192700072098,-17.343959899784
