"Year","OPR","DPR","CCWM"
2008,0.0391400391559551,0.612012070744072,0.548819242236918
2009,-0.186900061969048,0.261813643574479,0.0351254840226343
2010,-0.287472105891411,0.191386598481761,-0.104239734837797
2011,-0.216019950446116,-0.85692431630406,-0.894404520783051
2012,-0.00495693006599567,0.1602460255427,0.139069942737777
2013,0.846903883250346,-0.192574772772706,0.81425469037457
2014,0.161161052629177,0.607245538001798,0.58746580546861
2015,-0.521258683275391,0.677446778039167,0.0585535926548814
