"Year","OPR","DPR","CCWM"
2008,-0.616146179365505,1.55484240117275,0.701749526678625
