"Year","OPR","DPR","CCWM"
2008,0.149476029027788,-0.106070079277721,0.0561117226854346
2009,0.264897353277712,0.702146793597694,0.653501959753445
2010,1.57148536801196,-0.0270586745929713,1.40176953433315
2011,-0.323817971186345,-1.33597097000287,-1.38154411063673
2012,1.15444585717422,-0.296492000347006,1.06415994206259
2013,2.69998806544316,-2.15290844111397,1.25874044678028
2014,1.56570088033565,0.266618162881856,1.66086597376824
2015,2.21253434547169,-1.23427800728735,1.63472174404356
2016,1.64933392463536,-0.544249108932087,1.63430375342462
