"Year","OPR","DPR","CCWM"
2020,-0.650587346193562,-0.151324555999833,-0.726929651919966
