"Year","OPR","DPR","CCWM"
2007,0.822423544066827,0.484814614518854,0.901012552583053
2008,0.196425950472755,0.347747850658152,0.48042085962664
2009,0.429377921810325,-0.490347383493317,-0.00786921398491917
