"Team","OPR","DPR","CCWM"
2002,10.6018286220514,7.85844697537785,2.74338164667357
2003,24.5638331470389,27.9659796739656,-3.40214652692667
