"Year","OPR","DPR","CCWM"
2002,-0.813628345649177,-1.46873925090464,0.62980472194804
2003,0.15522237648334,0.135760295744665,-3.63769430143325e-06
