"Year","OPR","DPR","CCWM"
2008,0.301487998760606,-0.218717217521432,0.10918688889371
2009,0.0225923079906647,-0.744001013338739,-0.471053986897434
2010,-0.475281520033602,1.54748287370428,0.832560141856207
2011,-0.87725292133174,0.478025823295088,-0.490815852334095
2012,-0.413265366382998,1.29156942994667,0.690146023394552
2013,-0.507406506383535,0.195593918604237,-0.418147879643598
2014,0.586177374404663,0.00756558577681737,0.555534851168417
2015,0.615738165823053,0.62446355586378,1.56564744044243
2016,-0.750028211198093,-0.0838482138576364,-1.07675584401692
