"Year","OPR","DPR","CCWM"
2008,-0.0129831808227428,1.38951695011756,1.14747483762217
2009,0.418374618974507,0.248350342901505,0.468169793560755
2010,0.154514828695266,0.975572509267685,0.936348297966609
2011,-0.424915215939761,0.719345001106825,0.149420214798339
2012,-0.338727999393959,-0.932272759680053,-1.23319056338249
2013,-0.793001604117908,-0.211884364011852,-1.10320277985224
2014,0.168273199385397,0.316343120351025,0.385166218122063
2015,-0.598117534890821,0.728962675252314,0.0116805669261178
2016,0.235011744867153,0.177657034713199,0.489785827818825
