"Year","OPR","DPR","CCWM"
2008,-0.725874679130398,1.03592234118113,0.162332021220028
2009,-0.927973097431715,-0.12447657237343,-0.759015447254883
2014,1.05130664460448,-1.24582594383791,0.0916447526195094
2015,0.278998266087927,-0.620601430511034,-0.327395921905286
2016,-0.24497727555313,-0.628149495290573,-0.956480619296273
