"Year","OPR","DPR","CCWM"
2008,-1.37338885657231,0.972536332656048,-0.517256896507521
2009,0.0289737995924674,-0.169227317251476,-0.0897437138437025
2010,0.349226372835849,0.904804261073799,1.05500096677051
2011,-0.698739339562614,1.41277316572479,0.428149401718905
2012,-0.565537729629293,-1.45464598556939,-1.96688193968134
2013,-1.03878175697256,0.946990340459345,-0.381156681166949
2014,-0.136780651983176,1.89863519264814,1.23555010971324
