"Year","OPR","DPR","CCWM"
2008,0.153671617316537,-0.00372654100569312,0.145613897810868
2009,-0.173960768879773,-0.813694758499565,-0.660213645620661
2010,-0.64308442139836,-0.872221074451356,-1.29465617664944
2011,1.48003776961816,-0.176379524803453,1.32817166939235
2012,1.14711937770171,-0.521611701931334,0.852300545276538
2013,2.88352211967474,-0.0628153124639025,3.287475788183
2014,3.43177874730351,-1.28874825870741,2.29477241779412
