"Year","OPR","DPR","CCWM"
2008,1.40827532934237,-0.108288971661876,1.27253846414333
2009,-1.03980818695146,0.119966824915771,-0.680473300859953
2010,-0.18007448066197,0.364691985402562,0.134536004066967
2011,-1.1693033288942,1.05854272494919,-0.319781368874235
2012,0.393282353155373,0.900580996833317,1.26750300459322
2013,0.215102969147943,-0.035810593393658,0.218193516294262
2014,-0.627717891836288,-0.416678856295022,-0.888411178411034
2015,-0.597827382027532,0.869501156309981,0.173345782489888
2016,0.800921189987468,-0.19854784962151,0.859803841892155
