"Year","OPR","DPR","CCWM"
2008,-0.562088386416,0.283579867086996,-0.307248011409634
2009,-0.927111806662967,-0.468556954652762,-0.983863998207271
