"Year","OPR","DPR","CCWM"
2002,-0.716835415193289,-0.159824422073536,-0.379577797465727
2003,-0.539482233674507,-0.661117388678319,0.117192485460041
