"Year","OPR","DPR","CCWM"
2008,0.109324980987154,-0.0626216031612574,0.0535261353753157
2009,-0.0333810247967702,0.691933725204955,0.429058020084438
2010,-0.739073385399651,0.158849865635929,-0.539976152778143
2011,-1.37346746306926,0.88758438099909,-0.657992084952608
2012,-0.985783356766578,0.807141298109594,-0.408154662617935
2013,0.062411431765831,0.424138087479806,0.440856194071762
2014,-0.801535306917727,1.81370867383626,0.550700805270083
2015,0.0151991550995637,-0.0576318125129497,-0.0451720888056968
