"Year","OPR","DPR","CCWM"
2008,0.37095498074294,0.2137291362891,0.537446184469392
2009,-2.19865635851521,0.386569375447633,-1.35175800050217
2010,0.293861012380448,0.0656335209198224,0.319831089111521
2011,-1.17027432359956,0.432550180340669,-0.81757837887533
2012,-0.305968818561404,0.434978044962295,0.0399810249803938
2013,-0.091537795466683,-0.762154107587957,-0.768305644203925
2014,0.940800939500175,-1.14980665119429,0.0569171882306853
2015,-0.416020630473072,0.759218301050086,0.29750550174027
2016,-0.984936120703683,0.386359980217154,-0.914200011958321
