"Year","OPR","DPR","CCWM"
2008,0.234725878031386,0.71737156004889,0.82606878324819
2009,0.0229247034091771,-0.817363544263911,-0.518886103225978
2010,-0.333771465469617,0.56004680115655,0.154743527669819
2011,-0.820223948134703,0.480095108875502,-0.432602238062333
2012,-1.34002618938759,0.329475301561515,-1.24848934021504
2013,-0.421969787880866,-0.77022148206166,-1.15829175801457
2014,1.00565599891337,0.449174471711827,1.26643208490558
2015,0.269654613438769,-0.550625473858974,-0.259984578442609
