"Year","OPR","DPR","CCWM"
2008,-0.0922676472449289,0.184700705918176,0.0649000346936822
2009,-1.41219192921139,0.942725022549827,-0.413166596692015
2010,-0.682671146230285,-0.130943604992517,-0.725427591795896
2011,-1.1466027928495,0.080808219508594,-1.07326516571158
2012,0.0528872677663249,-0.60238351512749,-0.483256750296479
2013,-0.550624424568082,1.55048315861295,0.708982349048517
2014,-1.29072075554368,0.720838059625181,-0.693456399001467
2015,-0.580497339397477,0.764492137202716,0.0767477369300617
