"Year","OPR","DPR","CCWM"
2002,-2.24062355426324,-0.94902078550486,-0.816145542806173
2003,1.3551466863226,-0.96353370264371,1.33025752804603
