"Year","OPR","DPR","CCWM"
2007,4.13983670233371,0.202463866496373,2.84549752861357
2008,2.76337157802788,-1.3210823085947,1.57151269910966
