"Team","OPR","DPR","CCWM"
2002,4.85468638563363,10.2764267226632,-5.42174033702961
2003,37.6190191848734,14.2904731866463,23.3285459982271
