"Year","OPR","DPR","CCWM"
2007,4.13983670233371,0.202463866496373,2.84549752861357
2008,2.76337157802788,-1.3210823085947,1.57151269910966
2009,1.30294890999443,-0.320856611635554,0.740929217565911
2010,4.30548099179773,-0.935737931331227,3.13718406827224
