"Year","OPR","DPR","CCWM"
2002,-0.413090223223204,0.310536904624179,-0.550473659533041
2003,1.6644976802771,0.590703258254225,0.535536634769433
