"Year","OPR","DPR","CCWM"
2007,0.0102617726500086,0.0952423267634393,0.0785943338658197
2008,1.15994653684373,-0.743840964061476,0.501611813572593
