"Year","OPR","DPR","CCWM"
2008,-0.42040670852432,1.0905317885118,0.50355790278802
2009,-0.419541060093214,-0.941836014273153,-0.92346539379356
2010,-0.878336525171696,0.263476899803432,-0.580750793121278
2011,-0.262331076135528,0.532423666878774,0.162344962213878
2012,-0.0627461306731416,-0.848063507758617,-0.838662896827178
2013,0.96912775579467,-0.802637799552102,0.425849815018162
2014,0.686171402644449,-0.193835403728545,0.504695217006989
