"Year","OPR","DPR","CCWM"
2008,-0.653217193620272,0.0759264488998234,-0.568803164068554
2009,-0.558086763908605,2.03992089716731,0.929350300003559
2010,-0.0178130003391922,-0.680888243473955,-0.571941031288772
2011,0.458225216982036,1.12967484686415,1.35114084278367
2012,-0.543726723934426,-0.632908169893173,-1.19923835531783
2013,0.837497835176811,0.0484972334616161,1.01281278240554
2014,-0.260618688194984,-0.536865684066245,-0.63024373979357
