"Year","OPR","DPR","CCWM"
2008,-0.597561467423953,0.520387767489218,-0.143879837411725
2009,1.64271088344473,-0.50545913455842,0.867993829000691
2010,0.0903740327872258,-0.712445809858982,-0.49967736780977
2011,0.0193825405413204,0.460273759415535,0.384534152087375
2012,0.710022308740297,-0.0900950563841809,0.737852114390276
2013,-1.04011488031307,-0.0314195688305449,-1.23281133965436
2014,-0.10211782517095,0.379087970303268,0.176490590163002
