"Year","OPR","DPR","CCWM"
2008,-0.319210662542822,0.848630748413037,0.399545090190594
2009,-0.310565610956762,-0.68685717287421,-0.676821668923572
2010,-0.797243117824398,0.576232012871351,-0.251976963665727
2011,0.0409351481921813,-0.551649243923862,-0.39722287126661
2012,0.698713126301866,0.465324395829387,1.22664946968114
2013,-0.676835623599396,1.3222811267648,0.364423742057894
2014,0.906554035064407,0.243605075684451,1.02575575454678
2015,-0.671536056405085,1.21200207757984,0.464716281590614
2016,-0.146170160521231,0.672788724026632,0.483900127402651
