"Year","OPR","DPR","CCWM"
2008,-0.305550545838381,0.677344607343112,0.269767029176558
2009,-1.02342232930984,1.45540081570948,0.206604308537363
