"Year","OPR","DPR","CCWM"
2008,-0.772999183934202,1.96512152991553,0.89246762404909
2009,-0.273486930828469,-0.274589001676114,-0.379592170534477
2010,1.96891044616912,-0.405996221163721,1.45253733309873
2011,0.799821308721929,1.07258279823973,1.6446829362653
2012,0.123354790339589,0.774075052397749,0.841744118830478
2013,-0.19883499283665,0.86603809282592,0.522019878270794
2014,-0.328719319658033,-0.731631596495242,-0.834065931838222
