"Year","OPR","DPR","CCWM"
2008,-1.39311162482209,1.00249126197128,-0.511336885745795
2009,2.0761321024622,0.269782128663406,1.69242187521379
2010,0.572924790766321,0.763067274720753,1.14198644781544
2011,2.77684433365324,-0.598530490788923,2.27952036386905
2012,1.63518097857297,-0.383890002099506,1.53988665470824
2013,2.49951317821376,-0.642392907933384,2.33882580104723
2014,0.472239157227772,-0.310710539176733,0.219970866011536
2015,2.21010634702422,-2.9438253702257,-0.330297882606984
