"Year","OPR","DPR","CCWM"
2008,-0.744181876818319,0.553053883654073,-0.25850925884043
2009,-0.17262130691335,-0.741387720733883,-0.611852697331333
2010,-0.48886224705763,0.712151513812779,0.138383617474399
2011,-0.174837949650427,0.549490216394048,0.262681167848559
2012,-0.460312378552421,-0.509254817518317,-0.99126461349357
2013,-0.378373707838412,0.78919784925672,0.247167209538704
2014,-0.709503169710121,0.807537395829245,-0.085729190707115
