"Year","OPR","DPR","CCWM"
2008,-0.906166361269264,1.33496708836632,0.237501747020406
2009,-0.0114503791653303,0.973297800484362,0.629447041460939
2010,-0.444227076177657,0.3000098621261,-0.157600914717746
2011,-0.630918690890434,-0.398388843315913,-0.942045878193582
2012,0.725594922864229,1.48098555437221,2.17536242029855
2013,-0.452544794839547,1.19186764977695,0.511068687994449
2014,1.32913516269734,-0.403346501200559,0.957581222092159
