"Year","OPR","DPR","CCWM"
2008,-0.230971233635032,1.61339226070851,1.12340631454188
2009,-0.390699439094743,-0.0422630526082724,-0.312916299681661
2010,-0.361235925536273,0.801982734979334,0.327348710044869
2011,-1.00379286360414,1.0658977272304,-0.149761766283044
2012,-0.4192723147003,-0.302734542047309,-0.757310318519246
2013,-0.544999421537178,1.20392268472506,0.414386351722229
2014,-0.0592490227708353,1.13161326430227,0.757308497354739
