"Year","OPR","DPR","CCWM"
2002,-0.067488752226615,-1.08152842857125,0.84293873026534
2003,-0.101235047966262,-0.743874489685316,0.4057144754173
