"Year","OPR","DPR","CCWM"
2007,0.125881265245056,-0.218688301525708,-0.0832620812603653
2008,-0.0956415363272892,-0.377987273849572,-0.408126068019237
2009,-1.41670781713179,-0.703884138477764,-1.49549320068527
