"Year","OPR","DPR","CCWM"
2007,0.125881265245056,-0.218688301525708,-0.0832620812603653
2008,-0.0956415363272892,-0.377987273849572,-0.408126068019237
2009,-1.41670781713179,-0.703884138477764,-1.49549320068527
2010,-2.04338059241071,-1.29439535365336,-2.90802214106456
2011,-0.640486481206919,-1.02307480252027,-1.44733368620426
2012,-0.890195913017251,0.0663805298391493,-0.967172010073756
2013,-1.2680088535828,1.54063884800058,-0.131032526952091
