"Team","OPR","DPR","CCWM"
2002,13.6068634993494,9.6599375681965,3.94692593115294
2003,21.7735743286123,17.023091572825,4.75048275578723
