"Year","OPR","DPR","CCWM"
2008,-0.227477588704517,-0.264542087586097,-0.441008517995571
2009,0.175164755177526,0.828192883912407,0.670593270482086
2010,-0.338900140364661,1.71443613548443,1.09241168123028
2011,1.30763313649997,-0.860993568854945,0.613790551585239
2012,1.71295205971483,-0.883706518887319,1.17801590504866
2013,-0.861616900740345,0.348789404115727,-0.695577370950749
2014,2.23340077999106,-0.294721913784558,1.88422419701435
2015,0.178746778781501,-0.462552062444146,-0.28428179269664
