"Year","OPR","DPR","CCWM"
2008,0.369069360129874,0.297742681403464,0.605760082271449
2009,0.763298866724403,1.31240976067942,1.41725640730947
2010,-0.431229594204555,0.783207570387294,0.24860441589466
2011,0.341859486117267,0.918436183635112,1.06805445856594
2012,-0.553545992585874,0.247617375544889,-0.414973910994714
2013,0.0839085861430628,0.929301486658987,0.904692344841779
2014,-0.068024294224539,-0.605022237463357,-0.498464180950264
