"Year","OPR","DPR","CCWM"
2008,-0.784461222003576,0.187792220449106,-0.602431223504655
2009,-0.318041227858685,-0.878328568682309,-0.807751079285787
