"Year","OPR","DPR","CCWM"
2008,-0.514268698918302,0.403411836354947,-0.16092573463059
