"Year","OPR","DPR","CCWM"
2008,0.0621098549850954,0.56651143019358,0.533063400280463
2009,-0.700389329043944,0.66285964690579,-0.0769284247324586
2010,-0.969755755287089,0.82024442901176,-0.209098864703961
2011,-0.759343999875164,-0.340445868847353,-1.02345267249292
2012,-0.0737799046103282,0.0716081019411302,-0.0204295784549011
2013,0.452074382259019,-0.977038944891084,-0.324956011328205
2014,-0.720304987512996,0.127059779763153,-0.584697232702868
2015,-0.231899222355929,-0.262222635706309,-0.62067863529254
