"Year","OPR","DPR","CCWM"
2008,0.613096200594955,0.331647308576387,0.870237145657023
2009,-0.827609263985245,-2.68629676746982,-2.36451864770765
2010,-0.36559898393017,0.557441561811129,0.123779315552902
2011,0.568230887547624,-2.49723411967171,-1.41831855334341
2012,-0.378968102103733,-0.390110042161019,-0.789753116131261
2013,0.769597833951716,-0.424523137303861,0.523122961678755
2014,-0.768610192199478,0.31690360603567,-0.493652316524118
2015,-0.91637117953555,1.26890310587932,0.192387387957192
