"Team","OPR","DPR","CCWM"
2002,14.1065485931007,11.0304834648335,3.07606512826723
2003,27.5914054684099,10.4629973683231,17.1284081000869
