"Year","OPR","DPR","CCWM"
2007,2.59763132260167,-0.543440122368135,1.27917279519288
2008,2.72452174714283,-1.70818417768276,1.21074090811907
2009,1.79213851103825,-0.234007850388844,1.15496319762706
2010,4.97722291064425,-1.52394710195532,3.26567282053733
