"Year","OPR","DPR","CCWM"
2007,2.59763132260167,-0.543440122368135,1.27917279519288
2008,2.72452174714283,-1.70818417768276,1.21074090811907
