"Year","OPR","DPR","CCWM"
2008,-1.54036995730243,1.06509270078198,-0.601592151427928
2009,0.0227537938794329,-0.0940576714036893,-0.0450255020854403
2010,-0.433636827772562,-0.587413188829729,-0.872398989870845
2011,-0.58874711388953,-0.153590510352515,-0.705922762450653
