"Year","OPR","DPR","CCWM"
2008,0.824316850547489,-0.361626834199997,0.495877858188774
2009,-0.152606804138911,-0.583589487774781,-0.493835726311612
2010,0.21542208869346,1.42989807835768,1.36239467398179
2011,0.72524982388881,-1.32589100321499,-0.332895596247154
2012,0.245977538892052,0.105663826631122,0.379292435243903
2013,-1.07864320511117,-0.13366915137784,-1.36630780234039
2014,-0.889724246616752,-0.591017409662999,-1.2595305148637
