"Team","OPR","DPR","CCWM"
2002,17.9919388702288,20.939733800812,-2.94779493058313
