"Year","OPR","DPR","CCWM"
2008,0.300731427540499,-0.188758320187808,0.133465897089474
2009,-0.789983145648483,-0.536023505498149,-0.927967485027171
2010,-0.415539684177274,-1.59459130739736,-1.67815009592372
2011,-0.16385957904473,0.578132616967436,0.296304149080396
2012,-1.51204475246703,0.288213370743665,-1.48425443470484
2013,0.062185521778106,-0.280658866141144,-0.171781507441296
2014,1.44548370303559,1.77656301273721,2.6327387391794
2015,2.41246482733364,-0.940154472889725,2.24792190719833
