"Year","OPR","DPR","CCWM"
2008,-1.43643793474195,0.202286987765365,-1.22132015921536
2009,-0.117214875945699,1.30801497366709,0.771577668197866
2010,0.00429351278907313,-0.446478603588527,-0.360565290568796
2011,-0.880452452393795,0.289925874164451,-0.643279684308496
2012,-1.29849940528343,0.126206633343489,-1.38423615993206
2013,-0.722485387342186,1.43758840585007,0.411701706221639
2014,-1.11202177356237,-0.178611458058983,-1.17188848522594
2015,-0.0896266282504511,0.338694868913407,0.265052658242484
2016,-0.560148018465541,0.340486779541514,-0.398352520637411
