"Year","OPR","DPR","CCWM"
2008,-0.680642097701435,0.857847744615442,0.0574427720312102
