"Team","OPR","DPR","CCWM"
2002,12.9240116934969,13.498845124755,-0.574833431258085
2003,17.7825615590499,34.9279857913136,-17.1454242322637
