"Year","OPR","DPR","CCWM"
2007,-0.588491107553324,0.825430904553851,0.240540599636669
2008,-1.24432126213925,0.979516739723289,-0.386516320500171
