"Year","OPR","DPR","CCWM"
2002,-0.237038454506534,-0.256396974783791,0.0421865602080187
2003,-0.468055806337559,0.695395256880501,-0.683942095487385
