"Year","OPR","DPR","CCWM"
2007,-0.588491107553324,0.825430904553851,0.240540599636669
2008,-1.24432126213925,0.979516739723289,-0.386516320500171
2009,-1.63945374975147,0.263942657689375,-1.02388279286125
2010,0.536655986659625,0.16063404083224,0.617365325959367
2011,0.173220465413895,-0.308436985700954,-0.0729680653512598
