"Year","OPR","DPR","CCWM"
2008,-0.315598411705441,-1.13073626872377,-1.24943615443868
2009,-0.638448337282336,0.87677597149952,0.108470436402436
2010,-0.934832056973445,-1.44542292640019,-2.02689474395239
2011,-0.387163853608503,0.549292792773273,0.0519026342506091
2012,-0.841619699027485,0.848140656091147,-0.20476711082694
2013,-0.29544185589523,-0.647627070749649,-0.905125186054935
2014,-1.2032542909563,-0.269166143342614,-1.32255721015042
2015,-0.743500719914348,1.78233944551823,1.01992950416873
