"Year","OPR","DPR","CCWM"
2008,-1.4599831173721,-0.859015382785298,-2.13013714712084
