"Year","OPR","DPR","CCWM"
2008,-0.367461788614831,1.07102767435808,0.538515516513863
2009,1.14480750074789,-0.0880753927802923,0.778024225322994
2010,-0.0102595233010413,0.211580385716108,0.163414964108534
