"Year","OPR","DPR","CCWM"
2008,-1.68631598032491,0.357143576863881,-1.33387252486199
2009,-0.53372951831236,-1.09065701620495,-1.10434907901993
2010,-0.72701720847443,1.29904386378161,0.401674983645478
