"Year","OPR","DPR","CCWM"
2008,-0.625265705991909,-0.856908692513199,-1.32053009432449
2009,-1.8255774561169,1.76631079409028,-0.175249990214806
2010,0.284622707130317,-0.912159396203153,-0.48670071542618
2011,-0.368150974132621,1.03007224398385,0.452344919977148
2012,-0.0884812727694351,-0.215837416358531,-0.29711264235786
2013,0.03040147852309,1.53663403849112,1.37036876384932
2014,-0.0179335525846088,-1.16575395675386,-0.854266193592869
2015,-0.842434338929323,0.950830977598714,-0.0706369231089507
