"Year","OPR","DPR","CCWM"
2002,1.61684684117185,1.12638621161962,0.225127397505745
2003,0.650877076916423,-0.658344299213656,0.759992107532288
