"Team","OPR","DPR","CCWM"
2002,20.3904295342513,19.9322161942979,0.458213339953403
2003,29.9565602312563,18.0871096393037,11.8694505919526
