"Year","OPR","DPR","CCWM"
2008,-0.302111423680619,-0.0857404758050643,-0.363967161223747
