"Year","OPR","DPR","CCWM"
2008,-0.362056932823026,0.259936187491262,-0.133394426997132
2009,-1.19718619772216,-0.635568107064425,-1.29046870706996
2010,0.802433596735038,-2.04840205657492,-0.945036011222861
2011,0.364918818116128,-1.1173702949981,-0.52483730137231
2012,-0.460064003791347,-0.919361315546216,-1.36152766699966
2013,0.629107213299106,1.12537592446295,1.70695026767772
2014,0.701380225263132,-0.415071923184519,0.360039496886793
