"Year","OPR","DPR","CCWM"
2008,0.407365382336603,0.110124071214895,0.486189725576106
2009,-1.03308489976609,0.262009544893455,-0.582483929930154
2010,-1.14094122634637,-0.986615487131425,-1.83912229685775
2011,-0.434608040399867,0.213370202852783,-0.261773699588524
2014,-0.839102438016532,1.57018112337313,0.34050423731498
