"Year","OPR","DPR","CCWM"
2008,-0.135330427972963,1.00025129533899,0.704086930618468
2009,0.93095902212106,-1.10412380326179,-0.0439117220348923
2010,-0.264251221535416,0.636006829582664,0.279738232708973
2011,-1.31010150814224,-0.856484784076772,-1.97935648210356
2012,-0.742460040063481,-0.108405145330326,-0.954634137748203
2013,-0.852894016201196,0.0252440680481941,-0.966585739712989
2014,0.231440334615532,-0.0897910604811451,0.152693189715077
2015,-1.10763295700103,-0.902340424202764,-2.56281656942489
