"Year","OPR","DPR","CCWM"
2008,-1.93621325402169,-0.654105397479531,-2.41996829916327
2009,-0.067927973828779,0.0963996079044475,0.0135818112718448
2010,0.41117058306779,0.529520331371099,0.804785975823135
2011,0.0894347029344635,-0.403846282094178,-0.231805237530249
2012,0.469485171803131,0.179143599908975,0.703578301312731
2013,-1.04767803938974,1.10788011268038,-0.251675578489942
2014,0.332452257494887,0.52497077821133,0.689111299514239
2015,0.0991392705447995,0.0437535728662871,0.186916997551009
2016,0.568157856421213,-0.7480423302095,-0.0013349724519609
