"Year","OPR","DPR","CCWM"
2008,-0.722033105264498,-1.04610585774636,-1.57213410799655
