"Year","OPR","DPR","CCWM"
2002,0.660255345227364,0.820502929579479,-0.205109806441055
2003,2.97713089002681,0.161758673310368,1.51181470629652
