"Year","OPR","DPR","CCWM"
2008,0.644627804511957,0.254858982954485,0.836646926152843
