"Year","OPR","DPR","CCWM"
2008,-1.04863903928956,-0.2088089867735,-1.189208342074
2009,-2.20004041022685,-1.65221264223868,-2.68879079595081
