"Year","OPR","DPR","CCWM"
2008,-0.369382527855598,1.09594545043707,0.557459243803516
2009,0.676266606624427,1.49780339970427,1.47520973510367
2010,-0.329513800654298,-0.975031285782978,-1.09446575933417
2011,0.523453287147921,-1.02231781027824,-0.292134524062042
2012,1.35237156435992,-0.909389753507151,0.738755260079258
2013,1.1433075758287,-0.148127294379552,1.1964109183459
2014,-0.59512472078495,0.229676993982098,-0.393504841583855
