"Year","OPR","DPR","CCWM"
2008,0.203273321943733,0.902450491921176,0.950142064484058
2009,-0.657934598731176,-0.648341999582355,-0.905171258732906
2010,-0.901788421097341,1.64523389439672,0.525913119657428
2011,-0.423331764015228,-0.304898069832736,-0.661923811600985
2012,0.0764433592183536,-1.04078014319759,-0.852187670088115
2013,-0.179766452020736,0.0536058232890178,-0.161776142357497
2014,-1.03659048948515,-1.23780884845113,-1.86198968699296
2015,-0.14775378147744,0.606900895309215,0.492657787626311
