"Year","OPR","DPR","CCWM"
2008,0.803299372745325,-0.616150370827806,0.263047605178975
2009,1.14713537448999,1.23740925405208,1.64831927994301
2010,-0.425305330453767,-0.603583147658583,-0.878049523836789
2011,-0.277328394851201,-1.11556094082472,-1.1604940053301
2014,0.893073308036461,-0.0245851115930315,0.820446382654716
2015,0.483030182577594,-0.73581494971464,-0.178246078507889
2016,1.1650725555976,-1.18168689911676,0.35188103653033
2017,1.33602208986848,-1.45163388687672,0.310388923203905
