"Year","OPR","DPR","CCWM"
2008,-0.567874311598024,0.714728558642774,0.0470973749870556
2009,-1.6291911959541,1.20242178030049,-0.401401549351764
2010,-0.660884925967453,0.0943673467344522,-0.521769211879283
2011,-0.775421682350266,1.076640872403,0.0853031319697068
2012,0.344848728302526,-0.0900117511281206,0.316572978430851
2013,-1.47636199628532,0.54560297102825,-1.23707289331589
2014,0.286617122170327,0.497205725684998,0.626151741174455
2015,-1.71746164500083,0.731258271379426,-1.52923362172137
2016,-0.256638619835314,1.11396911761485,0.781876884404356
