"Year","OPR","DPR","CCWM"
2008,-1.03882253175076,0.297018905687084,-0.757416725973152
