"Year","OPR","DPR","CCWM"
2008,0.528129687294452,0.971717232629272,1.3223688992726
2009,1.48318950127859,-0.79121844298577,0.564279638623626
2010,0.397059275456285,-0.399535104791006,0.0336228050845751
2011,-0.440954690912248,0.316892984268747,-0.185906106734347
2012,0.0899496124591882,0.396009774139889,0.461600698847436
2013,0.00889532337609502,-1.02637743404413,-0.881477175653123
