"Year","OPR","DPR","CCWM"
2008,0.889404417881214,-0.849656940180696,0.15143769863263
2009,-0.314442831554922,-0.700925230612548,-0.688871001884814
2010,0.545049094041982,0.226452226741291,0.678696614824617
2011,0.16968732577509,-0.76649473701906,-0.440021231488154
2012,0.616764976983339,-0.400775103795285,0.349534054351989
2013,1.23776384337502,-0.306299601051184,1.168456498536
2014,0.368788798087535,-0.775203881592311,-0.210788031188518
