"Year","OPR","DPR","CCWM"
2007,-1.23488453052772,-0.495496535130058,-1.17734955553649
2008,-0.143639718365527,-0.348675277019086,-0.43010805281059
