"Team","OPR","DPR","CCWM"
2002,9.20216445174953,11.249075335076,-2.0469108833265
2003,31.8947979496006,22.1138558803274,9.78094206927327
