"Year","OPR","DPR","CCWM"
2008,0.456530590509639,-1.54565320210655,-0.84855555515192
2009,-1.45445956722324,1.16705866649446,-0.297016337168829
2010,-0.0256441191046337,-0.822770427731133,-0.694853312202245
2011,0.163262337067834,-0.309431996209572,-0.0836359865755471
2012,0.0428473212207177,-0.311986710358671,-0.2324547559448
2013,0.0579423728278059,0.855840237274512,0.810768871140526
2014,-0.498424407786133,0.657896992078849,0.00486196646773178
2015,-0.552850641340486,1.19807934333628,0.61240452649784
2016,-1.14887341423522,1.63614776425751,0.127056292823138
