"Year","OPR","DPR","CCWM"
2008,0.637445687418561,-1.48766647727686,-0.625053728531176
