"Year","OPR","DPR","CCWM"
2008,-0.445486726661879,0.647545150866056,0.109457206964697
2009,-0.624102612550847,-0.252606201053538,-0.621145667720198
2010,-0.366176388324202,1.31126726560184,0.738595598187815
2011,-0.259717853177147,-3.14091960145241,-2.75049866713989
2012,-0.0267890610791069,-2.64996080076133,-2.42526907561054
2013,-0.212576124944141,-1.31894338313089,-1.39236790590537
2014,-0.202601329786979,0.489884743831063,0.161784010764271
