"Year","OPR","DPR","CCWM"
2008,-0.0898076557835525,1.84174489757037,1.45066641443365
2009,-0.62551367355967,2.02968705301197,0.87342055364598
2010,0.963117574481213,-0.666860856098067,0.328289572105781
2011,1.75832622755577,-0.102960679579356,1.66249727778731
2012,0.00570490999683797,-0.109559054753571,-0.0924089338123355
2013,-0.0508069726847225,0.137479557869419,0.0605654606599235
2014,0.653659807923769,0.0551690301086015,0.653060583367357
