"Year","OPR","DPR","CCWM"
2008,-0.14118617725579,0.576590506691005,0.344725895199864
2009,0.678529456046895,2.04485966151055,1.8353499372704
2010,-1.62674322937685,0.344012300543608,-1.19311069305381
2011,-0.241992932308071,0.563830353102466,0.207446538871276
2012,1.50973396574947,-0.364495797969483,1.41266354155217
2013,0.0848454307881606,0.696548961918636,0.703546828966869
2014,0.222045264050642,-0.405475024329302,-0.0828998336280329
