"Year","OPR","DPR","CCWM"
2008,-0.183623658832994,1.16247962181548,0.792784771218571
2009,0.0996648145820824,0.389311308942954,0.327875339086345
2010,-0.756699158412945,-0.207379865785841,-0.854895340409801
2011,-0.740741339850255,0.277782993454704,-0.514327333647218
2012,0.0441351491649464,-0.172438364771791,-0.10488060192585
2013,0.201947913528167,0.185712678494546,0.395421161730987
2014,0.881124747917614,0.657781472740922,1.299421228848
2015,-0.576486728534575,1.18218817795052,0.561576141282565
