"Year","OPR","DPR","CCWM"
2008,0.0924213214490579,-0.498343511153646,-0.326596425370282
2009,0.858119392624271,1.1477179541862,1.37855472154259
2010,0.67928484478528,-1.36023874207083,-0.49487597480887
2011,0.854262123199491,-1.41317881801736,-0.274196750114357
2012,0.288537909650444,-0.83864566600848,-0.424825450714294
2013,2.5332930642306,-1.6176998313101,1.53056383906421
2014,-0.0408961536447619,0.284924896121844,0.166300839780712
