"Year","OPR","DPR","CCWM"
2009,-2.33710279481118,-5.24426544850795,-5.1427372965692
2013,-0.255586363652437,-0.527786881434168,-0.754806588400457
2014,-0.956409489663957,1.06805408016038,-0.130293235644717
2017,-0.218714129453259,-0.358701716597119,-0.612137653251434
