"Year","OPR","DPR","CCWM"
2008,-0.397859604034284,0.868460430511338,0.339982655189279
2009,-0.437297177791785,-1.06928365417155,-1.01994481187806
2010,-0.888228560154124,-0.883439304945651,-1.52592835261478
2011,-0.974449181784903,-0.316614898497371,-1.21791747450917
2012,-0.950509131220456,1.493380727163,0.252594538406661
2013,-0.732775276773145,-0.0602527422243989,-0.901651443623029
2014,0.0852283407379333,-0.183527052817578,-0.0518565363894726
