"Year","OPR","DPR","CCWM"
2008,-0.642344755003441,0.709051631813281,-0.0297152924718242
2009,0.0370105896197601,-0.0760829641526352,-0.0228387550975585
2010,0.0759202648877669,-0.213875698750091,-0.105796148063571
2011,-0.315052049711994,-1.09449555970808,-1.18119586350687
2012,-1.21034220170183,1.15755280976719,-0.350648652389981
2013,-0.530687294074857,-0.226702995677552,-0.81205121557839
2014,-0.873514348677968,0.0778689924959042,-0.763813960981769
2015,-0.657311055349669,0.545484184055531,-0.280483766346624
