"Year","OPR","DPR","CCWM"
2008,-0.719992813153373,0.860751368907683,0.0217828308799759
2009,-0.179269628938926,1.68865906199498,0.975713688560901
2010,-1.18946331804742,0.952575744306168,-0.300146142151346
2011,-0.699503904956065,-0.694550156595249,-1.24513608927564
2012,-0.388426685406541,0.855620836382876,0.32490692468184
2013,-1.03326689745752,0.358470615419956,-0.886111107003194
2014,0.607225638105769,-0.818046957289392,-0.0178031778454786
