"Team","OPR","DPR","CCWM"
2002,15.5648374894659,6.94491213774765,8.61992535171822
2003,22.5273372820477,34.9774519180739,-12.4501146360263
