"Year","OPR","DPR","CCWM"
2008,-0.766245030149836,1.49115580050826,0.503313437773317
2009,-1.33599936333137,0.2520754084228,-0.81012955198084
2010,2.96884597026647,1.75432515549099,4.12198317354414
2011,-0.710205972507942,0.393916916267694,-0.391864595268711
2012,-0.823075660846824,0.528443331091869,-0.47223102134932
