"Year","OPR","DPR","CCWM"
2008,0.842548532454397,1.71154657831474,2.24431428586844
