"Year","OPR","DPR","CCWM"
2008,0.245924911254688,0.264581586577217,0.458895006337903
2009,-1.54579561603684,-0.820305948409974,-1.66602248078056
2010,-0.700406588113983,0.777634165421898,0.000164881706449257
2011,-0.415584524495359,0.622153053858244,0.0815373303789617
2012,-0.281128730482716,-0.195916844589276,-0.501399184139988
2013,-0.853030091629669,1.56660564615174,0.372497059717769
2014,-0.198677497922832,-1.35747750733799,-1.16161333299374
2015,-0.809566667827905,0.64767617121658,-0.373177292243934
