"Year","OPR","DPR","CCWM"
2008,0.204230533416813,-1.72933790583611,-1.24608362305293
