"Year","OPR","DPR","CCWM"
2015,-0.172910152838934,0.0571389409518048,-0.172873106612918
