"Year","OPR","DPR","CCWM"
2015,-0.172910152838934,0.0571389409518048,-0.172873106612918
2016,0.0233092298328069,0.251796128675213,0.284322458620069
2017,0.999987022881144,-0.698270368561667,0.597772265246197
