"Team","OPR","DPR","CCWM"
2002,15.5235984376214,18.242507546213,-2.71890910859169
2003,15.066098939063,28.9970391597568,-13.9309402206938
