"Year","OPR","DPR","CCWM"
2002,0.408429793127182,0.763201703336897,-0.337504863812511
2003,-0.717730496919953,0.21864113864161,-0.523972306284925
