"Year","OPR","DPR","CCWM"
2007,-0.300127493073235,-0.885805822786044,-0.864102111923039
2008,0.542724129305,-0.263398706694778,0.305355348874591
2009,1.1135512311443,-0.25960850139307,0.642799939277181
