"Year","OPR","DPR","CCWM"
2007,-0.300127493073235,-0.885805822786044,-0.864102111923039
2008,0.542724129305,-0.263398706694778,0.305355348874591
2009,1.1135512311443,-0.25960850139307,0.642799939277181
2010,0.134455669138831,-1.42012926123428,-1.03741088198912
2011,0.591004556007944,0.647842650330762,1.10043700314958
2012,1.52142234417481,-1.05965203118034,0.79804526279133
2013,0.778565901331257,-0.00665155714760625,0.896592563775093
2014,-0.742494416666115,1.75150043445045,0.561419716497503
