"Team","OPR","DPR","CCWM"
2002,13.1641575919802,10.0225139310821,3.14164366089809
2003,37.7437075496498,15.8011958029841,21.9425117466657
