"Year","OPR","DPR","CCWM"
2007,1.50234657260407,-1.57853810098446,-0.214845855578234
2008,2.4972034538479,-0.907094959544807,1.65953028806131
2009,1.75693449487669,-0.399113014784223,1.02106920874046
2010,2.76256091801369,-1.56226817375337,1.22777907058672
2011,2.45544692651081,-1.42886398887101,1.301688545023
2012,1.80856609496037,-1.77116377773308,0.486482372339142
2013,2.07951176890422,-2.01086660283859,0.663012929930649
2014,2.97503278209185,-1.21555133169071,1.91871981155138
