"Year","OPR","DPR","CCWM"
2002,-0.177411072338664,-1.00359658025006,0.700332396373341
2003,1.36660700558696,-0.84209554553343,1.26128110562439
