"Year","OPR","DPR","CCWM"
2007,1.50234657260407,-1.57853810098446,-0.214845855578234
2008,2.4972034538479,-0.907094959544807,1.65953028806131
2009,1.75693449487669,-0.399113014784223,1.02106920874046
