"Year","OPR","DPR","CCWM"
2007,-0.138096089139909,0.168531523553936,0.0374427075095265
2008,-0.198516348699273,-0.463813697161628,-0.579341697194853
2009,0.0569256550324857,0.505123659346459,0.372566916701853
