"Team","OPR","DPR","CCWM"
2002,17.4729256850656,13.228626873523,4.24429881154256
2003,29.5415109306082,6.88667920351621,22.654831727092
