"Year","OPR","DPR","CCWM"
2007,-0.138096089139909,0.168531523553936,0.0374427075095265
2008,-0.198516348699273,-0.463813697161628,-0.579341697194853
2009,0.0569256550324857,0.505123659346459,0.372566916701853
2010,-0.54356346274935,-0.628209929376389,-1.00530084096179
2011,-0.283643230656263,-1.20351787806585,-1.23656726656273
