"Year","OPR","DPR","CCWM"
2009,-0.965347029688987,-0.619978351803809,-1.11100381996338
2010,2.12366866517054,-0.971667171128305,1.13100645360046
2011,1.83716953087767,2.26664062267481,3.62139800176182
2012,0.488358496998282,-0.651209476826812,-0.024906069026
2013,1.7486267221695,-1.44764340663992,0.768878095868409
2014,1.9719767027031,-0.893854598270941,1.20849422737954
2015,0.453181980157093,0.60462092968702,1.31871739136782
2016,0.0479459268724292,0.368063748732583,0.433965055490467
