"Year","OPR","DPR","CCWM"
2016,0.728424326591651,-0.644132775865177,0.315315602545504
2017,0.825310856553344,-0.109472925149396,0.932767354995475
