"Year","OPR","DPR","CCWM"
2016,0.728424326591651,-0.644132775865177,0.315315602545504
