"Year","OPR","DPR","CCWM"
2009,-0.139741527064531,-0.750207091524902,-0.593628940525973
2010,-0.314721110722883,-0.453192362601921,-0.655091476617427
2011,-1.15503752475928,-0.238487850140994,-1.33504909059554
2012,0.519561124384768,0.34990894789292,0.915652445707353
2013,0.48912053710299,-0.444963608609424,0.180284645097377
2014,0.0845191659891522,1.55911463840838,1.19933006751557
2015,-0.512061379421977,0.47545090334139,-0.160549783032866
2016,-1.07095896508917,1.19025906681223,-0.218731806550602
