"Year","OPR","DPR","CCWM"
2002,0.175009911234734,-0.891174322814118,0.859059275559662
2003,0.643059309505427,-0.71322259609122,0.789733999720505
