"Year","OPR","DPR","CCWM"
2007,0.630170936214515,-0.400928704158983,0.107121082139974
2008,2.27295704244889,-0.639741488738403,1.66570266038306
2009,0.752931614974506,0.578555284220425,0.928790119630503
