"Team","OPR","DPR","CCWM"
2002,14.5835131073093,10.5455562313304,4.03795687597892
2003,29.8715028596253,17.404409191505,12.4670936681203
