"Year","OPR","DPR","CCWM"
2019,0.441254950654965,-0.138804127479014,0.422531447312166
