"Year","OPR","DPR","CCWM"
2007,2.89639510948869,0.377793289237047,2.1691402128795
2008,2.187411850652,-1.13628559754442,1.16837060739623
2009,0.638080938062763,0.333456691107364,0.684331887889574
