"Team","OPR","DPR","CCWM"
2002,13.0359006008296,8.47116034574896,4.56474025508066
2003,24.7386345344547,27.7904938548769,-3.05185932042224
