"Year","OPR","DPR","CCWM"
2002,-0.209256832251027,-1.3370431715902,0.95234662239913
2003,0.171288668725058,0.12165401690919,0.0174285132770968
