"Year","OPR","DPR","CCWM"
2009,-1.15367157838681,0.514334270394759,-0.505166012572184
2010,-0.527425559671297,-0.219972636409953,-0.657439450026395
2011,-0.22519668430364,0.140503077118988,-0.111875732574058
2012,0.111643866975908,0.325543938241641,0.42296349975845
2013,-0.547590886050864,0.567088265220238,-0.14194256538567
2014,-0.636369326802591,-0.00202970379948116,-0.598660865141776
2015,-1.52244578710132,1.35447592737993,-0.545181669938904
2016,-0.448122449283533,0.516922817811935,-0.0725162086910187
2017,-1.08324340729654,-0.997681779308262,-2.2986306484348
