"Year","OPR","DPR","CCWM"
2009,-0.468447973432944,-1.13297546314778,-1.08442324348933
2010,-0.405130206437212,0.719008668292707,0.219847138753992
2012,-1.29180342387147,0.797814298504153,-0.769682333314184
2013,-0.95103896645415,-0.930323519232736,-1.91060007407769
2014,-0.613475607376743,-1.7695948631483,-1.84693245090116
