"Year","OPR","DPR","CCWM"
2002,0.264713804096761,1.61100452795962,-1.13851102930037
2003,-0.280056839917794,0.34328007685736,-0.364158397774045
