"Year","OPR","DPR","CCWM"
2007,0.95176983031929,0.427054633248513,0.94152527393901
2008,-0.60674639140588,-0.175943248447241,-0.734101989405906
