"Year","OPR","DPR","CCWM"
2009,0.464645451054772,0.343011481529729,0.563980591705197
2010,-0.302908650301047,0.361746861189863,0.0208370239124045
2011,0.924567827708562,-0.0929026381644691,0.843413160911246
2012,1.39591094068677,-0.322131016489611,1.31960767901724
2013,1.35376805507567,-1.33726895493736,0.407130677710937
2014,1.22558079887983,1.26521932274067,2.0590389525692
2015,2.14102650205075,-0.422808216923978,2.46725955206678
2016,2.46790995743185,-0.858529366372432,2.40095881444654
2017,2.2228057121034,-1.63813236350416,1.24780543930913
