"Year","OPR","DPR","CCWM"
2009,0.96183113530015,-1.1310917151606,-0.0390464311747349
2010,2.79459002590882,-0.867847283310387,1.82364727043515
2011,-0.770559563309574,-0.0518663167634048,-0.805540227536135
