"Team","OPR","DPR","CCWM"
2002,16.1178741464315,16.479205633357,-0.361331486925483
