"Year","OPR","DPR","CCWM"
2002,0.555986361971791,0.384199122684652,0.0799953270028599
