"Year","OPR","DPR","CCWM"
2009,-0.179308249431662,-0.196111376033456,-0.259412472173704
2010,-0.861753653341206,-1.72837416054594,-2.19165136648363
2011,-0.176681138515294,-2.19548943824046,-1.91776533946106
2012,-0.548926135222724,-1.11679835691732,-1.64245419673472
2013,-0.387010970205772,-1.09035617102471,-1.39592880426603
2014,-0.751522792083502,-0.716480862208753,-1.21996342990179
2015,0.18286701775653,0.382807171581486,0.691432764128591
