"Year","OPR","DPR","CCWM"
2009,-1.74101948973815,0.558767775828824,-0.90482839109665
2010,-1.25099565386546,1.17284098836652,-0.176097978788305
2011,-0.517763973757368,1.01267596863229,0.290125700863003
2012,-0.352187336450312,-0.135875083466095,-0.529139508979772
2013,-0.499832043299333,0.000510356423202039,-0.57887090150924
2014,-1.72667584200331,0.929538571134115,-0.952656759055585
2015,-0.122016153121772,-0.360058609036025,-0.58141737839143
