"Year","OPR","DPR","CCWM"
2002,-1.21185120714033,-1.02542895088402,-0.0194574943552071
2003,-0.177909145746999,-0.388777911508263,0.144361524512238
