"Year","OPR","DPR","CCWM"
2020,-0.143540219779165,-1.36610651337753,-1.01548323830013
