"Team","OPR","DPR","CCWM"
2002,8.99800864216109,9.92093926413711,-0.922930621976018
2003,20.9393595347269,21.4405864064223,-0.501226871695426
