"Year","OPR","DPR","CCWM"
2007,-0.165104233444754,-2.25263434979657,-1.8084082267015
2008,-0.233182882153049,-0.274442317510916,-0.454795381210873
2009,1.16149306406253,0.15824580094889,0.951620447789536
2010,-0.35040601125931,-0.691650690651716,-0.882074925401327
2011,1.78844340483695,-1.94832533433822,0.227755382790942
2012,0.721090636831958,-0.689292584448593,0.209221392334
2013,0.14983818484016,0.256573165985009,0.396593493374616
2014,1.40270289718103,-0.883536722414609,0.681669429701699
