"Year","OPR","DPR","CCWM"
2009,1.14542100520633,-0.451998733964061,0.539991609542943
2010,0.411003223897702,-0.240274923175174,0.176259129352007
2011,-0.071806754127731,0.901860928318868,0.644552828299524
2012,0.043201438772464,-0.0655510222725707,-0.00938044622695108
2013,0.0846090669510209,0.133548622764575,0.214099622141045
2014,0.696248010305113,-0.741885772226489,0.120451648090442
2015,0.404555891660957,-0.934443829713407,-0.514382894661903
2016,2.54760901355425,-1.90614609998781,1.45177380672723
2017,1.46903271324413,-0.511135440193529,1.36259778293116
