"Year","OPR","DPR","CCWM"
2009,-0.54796837212187,-0.419372916851678,-0.674848543401595
2010,0.346506168838848,-0.0661786996320523,0.259933832253734
2011,-0.746486352122805,2.16224068893865,0.975618240697777
2012,-0.0276757535617995,-1.89347137479622,-1.7427700106511
2013,-0.948868026613004,1.25844122712374,-0.00633518652263922
2015,0.129918055855715,-0.311243543298677,-0.177991910034706
2016,-0.107231200790926,0.22874564003527,0.088402377609137
