"Year","OPR","DPR","CCWM"
2007,-0.585170499637954,0.0704240143993415,-0.32742468908691
2008,-0.941952839359648,0.113791508787241,-0.816632859011701
2009,1.50018119845877,-0.0709696173133522,1.04866611042859
2010,0.218513995280763,-0.740129414899389,-0.406172917701487
2011,1.38921060651407,0.595914864544495,1.85102318834575
