"Year","OPR","DPR","CCWM"
2002,0.0131233951908417,-1.15388444358379,0.960046690338511
2003,1.4408756122424,-2.39653152522234,2.26383487469267
