"Year","OPR","DPR","CCWM"
2007,1.39531889595543,0.771214956740269,1.48990052252431
2008,-0.206188646217482,-0.411851581643972,-0.543386385239004
2009,1.39173737915452,-0.895292251549184,0.429317116245918
2010,-0.48525187555381,-0.634708488906794,-0.957771849466175
2011,0.978073986616675,-0.969404710650535,0.20083326865556
