"Year","OPR","DPR","CCWM"
2007,1.39531889595543,0.771214956740269,1.48990052252431
2008,-0.206188646217482,-0.411851581643972,-0.543386385239004
