"Year","OPR","DPR","CCWM"
2009,0.461133500973365,0.912921322906323,0.934881080711204
2010,-1.54256127837191,0.957738717785917,-0.615858972313917
2011,-0.953411267577119,1.57766791881189,0.306394015673319
2012,0.0941232728028489,0.23734242172424,0.323053384836608
2013,-1.15961877845465,0.0685865993351529,-1.28442629968381
2014,-0.325850542963412,-1.18788847308167,-1.15913251574686
2015,-0.817419664881447,0.96714137564486,-0.0174264389979144
