"Team","OPR","DPR","CCWM"
2002,19.3186447767606,13.1996663923862,6.11897838437433
2003,31.4514225811487,21.5564563770526,9.89496620409611
