"Year","OPR","DPR","CCWM"
2002,1.35072645460593,-0.320702191500982,1.22758452319581
2003,0.788272413015123,-0.379463802124056,0.661731282413207
