"Year","OPR","DPR","CCWM"
2007,1.25194508522853,-0.014695179881686,0.803187150307204
2008,-0.404632221036105,-0.297564339365046,-0.640029303559728
2009,0.676778899199148,-0.395406832083974,0.234955123569431
2010,0.511041869488057,0.0315414422194376,0.488780608200118
