"Year","OPR","DPR","CCWM"
2007,1.25194508522853,-0.014695179881686,0.803187150307204
2008,-0.404632221036105,-0.297564339365046,-0.640029303559728
