"Year","OPR","DPR","CCWM"
2009,0.845091501090105,-0.11475951718111,0.541737231035897
2010,0.243012265939995,0.132590241471799,0.328415182724313
2011,-0.286475788751977,0.263966365176708,-0.0746734678811801
2012,0.149998421100359,-0.136786382459805,0.0494825741183112
2013,-0.618178641193469,0.459089357760275,-0.317591892123597
2014,-0.550963662317947,1.20110041200881,0.345774454422365
2015,-0.271343674536069,0.532774258691272,0.237171491128102
2016,0.875817536592473,-1.07427948806282,0.0773007613786524
