"Year","OPR","DPR","CCWM"
2009,0.0515255738140444,0.644164286632513,0.459738617295993
