"Year","OPR","DPR","CCWM"
2009,0.179441568125926,0.792000752276665,0.649998603925751
2010,0.313418974366108,0.534360685324218,0.720168454310671
2011,-0.80060354534217,1.48082761418502,0.38111575044348
2012,0.320409822235365,-2.75832533607937,-2.12256694287871
2013,1.32972022891286,-1.97582766084778,-0.175564726851112
2014,0.217596531216101,-0.348413259841263,-0.046083608364379
2015,0.12138443367046,0.317320235371345,0.53150482190601
2016,1.23270997240225,-0.170138499460921,1.45969383627348
2017,0.160271230666022,0.618873394817253,0.783683046511512
