"Year","OPR","DPR","CCWM"
2009,0.24899619037242,-0.107358900605782,0.111421207420995
2010,-1.09580287263071,1.02648261706517,-0.154954977149353
2011,-0.144065591155978,2.00192382689192,1.4459648896125
2012,-0.344543174917625,0.759359973544768,0.288565764582072
2013,-0.350441481023388,0.184908935033999,-0.24550643579027
2014,-1.32921902961196,0.86336683584215,-0.627197595730211
2015,-0.96990369840107,0.504687822427193,-0.758354439011337
2016,-0.840015793891077,0.402351816736192,-0.706360129287215
