"Year","OPR","DPR","CCWM"
2020,0.0581383415626409,0.642385406852479,0.468451332098419
