"Year","OPR","DPR","CCWM"
2015,1.0573975005725,-0.715910150807466,0.636632861273608
2016,0.26249198559913,-0.803059035226978,-0.461140034161872
