"Year","OPR","DPR","CCWM"
2015,1.0573975005725,-0.715910150807466,0.636632861273608
