"Year","OPR","DPR","CCWM"
2009,0.287858082645677,0.13209090785857,0.296703901498175
2010,0.228765277440281,-1.27964431593459,-0.837284605732022
2011,0.146857937263379,-0.125468067347531,0.0460985990191924
2012,-0.0044543919658855,0.316644033869378,0.280962419548802
2013,-0.400236698346518,-0.733631883352914,-1.10131116656216
2014,0.851424231711138,0.4358616213233,1.1121293168495
2015,0.450573817936542,-0.441629119968075,0.114569750580266
2016,0.422754454726642,-0.376493563014885,0.180322138778809
