"Year","OPR","DPR","CCWM"
2009,-0.145867320369152,-0.439715893314705,-0.394634751716577
2010,2.4530437912433,0.0599028378294919,2.27149848959519
2011,-0.476405845868561,0.116567421390751,-0.38006586919496
2012,0.453762960608473,-0.0276217842054853,0.498615465630003
2013,-0.403699332093189,-1.43228115278855,-1.71235876006558
2014,-0.808675737385627,0.160885808175238,-0.643329619126446
2015,2.53548598932441,-1.89598134686765,1.32077284221695
2016,-0.256000173779146,0.16143988925434,-0.176187152289483
