"Year","OPR","DPR","CCWM"
2009,0.279825038962021,-0.360676362236479,-0.0320728945623251
2010,0.599396770991871,0.450426539684,0.910766486829276
2011,0.0753546490945819,0.276231862649424,0.293987836300111
2012,-0.690922192324482,0.300453326649585,-0.525745359215238
2013,-0.528816193353823,0.377197989586498,-0.285172036487066
2014,1.49357611030425,-0.126472076584712,1.31079813697303
2015,0.0053916593043139,-0.10791745073357,-0.116398153424862
2016,-1.09211322781632,1.26794736221817,-0.168511943459055
