"Year","OPR","DPR","CCWM"
2009,-0.598478359585836,1.33167039266534,0.435743820358488
2010,-0.534379894270304,0.209974906389538,-0.312779137931919
2011,-0.257743288290731,-0.717355387071253,-0.825020814317434
2012,-0.835725604102668,1.91169227069407,0.763000423128251
2013,-0.52268013371907,0.841275995283064,0.125162525041872
2014,-0.47773303437616,0.411619690678167,-0.152637048338162
2015,-0.892074323217732,1.18173946668723,0.125873626503629
2016,-0.496295218447331,0.0558537861153082,-0.600409576039325
2017,0.421391082928564,-0.0233845836511608,0.50685833717582
