"Year","OPR","DPR","CCWM"
2002,0.974019580408386,0.530847560784411,0.257318802674046
2003,-0.262332272225376,-0.939368693188663,0.439518070501447
