"Year","OPR","DPR","CCWM"
2009,1.19159366635839,-0.393610222479614,0.611961135679423
2010,-1.06786748866069,1.42198140797057,0.193197322276771
2011,-0.0570335906502701,1.0195590102992,0.752621297223539
2012,-0.011530448123319,0.737621272912196,0.653169576740678
2013,-1.06649092125477,0.95373331680661,-0.40741334157273
2014,-0.837790603533018,1.00554171469029,-0.0638816400770388
2015,-0.12305018809728,-0.0233217887383548,-0.19644450760769
2016,1.08096849369542,-0.799352000609429,0.625500345798748
