"Year","OPR","DPR","CCWM"
2009,0.672573187311447,-0.58799286132166,0.105682408237314
2010,0.918868796621109,-0.238250364104349,0.638067528004768
2011,1.53322590719724,-0.165506199632577,1.38956280789734
2012,1.200966261289,-0.00621245852501819,1.38011796969605
2013,1.11272512291421,-0.355412726264929,0.980861523936487
2014,1.60247843116228,-2.2593848679571,-0.119211217825273
2015,0.496747621399355,-0.441909027920889,0.177921115221892
