"Year","OPR","DPR","CCWM"
2009,-0.540006297982538,-0.0671130467352956,-0.438198645069605
2010,-0.585628298035464,-1.31233758388347,-1.60185974130903
2011,-1.125800619592,1.01854835254365,-0.308370279337287
