"Year","OPR","DPR","CCWM"
2009,0.46289634403076,1.03507051829606,1.01621288340283
2010,1.63633265093957,-1.67977909154957,0.111427857501675
2011,0.0320398982587209,0.617974520104003,0.522252869362751
2012,1.43101426283823,-0.47156550801113,1.22509076408243
2013,0.892190387329205,-0.971184327730649,0.190233252121261
2014,1.43890821242887,0.574063493590411,1.76273484274302
2015,2.78294945996954,-0.358775108706874,3.42593243251708
2016,0.58810197688302,-0.410057319362464,0.365301311344118
