"Year","OPR","DPR","CCWM"
2009,0.982818090270418,0.399425699761353,0.979229088944681
2010,0.938854336028142,-1.73474543052238,-0.565396503279593
2011,-1.40808506197122,-1.64901113977861,-2.70556096236616
2012,-0.642666995310792,0.899740138185475,0.0714163003728229
2013,-0.0351604384311581,0.234981161954054,0.163416147382883
2014,-0.663872192719957,1.21292905855397,0.248312369825798
2015,-0.899303608854063,0.713099436142357,-0.421850463612029
2016,-0.470657189669055,0.141996065505011,-0.479769242668434
2017,-0.924121811696573,0.117484216977888,-1.04923985380264
