"Year","OPR","DPR","CCWM"
2009,-0.571035065085337,1.27718044600585,0.42007067624537
2010,-0.880922548488325,0.10520688514794,-0.712287913879172
2011,-0.305636136238791,0.83861578779798,0.362404082982157
