"Year","OPR","DPR","CCWM"
2009,0.122598590620453,0.629095369603364,0.501749114923411
2010,0.522865549887403,0.967021540367408,1.26311543484076
2011,-0.691518600412482,-0.83263402235446,-1.34680840250269
2012,1.30332475376574,0.449144359921908,1.9096593363277
2013,0.566383262794081,-1.03835022982844,-0.245741405282499
2014,0.405337473022302,1.22689975747142,1.26175160182202
2015,-0.348762887929589,-1.38301386259517,-2.06791635298556
2016,-0.23809457921922,0.14920441425185,-0.164814070000394
2017,-1.16602935519604,1.90747897377594,0.332039778052908
