"Year","OPR","DPR","CCWM"
2009,-0.803545816427348,0.279281680115453,-0.403595696141657
2010,0.118603762744246,0.218504225526794,0.285824455505809
2011,-0.794577000889853,-0.701906938386505,-1.34528504282362
