"Year","OPR","DPR","CCWM"
2009,-0.530173975607389,0.512878001522371,-0.0509502195946563
2010,-0.0306374770934733,0.0770885163222002,0.0351671511701087
2011,-0.508578517545007,-0.092155656949238,-0.577638347463429
2012,-0.595168689437338,0.72443994307624,-0.0321695258323701
2013,-1.27391219722266,1.75921572623428,0.0520399545674095
2014,-1.02273457086567,-2.98893514865375,-3.10693373061074
2015,1.08682597825651,-1.50848784597354,-0.232253067862798
