"Team","OPR","DPR","CCWM"
2002,14.5025096514687,14.3922583328634,0.110251318605311
2003,24.0180287486817,15.9093313521554,8.10869739652631
