"Year","OPR","DPR","CCWM"
2007,0.242757850616365,-0.344793978077133,-0.102469427312009
2008,1.83916213402912,-0.357170460178845,1.48177619452091
2009,1.93858218090638,-0.533210455711648,1.06580231123125
2010,0.573182073566946,0.437872572126306,0.876766782358019
