"Year","OPR","DPR","CCWM"
2002,0.154897037982137,-0.0643675163041317,0.163507279901024
2003,0.105056567730558,-0.833403161062942,0.57283706375249
