"Year","OPR","DPR","CCWM"
2009,0.784289175650088,-0.98037349879648,-0.0698905787056967
2010,0.0168741400774995,0.424608084094703,0.361891757211617
2011,-0.543367432358755,0.687771569310692,0.00685965637252846
2012,1.48344011154591,-0.394655043868903,1.35507422602526
2013,1.17282972834735,-0.516168302824327,0.910848387661241
2014,2.07752538924282,-0.491200838219176,1.59679893862868
2015,1.2558736033923,-1.72337205668207,-0.245715841524355
