"Year","OPR","DPR","CCWM"
2009,-1.25501679659983,1.99256771051024,0.389541808859738
2010,-0.485674696800015,0.182180868173998,-0.291337354521138
2011,-0.688950128718803,0.747063468524273,-0.0904962194884848
2012,-0.0968833620659009,-0.00521722057600387,-0.116502560688033
2013,0.399102800465642,-0.392209568329901,0.121788791739538
2014,0.886383591462431,-0.152409012586438,0.722344229392025
2015,0.553589333889235,-1.48481898626106,-0.940413904241307
2016,0.753404991860312,-0.600271209346957,0.392522306433247
