"Year","OPR","DPR","CCWM"
2009,1.33551736966258,-0.760795528522993,0.476411256938146
2010,0.00921734428278639,-0.339635998852386,-0.268889595883586
2011,-0.283155799240391,0.500437730847666,0.116300976082042
2012,-0.574884452201043,-0.180272395609413,-0.826212852524023
2013,0.195859187996719,1.05812524211231,1.14637600968025
2014,1.53475999140285,-1.23121288369483,0.555840572974987
2015,2.16076910519163,-2.14821514162929,0.514614115925944
2016,1.86359300217202,-0.852005894618193,1.60796731912323
2017,0.325899739487451,0.269426242261849,0.662628420831062
