"Year","OPR","DPR","CCWM"
2007,-0.388053592993208,-0.769859818549177,-0.833736765065352
2008,0.794296932378615,-2.01457353062228,-0.913140508731722
