"Team","OPR","DPR","CCWM"
2002,18.876394185593,18.9497504550133,-0.0733562694203478
2003,20.6793228009009,25.9733618667507,-5.29403906584977
