"Year","OPR","DPR","CCWM"
2002,1.24091718790571,0.915215879485076,0.130992463705201
2003,-0.20180956336378,-0.0244145978568462,-0.0941542539536834
