"Year","OPR","DPR","CCWM"
2009,-0.583579281538863,2.09780745365577,0.94867337658216
2010,-0.158299300988561,0.741341604781205,0.461720433046068
2011,-1.12419108339478,-0.602490171093388,-1.59334927553925
