"Year","OPR","DPR","CCWM"
2009,-1.92030257584959,-0.987855326248152,-2.04921848716464
2010,1.45987292212801,-0.137140683921862,1.21078345468382
2011,-0.255255164622756,-0.697355355240532,-0.806679160623833
2012,-0.0824129223893797,-1.07580945503765,-1.06713405565363
2013,-1.07222820769698,-0.350419745137058,-1.54720046688552
2014,-0.264084131068123,0.297951725632529,-0.0337926067371289
2015,0.76737676511679,-0.155496995544014,0.879764221186369
2016,0.626050354773784,-1.84310243586236,-1.02713288576746
2017,0.30943375356348,-0.672954662731735,-0.245082207293982
