"Year","OPR","DPR","CCWM"
2009,-1.44353884047386,1.65836592619076,0.0329117945994305
2010,-0.34176152074498,-0.706456662318964,-0.886328461930591
2011,-1.2519204552898,0.854609502213799,-0.563591868347199
2012,0.199431398131425,0.0268854571300758,0.254405519740564
2013,-0.0432944664337855,-0.394987472902643,-0.39337123659502
2014,-0.613521704253714,-0.675716331702727,-1.06117207831475
2015,-0.121771020095338,2.56595447483314,2.77646226352161
