"Year","OPR","DPR","CCWM"
2009,-0.202012163370619,-0.963875932864609,-0.779106274269264
