"Year","OPR","DPR","CCWM"
2009,0.898150127228538,0.890066505803492,1.23893816523171
2010,-0.0626219686423796,0.414522305414157,0.281630747198603
2011,-0.751864410384518,1.51730671017244,0.458416219030588
2012,-0.963198709822587,0.919184169171411,-0.280859671463386
2013,0.315973229452867,0.233882389147215,0.569431699065616
2014,-0.272617957049158,1.7684384590328,1.01454443653258
2015,-0.550198300253549,-0.258225099308968,-1.05501823912146
