"Year","OPR","DPR","CCWM"
2009,-1.9499870813299,-0.81639857014711,-1.95853264719555
2010,-0.325596025536947,2.09640679385,1.41626433660899
2011,-0.204730473346326,-0.348613104757467,-0.479772418241567
2012,-0.512468252757144,1.35965113086771,0.637195954384275
2014,0.427846924389892,-1.47984981208971,-0.661557450691585
2015,-0.691163249177835,-0.103721279043321,-1.0721154299002
2016,-0.960423644938875,0.956413871960561,-0.307896284351162
