"Year","OPR","DPR","CCWM"
2009,0.598739393880458,0.227020012629324,0.585863096473483
2010,0.307860601624138,0.0448360340330203,0.31553877727926
2012,1.1242562205092,-0.399611515284772,0.936152610077078
2013,-0.606072764346601,0.472456466241721,-0.291946703559993
