"Year","OPR","DPR","CCWM"
2009,1.45381792281807,0.893876548333912,1.64708740266045
2010,-0.933785440493369,0.0578319854047026,-0.798856369295787
2011,-0.923637970154821,2.08645569513258,0.739739830183248
2012,-0.769808991297682,-0.726676773175165,-1.54482682451856
2013,0.0195426717779075,1.23515363171959,1.09583638434947
2014,0.371890241051797,-0.9983438644228,-0.368173340592229
2015,0.820115943983135,-0.417992422499004,0.651282004903778
2016,-1.24120197023464,-0.0596790465159939,-1.70228615328784
2017,-0.268567431522578,-1.01867890010542,-1.29593011449006
