"Year","OPR","DPR","CCWM"
2009,-1.9007306749315,1.1463572079825,-0.636372053079935
2010,-0.0957099494377768,-1.03364604617408,-0.930472429176276
2011,-1.15785165155922,1.52714842349918,0.0634984114133271
2012,-0.248420399648044,0.726014586523006,0.369347676633142
2013,-0.670384339997186,-1.08208757579133,-1.71717931809927
2014,-0.613543425435889,-0.376889766027392,-0.846526031209547
2015,-0.969957932547084,0.948939769123706,-0.248658985182208
2016,0.143029125519729,-0.17546395664893,0.0125996153625464
2017,0.164485977787234,0.336531011082567,0.523209381183696
