"Year","OPR","DPR","CCWM"
2009,0.932410258365831,0.687086628806403,1.13093542235975
2010,-0.421933985629639,0.557466453822416,0.0727568435877165
2011,-0.175859072047163,-0.0183080905038821,-0.188978332582199
2012,1.21990392192926,-1.3877581513547,0.15368054842568
2013,2.15059160000352,-0.982837864684014,1.63861751512382
2014,2.07832863961652,-1.04959232812359,1.19642406265866
2015,1.09580688517117,-1.2608001994722,0.0643480150517593
2016,0.716250623947889,-1.20927505409334,-0.269718453104977
2017,0.674443760690206,-0.590835907973926,0.290322918184649
