"Year","OPR","DPR","CCWM"
2009,-1.83503724666026,-1.43784583002698,-2.28185315659752
2010,-0.573933260814529,0.196919737977235,-0.359273577745789
2011,-0.447124920436244,0.515946483706784,-0.0340432920118374
2012,-0.990552573621635,1.38268051083974,0.106367918987073
2013,-1.24321600318781,0.582743912379327,-0.934581897387691
2014,-0.212666768984732,0.301748649359978,0.0171877542087622
2016,-1.28708483547374,0.616856396482354,-1.08192626796149
2017,-0.889024245027161,0.682781407151836,-0.473087122746892
