"Team","OPR","DPR","CCWM"
2002,10.5585317955895,11.1264724418554,-0.567940646265862
2003,34.551681461985,28.9717896445046,5.57989181748042
