"Year","OPR","DPR","CCWM"
2007,1.64152816341306,-0.0983040885807472,0.993442595717796
2008,1.58679104305453,-0.76925690402223,0.893497879067929
2009,1.12412777376318,1.62488311868671,1.88543635724612
2010,1.10016549506494,-1.95944199671841,-0.602656482692426
