"Year","OPR","DPR","CCWM"
2009,-0.095268448099878,0.20844182614699,0.0670442616881204
2010,0.88758676548282,0.473337307086352,1.19058520035477
2011,-0.0766697521594468,-0.18665879259298,-0.224200596387342
2012,0.488090709111257,-0.327610046967419,0.267171563349055
2013,0.0398159244552614,-1.27155158977665,-1.0586637419904
2014,-0.458178736458757,-0.0875700124142557,-0.492886475808613
2015,-0.512625222368912,0.476489717003172,-0.16013529081936
2016,0.64846087171927,-0.298158141925346,0.557809473343527
2017,1.19835212002141,-0.881792904093569,0.673985546802223
