"Year","OPR","DPR","CCWM"
2009,-0.689919118844792,2.08127969087241,0.860211710659162
2010,-0.582453088961325,2.30562854720342,1.35432224882616
2011,-0.127264613149996,-0.605966421126758,-0.607182828789004
2012,-0.43810859735379,-0.130383546284635,-0.623317639563497
2013,-0.72452617924935,-0.831947799527034,-1.56259211350477
2014,-1.25572083035184,-0.544806399601906,-1.56980480632022
2016,-1.91023555785208,1.26801076610971,-1.25088802725422
