"Year","OPR","DPR","CCWM"
2009,-1.0600806766068,0.72624468153812,-0.29797634568047
2010,1.02206960549676,0.292104168878092,1.16449590960466
2011,-0.552038071995993,-0.486628410857061,-0.933831752627839
2012,0.257381338264276,0.73520560985065,0.961269949424103
2013,-0.970544222924925,1.27246810730829,-0.0192707739113081
2014,0.181257076586222,1.50481916330251,1.25111011602165
2015,-0.969506692294662,1.2026561196793,0.043097712154665
2016,-0.250307904564056,0.67578663672706,0.349135727773061
2017,-0.295392559743113,0.835562662987001,0.415764463315525
