"Year","OPR","DPR","CCWM"
2009,-2.85133874200139,1.24972339419648,-1.26260532504584
2011,-0.174407160863981,0.823521928757034,0.480600257575024
2012,-0.467649649059607,-0.326727801730901,-0.834809343824078
