"Year","OPR","DPR","CCWM"
2007,0.954267111966988,0.0390553732839966,0.650161353473175
2008,1.44022387016744,-1.00735875890205,0.55286897534801
2009,1.11297128530008,-0.354542023674723,0.580166228146924
2010,1.02417084197678,-1.34330283346035,-0.168564592366667
2011,2.30910741340655,-1.16894718866988,1.36281263038678
2012,0.378071828494457,-1.36847924799831,-0.800245453040847
2013,-0.132428306565145,-0.51965886084775,-0.605002002638864
2014,0.941250830207639,-1.86827632905423,-0.458783805419745
2015,1.21103566361849,-1.61675916179033,-0.185210102520273
