"Year","OPR","DPR","CCWM"
2002,-0.101324866405149,0.645854671311803,-0.604386859506622
2003,1.43860248806625,0.209994001980195,0.648921008298636
