"Year","OPR","DPR","CCWM"
2007,0.954267111966988,0.0390553732839966,0.650161353473175
2008,1.44022387016744,-1.00735875890205,0.55286897534801
