"Year","OPR","DPR","CCWM"
2007,0.954267111966988,0.0390553732839966,0.650161353473175
2008,1.44022387016744,-1.00735875890205,0.55286897534801
2009,1.11297128530008,-0.354542023674723,0.580166228146924
2010,1.02417084197678,-1.34330283346035,-0.168564592366667
2011,2.30910741340655,-1.16894718866988,1.36281263038678
