"Year","OPR","DPR","CCWM"
2009,-0.850571012857047,-0.613119994007869,-1.02271991671737
2010,-1.47519449421389,1.82687500361798,0.154645431822739
