"Year","OPR","DPR","CCWM"
2009,-0.611966502003151,0.220265019227817,-0.302411486839291
2010,-0.675750475373162,0.155941425101961,-0.484976037304765
2011,-0.916759047865369,0.734487672825405,-0.32645789466327
