"Year","OPR","DPR","CCWM"
2009,1.42678089411604,-1.01182522296642,0.378535284234527
2010,-0.693489842815747,0.164227244052071,-0.494285316061692
2011,-0.467206943385774,1.2533056884905,0.531258452475477
2012,-0.760453568302732,-0.0831705896078025,-0.952595360190808
2013,-0.626145874401321,-0.288163878906279,-0.976090853293452
2014,-0.482603325340375,0.559767570362567,-0.0507833933661963
2016,0.133503342884635,0.0762263340845142,0.253372234289311
2017,-0.716868030068412,0.486983262271443,-0.441322273130367
