"Year","OPR","DPR","CCWM"
2009,1.05031865271718,1.91417007023903,2.02112465683095
2010,-0.736827359355991,-0.811065439150165,-1.32967207825255
2011,-0.649152686937338,0.567873639102557,-0.193236431149755
2012,-0.736558516604598,-0.490678356613532,-1.29322569847754
2013,0.256319054920103,0.258301739267036,0.521508641097114
2014,-0.101642918268902,0.045848201215221,-0.0624513910681356
2015,-0.939032351973854,0.853619023808494,-0.315392013354232
2016,-1.09407219597145,1.13093134951666,-0.309037483140141
