"Year","OPR","DPR","CCWM"
2009,-0.0354355512251588,0.435058377387456,0.259226668356996
2010,-1.08112565591976,0.503273676726953,-0.568746138480942
2011,-0.876389592506262,0.4163634890254,-0.53889922423229
2012,-0.204151930772913,0.40972179589268,0.134641970589477
2013,0.500103906961588,-0.648140416204517,0.0164806415808607
2014,0.187697995517536,0.475822283145467,0.517959666901951
2015,0.0942919435761914,0.734391092351569,0.972725419627135
2016,-0.581599656887167,0.860805780177311,0.0970690959632999
2017,-0.226061016431768,1.09289494671889,0.745001386677259
