"Team","OPR","DPR","CCWM"
2002,20.2792268435725,14.87634851928,5.40287832429247
2003,12.5551675047024,38.2001880615411,-25.6450205568387
