"Year","OPR","DPR","CCWM"
2002,1.58923560409856,0.0396824076383602,1.10077134471145
2003,-0.948514467343449,0.958428463037022,-1.10692713055192
