"Year","OPR","DPR","CCWM"
2007,1.44194910746949,-0.183573446918966,0.799244305995959
2008,0.992814411653287,-0.527706276052431,0.52029992231202
2009,-0.571558833455805,0.890353521066945,0.166199006160941
