"Year","OPR","DPR","CCWM"
2009,0.812987905507524,0.833533727749479,1.13972127657996
2010,-0.637126948667772,1.17767283842565,0.384046988832124
2011,-0.746636817151164,1.07758989046773,0.114610189642167
2012,-0.0946700356880313,-1.63286926821692,-1.58460544817593
2013,-0.844182217650699,0.486486491690664,-0.555729598332105
