"Year","OPR","DPR","CCWM"
2009,0.127039343582373,-0.828355011316815,-0.450082357956579
2010,-0.112604538947407,-1.47213840827574,-1.30371629476108
2011,-0.965418436500341,0.552903385472118,-0.51884542854936
2012,-0.704396458458371,-0.572286139767434,-1.32985190449466
2013,0.145279557087956,-0.0847379304817587,0.0947555033415227
2014,1.76753175200633,0.355940073864656,1.91444049094026
2015,-0.31235422474566,-1.44118072588592,-2.08445500540182
2016,1.02902813397994,0.0285008940693413,1.39017658518592
