"Year","OPR","DPR","CCWM"
2009,-0.440088033241049,-0.634491150114184,-0.737060861706956
