"Year","OPR","DPR","CCWM"
2007,-0.346971340766222,-0.302994246348285,-0.454474087671633
2008,-0.0720244094262272,-1.92321289847013,-1.67530285744364
2009,0.204457790952921,0.0835512420297441,0.204011189299342
