"Team","OPR","DPR","CCWM"
2002,12.3718409863366,18.0730558371239,-5.70121485078725
2003,25.1630815588285,16.0190397650109,9.14404179381754
