"Year","OPR","DPR","CCWM"
2002,-0.374140499495404,0.726779900256854,-0.865637301529003
2003,0.210300315231594,-0.82458434327827,0.62436129731237
