"Year","OPR","DPR","CCWM"
2009,-0.349074463755432,0.887801605131612,0.326946324628092
