"Year","OPR","DPR","CCWM"
2009,-0.0399524536370673,-0.55342491376603,-0.391828035641575
2010,-0.0130338671726299,0.736064757430899,0.589031941437673
2011,-0.740652416124804,1.22433146360237,0.237011486513563
2012,1.02828812583675,-0.253082602432428,0.957815574719398
2013,-0.905638753442084,-0.712439316176676,-1.66866769067931
2014,-0.0900120239276933,-0.93166803413435,-0.753749417735827
2015,-0.723390574774404,-0.39931686714315,-1.45574616625392
2016,0.0589579779986738,-0.0997576800523671,-0.0224197806372709
