"Year","OPR","DPR","CCWM"
2002,-0.318088624325492,0.347516522568676,-0.513184705710549
2003,0.671042898621828,-1.23729650606179,1.12933639584871
