"Year","OPR","DPR","CCWM"
2007,-0.821166680829002,-1.0539112313489,-1.32993451747506
2008,-0.177706266350433,1.51667567124722,1.09421273452336
2009,0.77208527483335,0.982186651393091,1.20727413515566
