"Year","OPR","DPR","CCWM"
2002,1.74280069807923,0.149787650999016,1.11958032905174
2003,-0.39741331790137,-0.506241666614291,0.0982327097577046
