"Team","OPR","DPR","CCWM"
2002,20.8977015464504,15.3886109579663,5.50909058848405
2003,18.5511523952782,19.9793063964046,-1.42815400112642
