"Year","OPR","DPR","CCWM"
2007,1.06443715767402,0.276225132235128,0.900910569556451
2008,-0.434370366785897,-0.574955946000536,-0.900390949652959
2009,-0.224871992801999,-1.54737652033198,-1.17816494754881
