"Year","OPR","DPR","CCWM"
2009,-1.13733587668585,1.79132703956826,0.34357820419057
2010,-0.585265785823864,0.176597764846967,-0.386130103246911
2011,-0.75361882260423,0.410030340728857,-0.422140226681391
2012,0.0157459807776685,0.234923231687547,0.230432142069609
2013,-0.774803566207534,1.7844420652372,0.652434212018519
2014,-0.960041520407933,0.340676294963587,-0.656224190445061
2015,-0.0874141221519398,0.19368293726106,0.101705353332718
2016,-1.09620234816637,0.700422324355504,-0.745248181668251
