"Year","OPR","DPR","CCWM"
2009,-1.01940886247125,-0.361657394140047,-0.981191612095665
2010,0.278906849055309,-0.416527777162573,-0.087301098738681
2011,-1.22366358858033,0.771310892327598,-0.601673696746477
2012,-0.932215100515516,0.768763096767334,-0.381021524455357
2013,-0.990259860495198,0.768763885681855,-0.479774281235495
2014,-0.534632752500977,1.44776830865567,0.538297737256911
