"Year","OPR","DPR","CCWM"
2015,-0.461856140862983,0.717430606688523,0.186348901058503
