"Year","OPR","DPR","CCWM"
2009,-0.0143576391653626,0.722694264120285,0.463103115521317
2010,-0.947583153025627,0.0463152023497642,-0.820758920564426
2011,-0.612183047677972,0.036493063556061,-0.57830627676004
2012,-1.64488695510978,1.10987796778079,-0.895123132638388
2013,0.561748807955187,-1.44022669171826,-0.600290618126324
2014,0.286466383175345,0.677378323992599,0.755439899277049
2015,0.339572828436114,0.252929516583522,0.758494254025308
2016,0.389473741432009,-0.349400971085894,0.163563192141888
2017,-1.17238793551862,1.75713777336676,0.18254614013953
