"Year","OPR","DPR","CCWM"
2009,-1.45044141943944,-0.612781772367362,-1.46041987928502
2010,-0.310706629693185,-0.880659957562403,-1.0003911136548
2011,0.0372965170857312,-1.40816123537746,-1.08062332636601
2012,-1.02537496361289,1.66965835478481,0.325485582982893
2013,-0.0286773353563439,0.368874780030529,0.287266126842904
2014,1.46398676566146,0.406474874144447,1.66588015552948
2015,-1.14945355850329,0.439917479526981,-1.08027201052953
2016,-0.439741473578999,0.642619994351379,0.0651115063375549
