"Year","OPR","DPR","CCWM"
2009,0.552298906690858,1.69511286936152,1.51400768786202
2010,-0.143352105066004,0.396715854594876,0.193949338406428
2011,-0.974649093614737,2.96034648207092,1.38272222490767
