"Year","OPR","DPR","CCWM"
2002,0.27116522549956,-1.00805612165808,1.02393769747442
