"Team","OPR","DPR","CCWM"
2002,14.9707731797549,10.0017660040319,4.969007175723
