"Year","OPR","DPR","CCWM"
2009,-1.51196881144625,-1.14979014825427,-1.85724037665253
2010,-0.478357151522145,0.931202817149993,0.326710961081144
2011,0.101818230204236,-0.749540227439267,-0.493889283190492
2012,0.105829974763785,-0.531283050737486,-0.357926508733954
2013,-1.19481526719232,-0.0559557505773739,-1.43343058762064
2014,-0.543264266709462,0.313251882518324,-0.284798992424101
2015,-0.19432825205553,-0.84745280326755,-1.2404091156968
2016,0.40003386795327,-0.651520350734724,-0.126607744333386
2017,-0.131950659748217,-0.559114710103842,-0.691889426598906
