"Year","OPR","DPR","CCWM"
2009,-0.862424247655824,0.130490739174885,-0.544081868525644
2010,-0.0481594690284812,-1.08151679761639,-0.926465281871888
2012,-0.111677302466881,0.907374414054828,0.690995025787828
2013,-0.417529536617511,-0.478553874136153,-0.899724631595589
2014,0.49076794915714,-0.301057633397533,0.244293575081686
2015,-1.04672275734198,0.321800721573507,-1.07414535311862
2016,-1.08642782076029,0.60341401383236,-0.829973735837606
2017,0.102804819203925,0.50154660158722,0.601121993246589
