"Year","OPR","DPR","CCWM"
2016,-0.0481051642721635,-2.17452430693043,-2.25273498709375
