"Year","OPR","DPR","CCWM"
2020,0.70500581779901,-1.21514256870448,-0.0971401845598881
