"Year","OPR","DPR","CCWM"
2016,-0.0481051642721635,-2.17452430693043,-2.25273498709375
2017,0.744637421616778,-1.70893812754545,-0.674027988130505
2018,-0.120827526391528,0.0381334014147801,-0.0657912647765154
2019,0.263328197797077,-0.295440944626564,0.0675621586290165
2020,0.70500581779901,-1.21514256870448,-0.0971401845598881
