"Year","OPR","DPR","CCWM"
2009,0.123965090986802,1.31589677953872,0.952810539279446
2010,-1.09816632907567,1.09704710261184,-0.099495410277662
2011,-1.4910846986692,1.05189259174671,-0.644258259249052
2012,0.0575210605659772,0.954937306188229,0.929199242720873
2013,0.593059271506264,-2.43892796081337,-1.43174129512752
2014,-0.0172483573108251,-0.752961521533219,-0.557087690281351
2015,0.200765456000472,-1.01600420369452,-0.888993856610263
2016,-0.988320898788175,2.76793038713448,1.47884253116366
