"Year","OPR","DPR","CCWM"
2009,-0.0739798834622163,-0.353958455488804,-0.28595777253712
2010,-0.812813562121717,0.27278261756771,-0.513787021473557
2011,1.04764409034049,-0.700235826641114,0.483477284241785
2012,1.84411289870482,-0.491981839492219,1.68329627457069
2013,2.34514890906031,-1.6373897394099,1.29539343621593
2014,1.44158893831164,0.222101540340646,1.51241356462155
2015,1.08777938751176,-1.10187377858524,0.235643186501362
2016,0.812348918649711,-0.687298748720588,0.382899335179767
2017,0.855010485003213,-1.38001626265287,-0.225895736159
