"Year","OPR","DPR","CCWM"
2009,0.858743903446554,-0.592972822864919,0.238328670227738
2010,-0.25850794711481,-0.350817720468454,-0.520591808898367
2011,0.688746246719798,1.07854521325907,1.53923153933065
2012,-1.03905865584452,1.46773939495895,0.127253848109529
2013,0.800905379884236,0.498573532908104,1.36145858468389
2014,-1.52363536596885,-1.34097788877622,-2.39317147247749
2015,-0.262356648424476,0.98496822485495,0.768447932056454
2016,-0.896956913372623,0.747307389663745,-0.434431791945143
