"Year","OPR","DPR","CCWM"
2009,-0.139736492226124,0.177519884569654,0.0143181103929118
