"Team","OPR","DPR","CCWM"
2002,14.3346087689098,10.7394421599549,3.59516660895487
2003,25.3329081775931,28.9906392280515,-3.65773105045843
