"Year","OPR","DPR","CCWM"
2002,1.23363736914022,0.370329601871162,0.574732905808989
2003,-0.232320102908406,0.0690413438780336,-0.168532061567152
