"Year","OPR","DPR","CCWM"
2009,-0.68573010597736,-0.533757703718986,-0.850375160561623
2010,-0.399064067672,0.648493970318063,0.167783058648097
2011,-0.611277043746956,0.74976816992466,-0.0112998637147131
2012,-1.11280998818526,0.688925888103941,-0.66153688059299
