"Year","OPR","DPR","CCWM"
2009,0.159365106110353,-0.269718018796501,-0.0604065157879092
2010,-0.722346652637429,0.775134060542106,-0.0217549014717308
2011,0.540111898924443,-0.301836923532828,0.296217109647659
2012,0.340320555427647,-1.12892794290907,-0.627359279630117
2013,0.559293037068649,-0.161946806219623,0.507520218427791
2014,0.617639449287747,-0.391641750642551,0.298284109019122
2015,1.23316319836647,0.136479260270021,1.85710932444675
2016,0.184209585576352,-0.397152541958927,-0.1560887458384
