"Year","OPR","DPR","CCWM"
2009,-1.15452633577231,-1.05965296716756,-1.53723044158918
2010,-0.406212927209229,1.38120785619017,0.759411880823972
2011,-1.43680930194731,-0.781283744255556,-2.0453622731709
2012,-1.02063384783522,-0.663126538924991,-1.77681981836533
2013,-0.0227612781670806,1.36729819297184,1.16162159092454
2016,-1.10625524387361,1.00478607543886,-0.452146736090066
