"Team","OPR","DPR","CCWM"
2002,16.0328972273639,18.6241973057202,-2.59130007835622
2003,10.0867697449207,27.7914145807858,-17.7046448358651
