"Year","OPR","DPR","CCWM"
2002,0.534886891771827,0.845241768516351,-0.314906755490029
2003,-1.17538909553573,0.121728028681021,-0.711771881466659
