"Year","OPR","DPR","CCWM"
2009,0.824280172384762,0.00616100952950067,0.605784126828102
2010,1.89955675988573,0.320645455365718,1.98284828484179
2011,1.74646495058169,-0.729677521026329,1.15332253212624
2012,0.670885649074149,-0.741417671391538,0.10419516540482
2013,0.49433500538938,-0.734815237931038,-0.0655146410035209
2014,-0.0841526849924553,-0.531352123565681,-0.46067791687306
2015,0.545659826745052,-0.323538519377205,0.381197654168246
2016,0.870321066252666,-1.4302458123032,-0.288321892311911
2017,-0.331083725175046,0.726325217379308,0.268146929264755
