"Year","OPR","DPR","CCWM"
2009,0.0189394876825198,-0.108533552280046,-0.0572961540457609
2010,-0.392026165520827,-1.52283825374386,-1.59827426842478
2011,-0.729643983024503,0.869718429850788,-0.033515462988394
2012,0.014356927642116,-0.319159708602267,-0.271809434502533
2013,-0.180553117558903,0.517498194580178,0.240373564215015
2014,-0.353730700936299,-0.704214550069577,-0.837842505267327
2015,-0.123641131239029,-0.203644228028434,-0.404175803628367
2016,0.596960272644375,-0.183560701206338,0.605035099616129
2017,1.06993602731128,-0.14637152539268,1.20505392993488
