"Year","OPR","DPR","CCWM"
2009,1.11716801268665,0.969473797628387,1.45086306888438
2010,-0.170354640070254,0.324257650774758,0.110336652835224
2011,-0.143641377184983,-1.00861756032195,-0.943001770583725
