"Year","OPR","DPR","CCWM"
2009,-0.469491890440138,-0.0227110329375801,-0.357624397092696
2010,-1.20112453726274,0.707745106769461,-0.510564381712514
2011,-0.721385853205956,0.263804556479207,-0.506221505545446
2012,-0.122807221455187,-0.178498024635038,-0.302981714615107
2013,-0.329517715628501,-0.0538133114145662,-0.428673653904062
2014,-1.39599973352715,-0.600369130276958,-1.74136428428535
2015,-0.584666513428192,0.10211030141508,-0.68907138796759
