"Year","OPR","DPR","CCWM"
2009,0.911637837530548,0.795536323493418,1.18683853346028
