"Year","OPR","DPR","CCWM"
2009,0.948952729659289,-0.686809546079486,0.242691952128888
2010,-0.112915417960199,0.28405928993661,0.129566461953204
2011,0.412206431932778,-0.335611623846781,0.142532080545851
2012,1.54297328074027,-0.428471481891852,1.39321171857306
2013,1.69965883644126,0.0311077389968336,1.99696371611496
2014,1.26140094938532,-1.10402311314177,0.390674550395954
2015,1.44875792956081,-2.07568718501149,-0.384007618243964
2016,1.26745553661462,-1.63219734200334,0.033814021651031
2017,1.48398281378838,-0.56859160456533,1.32727863621147
