"Year","OPR","DPR","CCWM"
2009,-0.66526489560064,0.152447549749372,-0.385761825830988
2010,-0.842035923997926,1.5921094819778,0.536687500039555
2011,-0.652661555938391,0.286676062918535,-0.419896254924517
2012,-0.030670785230676,0.185604551636257,0.132312657755789
2014,0.253529833159219,0.852467055367021,0.850308039708913
2015,-1.33395652420011,0.156511931507122,-1.65989932818784
