"Year","OPR","DPR","CCWM"
2009,-0.744916744893176,-0.855625884256604,-1.10450457332238
2010,-0.603996326568914,-0.238615131697707,-0.742034681591457
2011,0.693834912149605,-0.991822572180173,-0.098917059962336
2012,1.76308226091715,0.963292766014835,2.90470529023329
2013,1.03524079521854,-0.883520648117288,0.432199458773212
2014,2.20046553036024,-0.747909817387743,1.52776185350711
2015,-0.123266888248156,1.22636221195873,1.23724411478745
2016,-0.00688836442688646,0.413617720715868,0.407274061558234
