"Year","OPR","DPR","CCWM"
2009,0.504470144282498,0.547660291008914,0.727160916007594
2010,0.00714572013594197,-1.31599726776883,-1.0677593318085
2011,0.325684728813131,0.809459035724829,0.965517220421824
2012,-0.591822767500055,0.780549562067163,0.0223887166356464
2013,0.421423159444394,-0.692373663758751,-0.113144636075806
2014,0.439982439042735,-1.40624046790522,-0.597290490421641
2015,0.042324971511898,0.381818418652752,0.49649412182234
2016,-0.00330217351035311,-1.12449185230068,-1.13639212100643
2017,0.298369626043392,-0.01028463853482,0.364790131446668
