"Year","OPR","DPR","CCWM"
2007,1.12780931660718,-1.53793883908733,-0.427792959724444
2008,0.279602441934427,-1.05690250691621,-0.611754300154461
2009,1.0115949115306,-0.0979297848948475,0.674317812378504
2010,-1.00824423794629,-1.45463073265403,-2.1009266822375
2011,1.58350532809773,-0.883964259739538,0.869217447734519
2012,0.129887795971638,-0.43079013802793,-0.239367606123822
