"Year","OPR","DPR","CCWM"
2007,1.12780931660718,-1.53793883908733,-0.427792959724444
2008,0.279602441934427,-1.05690250691621,-0.611754300154461
2009,1.0115949115306,-0.0979297848948475,0.674317812378504
