"Team","OPR","DPR","CCWM"
2002,7.23022897256205,6.11094082218121,1.11928815038084
2003,28.612549821752,11.2228748979121,17.3896749238399
