"Year","OPR","DPR","CCWM"
2009,-0.466973134915564,-0.058624256772548,-0.379319723606731
2010,0.426556971250043,-0.252323381505008,0.18051670886138
2011,-0.615935779752874,0.839984866514886,0.0556814076347071
2012,-0.0627752239145208,0.277085420930288,0.177926124565824
2013,-1.74704115922021,2.67140664584657,0.296248922967472
2014,-0.674099802293678,0.678379463195011,-0.145287277937198
2015,0.350357194300149,0.448268743759419,0.997513496743769
2016,1.23050062815919,-0.203020014815479,1.42366896296701
