"Year","OPR","DPR","CCWM"
2009,-1.72930680709765,0.953212592874775,-0.637796474735088
2010,-0.264478630793039,0.0891186804180548,-0.166886459283565
2011,-0.533101289968292,0.426346498474151,-0.190442792744265
2012,-1.06058564589752,2.57462217491304,1.10253330201363
2013,-1.64666135500408,2.13021303003901,-0.0576351593255001
2014,-1.32262601454885,0.0406774356537955,-1.21200131591317
2015,0.391395952082593,0.138657727311111,0.698832485486652
2016,-0.785262664752056,-0.835371584155296,-1.8799304502876
