"Year","OPR","DPR","CCWM"
2009,0.377388166055297,2.36034568853168,1.82224797673208
2010,-0.681198787272585,-0.679150835381351,-1.17158894600399
2011,-0.990425452767361,0.998819464986212,-0.189739889462633
2012,-1.17955905028538,2.52241967301518,0.918088902425603
2013,-0.991165929254465,0.148323166357902,-1.01990582474076
2014,-1.15965088431952,1.65894740612584,0.10345109565315
2015,-0.986573656919752,1.73392838978751,0.629187108042861
2016,-1.08538267854632,1.8556310309072,0.432012754436303
2017,-0.886681620238419,0.310866739936503,-0.820223062312568
