"Year","OPR","DPR","CCWM"
2002,-0.0186969198222992,-0.554765779948675,0.443737335961598
2003,0.0443794713913912,-1.34590051248969,0.85726742923506
