"Year","OPR","DPR","CCWM"
2020,-0.000814808031915363,-0.331667572424819,-0.213593364650217
