"Year","OPR","DPR","CCWM"
2007,-0.269240713512268,0.763267108296695,0.401244366860299
2008,0.293235645639507,-1.25686392689327,-0.765498003051116
2009,0.063718563262981,-0.121909742652288,-0.0333716928983992
2010,2.33322553856375,-0.408826538316799,1.78031765903954
2011,0.790453755146609,-1.00104947732589,-0.0103968009094741
