"Year","OPR","DPR","CCWM"
2007,-0.269240713512268,0.763267108296695,0.401244366860299
2008,0.293235645639507,-1.25686392689327,-0.765498003051116
