"Year","OPR","DPR","CCWM"
2009,0.853288927613713,0.569828594368817,0.996335032297638
2010,-0.103741403261262,0.386677695497642,0.221644903761025
2012,-0.442086924759809,-0.800605314977065,-1.23348348981121
2013,-0.665986740351101,0.168768046617347,-0.625253379925396
2014,-1.34502158665079,0.774364267783454,-0.705963850843133
2015,-0.996834772102559,1.26975141985274,0.0824034715903724
2016,-0.69983715316991,-0.519170093058676,-1.44858657190119
