"Year","OPR","DPR","CCWM"
2009,-1.28975379691421,0.411145683096826,-0.672129621676474
2010,1.09299644134282,-0.581750614520506,0.515441919337249
2011,-0.606613356448775,-0.263740961091649,-0.811069130103297
2012,-0.284934958094922,-1.33864069911692,-1.53829331346658
2013,0.570671121397249,-0.544680010264204,0.188162800288688
2014,0.454352120067193,1.63789709247879,1.60299549479074
2015,-0.0347189051467124,-0.130327359463077,-0.197424570488816
2016,1.22985389117433,-0.735254102019299,0.887014577776859
2017,-0.0330646884261883,0.842834058787497,0.751845296081462
