"Team","OPR","DPR","CCWM"
2002,15.3267321804499,21.0740809201141,-5.74734873966415
2003,27.7056389080256,19.2701543492985,8.43548455872711
