"Year","OPR","DPR","CCWM"
2007,-0.176437902257062,-1.17503865581198,-1.00205967566801
2008,0.744847740508069,-1.06966938606731,-0.172143458957842
2009,-0.521959906838913,0.522271387884792,-0.0387982020645031
