"Year","OPR","DPR","CCWM"
2002,0.359548593712738,1.37181762338458,-0.873807088700443
2003,0.443991077172518,-0.563246252883283,0.589099727764249
