"Year","OPR","DPR","CCWM"
2009,-0.562802965665871,-1.09680407011818,-1.12960167111623
2010,-0.267246568879452,0.177884087598727,-0.0969361686797194
2011,-0.770767531065501,0.34451238934637,-0.491151178806651
2012,-1.61801556841767,0.719103426321659,-1.21720001518503
2013,-1.05558231669087,-0.0434908346375804,-1.26122671934227
2014,-0.610530181912344,-0.292619959499916,-0.783161796045162
2015,0.14588539527562,0.113317949882864,0.331202502204055
2016,-1.37732917416996,0.345608616641051,-1.47439104524482
2017,-2.10453164110211,3.52502212831824,0.676728011239417
