"Year","OPR","DPR","CCWM"
2009,0.27287143249296,1.55122973488149,1.21573086273614
