"Year","OPR","DPR","CCWM"
2009,-0.795334772403864,0.685033366815586,-0.131710631488291
2010,-0.118509329864587,-0.928881787408004,-0.865612108817035
2011,-0.465060571030627,1.94206659871364,1.08003900680981
2012,-0.982858903021275,-0.219774949206634,-1.33264524173672
2013,-1.00595129371237,-0.307960062409681,-1.43349245013682
2014,-0.0183556692298323,1.11868965449261,0.786401129687747
2015,-0.85217755141795,0.771533863137039,-0.289812436478972
2016,0.30043934764621,1.0208590838176,1.42520102774493
2017,-0.704922426524878,-0.351945081788272,-1.2159968491643
