"Year","OPR","DPR","CCWM"
2009,-0.670008913514006,0.0594463552016008,-0.450169159590469
2010,-0.63212800003974,1.03864518353057,0.275089616085436
2011,0.0137711281793541,-0.349754392753407,-0.263930251442768
2012,-1.11549613524683,1.06260137245492,-0.327003700185828
2013,0.208258920341227,-0.189326483423061,0.0768760203512242
2014,0.132667418259979,-1.25949194576655,-0.780272293058562
2016,-0.546977848923818,2.09433240172633,1.38466457089145
