"Year","OPR","DPR","CCWM"
2009,0.73377223692442,0.747145116577909,1.02528087978668
2010,0.233926638689587,-0.397591353217165,-0.112598197903486
2011,-0.728756944039305,-0.624852928509689,-1.21883749706978
2012,0.0489739848757079,-0.789939923077305,-0.657237717898898
2013,1.06794707821045,-0.74311425240793,0.592101323014702
2014,-0.355641180485517,1.58677767643759,0.806132352655308
2015,-0.887635109451515,1.63710750623623,0.65452093052637
