"Team","OPR","DPR","CCWM"
2002,14.8695878760722,23.4039426862754,-8.53435481020314
2003,40.7703359375856,23.8156727561322,16.9546631814535
