"Year","OPR","DPR","CCWM"
2007,0.89275658748466,-1.21999917915096,-0.340590390048231
2008,-1.010851920516,-0.280755036729436,-1.21270182822617
2009,-1.14367479831896,-0.0167742734795864,-0.845905747656934
2010,0.24299768418799,0.741317718911328,0.825299365012737
