"Year","OPR","DPR","CCWM"
2002,0.246041270393245,1.87259608650546,-1.36735417515068
2003,1.64478955840612,-0.197858608277247,1.01305928194168
