"Year","OPR","DPR","CCWM"
2007,0.89275658748466,-1.21999917915096,-0.340590390048231
2008,-1.010851920516,-0.280755036729436,-1.21270182822617
