"Year","OPR","DPR","CCWM"
2007,0.89275658748466,-1.21999917915096,-0.340590390048231
2008,-1.010851920516,-0.280755036729436,-1.21270182822617
2009,-1.14367479831896,-0.0167742734795864,-0.845905747656934
2010,0.24299768418799,0.741317718911328,0.825299365012737
2011,-0.802627867605808,0.955346283797483,-0.0379530279049361
2012,-0.243179759562231,0.0977519453203829,-0.192268940311638
2013,-0.239489623195252,0.433851671172495,0.0993872646135827
2014,-0.106057970538428,0.670682221816442,0.382263941164507
2015,-1.36503943294004,1.5528668515757,-0.100472505335746
