"Year","OPR","DPR","CCWM"
2009,-0.96008943629063,-0.582406394888089,-1.08254457394006
2010,-1.32547456562771,-1.43821148641925,-2.37495298035751
