"Year","OPR","DPR","CCWM"
2009,1.26516367938837,-1.04187421211908,0.240859123325419
2010,0.438624879043293,-0.13382257627065,0.288181810521188
2011,-1.07643129205531,-0.0392866215202246,-1.09897295385013
2012,-0.893138518045894,1.92403329302271,0.707905377943666
2013,-1.00749181339454,0.470629300544152,-0.758786172826781
2014,-1.09285383446938,-0.657367638368591,-1.49782177258231
2015,-1.0451997282138,1.26416388747748,0.00929779000871169
2016,-1.0559084569006,1.06612695219577,-0.323782289540378
2017,-1.39945277961082,0.546362449512366,-1.24211250506462
