"Year","OPR","DPR","CCWM"
2009,-0.110139229783749,1.25935878183736,0.744858474610597
