"Year","OPR","DPR","CCWM"
2009,-1.16142316827525,-1.3793964291833,-1.75179454625405
