"Year","OPR","DPR","CCWM"
2009,0.470189733691912,-1.0219775190332,-0.326454944668073
2010,-0.704985017716385,0.529312554233624,-0.206685580679797
2011,-0.547909088613273,-0.984906808405078,-1.32520635792173
2012,-0.221438197699466,0.299473850550348,0.015082294828216
2013,-0.0210781382962825,1.56412996009372,1.33459330142713
2014,-0.0726468628201868,1.29515151684882,0.862215346354223
2015,0.273192122248004,0.536170385681759,0.991970116251489
2016,0.274399428795833,0.249593997990218,0.614317576141446
