"Year","OPR","DPR","CCWM"
2009,0.601124055793905,-0.37169843931408,0.195261253418838
2010,0.514703770371111,1.36624501913406,1.58160202359656
2011,-0.37419338703305,0.522522569014748,0.0435221819036192
2012,-1.26858350956852,1.61757960393729,-0.00219533570755411
2013,0.680008072600128,0.486592565763005,1.21092654475853
2014,-0.904483315846704,1.44129899795652,0.186562988054927
2015,0.436200811079124,-0.30145037276482,0.255602037634456
2016,0.0166583784204499,0.141064720404889,0.164049834362981
