"Year","OPR","DPR","CCWM"
2009,1.05893176447475,0.716666685468923,1.2426834745388
2010,-0.536928668118036,0.888486511770366,0.238772917651862
