"Year","OPR","DPR","CCWM"
2002,-1.12242413049978,-0.786099029857093,-0.152861048363741
2003,0.556255448058502,0.0197131920175847,0.288978508795445
