"Year","OPR","DPR","CCWM"
2007,-1.13961811371779,-3.33910488668749,-3.26266842873803
2008,-0.113406298444113,-2.0245876078325,-1.79998549694384
2009,-0.253840450410046,-0.168830062821934,-0.295945433288859
