"Team","OPR","DPR","CCWM"
2002,9.35817111932837,11.034416926543,-1.67624580721468
2003,28.9270761564578,26.5223231797239,2.40475297673381
