"Year","OPR","DPR","CCWM"
2009,-0.527916021792775,-0.616711576005588,-0.789526636353164
2010,-0.790881518571841,-3.68025624565616,-3.72073648221547
2011,-0.338478224868189,0.520568025903894,0.0773994360877218
