"Year","OPR","DPR","CCWM"
2009,-1.09058124866968,1.85030640304189,0.416359769642705
2010,0.52965154390157,0.349933170491668,0.765541643783149
2011,-0.469438983277966,0.937002286225198,0.278002640116137
2012,-0.69059781340768,0.0380355304545751,-0.762477340357939
2013,-0.431580921489866,0.711809679554388,0.118258948822965
2014,0.38089691962242,2.1004964544633,1.86637624425013
2015,0.979765224315343,-0.321938498381934,0.981654445311301
2016,-0.0417331141872409,1.02903198373228,0.980707701704868
