"Year","OPR","DPR","CCWM"
2002,0.0750945919048772,-0.576230189029191,0.528315348156645
2003,0.290424377077951,-0.662839770762076,0.567609208211879
