"Team","OPR","DPR","CCWM"
2002,14.1811098278032,12.0108275035999,2.17028232420327
2003,26.0348319891963,18.0311847907972,8.00364719839907
