"Year","OPR","DPR","CCWM"
2007,0.24137052246471,-0.877539285404791,-0.505661408045539
2008,-0.0499700774041504,-0.16612445071308,-0.18705078717546
2009,0.190509890239005,0.682303458651514,0.58619368181633
