"Year","OPR","DPR","CCWM"
2009,-0.207781522679866,-0.261517345708033,-0.323059536801646
