"Team","OPR","DPR","CCWM"
2002,14.2264950180483,9.55076552430205,4.67572949374623
2003,25.5659011628276,14.1482938569683,11.4176073058593
