"Year","OPR","DPR","CCWM"
2002,0.0863635750546948,-1.10499377280379,0.972001554603898
2003,0.247324148819071,-0.974962667556624,0.737505986908035
