"Year","OPR","DPR","CCWM"
2009,0.33257434262826,-0.369822670240401,0.000441908023615381
2010,-0.129590972151708,-0.570819619023609,-0.583370600481996
2011,-0.299641244868263,0.194755443034564,-0.142664149682838
2012,-0.311338702995007,-0.241174158899785,-0.577148883565931
