"Year","OPR","DPR","CCWM"
2009,-0.53870527776959,-2.07894373773626,-1.75560994815912
2012,-0.716070716494493,0.676878178105774,-0.214646146478617
2013,-1.2407121737423,0.0706784722404494,-1.3765974418743
2014,-0.309941160412168,-0.590728800409322,-0.715223926036417
