"Year","OPR","DPR","CCWM"
2009,0.517286016680993,0.812186784257079,0.909862168645975
2010,-0.18990297568313,-0.135255811652637,-0.282470949001441
2011,0.691785609108206,0.844570576657355,1.35654699728312
2012,-0.256842015650778,0.204135803601632,-0.111910498287839
2013,1.80495968253951,-0.265489783207661,1.86130504945485
2014,1.61452714178826,-0.526444924507987,1.13697867143946
2015,1.14805751933741,-0.615978985436096,0.876319842651892
2016,0.541766732457711,-0.423055045557615,0.290911376420251
