"Year","OPR","DPR","CCWM"
2002,-0.833226375080391,-2.19378341896849,1.21319195927738
2003,0.16500054614728,-0.726763832660538,0.53927383004349
