"Team","OPR","DPR","CCWM"
2002,10.5228986704897,4.48519351031726,6.03770516017241
2003,24.6702197107792,17.2359526468304,7.43426706394882
