"Year","OPR","DPR","CCWM"
2009,-0.512538929988417,-0.371366897303941,-0.617525547823767
2010,-0.00194738689439971,1.5965643953465,1.30149311538091
2011,-0.95114737174263,-0.364107491234998,-1.2324962983727
2012,-0.037898310635644,-0.231471951688112,-0.252874152854714
2013,-0.221798928785983,0.515935027201828,0.191210739777471
2014,-0.777741320403765,0.998978503167459,-0.0122429802478556
2015,-0.715426701734913,0.295803689985699,-0.647127214333111
2016,-1.16178720044638,1.28007401083685,-0.248488199320703
2017,-2.18592913471875,1.99352271205183,-0.867001189713886
