"Year","OPR","DPR","CCWM"
2010,0.824528123474841,-0.749629472152296,0.135156371141123
2011,0.218096599564334,-0.472075107206129,-0.158327363322421
2012,-0.301163584660676,-0.200355563885764,-0.528526920887823
2013,-0.659765920748962,0.53827440091453,-0.296990908409039
