"Year","OPR","DPR","CCWM"
2010,-0.943632337509142,-0.282202793484456,-1.08534479726393
2011,-0.0625812179991579,-1.04192764954199,-0.889029515679814
