"Year","OPR","DPR","CCWM"
2007,0.40201932511996,-0.1563796578101,0.143393108339275
2008,-0.688083274695649,1.87450520837973,0.898998975042246
