"Year","OPR","DPR","CCWM"
2002,1.15969978394311,0.374543328538498,0.518527859795318
2003,-0.0513785453017804,-0.182520660224017,0.0851786029803419
