"Year","OPR","DPR","CCWM"
2010,-1.027369763145,0.560958604745661,-0.472952612244956
2011,-0.24979226927508,0.572962867098268,0.206958032921397
2012,0.0756515389316817,0.655272793388643,0.679358693035469
2013,-0.10310321363866,1.03835021497168,0.782691307427042
2014,-0.205963052494708,0.331412731524943,0.0447885050738805
2015,-1.27497366830445,1.92431143236779,0.449951238718324
2016,-0.36728656705566,-0.383359519372425,-0.871875944396294
