"Year","OPR","DPR","CCWM"
2010,1.69159494544783,0.216434756000691,1.7093567526817
2011,-0.76557351450274,-0.193753987994344,-0.913206705722474
2012,-1.44564592224936,1.54314880529659,-0.273749822236216
2013,-0.888182942506965,-0.386223535854335,-1.36499747782169
2014,-0.701926316492765,0.980445749642963,0.04559257441618
2015,-0.907236067623755,1.23301185671448,0.163799993381136
2016,0.24935760096217,0.316942547799135,0.648984890563034
