"Year","OPR","DPR","CCWM"
2010,2.76336891284082,-1.43711347844588,1.33067353125129
2011,1.88978375656385,-2.22127440397075,0.111649915759007
2012,2.04540319312459,-1.35661374161765,1.13432070150907
2013,1.30132148027686,-1.50786239366014,0.198120889375059
2014,1.02774641003924,-1.4951650542304,-0.109581818219248
2015,-0.0446201108804372,-0.016219743335953,-0.0801418808237968
2016,1.56279811259598,-1.71181011840091,0.344429399412906
2017,-0.158347728491396,-0.147100859074411,-0.337198598814393
