"Year","OPR","DPR","CCWM"
2007,-0.142882361025948,-1.15719482630142,-0.966760315259322
2008,-0.596416652044238,-0.0483209948757096,-0.617559148933068
2009,-0.339655471204671,0.358825887342369,-0.0128175610796439
2010,-0.882644537599992,-0.441394925625333,-1.16003304741643
