"Year","OPR","DPR","CCWM"
2007,-0.142882361025948,-1.15719482630142,-0.966760315259322
2008,-0.596416652044238,-0.0483209948757096,-0.617559148933068
