"Year","OPR","DPR","CCWM"
2002,-0.0766977074397678,-0.594093527375216,0.434772520824937
2003,0.959118880541914,-0.400773013389752,0.767427976819806
