"Team","OPR","DPR","CCWM"
2002,13.5697749547353,11.9277186798517,1.64205627488358
2003,33.3102335071211,21.2913641839442,12.0188693231769
