"Year","OPR","DPR","CCWM"
2010,-0.800519711782891,1.03637519320979,0.120663954894459
2011,-0.954727472872804,0.562124694650438,-0.500921556787132
2012,-0.384211456733803,0.698367618622431,0.187685308332483
2013,-0.70159542488383,0.740447251451457,-0.169810436342612
2014,-0.349079567195853,0.454093014038238,-0.00139046444759729
2015,1.17483131287459,-0.0849173884541181,1.52262283596262
2016,0.289254512813204,0.0360559713181724,0.419003827463515
