"Year","OPR","DPR","CCWM"
2010,0.437650315816006,-1.89342217484565,-1.14904256470246
2011,-0.873777612276122,0.802860481520896,-0.229555715559092
2012,0.221060885573796,-0.488761669718136,-0.186547701301006
2013,-0.949068759448485,0.434389138915145,-0.722560736471455
2014,0.113641622532117,0.176065120819375,0.23312629145321
2015,0.369437917371294,-0.960638233582825,-0.592867283794643
2016,-0.0915954873650189,-1.31266543385897,-1.44264495557428
2017,0.249802430696527,-0.636184387097109,-0.285311763703662
