"Year","OPR","DPR","CCWM"
2010,-1.46249550127007,0.377494122985341,-1.01696185471765
2011,-0.661474386945015,0.938701436515011,0.0888570224960927
