"Year","OPR","DPR","CCWM"
2010,-0.650406803743812,0.259847151384559,-0.377196119587064
2011,-0.48296980715623,0.788427837317393,0.146660780321953
2012,-0.44131569751481,0.609101179727903,0.0411395200412356
2013,-0.257260252391173,0.221893508115001,-0.105372984416761
2014,2.38201055071744,-0.514673585248485,1.86568200586922
2015,-1.12838465805189,1.07259998051212,-0.325227967261966
2016,1.02339409984776,-1.73146823805335,-0.389034130893425
2017,0.466274121571867,-0.184457764296673,0.411574042506304
