"Year","OPR","DPR","CCWM"
2010,-0.535871961828852,-1.96042168685475,-2.08580136921225
2011,-0.542430341978487,0.0418141457896469,-0.504890181198189
