"Year","OPR","DPR","CCWM"
2010,-1.27829970090004,-0.646156876466763,-1.68566453585538
2011,-0.82320937571042,-0.230771666283222,-0.999759956858017
2012,-0.663171650558453,-0.465169624210066,-1.18550020474495
2013,-0.760892582784751,-0.156044438723494,-1.01747029443266
2014,0.0308658073167631,-0.0708980377956033,-0.0219645277425066
2015,0.190288546834561,-0.986237859701228,-0.869284974284818
2016,-0.726530660336937,0.505592444593395,-0.452278332817254
