"Year","OPR","DPR","CCWM"
2010,-0.438513089119245,1.60297246631489,0.91117001113066
2011,-0.598685592822527,0.816054703936167,0.0538004097813717
2012,-1.47502773465469,1.14146011327458,-0.670595709740554
2013,-0.107268883097063,-1.50397369255352,-1.43108192361164
2014,-0.26004042045517,0.174129990143335,-0.118946927382256
2015,-1.03135205601124,0.443230194739615,-0.91361163265185
2016,-0.177633153678577,0.518243926367616,0.286692268870956
