"Year","OPR","DPR","CCWM"
2010,-0.688115025992162,-0.472026435781486,-1.00878214279372
2011,0.497031265517105,-0.302737775448706,0.252767245268466
