"Team","OPR","DPR","CCWM"
2002,16.9078149082908,15.8729739467473,1.03484096154345
2003,25.5821620705941,26.7832635575251,-1.20110148693101
