"Year","OPR","DPR","CCWM"
2007,0.6293725258107,-0.518371820806052,0.0179174752982436
2008,1.23513010965573,-1.17605233759726,0.213543018105022
2009,0.0246010870776218,-0.86170097422688,-0.546716801529134
