"Year","OPR","DPR","CCWM"
2020,0.82774688839624,-0.102593000816125,0.735520090481002
