"Year","OPR","DPR","CCWM"
2010,-0.527301583785029,-0.666481936318029,-1.02180764081563
