"Year","OPR","DPR","CCWM"
2010,-0.52454193288609,0.740460014357924,0.129163655694343
2011,-0.510328241712763,0.634601203998377,-0.00256623468102877
2012,-0.216594053488188,0.785551343386861,0.459864541466704
2013,-0.79276177344462,-0.270025234619432,-1.15344158247859
2014,-0.120736893012965,0.179952590849267,0.0159656567385949
2015,-0.52781460538851,-0.0817051976190743,-0.821598603808486
2016,-0.187035173505179,-0.777357553539133,-1.03002605329427
2017,0.22403948910892,0.273557699913414,0.53867687024997
