"Year","OPR","DPR","CCWM"
2015,0.2211166611445,0.172030371430821,0.502315922301668
2016,0.393730798415523,-0.591159854798719,-0.074182441251378
