"Year","OPR","DPR","CCWM"
2010,-0.00142759736526901,-0.675658467062029,-0.552825894660037
2011,-0.675693927170379,0.370783318584041,-0.375990060316076
2012,-0.638043492238073,0.509904724803279,-0.275482689460398
2013,-0.546419132632852,-0.657547368588771,-1.20463180111031
2014,-0.514027038709753,0.318297898782717,-0.253736344240397
2015,-1.23544044288666,1.44980679270138,-0.040018006405166
2016,-0.902546126083028,1.14592199078196,-0.0405424532543418
