"Year","OPR","DPR","CCWM"
2010,0.74507268878141,-0.112633680501502,0.583137623073501
2011,0.0266385396895859,0.422792141007015,0.36198374277626
2012,-0.70616553483267,1.36422610357169,0.417832638042092
2013,-1.23530079480929,0.32939331930602,-1.14553637671423
2014,-0.905554161470813,-0.460412961710258,-1.18056453404497
2015,-1.15329227215552,0.764731923306108,-0.712847412596299
2016,-1.14532167633113,0.802633833333622,-0.707340833468883
