"Year","OPR","DPR","CCWM"
2010,-1.54393676248291,0.831003595262171,-0.720557696269039
2011,-1.20560094972643,0.940521566780428,-0.44945796376049
2012,-0.34224084507191,0.956811713572529,0.469628815956101
2013,-0.801338617456022,-2.78168820923605,-3.34568712561081
2014,0.402287026856064,-1.27022727935384,-0.534958806528802
2015,-1.25379266523778,0.574323340933789,-1.06992506118461
