"Team","OPR","DPR","CCWM"
2002,13.7638011990736,9.45155479704417,4.31224640202939
