"Year","OPR","DPR","CCWM"
2002,-0.0285216732254636,-1.12631804029592,0.907632831913576
