"Year","OPR","DPR","CCWM"
2010,0.0964399315607971,-0.803703840829553,-0.5686742148112
2011,0.15818789492465,-1.27613957594608,-0.855920067712455
2012,0.884889103286261,-0.605879879761195,0.473586871060486
2013,-0.324547968345123,-0.734360834373465,-1.01421992882559
2014,-0.930725448364487,1.20424755611143,-0.00835339204828942
2015,-0.303270125225127,-1.25292603557439,-1.85590975331406
2016,0.35440548372885,0.989824670924628,1.46536018753403
2017,-0.174624200115192,-0.871659442389296,-1.03963944660769
