"Year","OPR","DPR","CCWM"
2010,-0.10683306526013,0.514371132549377,0.323078394661666
2011,-0.445703582491541,2.16083914620159,1.27287465573218
2012,-0.810816889418336,-1.54876293369721,-2.33493542902875
2013,-0.653678055094089,-0.0422930549015219,-0.794371733631165
2014,-0.867737554192921,0.455502883236191,-0.487113884706132
2015,-0.560697801429227,1.37637189138139,0.806170623435911
2016,0.564780881782451,1.50052230332751,2.25782132156291
2017,0.851913309772547,1.18041311590216,2.1802996749762
