"Year","OPR","DPR","CCWM"
2010,-0.588119406539031,-0.0974686330368585,-0.612432968231813
