"Team","OPR","DPR","CCWM"
2002,19.1098733715955,15.31256500788,3.7973083637155
2003,18.2780209149858,49.2003007949799,-30.9222798799941
