"Year","OPR","DPR","CCWM"
2020,1.44115633986956,-2.02885224850547,0.0934383381780232
