"Year","OPR","DPR","CCWM"
2002,1.29888924880677,0.13344240057949,0.816443160244483
2003,-0.422517295894133,1.84266320203389,-1.36955156994977
