"Year","OPR","DPR","CCWM"
2007,-1.00222421304476,-0.255977257761438,-0.845156648241139
2008,0.5351115962277,-0.733274973656064,-0.0942889746420921
