"Year","OPR","DPR","CCWM"
2007,-1.00222421304476,-0.255977257761438,-0.845156648241139
2008,0.5351115962277,-0.733274973656064,-0.0942889746420921
2009,-0.123676246395371,-1.6990092855632,-1.20365490567024
2010,-0.290177434848436,0.715492303306288,0.321130672497471
