"Year","OPR","DPR","CCWM"
2010,0.0735319526194959,-0.687068498258379,-0.494222058817824
2011,-0.737750176724863,0.3777489038953,-0.432019864368528
2012,0.778069515964316,0.73063684522592,1.55793630830376
2013,-0.0914716011759558,0.10569348259136,-0.0141834950022159
2014,-0.228008942937784,-0.360179161040932,-0.47271567526408
2015,-0.956153406441691,-0.487758934781228,-1.87820596467693
2016,-1.38588452300275,0.957098485204477,-0.870125146778203
