"Year","OPR","DPR","CCWM"
2010,-0.195618421619559,0.0229981790069815,-0.158468522857438
2011,-0.903400239096339,0.0224316850225794,-0.878346397544561
2012,0.511136719016297,1.90960621469651,2.31518850239925
2013,-0.562604568191657,-0.0148841677186051,-0.66500120464415
2014,-0.32903942805381,0.0620808234035115,-0.264191419998082
2015,-1.49472898097566,1.37477816811454,-0.483664451520066
2016,-1.23695393442855,2.99996766444508,1.38347289052193
2017,-1.45247263915829,-0.00420901942391895,-1.82689769777092
