"Year","OPR","DPR","CCWM"
2007,-0.400529064965985,-0.165676378889661,-0.385616591946656
2008,-0.00281405948505269,-0.527503613652173,-0.443110578329756
2009,-0.539504082676913,-0.725818461213715,-0.869484432939412
2010,0.0475249427376188,-2.20740626537641,-1.75882054562628
2011,0.993728133044262,-1.93332585016011,-0.548677060704787
