"Year","OPR","DPR","CCWM"
2007,-0.400529064965985,-0.165676378889661,-0.385616591946656
2008,-0.00281405948505269,-0.527503613652173,-0.443110578329756
