"Year","OPR","DPR","CCWM"
2003,-0.41344672017395,0.80139314495484,-0.719996778803814
