"Team","OPR","DPR","CCWM"
2003,18.3767088509883,36.2466273995894,-17.8699185486011
