"Year","OPR","DPR","CCWM"
2007,-0.400529064965985,-0.165676378889661,-0.385616591946656
2008,-0.00281405948505269,-0.527503613652173,-0.443110578329756
2009,-0.539504082676913,-0.725818461213715,-0.869484432939412
2010,0.0475249427376188,-2.20740626537641,-1.75882054562628
2011,0.993728133044262,-1.93332585016011,-0.548677060704787
2012,-0.100664093273175,0.694559579674794,0.511414822193069
2013,-0.377183213254738,-0.764681631659482,-1.10156991048051
2014,-0.831306000714257,-0.459182405966563,-1.11000212617678
