"Year","OPR","DPR","CCWM"
2010,0.179493921469623,-0.671854517888158,-0.385795345470664
2011,0.0870071714148127,0.896077738411679,0.797502198067551
2012,-0.846617377971092,0.753317202726062,-0.29621091610607
2013,-1.61815421872437,1.73254346588006,-0.370117430686386
2014,-0.06898102734618,-0.677097844929482,-0.551138596316
2015,-1.57044427502575,2.26423022535659,0.432554478971037
2016,-0.548497962001517,0.166878203860021,-0.557709895037918
2017,-1.79868293070137,1.91591231820966,-0.454038322933904
