"Year","OPR","DPR","CCWM"
2010,-0.967627519439077,1.26333806958428,0.154521796723349
2011,-0.168358310996815,-0.454516789105719,-0.527745134481897
2012,-0.670101482922607,-0.0632036672883637,-0.830301874925908
2013,-0.472392239347696,0.973351901005677,0.29820369301449
2014,-1.28251109350359,0.883778876046902,-0.568701098628248
2015,-1.12485802511964,1.62025887865812,0.308062828036963
2016,-1.45938580927883,1.18831283842323,-0.734610203490754
2017,-0.453448156546238,0.422589969048765,-0.171327498065218
