"Team","OPR","DPR","CCWM"
2002,8.85342488732369,7.6873442335193,1.16608065380439
2003,27.949555339806,19.6939135641637,8.25564177564232
