"Year","OPR","DPR","CCWM"
2007,-0.776510912750732,-0.245909325899538,-0.690746779462115
2008,-0.227702150165123,-1.01380910258653,-1.06675242709394
