"Year","OPR","DPR","CCWM"
2002,-1.2477508450663,-1.50551592553322,0.350482650240068
2003,0.46640985046417,-0.529182727550965,0.580149796143464
