"Year","OPR","DPR","CCWM"
2010,-0.795257468883204,1.81089010421351,0.75765966510882
