"Year","OPR","DPR","CCWM"
2017,1.8027168531769,0.769951798875233,2.98725295548984
