"Year","OPR","DPR","CCWM"
2010,0.425609948390346,-0.538522147006628,-0.0539621827236752
2011,0.515629155990358,0.458577725567005,0.875451952327313
2012,1.28504774238069,-0.751349105185947,0.803870700167031
2013,-0.0363540483693338,1.61097009691375,1.35758616586211
2014,0.68712519864725,-0.896134297914077,0.00108363368877721
2015,2.58266750150321,-0.318140714659022,3.19637563265978
2016,1.23820155834057,0.0129847455464626,1.65130933939115
2017,1.44140790808537,0.475912729084614,2.2570163888623
