"Year","OPR","DPR","CCWM"
2010,0.864798639496458,-0.151303637445061,0.660050453187708
