"Year","OPR","DPR","CCWM"
2010,1.50797035088373,-0.831018311276373,0.687958021089136
2011,1.0891700289288,-0.0491790783598647,1.04139655585393
2012,1.67852148865016,-1.18321986582343,0.867664536240388
2013,1.82863406746463,-1.73299946580465,0.613671159610161
2014,0.241432288064473,-0.387026570808764,-0.051453303671889
2015,0.0732334723122482,-1.12597895242673,-1.19105119344413
2016,1.12806343260699,-1.2476808665522,0.236479109395177
2017,0.791956660827746,-0.537906473609335,0.48762974665995
