"Year","OPR","DPR","CCWM"
2010,-0.352195983868162,-0.00671978622322138,-0.324595350099705
2011,0.414221932602347,-0.21938618173056,0.236776480108976
2012,-0.669542794164197,2.00565503141553,1.03964951866537
2013,0.0566991834946505,-0.632084445681116,-0.48348288635385
2014,-0.697988148798814,0.0348977134900796,-0.629959892613108
2015,0.786386638221189,0.893204956555927,2.10934293200576
2016,0.0459177569021542,-1.29125975697288,-1.2391551238584
2017,0.431904932195021,-0.0586208999333481,0.486886554908251
