"Year","OPR","DPR","CCWM"
2010,-1.04060071426976,0.801421905726245,-0.288653135805049
2011,-0.129355238508991,0.196119617017308,0.0273379042433993
2012,0.118943107712378,-0.960083000005858,-0.730235973575882
2013,-0.818326424170021,0.848860248852349,-0.210907127634108
2014,-0.165206183504013,-0.355933181041442,-0.410728066201586
2015,-0.121627877163554,-0.234996640709309,-0.437375842904913
2016,0.889927413615648,0.18652179387946,1.36521467654751
