"Year","OPR","DPR","CCWM"
2010,-1.30992373155415,0.184817713050202,-1.03600253614795
2011,0.0902811728508411,-1.84616211785317,-1.37569368202407
2012,1.11550639021622,-0.912213317552412,0.462897894787565
2013,0.427627197654331,-0.436236140805222,0.116595779732291
2014,-0.32447626285022,0.617992412049696,0.139438112243879
2015,0.252954937128097,-0.167249701853901,0.156903019605962
2016,-1.32751142720096,1.9932829745932,0.250231319616972
2017,-2.18414965117767,2.44405338566026,-0.440692046670657
