"Year","OPR","DPR","CCWM"
2010,-1.16218430375603,1.21508909874555,-0.0611430681232621
2011,-0.266784659885583,0.417197088196217,0.0664748184708444
2012,1.67102263667876,-0.282303372314489,1.67303052356522
2013,1.14576362701671,-0.545704957902946,0.853814820064955
2014,0.886429189843843,0.0753725902434776,0.886017265225487
2015,0.73457296401678,-0.316545289115302,0.649728873972952
2016,1.08599679884157,-1.06689148373082,0.362821870288299
2017,1.45173379113899,-1.26821491653369,0.628262415375877
