"Year","OPR","DPR","CCWM"
2010,-0.717782659745956,0.842521693506626,0.0373881087378138
2011,-0.0917897443376664,0.0775864805885217,-0.0294747212200545
2012,-0.414048769005478,0.159474886959242,-0.333656168302187
2013,-0.84619205404355,-1.70217665303836,-2.45971948563801
2014,0.0761448800219485,0.345825084081817,0.319886906421414
2015,0.0243330625390426,0.642560897897898,0.770880506782007
2016,1.03479537892873,-0.781334567426208,0.582547803149469
2017,0.915521195462913,-1.3710598638485,-0.14152086599282
