"Year","OPR","DPR","CCWM"
2002,-1.42650120681654,0.779259930979541,-1.65943448705109
2003,-0.327101135816856,0.356151645359984,-0.397599093312254
