"Year","OPR","DPR","CCWM"
2007,0.433255311387091,-0.580783261192594,-0.156768580839909
2008,1.81685770652706,-1.41326600182832,0.578506950580467
2009,0.904945098916649,-0.0835825808579835,0.605862351255556
