"Team","OPR","DPR","CCWM"
2002,8.13351794749065,18.3172181285806,-10.18370018109
2003,19.3161494957723,30.7077060327304,-11.3915565369581
