"Year","OPR","DPR","CCWM"
2010,-0.555810368653685,0.701788806740566,0.0692657607341621
2011,1.34302880371843,-1.18877228586054,0.388752802996476
2012,0.167268912210083,0.383023194009809,0.539081375241695
