"Year","OPR","DPR","CCWM"
2010,-0.115147181888073,1.55955704831322,1.16871883008065
2011,-1.11124922902109,0.643895941732745,-0.591287432209095
