"Year","OPR","DPR","CCWM"
2010,-0.136665844918104,-0.142388015448812,-0.240056947125367
2011,-1.04867624011694,1.4409108781667,0.103353145479541
2012,-0.5473249543319,0.401737342748573,-0.26854147294086
2013,0.0333157970804962,1.77677536963361,1.58239774828106
2014,0.196440296312623,0.5564735135782,0.584100896864788
2015,-0.5853882131084,0.108050335532216,-0.683250523712667
2016,-0.595515301533954,0.439377579289016,-0.345593089344445
2017,-0.396524060329974,-1.08503418515977,-1.51898190985482
