"Year","OPR","DPR","CCWM"
2010,0.751715453899547,-0.63028623932244,0.166602392626626
2011,-0.902036795997705,0.991437002405864,-0.107919878252223
2012,0.0737661914729628,-1.43771366900207,-1.21392397972659
2013,-0.0905214454784774,1.55735084331937,1.24821709758379
2015,-0.663235299680794,0.37003955478445,-0.489972365529626
