"Year","OPR","DPR","CCWM"
2010,-0.890273309524987,0.730967153623578,-0.209959177745043
2011,-0.1156102882795,0.893581798072918,0.594529919613912
2012,-1.05127036228284,1.99560880836058,0.590117131462345
2013,-0.698977738471366,-0.470632926716656,-1.21904590137271
2014,-0.0184862603418045,0.0176178382930368,-0.00469245754569437
2015,-0.284685187316041,-0.101810591866136,-0.509399580398551
2016,0.309316157315204,-1.10579522907213,-0.703951744176861
2017,0.121420996488736,-0.243594313787505,-0.0769003444544888
