"Year","OPR","DPR","CCWM"
2010,0.537808139848162,0.223878436449655,0.670034932728289
2011,-0.0738812881049706,-1.76569595777992,-1.47467475359534
2012,-0.271259744175092,-1.20965768332144,-1.40597226244822
2013,0.431632020121068,-1.36373718691232,-0.684638996200219
2014,-0.206384805128911,2.31576238763101,1.46987929079707
2015,0.0089892286497335,-0.260491219660615,-0.28651254709543
2016,0.467114662248686,0.136353589982511,0.75529609148438
2017,0.892090052063225,-0.545859164601217,0.60581713786068
