"Year","OPR","DPR","CCWM"
2010,-0.911029923305644,0.667915756295092,-0.280234024734638
2011,-0.543164448990373,2.18531050108183,1.19561824955154
2012,-0.745979150197681,-0.225114562360844,-1.06414685211035
2013,-0.957596327320782,0.117774684673981,-1.00754066519542
2014,0.326963050165115,0.424066535908193,0.611473898236765
2015,-0.974182506594903,1.0839084422171,-0.0996107118313445
2016,-1.57175804839036,0.3546284491382,-1.72255542973868
2017,-3.12514825094917,1.72585725432049,-2.29772294297747
