"Year","OPR","DPR","CCWM"
2010,0.268484402994518,-0.648986014076482,-0.286497486216915
2011,2.38713495253771,-0.10543718633874,2.28429384534778
2012,0.793804662431027,-0.640058154087469,0.337607764888133
2013,1.76358777183297,-0.999882562348643,1.17526351221322
2014,1.742649251946,-0.889048103261413,0.9967339753413
2015,1.17251261525609,-0.947807327566193,0.529276426742003
2016,1.8462549740718,-0.962000056390937,1.47429690733564
2017,1.18430081904481,0.0643382019326068,1.54692523451849
