"Team","OPR","DPR","CCWM"
2002,17.2954481848637,16.2169928652279,1.07845531963584
2003,44.3684911752717,4.72052281377977,39.6479683614919
