"Year","OPR","DPR","CCWM"
2007,0.837622125573154,0.297678194452513,0.76958642874874
2008,0.984912747436076,-1.12446391458381,0.0144486907741506
2009,0.109025753442976,-0.463239042960288,-0.223970741153888
