"Year","OPR","DPR","CCWM"
2020,0.0960663790804369,-0.231455154064246,-0.0555039225846559
