"Year","OPR","DPR","CCWM"
2002,0.84837385500841,0.327839338193785,0.334965199870916
2003,1.9755021141493,-1.73280605241165,2.1423986200412
