"Year","OPR","DPR","CCWM"
2010,1.24984555860753,-1.44827072021413,-0.0497742671459048
2011,-0.484822227109949,-0.0708324486449878,-0.537149048212101
2012,-0.607585118123565,-0.721950006681046,-1.35337446453194
2013,0.943164756189343,-1.11225452819904,0.12674201041344
2016,-0.430309425446151,-0.136216528185955,-0.706461901100611
2017,-1.37859963442401,2.32647322913345,0.459643149947506
2018,-1.40447384932392,-2.52009913840816,-2.35619564615619
2019,-0.287270821156653,2.21899974702313,1.57307177553145
