"Year","OPR","DPR","CCWM"
2010,0.28281426081969,-0.691902443834812,-0.30854599980879
2011,-0.0991421850767817,0.094617683589115,-0.0232509359987352
2012,2.33074491302114,-0.612950131855637,2.1354948335661
2013,0.475217424228297,-1.01746980638376,-0.333261910901126
2014,1.0224941503513,0.249567040330184,1.13884298511597
2015,0.523450002564204,0.0629332754150412,0.794039516493835
2016,0.505167048493556,0.715294578097958,1.38846079831671
2017,1.56258807468076,-0.584481197286765,1.41097614681372
