"Year","OPR","DPR","CCWM"
2002,-0.18730571941341,-0.837057912955224,0.5560639666376
2003,0.627363500219351,-0.936090747105195,0.919211781963393
