"Team","OPR","DPR","CCWM"
2002,13.124307462299,10.7973317439321,2.32697571836697
2003,29.7007323297145,14.6318707718677,15.0688615578469
