"Year","OPR","DPR","CCWM"
2007,5.15391418230729,0.419440364710231,3.66891324586136
2008,3.78347723725554,-1.72059635736071,2.22524683104959
2009,0.270323849384536,-0.656551634820833,-0.232897325679882
2010,3.94650640061981,-0.825838850790292,2.9016415748058
