"Team","OPR","DPR","CCWM"
2002,13.2402187562821,7.98190326130911,5.25831549497298
2003,30.8845749438335,20.4530733970013,10.4315015468322
