"Year","OPR","DPR","CCWM"
2010,-1.910862443397,1.1339252707658,-0.805742166328425
2011,-0.471038369522222,0.0541788524499106,-0.424257635776165
2012,-0.39087944389229,1.73368927788797,1.11545109021025
2013,-0.635677521939707,0.631085708082778,-0.18843119994879
2014,-0.250794830565752,-0.533242382990218,-0.618421658390278
2015,-0.348668943357215,-0.487427686581344,-1.04011954496148
2016,-1.47773010080278,1.21002465627039,-0.737023905986366
2017,-0.678016699502949,-0.52298574394428,-1.34322589022907
