"Year","OPR","DPR","CCWM"
2010,-0.389245152873253,-0.495001739923706,-0.756743121687332
2011,-0.727379099608126,-0.295489415520116,-0.956063558495545
2012,-0.886534182633703,-0.291082238285904,-1.28593059941628
2013,-0.622283185724767,0.161050805587224,-0.581305441132759
2014,0.103323949455012,2.17045988047425,1.65614626645285
2015,-1.36545641439069,1.52201972010704,-0.136443980267869
2016,0.197044219222031,-0.104584482544358,0.155420000673928
2017,0.469634532351758,-0.426826635044304,0.18765442936846
