"Year","OPR","DPR","CCWM"
2010,0.713906419741144,0.54564516029056,1.09224478386951
2011,-0.994915838368836,0.174937238935086,-0.848087877074917
2012,-0.480763981530322,0.538446913391955,-0.0682170633313566
