"Year","OPR","DPR","CCWM"
2010,-0.53831653875938,1.05786099944491,0.375773915593702
2011,0.178473690739112,-1.17039592541138,-0.751871126717774
2012,0.35559412594963,-1.29680543225586,-0.761420768992364
2013,1.42166988713098,-0.282735802956367,1.4020807549443
2014,1.49186905646155,-1.66290189500243,0.205479328783007
2015,2.74733727606546,-0.627317371563951,3.06867720949585
2016,2.65030509323376,-1.73076613909644,1.76420332302993
2017,1.98985472108936,-0.880294683712037,1.66877660518105
