"Team","OPR","DPR","CCWM"
2002,14.2654405966582,22.6096471599331,-8.34420656327494
2003,11.9163770717777,23.8676306160418,-11.9512535442641
