"Year","OPR","DPR","CCWM"
2002,0.096033625279112,1.70187089640079,-1.3336810826314
2003,-1.00722678037658,-0.193682019744991,-0.425452587668961
