"Year","OPR","DPR","CCWM"
2010,0.255918729193659,0.848979754582645,0.924889892948006
2011,-0.696843103836575,-1.51207366741093,-1.89134353838327
2012,0.311507104242888,0.485705233803851,0.798288001549866
2013,-0.230296178086884,0.419082140156457,0.0972098527840162
2014,-2.10707837100375,1.08302609741149,-1.19938670169934
