"Year","OPR","DPR","CCWM"
2010,-1.30825155559984,-0.118779753870404,-1.28231064543903
2011,0.323102384567273,-1.24542846588994,-0.667954529587269
2012,-0.754095382106927,0.636610672539252,-0.294904289054811
2013,-0.0151248590218594,-0.203685251492045,-0.194505681566143
2014,-0.532551325668446,0.952699508056495,0.184611149461411
