"Year","OPR","DPR","CCWM"
2010,-0.702761407937579,1.57880345140699,0.652016756220116
2011,-0.339016954773058,1.27849331915628,0.678410388527307
2012,-0.580200993379085,1.30248069338229,0.507386683225443
2013,-0.0672276649913843,-0.562490342323378,-0.566648210390054
2014,-0.767542948785251,0.594724582877051,-0.293073998944539
2015,0.258163198624322,0.293735871820596,0.693056830049416
2016,0.0549121308962633,0.854925004579078,0.933303876577524
2017,0.0338343943372819,-0.166591954089005,-0.114345686570984
