"Year","OPR","DPR","CCWM"
2007,-1.93425776655886,0.286153501731518,-1.04198841081632
2008,-0.754275942103858,-0.197337152973346,-0.894743368389929
2009,-0.987552591957833,0.912301571578884,-0.123105024972904
2010,-0.158276483322672,0.889171015277004,0.58241259250697
2011,-0.11851896848949,0.814443342151767,0.528834473797605
