"Team","OPR","DPR","CCWM"
2002,16.0722056857652,17.7617513547403,-1.68954566897512
2003,2.35186055745686,51.3570754153471,-49.0052148578902
