"Year","OPR","DPR","CCWM"
2007,-1.93425776655886,0.286153501731518,-1.04198841081632
2008,-0.754275942103858,-0.197337152973346,-0.894743368389929
