"Year","OPR","DPR","CCWM"
2002,0.544647043772454,0.65986838537005,-0.155216302660258
2003,-1.88631772891861,2.01603370193051,-2.26945441163884
