"Year","OPR","DPR","CCWM"
2010,-0.781843276235726,-0.658863257749083,-1.24621819046705
2011,-1.19593755612305,0.0456401879424097,-1.15011592496344
2012,-0.679517696101817,0.791024220297202,-0.0693334812615205
2013,-1.1632347669969,1.13681793725755,-0.360464741504325
2014,0.0283484020743168,1.91884738290225,1.40503571255897
2015,-0.115697039717409,0.377620135063886,0.273768160015105
2016,-0.75419124720331,2.12194745957642,1.1383050259257
2017,-0.453244499740366,0.504162499883797,-0.0942892551207
