"Year","OPR","DPR","CCWM"
2010,-0.489335082762927,2.41882593661974,1.53109433921269
2011,-0.122848745302611,0.771867160229731,0.490747851299252
