"Year","OPR","DPR","CCWM"
2010,1.15694602442095,1.07332848774781,1.9244064228649
2011,-0.911264690570476,0.738126438967875,-0.318119640410986
2012,0.24543693504931,-1.1193318775046,-0.728169975370902
2013,-0.249549850021791,0.269189708128796,-0.0553423112145497
2014,-0.413533409052369,0.634044966155476,0.0673937399606147
2015,0.626516541451329,-0.58422000993841,0.193570292649281
2016,-1.16560355381623,1.76764002340835,0.237293930721112
2017,-1.23798740458263,0.821674986943099,-0.780317914841924
