"Year","OPR","DPR","CCWM"
2002,0.123384868502645,0.683071846794669,-0.474783918090229
2003,-0.914351416681612,1.10605851867057,-1.17982646311291
