"Year","OPR","DPR","CCWM"
2007,-0.13586610202141,-1.17551653946897,-0.976032030588225
2008,0.0512653788321789,0.0252298145993692,0.0706783168689688
2009,-2.20258768512731,-0.563436683341947,-1.97717092673083
