"Year","OPR","DPR","CCWM"
2010,-0.169946104418413,-0.149156021414857,-0.275735446773148
2011,-0.974863768990629,1.7701596124587,0.437889276601263
2012,-0.844150890851278,0.254439830933609,-0.744123078914828
2013,0.0189404667781921,-0.819895573049668,-0.690429090027568
2014,-0.333590462704054,1.18557470848977,0.53861590173245
2015,-0.453201962854523,0.800522617108584,0.293629225734747
2016,-0.0586062953545219,0.589397105519702,0.515803848224604
2017,-0.869734693582516,1.09845787658789,-0.0576094346710203
