"Year","OPR","DPR","CCWM"
2010,-0.953400678404241,0.851490318969652,-0.168774544363665
2011,-0.543386116393114,0.777167773463144,0.0777925368549134
2012,-0.223811916482447,0.51347764154073,0.205705423400889
2013,0.0911230924111068,0.268515311224606,0.338917798250411
2014,-1.31314426787857,1.51678018601987,-0.142723153906699
2015,-0.290009748865771,-0.562218285387445,-1.04505065984983
2016,0.30388517986808,-1.25727530191863,-0.863631956604458
2017,-0.142868430541672,0.840523743154425,0.611860694943395
