"Year","OPR","DPR","CCWM"
2010,-1.04691179013831,0.193358070291052,-0.790727008635533
2011,-0.337585474977846,-1.34624544513043,-1.40335570132573
2012,-1.01515157509489,1.87411762961232,0.522019945818297
2013,-0.517842291474706,0.874900999012197,0.159985377630024
2014,-1.0567887812389,0.941059632474253,-0.315722815553213
2015,-1.09300179900565,1.13250457508918,-0.207696537514859
2016,-1.42088756994406,0.759497393312208,-1.11536143556212
2017,0.0949061329259468,0.656615431186544,0.737171975842051
