"Team","OPR","DPR","CCWM"
2002,14.9137042510865,18.5046959420202,-3.59099169093369
2003,21.2796429866977,15.9710204876286,5.30862249906906
