"Year","OPR","DPR","CCWM"
2002,0.256995211182792,0.819556249262076,-0.491940773446411
2003,-0.146633116047195,-0.828444332192191,0.43349047204909
