"Year","OPR","DPR","CCWM"
2010,2.18690354952771,-0.900226197621492,1.24661740325571
2011,-0.344345415905541,0.378980191589254,-0.0407952046161345
2012,1.32416768205622,-0.587704879961714,0.996869028723879
2013,0.235780915746664,0.333212072678051,0.562791796737907
2014,1.71510356832247,-0.829312981398725,1.01379523978466
2015,2.10806070335407,-1.31649264219592,1.39631547666725
2016,1.83767180043102,-1.33273577803323,1.08972198865946
2017,1.05771787944812,0.645717894814554,1.93529787624555
