"Year","OPR","DPR","CCWM"
2010,-0.77398181210663,0.609491008667495,-0.203751922303965
2011,-0.864232509002356,-0.23451953757888,-1.04342843832021
2013,-1.17080213166692,2.27242279293826,0.617455827546484
2014,-0.964960050302026,2.12012256862047,0.617451240638491
2015,-0.699046543133717,1.34167654510761,0.575578851748712
2016,-0.495447268960119,0.810782080566537,0.160696720920194
2017,-1.46314434830595,1.06037689147832,-0.83821721827457
