"Year","OPR","DPR","CCWM"
2010,-0.952481205855904,1.23358521315223,0.143958316448786
2011,-0.471764139319138,0.514222671600798,-0.059852908649218
2012,-1.40484716466799,0.4367224670867,-1.22638019118555
2016,-0.574014979976689,-0.0348039721746792,-0.794503841642665
2017,-0.209428290487246,-0.48014232402089,-0.714793086594004
