"Year","OPR","DPR","CCWM"
2007,0.127192608328545,-0.667645640213275,-0.421428362224007
2008,1.86989995934239,-0.739946634178074,1.19196338059787
2009,1.13020342153285,-0.658642388487562,0.393467909589841
2010,1.32925690843593,-0.844637915535695,0.514915708786429
2011,1.45481740560515,-0.943033667271135,0.694680499442237
