"Year","OPR","DPR","CCWM"
2007,0.127192608328545,-0.667645640213275,-0.421428362224007
2008,1.86989995934239,-0.739946634178074,1.19196338059787
