"Year","OPR","DPR","CCWM"
2010,-0.151615494835456,0.14216252985707,-0.021326790097857
2011,-0.105173463876949,-1.41779825588743,-1.22959853805323
2012,-0.860073166904536,0.187038283258176,-0.82339527338773
2013,0.020829980095904,-1.59463835696183,-1.3613887060933
2014,-0.883843757916663,1.43213810045022,0.199351381529656
2015,0.869363446390781,-0.653254025969061,0.449235120447836
2016,0.504266841612432,-0.76397815428411,-0.101910342100246
2017,-0.581960738239905,0.263049460382682,-0.482790490614978
