"Year","OPR","DPR","CCWM"
2010,-1.3683199531346,-0.568492173933413,-1.7038313015565
