"Year","OPR","DPR","CCWM"
2010,-0.87199829358456,-5.32233517732646,-5.13464356794757
2011,-0.524118869067945,0.543234275437876,-0.0887617095025858
