"Year","OPR","DPR","CCWM"
2010,-0.347835243346515,-1.67715949111144,-1.68420541099473
2011,-0.907370848907084,1.45107619029697,0.25159240519734
2012,-0.566775930754406,0.0949907333205332,-0.568144260342501
2013,-0.0779940586282096,0.471412097645801,0.31919860172203
2014,-0.927189806578094,-0.510768361768068,-1.23704211097455
2015,-0.630592166510177,0.911897598939123,0.17681301220104
2016,-0.267294272562682,1.01329704363458,0.666432300616578
2017,1.07142592273068,-1.62087583934227,-0.180998495246576
