"Year","OPR","DPR","CCWM"
2010,-0.0726988390988486,-0.504416850248498,-0.477619182610157
2011,-0.312522143913293,-2.91009875886734,-2.61968273923691
2012,-0.533436989672641,0.428884907628046,-0.227987843747037
2013,-0.255674108355366,-0.0280891136328394,-0.320736639052688
2014,-0.271816243365011,0.276314935367904,-0.0565919364121675
2015,0.582786688070074,-0.388695146176463,0.357628765436067
2016,-0.955831092428941,0.0797477253941502,-1.18435755711238
