"Year","OPR","DPR","CCWM"
2010,0.612613243889662,-0.611577482385353,0.0558394405332273
2011,-0.527255617456371,0.851743899791722,0.152982686349562
2012,-0.535649893084534,2.00700912493887,1.19536491264734
2013,1.18914308755574,-0.316265365293097,1.1034452288986
2014,1.31437219102913,-1.14915756839108,0.407962583185679
2015,-0.286563618735719,-0.300348697035116,-0.739808404486409
2016,0.56739858613006,-0.349836114157768,0.398533638099805
2017,-1.01020457589654,0.210145813786947,-1.07005805734794
