"Year","OPR","DPR","CCWM"
2002,-0.412703422132923,-2.11975293116171,1.45212117329429
2003,0.738468070766249,-0.0561021629950292,0.434573774263059
