"Year","OPR","DPR","CCWM"
2007,0.174330263859636,-0.409235029996034,-0.195636846508275
2008,0.977733093279146,-0.940868256980991,0.160775227968966
2009,0.408064992665039,-0.13533909985582,0.209210188065417
2010,1.19887794302733,-0.120177093837955,0.988153997833532
2011,0.295599714064455,-0.531905280229259,-0.128931897969109
