"Team","OPR","DPR","CCWM"
2002,12.2165310034355,4.82961887157657,7.38691213185892
2003,30.9095509412299,25.5791602216495,5.33039071958032
