"Year","OPR","DPR","CCWM"
2007,0.174330263859636,-0.409235029996034,-0.195636846508275
2008,0.977733093279146,-0.940868256980991,0.160775227968966
2009,0.408064992665039,-0.13533909985582,0.209210188065417
