"Year","OPR","DPR","CCWM"
2007,0.174330263859636,-0.409235029996034,-0.195636846508275
2008,0.977733093279146,-0.940868256980991,0.160775227968966
2009,0.408064992665039,-0.13533909985582,0.209210188065417
2010,1.19887794302733,-0.120177093837955,0.988153997833532
2011,0.295599714064455,-0.531905280229259,-0.128931897969109
2012,0.0647609850934412,0.896254237782356,0.884530219318343
2013,-0.525012556758926,0.2791935059368,-0.365916561344271
2014,0.956484984922684,0.804306178893573,1.47540144489067
