"Year","OPR","DPR","CCWM"
2010,-1.26812093378758,-0.468386450706157,-1.53132998092599
2011,-0.669501036305011,2.03809134926902,0.953451633199272
2012,0.0604560455813623,-0.738252784456304,-0.597287526524631
2013,-1.29451940450631,1.36549753908704,-0.313933497945956
2015,0.70434075797917,0.109842997707671,1.09731144443592
2016,-0.493563227759322,-0.119979570952982,-0.773805931624783
2017,-0.363852539227117,-0.769284114165174,-1.18076787009153
2018,-0.417619209500414,-2.29960999807689,-1.53317123681829
2019,0.29663824278813,-0.271248072414775,0.129561421247773
