"Year","OPR","DPR","CCWM"
2010,-2.04599502844844,2.04069971235676,-0.187990375749892
2011,-0.690855504817627,2.12051153762707,0.997683283289801
2012,-0.48711045199176,0.703467243236234,0.0735633608834975
