"Year","OPR","DPR","CCWM"
2010,0.708122019962842,-1.0927428676774,-0.250393941304852
2011,0.576497246455983,-0.795365824381634,-0.0593904602987682
2012,-0.294102677733327,-0.974401840733799,-1.21976529091051
2013,-0.0985729183031432,-1.10140483442753,-1.0712237463561
2014,0.023357508009434,1.4723601223628,1.07961134237764
2015,-0.33747091024208,0.112852548722139,-0.33586814109922
2016,-0.228951774928088,-0.97003867693433,-1.2794565963103
2017,-1.24489023588391,-0.933894818071146,-2.44146518825613
