"Year","OPR","DPR","CCWM"
2010,-0.38493441710502,-0.860866964086012,-1.05148901217094
2011,-0.704529194456255,0.604485891229414,-0.219110323425579
2012,-0.917741990022079,-0.45257091674687,-1.46785190530044
2013,-1.18418822647469,0.594870906810879,-0.855630878409112
2014,-0.75709571706175,1.03889382859062,0.035805708653954
2015,-0.690330140936946,-0.440780239639626,-1.4577350233332
2016,0.122199304981113,-0.330081048055858,-0.170612501009987
2017,-0.733073362671901,1.41525713902574,0.412105318531116
2018,-0.40997702562612,1.10377625304403,0.300053877313906
