"Year","OPR","DPR","CCWM"
2007,1.28412806983696,-0.207509150825012,0.678520672700915
2008,1.05482577499282,0.0965204053596129,1.10145165652088
2009,1.29911248343938,0.0751641796163022,0.99764260670076
2010,1.21650218289613,-0.485204942920486,0.706154456960034
2011,0.465901227003804,-0.740843498589557,-0.125825936114713
2012,0.155171030690081,0.91429965989726,1.0051544200652
2013,-0.782392755838191,-0.55335519516056,-1.38760018061372
2014,-0.302147907145163,-0.513237994489003,-0.652243669858082
