"Team","OPR","DPR","CCWM"
2002,16.1695818611995,14.3463064509059,1.82327541029351
2003,36.965324012401,21.5101485294755,15.4551754829254
