"Year","OPR","DPR","CCWM"
2002,1.4287450343874,0.160201842095348,0.8870110388906
2003,0.922921336131754,-1.0799015545629,1.16827301265282
