"Year","OPR","DPR","CCWM"
2020,1.76873642209776,0.886066798532637,2.28084055209889
