"Team","OPR","DPR","CCWM"
2002,19.6328601801346,15.4370627733851,4.19579740674953
2003,32.9164039359453,12.8428265005283,20.073577435417
