"Year","OPR","DPR","CCWM"
2010,0.629744174207441,-1.18412577917031,-0.396003675236499
2011,-0.649492241106901,-0.964269379782402,-1.40959485231043
2012,-0.101842534197313,-1.26944166219463,-1.26450824883645
2013,-1.80601639471241,0.375716029432975,-1.7667576853087
2014,-1.1495698567873,0.699052566923722,-0.576642820904316
2015,-0.0990211500668665,0.623210122826394,0.578573415681362
2016,-0.355560458756283,0.740584348723074,0.275110047735237
2017,0.57981484208196,-0.352381471622978,0.396010778246729
