"Year","OPR","DPR","CCWM"
2010,-0.720489432746983,-0.601462289704297,-1.14377227190931
2011,-1.21507120172354,0.905525609178302,-0.486627581069795
2012,-0.920224509170302,0.634268877227087,-0.488707785580936
2013,0.256419356625468,-0.784708823594086,-0.384614124552731
2014,-0.421653770964839,1.01451247162622,0.333087554633575
2015,-1.55193960923511,-0.302636969436703,-2.48735690677081
2017,-1.05959349014032,-0.332469413783958,-1.64279715127109
