"Year","OPR","DPR","CCWM"
2010,0.930600540701245,0.24521652851439,1.04334575856616
