"Year","OPR","DPR","CCWM"
2010,0.429488092158665,-0.171663223505621,0.24901445492397
2011,-0.0315253597340615,1.5239440411905,1.17824193211829
2012,-1.12309039213835,1.83947205627383,0.366171244180712
2013,-0.353468937701268,1.54378094409598,0.931665763683036
2014,-0.307752366538196,1.23946254845941,0.601574861929962
2015,-1.63581268599349,1.09411033448502,-1.00027619072292
2016,-0.997601191209366,0.211861885605097,-1.106623679977
2017,-0.0433266804165937,0.66404507204228,0.570675304520587
