"Year","OPR","DPR","CCWM"
2020,-0.836588696123585,-1.44820632088149,-1.73910373543397
