"Year","OPR","DPR","CCWM"
2007,0.713813983350339,0.355280471762661,0.732556713014909
2008,1.61899903600936,0.43188120664215,1.92744088169479
