"Year","OPR","DPR","CCWM"
2007,0.713813983350339,0.355280471762661,0.732556713014909
2008,1.61899903600936,0.43188120664215,1.92744088169479
2009,0.700163161964739,-0.530445872585582,0.163534617886745
2010,1.76357662980582,-0.498654305982133,1.19085718951688
2011,2.50742455663517,-1.16976327474681,1.55889043714697
2012,4.66511764104617,-1.40690104457715,4.11163327550564
2013,1.55408153550808,-0.463490530439396,1.39849615067099
2014,1.35367618396404,-0.91767182740246,0.611138704745951
