"Year","OPR","DPR","CCWM"
2010,-1.23943934234762,0.0712465128338156,-1.06484646987518
2011,-1.28093699469716,1.39554794131848,-0.163046927170734
2012,-1.59888418596868,2.29808724751225,0.23155747012663
2013,-0.667020191289002,-0.93488137674594,-1.58537738070523
2014,-1.07510946343577,0.197680854050983,-0.866932928914578
2015,0.00086553733278119,0.7705099845156,0.885338382522353
2016,-1.49870824531153,-0.124363575732688,-2.10810487232479
2017,-0.615958644448772,-0.0222559020985615,-0.794012205198027
