"Year","OPR","DPR","CCWM"
2010,-0.636091655209348,-0.351109939064136,-0.862943163900812
2011,0.0808127476186072,-0.455979162383305,-0.281734490856421
2012,0.9961286111308,0.0123737057395772,1.16056011496355
2013,0.615517241579051,1.03838152177377,1.61561255019914
2014,1.09038548580539,-1.66131639800111,-0.170155226847087
2015,1.80459297641326,-1.46944382470178,0.802332423373393
2016,1.43519331130002,-0.474511439457753,1.4211836864047
2017,1.68091508799039,-1.35320633264539,0.835897214237812
