"Year","OPR","DPR","CCWM"
2010,-1.10266361974062,0.645131705666724,-0.472463673800849
2011,0.72187677893812,0.71531047191046,1.28380632158364
2012,1.27525034257439,-0.328725310004279,1.17442558083179
2013,0.0747503301121915,0.523198013323893,0.541227247928193
2014,1.07658061031542,-0.790399347178068,0.442525537998132
2015,2.25610553536407,-0.753631092269843,2.24633809766718
2016,1.66350704521913,-1.18014979301011,1.01289630105559
2017,1.20272513105863,-0.134311258002574,1.38306390872336
