"Year","OPR","DPR","CCWM"
2007,0.87287280444479,-0.417580067250518,0.252404145533563
2008,1.25428537562211,-0.89772282541312,0.464445453678776
2009,1.24458544320647,0.195349813850968,1.03659454422293
2010,-0.491977423583229,-0.841808916529174,-1.13291933756045
