"Year","OPR","DPR","CCWM"
2007,0.87287280444479,-0.417580067250518,0.252404145533563
2008,1.25428537562211,-0.89772282541312,0.464445453678776
