"Year","OPR","DPR","CCWM"
2002,-0.493142673086774,-0.535148896191747,0.0891934123981407
2003,0.174488400292792,0.186380807250923,-0.0209109389415662
