"Team","OPR","DPR","CCWM"
2002,11.8925664842612,12.2019573954286,-0.309390911167331
2003,24.7734476393692,28.5957121518197,-3.82226451245049
