"Year","OPR","DPR","CCWM"
2007,0.87287280444479,-0.417580067250518,0.252404145533563
2008,1.25428537562211,-0.89772282541312,0.464445453678776
2009,1.24458544320647,0.195349813850968,1.03659454422293
2010,-0.491977423583229,-0.841808916529174,-1.13291933756045
2011,1.42706332083592,-0.0192417080977375,1.40033852638521
2012,0.667673375248256,-0.0657007567940761,0.711029273794642
2013,-0.448339131815694,0.60700555756004,0.00777488178470555
2014,0.255324754166064,-0.107602498957843,0.16231249123944
2015,0.346914086860232,0.873155550009615,1.4803146644884
