"Year","OPR","DPR","CCWM"
2020,0.360190761667982,-0.740530224021462,-0.126436558161206
