"Team","OPR","DPR","CCWM"
2002,9.02463541124571,9.80436398537812,-0.779728574132402
2003,38.5022383334179,6.70261867642941,31.7996196569885
