"Year","OPR","DPR","CCWM"
2020,1.35600463975241,-1.66895236738447,0.241921519531944
