"Year","OPR","DPR","CCWM"
2007,1.78497594813318,0.295406386899575,1.38404406119956
2008,1.8876212734269,0.238390544533378,2.02588036524706
