"Year","OPR","DPR","CCWM"
2007,1.78497594813318,0.295406386899575,1.38404406119956
2008,1.8876212734269,0.238390544533378,2.02588036524706
2009,1.61369493381265,-0.900465281704019,0.587962218369198
2010,2.10138575903701,-0.830888958348749,1.2257325153909
