"Year","OPR","DPR","CCWM"
2007,-0.783063974603324,0.992848862370312,0.240409081833854
