"Team","OPR","DPR","CCWM"
2002,15.0101156873164,22.7193611661743,-7.70924547885797
2003,17.9935256623561,28.1888002174418,-10.1952745550857
