"Year","OPR","DPR","CCWM"
2002,0.280933831786938,1.72545272954913,-1.22123669417599
2003,-0.448665737492355,0.153671536281763,-0.338065751171483
