"Year","OPR","DPR","CCWM"
2011,-0.094133842168912,1.62239632891979,1.19427491525287
2012,-0.628812994206964,-0.296408656806496,-0.993372461855195
2013,-0.154081094025911,-0.824959038023793,-0.895363678216716
2014,1.41532630648818,-0.592356393153452,0.902689553622354
2015,0.621629925563205,-0.470436707101229,0.317395836882035
2016,-0.363044477192672,-0.725675426423478,-1.2108718800258
2017,-0.642050253249444,-0.573007680539628,-1.34517063244202
