"Year","OPR","DPR","CCWM"
2011,0.303761171538514,-1.42719390851317,-0.831402964406349
2012,0.0252343048311972,-0.264194461483059,-0.20959503707626
2013,-0.177132909264017,0.186207844522655,-0.0435101003941457
2014,0.960103592399132,0.179226437538585,1.02976216943992
2015,1.94721509934404,-1.77345805805852,0.650154602116712
2016,1.63649530510801,-1.58294102764975,0.571668742360239
2017,2.08399012377898,-1.97848235531959,0.753219125390854
