"Year","OPR","DPR","CCWM"
2011,0.566237018986597,0.419230820606045,0.894425049721755
2012,0.354890197208891,0.0116593652895666,0.420023716268853
2013,-1.03728690025121,-0.0489754475852624,-1.2447874098019
2014,-0.162334220043335,0.509434079947401,0.213616357999254
2015,-0.0543361517221681,-1.23357946052026,-1.49043604165895
2016,-1.10744505986246,1.58301813829567,0.12838379075437
2017,-0.195202518978043,0.400155733251965,0.13166856380187
