"Year","OPR","DPR","CCWM"
2011,-1.00931207377181,0.993485255979349,-0.212708553749849
2012,-0.898007674474082,-0.803765925685545,-1.76240199005012
2013,-0.675361996594524,-0.930403133020762,-1.59115467830765
2014,0.222999769708259,0.158620555429562,0.323222230346157
2015,-0.472380006462921,-0.47053017635068,-1.19132454037868
2016,-0.703567382963828,-0.342085992678993,-1.27525184471854
2017,0.2799398992207,-0.40904168055913,-0.0336824987376688
