"Year","OPR","DPR","CCWM"
2011,0.569356380430172,-1.54829649600777,-0.664055274930794
2012,0.049658216138081,0.0912233876946798,0.139722406926589
2013,0.52670986947853,-0.812954560496933,-0.095884386375069
2014,-0.801729760490475,0.706293784119603,-0.245009353468732
2015,-0.243999167960518,0.95635394326629,0.760928134748545
2016,0.37336096218485,0.0420642966639017,0.536331812458343
2017,0.361447233341538,-0.500728016519633,-0.0176887262193418
