"Year","OPR","DPR","CCWM"
2002,0.596304017961045,1.09531747824622,-0.477140879060955
2003,-0.514484886137822,-0.215959729957444,-0.144867003278233
