"Year","OPR","DPR","CCWM"
2011,-0.233870623661251,1.71535550075893,1.12943886505241
2012,-0.200587629569745,0.159907665770102,-0.086963657885863
2013,-0.166504180720022,0.0132899542007386,-0.18143411969146
2014,0.499714482957328,-0.583313143577122,0.0499271064046342
2015,-1.29953453705992,1.38283394345198,-0.205252213158543
2016,0.606658763412322,-1.67788002400732,-0.886460498088404
2017,0.980645464925945,0.0179384924602202,1.24765102698154
