"Year","OPR","DPR","CCWM"
2011,-0.648713308543478,-0.750895091106181,-1.23947261373595
