"Year","OPR","DPR","CCWM"
2011,-0.649374343410442,0.934990925305878,0.0979150198271205
2012,-0.475774050179223,0.381602049930719,-0.204175824942464
2013,-0.311724108167606,0.736423963683464,0.278561728623735
2014,-0.245855869700356,0.0529531526139807,-0.192684543567276
2015,-0.345146428901215,0.331640312899907,-0.0953979025862747
2016,-0.30994692632834,0.73910511512953,0.333971182579187
2017,0.313979515586792,-0.523394171488644,-0.098598625927103
2018,-0.582081649508557,-1.27130231489807,-1.09835044579145
