"Year","OPR","DPR","CCWM"
2011,-0.376736983220693,-2.21536605528121,-2.1319911473194
2012,-0.904387200029671,-0.777610907964901,-1.74613075267232
2013,-0.397447907130922,1.27934615428144,0.65093428895765
2014,0.456927493010122,1.83026739828642,1.74360438269927
2015,0.0369973853187634,0.491147876352829,0.614600880321082
2016,-0.175023411033882,-0.560589469048284,-0.795913671697369
2017,0.295174875333472,1.3128180994756,1.60619149756402
2018,0.266883605986377,1.39093029418359,0.937545250301497
2019,-0.302372617708737,1.19081954996883,0.661784883987348
