"Year","OPR","DPR","CCWM"
2011,-1.24061574303928,-0.657940022215918,-1.75284863537278
2012,-1.03150628971538,1.10797273777733,-0.189097210451415
2013,-0.583050670994357,0.535784390017152,-0.210240045246556
