"Year","OPR","DPR","CCWM"
2002,0.444112989882031,-1.45159259319497,1.51271681155115
2003,0.543916318412833,-0.319182616228214,0.492105726926032
