"Year","OPR","DPR","CCWM"
2007,-0.300856490731615,-0.347151706779823,-0.457824728291395
2008,1.28942747918724,-0.773753214136533,0.601952547548762
