"Year","OPR","DPR","CCWM"
2007,-0.300856490731615,-0.347151706779823,-0.457824728291395
2008,1.28942747918724,-0.773753214136533,0.601952547548762
2009,0.739554328023625,0.466277990025028,0.845448557388707
2010,0.160348098786587,-0.322165561743611,-0.117695413011633
2011,0.137591196662377,0.352942486533147,0.416608096453244
2012,0.742025218511382,-1.38367493290318,-0.394028943773811
2013,0.3144422452336,0.545336304737709,0.838269755435948
2014,1.1924706317483,-0.611846177801321,0.679549172525862
