"Team","OPR","DPR","CCWM"
2002,15.6673104879228,7.93822145682467,7.72908903109811
2003,28.7928263277409,22.3063701853609,6.48645614238004
