"Year","OPR","DPR","CCWM"
2011,-0.322033396875059,0.194256835826517,-0.165272320806082
2012,0.351203904386517,-0.994847491646947,-0.493653851475692
2013,-0.317630597903389,-0.623428530419444,-0.909816988096582
2014,-0.262899942241474,-0.946789364207425,-0.926859257339948
2015,0.109840206757112,-0.729213836802946,-0.685291345210742
2016,0.740598449489105,-1.79442224997515,-0.826570566559384
2017,0.427688968160525,-0.795719649377533,-0.21222148473599
2018,0.0580900290031759,-0.398562844365446,-0.172569685351666
2019,0.150837535764015,-0.774879687804429,-0.487143609468832
