"Year","OPR","DPR","CCWM"
2011,-0.34063559009269,0.676206882652632,0.198785849790778
2012,-0.617919095350012,0.633839532700428,-0.140281551191629
2013,-0.232768228536012,0.636147692239714,0.282946121191253
2014,-0.67421327889943,-0.0699968209943036,-0.683000813219135
2015,-0.759381743216574,1.20869415097197,0.339783433462114
2016,-0.817304690900492,0.36185260605696,-0.717082013809042
2017,-2.11487104972991,1.16869465313193,-1.55421391207691
