"Year","OPR","DPR","CCWM"
2011,1.39744606695754,-1.69130942448815,0.0438828290751375
2012,1.24267503394511,-1.26614661585675,0.289836409799035
2013,-0.319659942101689,-0.906661567757259,-1.15826129719054
2014,2.8462555809709,-0.979418595191742,1.96749784465437
2015,0.596811187298711,-0.215352211372794,0.57587576691976
2016,-0.49673777124904,0.322708901023212,-0.332352742792083
2017,0.665742143940441,-0.183844934190768,0.662494608366733
2018,0.276734225269859,-0.048261073765562,0.171669292855529
2019,0.559365230410471,-0.157976200316884,0.551242173581938
