"Year","OPR","DPR","CCWM"
2011,0.951725466881249,-0.145697032338523,0.828451320247012
2012,0.400292167576153,-1.18223966376447,-0.606330754660921
2013,0.948677914447035,-0.344086434363117,0.800568915001811
