"Year","OPR","DPR","CCWM"
2011,0.409629924059284,0.598940297224821,0.881705515731141
2012,-0.392641701343749,0.52082356675233,0.0175390718248746
2013,0.12564160872271,1.25699190203694,1.23778154687516
2014,0.696479962798979,0.936109303491669,1.32608161462549
2015,-0.265691026150961,1.45784069904171,1.30646163158021
2016,0.016125412358967,0.820740104135655,0.847572158139293
2017,-0.0273645063468827,-0.249483302382338,-0.269177809425996
2018,-1.70607038560965,-0.358412431766645,-1.41061374102284
