"Year","OPR","DPR","CCWM"
2003,0.665592163869217,-0.633210865450676,0.752399600317518
