"Year","OPR","DPR","CCWM"
2011,-0.00894701229114638,1.1825518552169,0.929685079443557
2012,-0.76629191829516,-0.65193163414947,-1.47323307060059
2013,0.638235543958387,-0.163860312097781,0.597353419743825
2014,0.408707939002887,-2.38229274828312,-1.32780156604097
2015,0.127119073370696,-0.506483470109919,-0.405885557849179
2016,-1.18160575286636,-0.0905382705571414,-1.65450159287731
2017,-0.589203783859067,1.22834620009227,0.416734184542499
2018,0.470105728897455,-0.470403799694316,0.0830268414856382
2019,-0.721480001667341,0.309694801914862,-0.619027132830138
