"Year","OPR","DPR","CCWM"
2011,-0.151376128370559,-0.187471465136329,-0.298952399752329
2012,0.815851814718393,-1.5853071905066,-0.491028154740501
2013,-0.477885332295267,-1.96422429661479,-2.26053030784186
2014,0.631191962661881,-1.19560558908807,-0.266536667077891
2015,0.134411022278568,-1.07808893235753,-1.05173599589422
2016,0.5422037647598,-0.991460671294847,-0.280722892946127
2017,0.272973765994814,-0.0635713692346003,0.282759114994153
2018,0.396125276107119,-0.560581954693518,-0.0182246856034934
2019,0.621298102340347,-0.772672347816295,0.0937617537171403
