"Year","OPR","DPR","CCWM"
2011,-0.465548042782531,-1.53433533723901,-1.67957327952807
2012,-1.17087473622671,3.79523943528835,2.07815909231217
