"Year","OPR","DPR","CCWM"
2011,0.863387425504915,-1.04760386623121,0.0250025336807585
2012,-0.40330137872861,0.277327554440618,-0.214770147131751
2013,-0.0926273483859756,0.778030866851905,0.568649743800875
2014,0.397575883026752,0.0399616720397878,0.401813390052485
2015,0.49762882051491,0.0118581976727998,0.699825101403369
2016,1.43707182585741,-0.875344823060675,1.02015116077875
2017,0.0320023755394564,-0.27220674106804,-0.216058126163358
2018,0.0730246460152164,0.391014999648812,0.262131745010853
2019,0.307981517930837,-0.305352995687957,0.113910357687939
