"Year","OPR","DPR","CCWM"
2011,0.241856679431545,0.225532925480005,0.41891516203583
2012,-0.208497143504526,0.895985128839906,0.568989021036413
2013,-0.906157559401925,-0.0201082271417963,-1.06772432534396
2014,-0.100329024225872,-0.625523544765893,-0.543508070270618
2015,-0.0687076128048186,1.05946057367299,1.12096373188521
2016,0.293165311972278,0.0473206667953983,0.435518261295737
2017,-0.644931849191732,1.5325681625571,0.63315052698523
2018,-0.760226479957003,-0.711044057906027,-0.924662048385628
