"Year","OPR","DPR","CCWM"
2011,-0.299064526384254,0.450362034306175,0.0607761648459048
2012,0.289476791475479,-1.57852515009944,-1.09225646868202
2013,-0.931985489564084,-0.385982461812335,-1.41555595657622
2014,-0.105068454108223,0.325734443664774,0.13539427741738
2015,-0.0604073028377691,-0.798020213141894,-0.999012469140225
2016,-0.173467189144122,-0.348679552134301,-0.580525494035395
2017,-0.024098633018351,0.0301587538625847,-0.0018573055981112
2018,-0.0476528946397405,0.710305696913627,0.347441445356958
