"Year","OPR","DPR","CCWM"
2011,-0.314586081361718,0.0927250926161004,-0.238467847622244
2012,-0.941710128467767,-0.712203299019982,-1.73009698586583
