"Year","OPR","DPR","CCWM"
2011,-0.626474440401227,0.444178945558282,-0.268913415969621
