"Year","OPR","DPR","CCWM"
2007,0.2169652168671,0.682022218816633,0.656129895810054
2008,-0.215422208875856,-0.845215147053356,-0.914116880168393
2009,-0.116337779824521,0.840173976018448,0.465639805672491
