"Year","OPR","DPR","CCWM"
2002,-0.512377834804357,0.889048177601048,-1.09792320595378
2003,-1.07044476320021,0.58063949686903,-0.939059213198339
