"Team","OPR","DPR","CCWM"
2002,11.8150979618274,18.8280057462893,-7.01290778446191
2003,11.2285649156845,33.5003939525563,-22.2718290368719
