"Year","OPR","DPR","CCWM"
2011,-0.396778388881315,0.714922079636495,0.173820868244751
2012,-1.06803504191293,0.407821162358348,-0.863864192244726
2013,-0.263224547435821,0.785140906731452,0.377102209349092
2014,-0.575504640400199,1.0514929915745,0.215271219008089
2015,0.32309550736236,0.37781884763338,0.879080443034639
2016,-0.606772350001588,0.73648688981094,-0.0613878590260991
2018,0.264628368183288,2.00063672917005,1.26337427812288
2019,0.944501460111836,0.8899516613292,1.93507058007708
