"Team","OPR","DPR","CCWM"
2002,17.3664127223956,9.92241146333951,7.44400125905614
2003,27.3025640590043,22.7039747048867,4.59858935411754
