"Year","OPR","DPR","CCWM"
2007,0.579628027206684,0.0878127297156002,0.443308404737125
2008,-1.57964640875584,0.683116222643314,-0.958497890752247
