"Year","OPR","DPR","CCWM"
2007,0.579628027206684,0.0878127297156002,0.443308404737125
2008,-1.57964640875584,0.683116222643314,-0.958497890752247
2009,0.6685444279454,-1.77040881978728,-0.672100827774175
2010,-0.276865801324863,0.214621032119965,-0.075663798574475
