"Year","OPR","DPR","CCWM"
2007,0.579628027206684,0.0878127297156002,0.443308404737125
2008,-1.57964640875584,0.683116222643314,-0.958497890752247
2009,0.6685444279454,-1.77040881978728,-0.672100827774175
2010,-0.276865801324863,0.214621032119965,-0.075663798574475
2011,0.0340919060184637,-0.230856519614036,-0.149406448881013
2012,0.549984442315017,-0.812681532668997,-0.0996964172814628
2013,1.05803279375608,-0.321964097329763,0.946534589947649
2014,0.379497537567354,-1.10507418681903,-0.437705536409018
