"Year","OPR","DPR","CCWM"
2002,0.865994100144827,-1.02511251766696,1.46223100860969
2003,0.406943783581773,-0.287221513913496,0.398155453391094
