"Year","OPR","DPR","CCWM"
2011,-1.12407439013568,0.525521689463656,-0.697960191381894
2012,-1.37675270746825,0.231781500910732,-1.37913685605618
2013,-0.797999285794021,-0.814829629854968,-1.63287532804839
2014,-1.02714261156436,0.30427642713513,-0.745343797758993
2015,-0.135701834603612,-0.289118768330102,-0.51888754951041
2016,-1.06890500706697,0.97507849682018,-0.432635991597379
2017,-1.32850233973006,-2.00499587835949,-3.55460980303341
2018,-1.19648741621468,-2.31030690573571,-2.09502610976156
2019,-0.815865867137592,2.46585588969414,1.13686662997445
