"Year","OPR","DPR","CCWM"
2011,2.57467753172661,-1.43823391876596,1.41252557649083
2012,1.91056567191553,-1.15967388618564,1.15668284930983
2013,2.42886646130676,-2.41447318026762,0.717240266928344
2014,3.26801800586274,-1.3263610626511,2.11407092704077
2015,1.62201592525162,-1.74328159688361,0.236339726877089
2016,1.54457410901494,-1.00987551677445,1.02695339313597
2017,1.38947110064282,-0.970832480538608,0.830039517633637
2018,1.85317182527603,0.675277900755945,1.68581458112852
2019,-0.137089232282799,-0.556977583360882,-0.652300747527467
