"Team","OPR","DPR","CCWM"
2002,10.3724323238762,10.4364213353078,-0.0639890114316106
2003,10.1049140738859,26.0935111476362,-15.9885970737503
