"Year","OPR","DPR","CCWM"
2007,0.911749403863838,-0.216799931208397,0.429304297718189
2008,-0.344664644502943,-0.413345589762089,-0.67865218578302
2009,0.667666485355114,1.43679566177771,1.42895278793449
