"Year","OPR","DPR","CCWM"
2002,-0.870586639859388,-0.914631682515376,0.132651298587995
2003,-1.17372141946065,-0.014756499744679,-0.62637223481146
