"Year","OPR","DPR","CCWM"
2011,-0.112720080522995,-2.51651462484261,-2.10910685468672
2012,0.0609677064764055,0.201893263362116,0.252767030511467
2013,-0.390360406794492,0.886137706123297,0.317502397171235
2014,-1.34440335163277,-1.30150391317035,-2.1966139171104
2015,-1.14614300658439,2.11231273525183,0.843333334463682
2016,0.0821703624393161,1.03909584728734,1.15477297038393
2017,-0.440058309738297,2.18212478624478,1.5016935381256
2018,-0.902900275431703,1.12072763939571,-0.0427885804817304
2019,0.0937554126177286,1.7789286862733,1.65991033929262
