"Year","OPR","DPR","CCWM"
2011,-1.04807633004061,-0.875044940884671,-1.73416494289338
2012,-0.725727490616941,0.0327486972833831,-0.807788500936357
2013,-0.705005588409195,-2.35705012168391,-2.86508075546192
2014,-1.0544343762586,-0.442288621650377,-1.30726175561563
2015,0.284777111922762,-1.46274839089278,-1.2857738613347
2016,-1.75420427212225,0.90647156744266,-1.40840700843285
2017,-0.996425385687942,0.0129732570448718,-1.23835909503773
2018,1.66554689863221,0.243003923694419,1.31970059981877
2019,1.66099548393679,-1.25325672143023,0.956042127895187
