"Year","OPR","DPR","CCWM"
2011,-0.93091263587522,1.85204009854872,0.546474058808899
2012,-0.884165215491331,0.755001200012259,-0.338013805080888
2013,-1.16050989101527,0.697584675527546,-0.738942503897699
2014,0.270814511017841,1.32567490422103,1.20646467517896
