"Team","OPR","DPR","CCWM"
2002,13.4642522315963,16.1740388394474,-2.70978660785119
2003,40.2271348782817,11.4357706876945,28.7913641905873
