"Year","OPR","DPR","CCWM"
2002,-0.102898628545406,0.318606837224145,-0.335889372655456
2003,1.59486302696488,-1.1930065435357,1.60211636185508
