"Year","OPR","DPR","CCWM"
2011,-0.123614578601046,0.471767940581273,0.251807311516907
2012,0.16144753094226,0.510886931935564,0.647895022397044
2013,-0.199494181703056,0.251675707066957,-0.0125442544637864
2014,0.240776507531848,0.110664734039996,0.305455100642041
2016,0.601894241956083,-2.78958953696553,-2.0119194714522
2017,-1.06054030019664,0.769451355893405,-0.606768791063071
2018,0.0966244423931974,0.55670557085313,0.367965095796738
