"Year","OPR","DPR","CCWM"
2011,-0.720031511967273,0.622194229096384,-0.220433582529708
2012,-0.656759384761028,1.50238521199646,0.599672731007054
2013,-0.49277322223432,1.08588242917994,0.372355997593617
2014,-1.28967347991173,-0.862153868751198,-1.82963897031628
