"Year","OPR","DPR","CCWM"
2011,-1.34709068234015,1.76602935530065,0.0653716618683235
2012,0.655164034255939,-0.462423330934546,0.338138745777202
2013,-0.483183767303397,-0.146758594862132,-0.687532601933202
2014,0.225112688567463,-0.164309050829169,0.0932239027646051
2015,0.172485799502408,-0.335134422239218,-0.146706332214231
2016,0.230438592663376,0.214867468695999,0.521194838537524
2017,-0.507147232343168,-0.525450667996072,-1.1310951691666
2018,-0.959902313516659,-0.53369528789767,-0.971986031864812
2019,-0.418642364804914,1.44322886477019,0.737843852090685
