"Year","OPR","DPR","CCWM"
2007,0.504746523129054,-0.603246836883267,-0.127232446643351
2008,1.50493028429057,-0.55964754898756,0.989264829007325
