"Year","OPR","DPR","CCWM"
2007,0.504746523129054,-0.603246836883267,-0.127232446643351
2008,1.50493028429057,-0.55964754898756,0.989264829007325
2009,-0.732556360702436,-0.15023762663196,-0.63323727762102
2010,-0.286496309807532,0.475960733695739,0.128939059529852
2011,0.716776295092872,-1.75029101091321,-0.678136236217871
2012,1.86636274765751,-0.951982276273466,1.29333813945674
2013,0.108270018970711,-0.929930311378869,-0.682500248685244
2014,1.10588598892616,-0.781108072158029,0.47670178601756
2015,-0.563924040621115,-0.846920510682002,-1.74946193566497
