"Year","OPR","DPR","CCWM"
2007,0.504746523129054,-0.603246836883267,-0.127232446643351
2008,1.50493028429057,-0.55964754898756,0.989264829007325
2009,-0.732556360702436,-0.15023762663196,-0.63323727762102
2010,-0.286496309807532,0.475960733695739,0.128939059529852
