"Year","OPR","DPR","CCWM"
2002,-0.113115125118877,0.12381881623468,-0.182689821051196
2003,-0.537688416952355,1.27222858682497,-1.07875824303937
