"Year","OPR","DPR","CCWM"
2011,0.292126796454456,-0.368895811078022,-0.00300061735691398
2012,-0.152526389978549,1.08520858138526,0.804542589737523
2013,-0.555835062781876,0.873210612799207,0.114482348570362
2014,-0.137032266029596,1.87374227011632,1.21743178695747
2015,-1.05628609996857,-0.242166328474557,-1.73447390324738
2016,-0.891422249198249,0.76940224067599,-0.404866167504055
2017,-1.60866725011913,2.00492856254744,-0.131768563800996
2018,-0.2346970743641,-0.00877722929998247,-0.172286946826372
