"Year","OPR","DPR","CCWM"
2007,1.28460870402316,-0.945543298482888,0.121524775533756
2008,1.64406681586428,-0.517174866467565,1.15938100209779
