"Year","OPR","DPR","CCWM"
2002,-0.196968212990066,-2.24847584485239,1.71204160919873
2003,1.25233927722026,-0.917592661841972,1.24615096832661
