"Year","OPR","DPR","CCWM"
2007,1.28460870402316,-0.945543298482888,0.121524775533756
2008,1.64406681586428,-0.517174866467565,1.15938100209779
2009,0.583449821113585,0.111158237824165,0.498776588765545
2010,1.52537247513328,0.14725178783104,1.50227623917772
