"Year","OPR","DPR","CCWM"
2011,-0.370392292506176,0.702190365080898,0.189890371410106
