"Year","OPR","DPR","CCWM"
2007,0.103502400246295,-1.98886074475839,-1.43452023156907
2008,1.22942850486455,-1.26036122549444,0.137639556531778
2009,0.548656502901185,0.497298123625701,0.72641561202623
2010,1.90598691393928,0.348702790541228,2.01157726591677
2011,3.1983726980768,-0.480430655308114,2.79139840682029
