"Year","OPR","DPR","CCWM"
2007,0.103502400246295,-1.98886074475839,-1.43452023156907
2008,1.22942850486455,-1.26036122549444,0.137639556531778
