"Team","OPR","DPR","CCWM"
2002,10.5024510330634,9.77700661553556,0.7254444175278
2003,24.6112970605852,8.99763332169217,15.613663738893
