"Team","OPR","DPR","CCWM"
2002,16.4494682862904,22.4780725060926,-6.02860421980215
2003,25.6550085419923,22.5431219034834,3.1118866385089
