"Year","OPR","DPR","CCWM"
2007,0.946565687421043,-3.23213945786367,-1.82501086233307
2008,-0.0280883995734833,0.20206894493988,0.141513282533255
2009,0.996297895251728,0.200822668748408,0.858924312172346
2010,-0.382532811080028,0.149415869537299,-0.224630501659837
2011,1.7262658720303,-0.849509287051636,1.03817824592638
2012,0.980033854712507,-0.637344557507631,0.554939598623745
2013,1.47735005798028,-0.689136126525016,1.11350663792691
2014,0.308159066848883,0.497750575508402,0.646759247797375
2015,1.02334031491134,-0.426882526518707,0.921322259255269
