"Year","OPR","DPR","CCWM"
2002,0.638320020913577,1.67359035465669,-0.923614236319402
2003,0.255514159297353,-0.300151530024458,0.324169233778046
