"Year","OPR","DPR","CCWM"
2007,0.946565687421043,-3.23213945786367,-1.82501086233307
2008,-0.0280883995734833,0.20206894493988,0.141513282533255
