"Year","OPR","DPR","CCWM"
2011,-1.04258125118422,1.3851957850118,0.0651796148027805
2012,0.779133614907772,0.151072377578886,1.03550158925704
2013,-0.551317400746955,-0.857688145552094,-1.38420499751059
2014,-0.668564608692252,0.0140911135509431,-0.617294003985202
2015,0.0506899204875406,-0.315388276793003,-0.292001583239271
2016,0.699066462811765,-1.25171351500121,-0.335177134659619
