"Year","OPR","DPR","CCWM"
2011,-0.976320044881342,1.17800747309341,-0.0335308808207016
2012,0.0103606347204137,-0.866785305146507,-0.771224866544722
