"Year","OPR","DPR","CCWM"
2011,-0.278921029254119,-0.734976435899644,-0.860013952171513
2012,0.115286603902822,-0.22347924551154,-0.0689004441395228
2013,1.34331178258064,-2.15925812474068,-0.319188822473442
2014,1.13120692313137,-1.17851950269277,0.214977986312574
2015,1.56640981795643,-1.51345460449204,0.4233821419056
2016,1.05454627986294,-0.816336301842588,0.573443634851942
2017,-0.906392080504714,2.08694055846221,0.826823045959172
2018,0.799291807754973,1.47307881632161,1.36180089992689
2019,1.07786727049172,-1.16720867694682,0.313104708441932
