"Year","OPR","DPR","CCWM"
2011,0.626884395163343,-0.79748951426554,-0.0110932196201205
2012,0.633892655364348,0.240261929433791,0.948502523283983
2013,0.194441135542878,-0.77499164951597,-0.448005051858539
2014,1.01121651906011,0.114377531781591,1.03114409699547
2015,1.09032022363929,-1.53581384942082,-0.258790631872374
2016,-0.368269250605967,1.2203471146778,0.741271276757247
2017,0.257544358603034,-0.909329167111875,-0.532701090303077
2018,-0.424694228579514,-0.863119935606838,-0.766764227274198
2019,-1.14864912260396,1.11094373973574,-0.449066038487574
