"Year","OPR","DPR","CCWM"
2011,-1.39590569155193,1.1567883968829,-0.466590088666842
2012,-0.219753869450557,-0.607145607868442,-0.802145647636171
