"Year","OPR","DPR","CCWM"
2011,-0.00521069693792133,-0.513593043604058,-0.412794159839385
2012,-0.359407014213152,0.741528831600152,0.255303932005683
2013,0.226076010229361,-0.76548879838616,-0.403082934783391
2014,-0.0149488069333896,-1.19816684283732,-0.874749420140773
2015,0.820267229313721,-0.353741922832822,0.725216789602925
2016,0.0405929725312899,0.412079765397708,0.468547333058472
2017,1.37231555255201,-0.68048318705645,1.08180849015944
2018,0.936594302209056,0.618464988626223,1.00086923407367
2019,1.03387520438817,-0.257362049535533,1.04892438921358
