"Year","OPR","DPR","CCWM"
2007,-1.63579773270428,-1.83198338854316,-2.44732500618009
2008,-0.737584696413626,-0.454455820366632,-1.09324527108022
2009,-1.34561232664021,0.604167660185083,-0.586419746736379
