"Team","OPR","DPR","CCWM"
2002,15.5624665572403,19.6552237855007,-4.09275722826037
2003,9.97695304097282,29.8001178702881,-19.8231648293153
