"Year","OPR","DPR","CCWM"
2011,0.261553603761344,-1.38075142888533,-0.836411613807696
