"Year","OPR","DPR","CCWM"
2011,-0.248011924083461,0.632946741419785,0.256331712060142
2012,0.680216933560326,0.631344069416969,1.35531392638768
2013,-1.04490425387471,-0.443493222285147,-1.59640012456548
2014,-0.41255783797529,-0.452128671563672,-0.711959441605904
2015,0.319684252398632,-0.021131722466009,0.416588589311413
2016,-0.677653656923289,1.00702464856208,0.117180294431172
2017,1.22193228481954,-1.16192641928659,0.439895747979653
2018,1.12833221795257,-0.768905500536866,0.392690499217332
2019,-0.539528694402625,-0.161962860158581,-0.804611713892356
