"Year","OPR","DPR","CCWM"
2011,-0.326358161548291,1.16598832863288,0.601675336151561
