"Team","OPR","DPR","CCWM"
2002,15.1766362418275,14.2056056593847,0.97103058244284
2003,41.3709759570421,4.60178563957708,36.7691903174651
