"Year","OPR","DPR","CCWM"
2007,0.936795323282754,-0.157088190365436,0.490684405874379
2008,0.920277954384394,-0.660803015184867,0.338982385115628
