"Year","OPR","DPR","CCWM"
2007,0.936795323282754,-0.157088190365436,0.490684405874379
2008,0.920277954384394,-0.660803015184867,0.338982385115628
2009,1.35634062576391,0.663107529497103,1.42470243758438
2010,-0.369727182628929,-0.0547767719987129,-0.379708013789973
2011,2.69300456320746,0.0209941154846554,2.68805384055549
