"Year","OPR","DPR","CCWM"
2011,-0.251576579449257,-0.648128211706673,-0.763959810312139
2012,2.3846342063793,-1.71874227563023,1.19854196197848
2013,1.99875452831438,-2.07243192910887,0.515921662295765
2014,1.37155116356459,-0.63318247223579,0.832280622294973
2015,2.79960650403818,-2.43377918682558,1.06787632991088
2016,2.58762244230613,-1.78615056579212,1.62551390553118
2017,0.342587767114762,-1.37098643529911,-0.860515810107609
2018,1.25697765666296,0.0605130962994359,0.929977444994533
2019,2.29132217093015,-1.26791812378223,1.71904634468505
