"Year","OPR","DPR","CCWM"
2011,-0.736186778623487,1.65591265161376,0.583975915077629
2012,0.023086425366011,1.22421437581769,1.13277087179937
2013,-0.392899016758355,-0.0599768043420912,-0.507488987464413
2014,-0.472700421049665,-0.974099548902621,-1.14336584740754
