"Year","OPR","DPR","CCWM"
2011,-0.140291802499942,-0.690395170516461,-0.687114342502996
2012,-0.871049415431284,2.22963441702469,1.00951716156085
