"Year","OPR","DPR","CCWM"
2011,-0.749898977449866,0.531109631325987,-0.32235278936231
2012,-0.970138093063584,0.623517311203647,-0.55601494271556
2013,-0.2644005272611,1.41876582135569,0.926275952989383
2014,-0.476026223223697,-0.368359574755811,-0.711344792363527
2015,0.450776824855053,-0.760512692575296,-0.251062842341418
2016,-0.428125056850266,-0.579793761603597,-1.15011988274349
2017,0.787000659239623,0.165189177108261,1.14321998971627
2018,-1.22675339521486,-2.35934981546449,-2.14297415806587
2019,0.193019542048432,-1.4926300297711,-1.05840631652047
