"Year","OPR","DPR","CCWM"
2007,3.15617550040672,0.470829204738239,2.40835908009623
2008,2.60486123453776,-1.23675979251058,1.48850148957116
