"Year","OPR","DPR","CCWM"
2002,-1.32353989786891,-2.14690326871827,0.82486867308233
2003,-0.265394812691889,-0.537703123556176,0.189191311822404
