"Year","OPR","DPR","CCWM"
2011,-1.03046438766597,-2.51453796397926,-3.01791681369512
2012,-0.0870988734260664,-0.149451863475055,-0.235535236568216
2013,-1.15299211114617,0.330680543900093,-1.04902070206806
2014,-1.41258896899273,0.689109562661392,-0.830616637071458
2015,-1.2737489014005,1.64658702247233,0.13295694565784
2017,-1.61436800459349,-0.37143616346941,-2.37574938794857
2018,-1.74550266903417,-0.204509818568278,-1.35611580821729
2019,-1.58666032388124,2.66547987497699,0.361581664662179
