"Year","OPR","DPR","CCWM"
2011,-0.265516072022018,-0.414186139553789,-0.592113763010885
2012,-1.29162234544001,-0.816167030707193,-2.22777801571769
2013,-0.728710870041615,1.51334822591285,0.470311580501925
2014,-0.177435889316176,-0.380329040885314,-0.439730194629206
2015,-0.887339283695043,1.29710708246169,0.264785167313454
2016,-0.433406535562787,0.315184895936893,-0.256134955092199
2017,1.19433679809276,-1.06107008709235,0.500195952026809
2018,0.0960978259784817,0.0273360307923409,0.0832942881993992
2019,0.644250540206331,-1.26728304170608,-0.307428998897781
