"Year","OPR","DPR","CCWM"
2011,0.0799116916793797,-0.792760065658498,-0.549922454955415
2012,-0.734707070188615,0.950426031914645,0.0110131261565724
2013,-0.903849540158334,1.91298725636901,0.61455647229753
2014,-1.59312195654683,0.821324717412984,-0.9050596984683
2015,-0.814513398643489,1.00825358089418,0.0337566664606783
2016,0.274541472382801,-0.400180385187891,-0.0396207074989074
2017,-1.44359854221917,0.381319328750497,-1.45286984004162
2018,-0.693524488178156,1.2954635160163,0.200546141397381
2019,-0.697317745295473,-0.226629529670287,-1.05494619149531
