"Year","OPR","DPR","CCWM"
2011,0.408387574789558,0.402124272091993,0.724265437690488
