"Team","OPR","DPR","CCWM"
2002,19.5000373242343,7.93841095251829,11.561626371716
