"Year","OPR","DPR","CCWM"
2011,-0.211264629774942,0.554625973513981,0.230622951959924
2012,-0.280987650165631,-0.813244408177545,-1.05901957859834
2013,0.190268916111392,0.436910391737859,0.600142772365811
