"Year","OPR","DPR","CCWM"
2011,-0.514482914038682,0.749074608424136,0.0841669655301307
2012,0.216164895708669,1.10803227204826,1.25057811864356
2013,-0.336931519956306,0.00815809212379378,-0.383421386480627
2014,-0.513372611741808,0.457519734735457,-0.153110154322707
2015,-0.932621575743043,1.15511189768824,0.039405346219068
2016,-0.297868536573849,-1.26974404125707,-1.67235149682469
2017,0.0660099606251437,-0.125366856453384,-0.0351591343213184
2018,0.594888365088264,-0.210087891440181,0.311922496009664
2019,1.08236991840807,-0.0571370175209784,1.28244836229685
