"Year","OPR","DPR","CCWM"
2002,-0.0938203921337061,-0.866171061117713,0.646725409763641
2003,1.91875686931979,-1.26532017241908,1.82225659625958
