"Year","OPR","DPR","CCWM"
2007,1.05366853556397,0.0855760843826383,0.749942511780596
2008,2.96665445963575,-1.85740787096128,1.32049988969358
2009,1.22066284620986,0.451159641357758,1.18676365422581
