"Year","OPR","DPR","CCWM"
2007,1.05366853556397,0.0855760843826383,0.749942511780596
2008,2.96665445963575,-1.85740787096128,1.32049988969358
2009,1.22066284620986,0.451159641357758,1.18676365422581
2010,2.79184210473874,-0.654251543316896,1.99551329438824
2011,2.35946205267059,-1.25442237101885,1.34492373655346
2012,2.40045867308983,-0.573789943770203,2.25131682866291
2014,3.30185843593387,-2.11787339858963,1.57723412905569
2015,3.75620411586764,-3.08808202709276,1.6362017521403
2016,1.55886558534801,-0.0657344199039543,1.99632657572883
