"Year","OPR","DPR","CCWM"
2011,-0.568291346582328,1.18863207494118,0.379655575568978
