"Team","OPR","DPR","CCWM"
2003,18.0517908977972,42.8067410823484,-24.7549501845512
