"Year","OPR","DPR","CCWM"
2007,-1.70694829887903,-0.846146462941972,-1.7491716609927
2008,0.432938360469955,-0.486395649791584,0.0129342303280513
2009,-1.29214395997036,0.588842936252467,-0.557428750584892
2010,0.0830706855944322,0.731855999028783,0.672672698736891
2011,0.375900648222487,-1.02739544423626,-0.442532936797646
