"Year","OPR","DPR","CCWM"
2011,-0.374182813313364,-0.478345642541962,-0.750830088551651
2012,-0.898582591841829,0.121121093251092,-0.927388395899614
2013,0.368461609815317,0.874233519727747,1.18664759914014
2014,-0.231150482133496,1.27990083533633,0.702511575925318
2015,0.0353830894086466,-0.354928178957816,-0.358480580002615
2016,-1.53577836965418,1.96219037865026,-0.0566229925099992
2017,0.0430464576878267,-1.04226299893917,-0.927036203154665
2018,1.98893554648348,2.30709676958157,2.65910832155751
2019,0.0985380075946059,0.782104489489484,0.800319230440138
