"Year","OPR","DPR","CCWM"
2011,-0.690616931527767,-1.18901700748167,-1.6287657663659
2012,-1.06053421598454,1.15953655288928,-0.176000770545874
2013,-0.628960200372419,1.58387379004793,0.647201842662956
2014,-0.763688443819587,1.93552989758147,0.673730369814639
2015,-0.427797426585714,1.04562224248146,0.609908392017672
2016,-0.833560649274277,0.793503300376192,-0.304048263999725
2017,-0.841039284690393,0.605922960099357,-0.485208632844414
2018,-1.46664818907872,-0.123694979181033,-1.11361319662769
