"Year","OPR","DPR","CCWM"
2011,-0.0368353205268435,0.831494864910598,0.623395899598835
2012,0.00104962199062093,0.543458603869486,0.492250359872375
2013,-1.45393880695178,-0.598404549813304,-2.2050761052327
2014,0.55772681724995,-1.64976682290897,-0.661733624840346
2015,-0.328941358623056,0.459262978301479,0.0733929568642205
