"Year","OPR","DPR","CCWM"
2011,-0.974277033276965,0.250529124324698,-0.767619422424315
2012,0.0285791361758516,1.82304445399473,1.68017848987853
2013,0.267185743619833,-1.81813470420007,-1.27004687694727
2014,-0.589599113477768,0.217548476386204,-0.397032015912453
2015,-0.993143066333666,0.4167651183197,-0.891290510907908
2016,-0.958737790754103,1.14207075064393,-0.118765459806409
