"Year","OPR","DPR","CCWM"
2007,-0.83875027338753,-1.53893337852218,-1.70762380955249
2008,0.159583158870754,0.0897594038659103,0.229382016758326
2009,-0.75551930962179,1.99263739228166,0.754234129637849
2010,-1.45542977102029,1.83075031037621,0.175716790948551
2011,-0.446476763386838,0.548667177495848,-0.00743078332668862
