"Year","OPR","DPR","CCWM"
2007,-0.83875027338753,-1.53893337852218,-1.70762380955249
2008,0.159583158870754,0.0897594038659103,0.229382016758326
2009,-0.75551930962179,1.99263739228166,0.754234129637849
2010,-1.45542977102029,1.83075031037621,0.175716790948551
2011,-0.446476763386838,0.548667177495848,-0.00743078332668862
2012,-0.0973886883917945,-0.6082542914045,-0.661956707418518
2013,-0.783068725523303,-1.18082870321965,-1.93357560370867
2014,-0.768075650432798,0.331152864794348,-0.482914510809186
2015,-0.653593305671351,0.984374442104138,0.228260730853988
