"Year","OPR","DPR","CCWM"
2002,0.913941623251548,-0.303672123107702,0.902032192339568
2003,-1.43195964956306,-0.0743015920150424,-0.729330556728651
