"Team","OPR","DPR","CCWM"
2002,17.5595186512136,13.2788984443745,4.28062020683913
2003,7.2952800757884,25.3527545376436,-18.0574744618552
