"Year","OPR","DPR","CCWM"
2011,-0.613085552688715,1.49800664955563,0.580763331491321
