"Year","OPR","DPR","CCWM"
2008,-0.864544558909216,0.109914984401483,-0.744952633606346
