"Year","OPR","DPR","CCWM"
2011,-1.67325853575235,2.41266071427443,0.255035820083972
