"Year","OPR","DPR","CCWM"
2011,-0.963936423194328,0.642782759081847,-0.446040415964487
