"Team","OPR","DPR","CCWM"
2003,8.84537842628113,45.1735109156168,-36.3281324893357
