"Year","OPR","DPR","CCWM"
2011,-0.655079127094463,0.650771467469555,-0.133321482856075
2012,-0.818650970590672,0.118612672280088,-0.837426013021805
2013,0.544726179499098,-0.802225083107283,-0.0656806539424196
2014,-1.18651314562904,1.57829088224154,0.0203013290835551
2015,-0.299728681148059,0.229988529971088,-0.149411323518355
2016,0.00285450846029802,2.22520431256542,2.24388425847142
2017,-0.204284090427962,-0.38595754932934,-0.619682520011579
2018,-0.109273164484758,0.849303583856451,0.378092709612583
2019,-0.849122507018578,0.78728850062341,-0.361451640174125
