"Year","OPR","DPR","CCWM"
2011,-5.0209715495691e-05,-1.16096010742404,-0.921473290617366
2012,-1.61169687159432,1.38549062485196,-0.60779844328822
2015,-0.530422568757152,-0.013269121318509,-0.746665890402153
2016,0.894729446366303,-2.10378216367792,-0.934075025285295
2017,-0.0433304284938496,-0.586604593855868,-0.606541687277543
2018,-0.0778547169837276,-1.27881332888069,-0.74236728718384
2019,0.518380130828345,-0.736388151075421,-0.00139468980218269
