"Year","OPR","DPR","CCWM"
2002,-0.942324481944387,0.119242591332255,-0.770323524710346
2003,-1.63912467930518,1.30054172663024,-1.69265603485276
