"Year","OPR","DPR","CCWM"
2011,0.27359156090299,-1.3721680468728,-0.817657865076575
2012,1.25870275697025,-0.378351649846349,1.11049257347812
2013,1.34441658257589,-0.882158346084163,0.791723422160715
