"Year","OPR","DPR","CCWM"
2002,0.80073612868405,-0.748444398159204,1.1877408590931
2003,2.05239137112201,-2.04848115868798,2.37946249003027
