"Team","OPR","DPR","CCWM"
2002,17.1035899450091,11.2096043460759,5.89398559893323
2003,45.2050469028776,0.79344145965959,44.411605443218
