"Year","OPR","DPR","CCWM"
2007,1.04447429175496,-0.914009549265116,-0.0108503046372993
2008,1.18025271796166,0.461390855955937,1.52745375643752
2009,1.37911909633811,0.217230832033292,1.14914646797311
