"Year","OPR","DPR","CCWM"
2011,-0.486513851817642,-1.80787916977537,-1.9174753645718
2012,-1.34537957466921,0.577577275519807,-1.03049505086046
2013,0.259560825737122,0.430173147428087,0.674599563414864
2014,-0.676621343156351,0.614018235331863,-0.193888454703525
2015,-0.59511598516921,1.4054548671857,0.792080918291938
2016,0.450155987927441,-1.14264312271284,-0.554704299455407
2017,1.01644354018293,0.197713052089498,1.46179795707508
2018,1.72305688943276,1.45919710289376,2.01391201403674
2019,1.72319638799462,-0.523885674433944,1.66585683683756
