"Year","OPR","DPR","CCWM"
2011,-0.261951301729081,0.65389347856965,0.259129081447028
2012,-0.390480871538994,0.496854657552064,-0.00162464736088478
2013,-0.422365293231727,-0.050634284498201,-0.53352351108075
2014,-0.590151626409787,-0.716412343383828,-1.06847493005029
2015,-0.627256847598325,0.850548340337081,0.111015286275123
2016,0.837647599973278,-0.332500882184234,0.773545581376411
2017,1.25086987885638,0.201714216476758,1.75978257292382
2018,-0.982432727903484,-1.01500076113647,-1.24655497710866
2019,0.291827772186144,-0.155590943505153,0.224058734668807
