"Year","OPR","DPR","CCWM"
2011,-1.19527034703406,0.99893435988151,-0.392849574590976
2012,-0.365521871248955,0.360718926302015,-0.0958305295021684
2013,-0.998830759739694,2.87479180716665,1.34015320105176
2014,0.376085346214544,-1.26878338121787,-0.558510610866707
2015,0.148878428094269,0.170805217599366,0.401295313998606
2016,-0.963683724694496,-0.28851917192854,-1.56548055317667
2017,0.402392136540432,0.943118425410684,1.39276412574195
2018,0.866321467405861,1.25802932241991,1.29416885874594
2019,-1.38698256041614,0.633063525403854,-1.15729148494983
