"Year","OPR","DPR","CCWM"
2011,-0.517163910174622,0.42711549367849,-0.174022990044975
