"Year","OPR","DPR","CCWM"
2011,-1.2634674135545,2.16982399486443,0.468804975465825
2012,-0.796645539978131,0.786428686517049,-0.208633352711644
