"Year","OPR","DPR","CCWM"
2011,-0.359089653326746,-0.374608880247205,-0.653524923318368
2012,-0.462153292168631,-0.520196885639471,-1.00327539595936
2013,-0.699739884084375,0.793374709542506,-0.121672830349601
2014,-1.72568940514941,-0.690204573617321,-2.11529719819069
2015,0.157145092032247,0.435672239364724,0.716624463405709
2016,0.135933239432926,0.898432374621624,1.08429990691862
2017,-0.462727049606786,2.23988330563572,1.52760995410694
2018,-0.340306502294139,0.800106138110696,0.186714222491811
2019,-0.414527714616893,2.16587631107758,1.37033500493516
