"Year","OPR","DPR","CCWM"
2007,0.439696633776357,-0.234978546373177,0.108546958783187
2008,0.935148004314196,-1.02948804895288,0.0455765788746293
2009,1.37989408698337,0.677017826457197,1.45101257639863
2010,-0.288637643991282,-0.893520251912735,-0.990893041535429
