"Year","OPR","DPR","CCWM"
2002,0.695051487628501,0.0466681518261157,0.457270784865603
2003,0.406197025020719,-0.891340665078372,0.771757381207333
