"Year","OPR","DPR","CCWM"
2007,0.439696633776357,-0.234978546373177,0.108546958783187
2008,0.935148004314196,-1.02948804895288,0.0455765788746293
