"Team","OPR","DPR","CCWM"
2002,16.6779510495983,14.9088495541484,1.76910149544988
2003,27.2944393199187,15.1885735628982,12.1058657570205
