"Year","OPR","DPR","CCWM"
2011,-1.38657542312495,0.0453847705847096,-1.33942651100669
2012,-0.402257447690318,0.719201376373507,0.185687233326982
2013,-0.0686635678304689,0.396503119500834,0.264926757447294
2014,-0.415438165335128,1.1498363636317,0.436132505159575
2015,-0.809415029874181,0.813326741863503,-0.182887463819011
2016,-0.525189017195264,0.453087242442296,-0.238744424678035
2017,-1.17108617906819,1.54856322972797,-0.0121472563159935
