"Year","OPR","DPR","CCWM"
2011,0.232404544721456,-1.03442229641086,-0.590454413774449
2012,-0.383456800719429,-1.0182977440126,-1.36252818936638
2013,0.786517990819399,-1.06158320014404,-0.0107876894643387
2014,-0.438691410347908,0.550750038109747,-0.0160519946296547
