"Year","OPR","DPR","CCWM"
2011,-0.519428244215939,1.50698168210542,0.680792223277931
2012,0.0625558766234082,-0.354461217364084,-0.248091724992421
2013,1.3525138187708,-1.14309437849681,0.574389167093286
2014,-0.163279470863877,-0.129603244537439,-0.246332518495409
2015,0.43869326669052,-0.906618870940796,-0.43537969888552
2016,-0.684349285383846,1.15586155994653,0.258155193651556
2017,-0.593035094000283,0.784556136220501,-0.00580531237903017
2018,-1.42577792295172,-1.82283097457167,-1.99694293201955
