"Year","OPR","DPR","CCWM"
2011,-0.314867301854527,0.353171890631932,-0.0320370418130128
2012,-0.509986125516417,0.534629485824152,-0.105384161019558
2013,0.0256601029738338,0.909886694236747,0.820312403040437
2014,-0.567898425866014,0.450315721181644,-0.209455184648727
2015,-0.171633496606658,0.342562876630799,0.156405640344961
2016,-0.207997722425855,-0.0973530637193239,-0.37320235728205
2017,-1.25992223601216,0.714891853126245,-0.90836027066627
2018,-0.741937052744726,0.808308038710178,-0.0956443116670053
2019,-1.47056998781556,0.866086139423513,-1.05784306737233
