"Year","OPR","DPR","CCWM"
2011,-0.719781382720148,0.0999441974412224,-0.634681566628392
2012,-1.19561283200039,-0.363020013769117,-1.70755905381671
2013,-1.38848120939235,0.0198346036168444,-1.59204104929705
2014,-0.778066139416779,0.444845659629356,-0.410617235618407
2015,-1.54798384692792,1.72938892568272,-0.150192851980935
