"Year","OPR","DPR","CCWM"
2002,0.948071526699134,0.124413177133274,0.573674094881993
2003,-0.933523576663517,-0.415094319847242,-0.248471289957381
