"Team","OPR","DPR","CCWM"
2002,17.6969749008523,15.2705567267044,2.42641817414782
2003,12.7182685145699,21.1132033646789,-8.39493485010896
