"Year","OPR","DPR","CCWM"
2011,-0.921163569811041,2.42860883503799,1.01375231435451
2012,-1.2907347849372,-0.274363976731468,-1.73721051367585
2013,0.221429919479001,-1.23803046918498,-0.819044407511309
