"Team","OPR","DPR","CCWM"
2002,12.7120895782287,5.77102010952732,6.94106946870138
2003,18.9753449823018,37.0205130859325,-18.0451681036307
