"Year","OPR","DPR","CCWM"
2007,-0.374274883597345,-0.41662051040998,-0.558034826856309
2008,-2.16500462360455,0.369496862982151,-1.78683926499005
2009,-2.03599754102697,0.375810816544481,-1.24006279869901
