"Team","OPR","DPR","CCWM"
2002,25.5416639839429,16.1811892113716,9.36047477257134
2003,32.6638605487572,19.195879288268,13.4679812604892
