"Year","OPR","DPR","CCWM"
2002,2.89588024173362,0.320143731951097,1.80161667728587
2003,0.899709644724374,-0.569216790712831,0.839543479746014
