"Year","OPR","DPR","CCWM"
2011,1.77618817098752,0.405070417767832,2.08342677886451
2012,-0.882101908635206,0.315656570803116,-0.732600669489681
2013,1.8553288106849,-1.06475592660929,1.22522660507608
2014,-0.338417499517332,2.30520286779509,1.3383872077441
2015,-0.898390470773399,-0.784928107637785,-2.13954797367596
2016,1.04304980665016,1.02431646760644,2.41121336059696
2017,1.09873396590681,-0.893663335377854,0.537785686768364
2018,1.08922329033665,2.89553616845044,2.3327337041227
2019,1.47354967117301,-1.19135918923181,0.779096894730549
