"Team","OPR","DPR","CCWM"
2002,12.0960325686202,16.4558330911399,-4.35980052251972
2003,5.42824380451747,28.021506456944,-22.5932626524266
