"Year","OPR","DPR","CCWM"
2002,-0.44262275978866,0.379175448773735,-0.628088076058174
2003,-1.60356212253871,0.140223769132986,-0.955055456308522
