"Year","OPR","DPR","CCWM"
2007,-0.0972738128216854,-0.283001884785376,-0.276970326224624
2008,1.24148642890365,-0.911277397803033,0.440742445582213
