"Year","OPR","DPR","CCWM"
2011,-0.794833128061225,-0.17519639311183,-0.927502816240847
