"Year","OPR","DPR","CCWM"
2002,-0.207271412098613,0.335218657487635,-0.42401604613576
2003,0.665155242630835,-0.422360981133161,0.621627231415984
