"Team","OPR","DPR","CCWM"
2002,13.0438967678427,16.2513250003918,-3.2074282325491
2003,30.1119067878284,21.0228041869317,9.08910260089663
