"Year","OPR","DPR","CCWM"
2011,-0.633193821633164,1.15673558181227,0.289958580011296
2012,0.193075261357951,1.02175548958107,1.1459812676018
