"Year","OPR","DPR","CCWM"
2011,-0.52500094349098,0.367756443818254,-0.228908841521357
2012,-0.782754614065271,1.61674485775953,0.557622601630016
