"Year","OPR","DPR","CCWM"
2011,-0.375154815596074,0.24299334387417,-0.179286520064662
2012,0.0841714180133723,1.95251925055914,1.86130976604099
2013,-1.3599688367743,1.27895073978306,-0.46498835508329
2014,-0.583520804770457,1.14032420746768,0.271561626711013
2015,-0.301074470380613,1.36870440800049,1.15538660666238
