"Year","OPR","DPR","CCWM"
2007,0.300617064525213,0.584553525919428,0.636937202754933
2008,1.89796773784902,-1.87814920807767,0.268897720392673
2009,-0.413646829693866,-0.408409494282394,-0.569605812353309
2010,3.11368422866331,0.384979959055154,3.13543398282379
