"Team","OPR","DPR","CCWM"
2002,9.18883834711626,16.6022518793784,-7.41341353226216
2003,30.880599575791,24.6273323816846,6.25326719410639
