"Year","OPR","DPR","CCWM"
2011,-1.47840013983292,-1.63373036772832,-2.7631837671109
2012,1.31402070831921,0.688964131487841,2.1386887649594
2013,0.294100225531735,0.754033537268233,0.996023438648493
2014,-0.505284290253202,-0.451181600881752,-0.798298530540534
2015,1.02116332916408,-1.51540782327992,-0.330740801873242
2016,-0.150880678675445,0.988872416826777,0.795868392370776
2017,0.185576489149503,-0.665929995532245,-0.393917940380753
2018,1.13121872842313,1.41473303759825,1.5674617225172
2019,0.269396856247537,-0.265885068382658,0.100692193095128
