"Year","OPR","DPR","CCWM"
2002,-1.05599134650951,-0.355504150874994,-0.460247911161048
2003,0.606299154481014,-1.06647927594859,0.988529250730026
