"Year","OPR","DPR","CCWM"
2007,-0.0433822257931433,0.836749767610049,0.6036347544351
2008,1.30501469355072,-2.74357870423375,-1.02747344488678
2009,0.57034427813034,-1.89196321847685,-0.823444696612675
