"Year","OPR","DPR","CCWM"
2011,-0.0272496520371083,-1.82880775548693,-1.47850754113793
2012,-0.223577598983543,1.19418543251838,0.821025851490837
2013,0.52560216837667,0.219167192391717,0.799609841319303
2014,0.432205632869107,-0.503169002984177,0.0441459284173121
2015,-0.222239242450384,0.120643903041609,-0.168026046586315
2016,-0.720207723544666,-1.5125934033615,-2.47561515086546
2017,0.637011649334876,0.0536351924330106,0.849971642289671
2018,-1.09780853186513,0.227959534396233,-0.661408511805129
2019,-0.910951213137362,-0.495011685243733,-1.55088034508153
