"Year","OPR","DPR","CCWM"
2011,-0.787123619014546,-0.938710738161937,-1.52583642325813
2012,-0.636078328562475,-0.100466907989315,-0.824713375095466
2013,0.472831817784039,-0.601355890441432,0.0255213998320339
2014,1.54962105551978,0.0746566318105916,1.50787743980042
2015,0.524138660570922,-1.47305909407075,-0.967531425844637
2016,1.08021594566639,-0.742475368808489,0.681762226353988
2017,-1.03308276478703,-0.424083981108335,-1.69575969845261
2018,0.209404356395608,-0.080939626810355,0.106046091608963
2019,-0.135212128753854,1.96010154452452,1.53542385914672
