"Year","OPR","DPR","CCWM"
2011,-1.15061775120849,-0.719095688501299,-1.71211058172595
2012,-0.81858199413482,-0.386339164471156,-1.29359308800351
2013,-0.810838060684057,0.475199594356034,-0.526889949772672
2014,-1.36548302475842,1.23093696362846,-0.397180282030765
2015,-0.715677797671293,0.812899658488481,-0.0541161671024324
2016,-0.790129526698148,1.16850677699769,0.130929558248569
2017,-1.24805795674964,2.61593167789797,0.895942012106464
2018,-2.20401211841513,0.278825465012133,-1.42391815447955
