"Team","OPR","DPR","CCWM"
2002,14.6899636406719,17.6680353645474,-2.97807172387547
2003,44.079784642613,26.9955483323124,17.0842363103006
