"Year","OPR","DPR","CCWM"
2007,1.12911461518454,0.210537281265304,0.893375177244662
2008,1.06129636783204,-0.649600978814534,0.484813522217706
