"Year","OPR","DPR","CCWM"
2011,-0.0319948207528154,-0.581544070247108,-0.493294264336077
2012,-1.22719367384488,1.02855639979512,-0.486646721372498
2013,-0.760971601598061,1.30637721921592,0.253090225080955
2014,-1.4234942207718,0.37316206502017,-1.06781620808074
2015,-0.307553228333805,-0.412700724296855,-0.897674274986564
2016,-0.920169714730307,1.06300574449909,-0.147331415375129
2017,-0.155522164830466,-0.306448688137392,-0.483643378280593
2018,-0.75322726931587,-0.343399095155797,-0.722223058047978
2019,-0.56230920422562,0.0302987881929812,-0.665719189698002
