"Year","OPR","DPR","CCWM"
2011,-0.573255744110446,1.25051182802174,0.423843352228168
2012,-0.398490583101797,-0.313638623742234,-0.7431837093527
2013,-0.359540210899479,1.44902435753975,0.842298036104426
2014,-0.540787968716723,1.27726215812044,0.410035769690706
2015,-0.0254149030755794,-0.179359960211726,-0.240858508273543
2016,-1.72187177016692,0.346303170270675,-1.92954867657497
