"Year","OPR","DPR","CCWM"
2008,-2.14499445532416,0.812957498856189,-1.39724950505914
2009,0.458381912728895,-0.626247584411633,-0.0757514883447087
2010,0.708357865409686,-0.584499255765629,0.164693293195595
2011,-0.99981481808026,-0.477053931761129,-1.3704157726324
2012,0.182579236444885,1.68483943879273,1.73299659072788
2013,-0.173955763493633,-0.727644453386538,-0.833845201220505
2014,0.928008423224073,0.400072025536028,1.15829001315598
