"Year","OPR","DPR","CCWM"
2003,0.21387077809135,0.178705721707114,0.0051641253936422
