"Year","OPR","DPR","CCWM"
2008,-2.14499445532416,0.812957498856189,-1.39724950505914
