"Year","OPR","DPR","CCWM"
2008,-2.14499445532416,0.812957498856189,-1.39724950505914
2009,0.458381912728895,-0.626247584411633,-0.0757514883447087
2010,0.708357865409686,-0.584499255765629,0.164693293195595
