"Year","OPR","DPR","CCWM"
2011,-0.463564542113514,-0.382086579301651,-0.763096182764522
2012,0.561712120163934,-0.974548914814939,-0.232418922148029
2013,0.441194193507305,-0.501129286695336,0.0759365621537898
2014,0.16815526963847,-2.41280762138911,-1.57546978089343
2015,-0.170426685636248,-0.394338634035656,-0.687509971299701
2016,1.18155642845173,-0.706814442848914,0.851743384803354
2017,0.0278594307218974,-0.371853706637476,-0.315053514824658
2018,0.663885316430814,-0.193110711177901,0.370303660315841
2019,0.0314303069039999,-0.537515435855594,-0.428008533763777
