"Team","OPR","DPR","CCWM"
2002,20.9729430254429,13.5518171846244,7.4211258408185
2003,20.2977402209959,25.6864584174272,-5.38871819643133
