"Year","OPR","DPR","CCWM"
2002,1.76148289274129,-0.245011206273819,1.45818003213645
2003,-0.236881466017044,-0.0474770884673911,-0.0988659901161562
