"Year","OPR","DPR","CCWM"
2012,-0.530056279633609,-0.0234289450150676,-0.632772902424418
2013,-0.962115709175738,0.879515910594706,-0.350925758210114
2014,-0.739125495351971,-0.264293337543146,-0.883493629769752
