"Year","OPR","DPR","CCWM"
2007,-0.714047116695061,-0.173192935318911,-0.595209378758385
2008,-0.760768237597139,-0.309512746048455,-0.994676625063765
2009,0.0185183536819004,0.0132965627378856,0.0222321916946493
2010,-0.6795808781096,-0.283478340209166,-0.847140017962989
