"Team","OPR","DPR","CCWM"
2002,7.82149471799764,17.2767868905965,-9.45529217259888
2003,18.9902052924791,30.8922989794257,-11.9020936869466
