"Year","OPR","DPR","CCWM"
2007,-0.714047116695061,-0.173192935318911,-0.595209378758385
2008,-0.760768237597139,-0.309512746048455,-0.994676625063765
