"Year","OPR","DPR","CCWM"
2002,-1.5039754775317,0.555630544932714,-1.53044171084653
2003,-0.357059220829912,0.370989992929424,-0.42300613219306
