"Year","OPR","DPR","CCWM"
2012,0.364924655666913,-0.990331056625522,-0.47374140317349
2013,0.109103186706426,-0.216051555076024,-0.0612678322925355
2014,0.973170494679401,-0.279738441791433,0.712320715232481
2015,1.40656263868479,-1.25401068357479,0.50066348497437
2016,0.746124851007067,-0.565284202948325,0.418111440283767
2017,-0.00812173654427267,-0.43446147997311,-0.419143411048975
2018,0.0733059275023474,-0.233883893159123,-0.0732657035244448
2019,0.0725906389194923,-0.414196911181374,-0.27028374539673
