"Year","OPR","DPR","CCWM"
2012,1.12054273257213,-0.463604329206407,0.874047432041973
2013,0.849962660367094,0.553217946962592,1.46579566544606
2014,2.19952288866389,-0.0196583854446803,2.05002728946709
2015,2.0889790074866,-0.320489440179487,2.51289607527067
2016,1.61264286527122,-1.81072069107209,0.310804888833308
2017,1.8353666930989,-1.9071877398389,0.508290809094822
2018,1.39043820668017,1.90975319929804,2.01839152411421
2019,2.07070384754541,-1.06244503209804,1.62593342050544
