"Year","OPR","DPR","CCWM"
2002,-3.55956332228402,-1.61985341372628,-1.20413251385318
