"Team","OPR","DPR","CCWM"
2002,-0.457268694751917,7.15539136054673,-7.61266005529865
