"Year","OPR","DPR","CCWM"
2012,2.08276623274578,-2.13115270731952,0.477601187037804
2013,-0.42520478554987,-0.276641975270925,-0.733185495729585
2014,-0.17034666405939,-0.392466951476175,-0.441796734366653
2015,0.812762120913609,-1.32875413079786,-0.403939619615858
2016,0.954763523205253,-0.780138898603138,0.477863067246998
2017,0.294100687513785,-1.08462152414029,-0.651820114703002
2018,0.651609739154547,-0.799877678315925,0.0356782869113357
2019,1.49958162797023,-1.64534152134283,0.416970998638517
