"Year","OPR","DPR","CCWM"
2002,0.315114792352644,-0.640432376352641,0.752397479300224
2003,0.353828228132984,-0.416369341225245,0.44935078197169
