"Team","OPR","DPR","CCWM"
2002,15.1477775666014,11.7121281134212,3.43564945318022
2003,26.7246663931259,21.0973417633676,5.62732462975835
