"Year","OPR","DPR","CCWM"
2007,-0.146026927481557,-0.303085995909354,-0.323846110381592
2008,1.36082838673799,-1.57448042393468,0.0025669068936444
