"Year","OPR","DPR","CCWM"
2012,0.134290356424028,1.25710199946983,1.29079862864504
2013,-0.426887169950645,0.377370226816697,-0.166884812348493
2014,0.771121918813077,-0.467059065916665,0.388143084834454
2015,0.474546654020246,-0.640802356610456,-0.0809196042265291
2016,0.808022429948092,0.389136661734797,1.46081984091214
2017,0.591240809517463,-0.916970183137927,-0.121085392399898
2018,-0.185909057191423,-0.0793391396564928,-0.175347271274329
2019,2.11929336960024,-0.515464522068713,2.1606390788342
