"Year","OPR","DPR","CCWM"
2012,-0.269616165979137,1.51608768208813,1.05875753338229
2013,-1.53811996420777,2.01264922650137,-0.0339812188180409
2014,0.31963269464871,-1.21474341463029,-0.572668379513523
2015,1.62939552768936,-0.511693930077102,1.65973828410066
2016,1.32665471839505,-0.758324090599542,0.99186515415204
2017,0.743961667219369,-0.374557191557647,0.581150810865288
2018,1.92227548534212,2.34057109054145,2.62949037427455
2019,1.49928801722876,0.275009746463041,2.08392453193509
