"Year","OPR","DPR","CCWM"
2012,-0.171611886887604,0.996027256071843,0.701941515382258
2013,-1.13447689267934,0.391956226632323,-0.974320720446065
2014,-0.330608768683331,-0.124240412652355,-0.399510756039782
2015,0.10506698377012,0.127717167911626,0.291437719476493
2016,-0.872476307308625,0.664488716110531,-0.485415380934259
2017,-1.07181106850816,1.93263434248237,0.473967351212166
