"Year","OPR","DPR","CCWM"
2007,0.455030072928571,-0.387774089225263,0.0031402253038826
2008,1.17547369228663,-0.791262261283075,0.477049423900362
2009,-0.253080504315041,0.153082325361079,-0.0844401150656525
