"Year","OPR","DPR","CCWM"
2012,0.128514724471844,1.6743066639068,1.66109758568996
