"Year","OPR","DPR","CCWM"
2012,-0.713952250936952,0.216676234591938,-0.628014886422891
2013,-0.659087704330007,-0.193586913710921,-0.932096081735351
2014,-0.438275570586417,0.190768149346096,-0.274260000164745
2015,-0.862209932106291,0.617527490844397,-0.480366083946318
