"Year","OPR","DPR","CCWM"
2007,1.41248346007832,0.249291906870188,1.10694713482787
2008,-0.469578052425392,0.16491049631579,-0.316786822280666
2009,3.14918398215615,-0.631211977421488,1.88535351928366
