"Year","OPR","DPR","CCWM"
2012,-0.305404040124097,0.221715456500264,-0.152059634039798
2013,-1.01708769033624,1.81417843087508,0.397459542773758
