"Year","OPR","DPR","CCWM"
2012,1.33625005067462,-0.335094189655121,1.23905533649187
2013,0.312902926726964,-0.317783107764114,0.086548393373521
2014,-0.264454631637283,0.821995720035335,0.342314359196292
2015,1.60577017346338,-2.10738506183801,-0.203864228629274
2016,1.02704662387222,0.228384857567494,1.58877756965644
2017,0.65668190928328,-1.09766096827575,-0.209033821140445
2018,0.6073170200893,0.0351625945618148,0.452506862091884
2019,0.67689438564204,-0.573772092437592,0.334875306749239
