"Year","OPR","DPR","CCWM"
2007,-0.687996902119821,-0.30959053487435,-0.681263253351815
2008,-0.630255453456024,-0.373874691632841,-0.922097638429316
2009,0.318590312117856,0.436597076214167,0.518683427405253
