"Year","OPR","DPR","CCWM"
2007,2.00280414560824,0.00329052297749372,1.30513860836205
2008,2.27759407012732,-0.226675264007119,2.01503931828148
2009,2.87937838729931,-0.255084227567834,1.93486623774918
