"Team","OPR","DPR","CCWM"
2002,8.23718275268117,23.8677784299112,-15.63059567723
2003,4.72304342480942,28.2951016337665,-23.5720582089571
