"Year","OPR","DPR","CCWM"
2002,-1.40076160020451,1.97229253811991,-2.62401774746677
2003,-1.6683782865112,0.162216485537886,-1.00376551935034
