"Year","OPR","DPR","CCWM"
2002,1.92531723489595,-0.0311456507241396,1.39882493590185
2003,-1.4602150543376,2.31692252717655,-2.2250207410853
