"Team","OPR","DPR","CCWM"
2002,21.6327765426747,14.5468223968469,7.08595414582778
2003,6.98786104703706,55.100211544214,-48.1123504971769
