"Year","OPR","DPR","CCWM"
2007,0.185658478712002,-0.00966985721981898,0.1134531015325
2008,0.901596504170265,-1.07250949390507,-0.0228114266640901
