"Year","OPR","DPR","CCWM"
2002,-0.00152566210254232,1.07458463966729,-0.886439808268457
2003,-1.03447965047065,-0.286755953439292,-0.382587101008729
