"Team","OPR","DPR","CCWM"
2002,13.8725261021446,19.6912104186768,-5.8186843165322
2003,11.6198656283262,22.7097663996422,-11.0899007713159
