"Year","OPR","DPR","CCWM"
2012,-0.380894621265936,-0.210190341761106,-0.629410494316523
2013,-0.0367374421036488,-0.53480616965382,-0.507255587883193
2014,0.499964050220673,-0.921894241130822,-0.193063366897496
2015,0.744010649785701,-0.349795419787805,0.624589352148706
2016,-0.786982470621862,-0.694487138977353,-1.74037787560551
2017,-0.0649855148023995,-0.184840985302653,-0.255547756199224
2018,-0.342709110167489,-0.453845334377472,-0.488428513103928
2019,0.250890849885044,-1.4781386256235,-0.974603017784876
