"Year","OPR","DPR","CCWM"
2012,-0.259364202542598,-0.463701673046703,-0.718241870361483
2013,-1.61988658969291,1.73108266837254,-0.37339452074863
