"Year","OPR","DPR","CCWM"
2012,-1.64088342164866,0.583435076037557,-1.36616846459888
2013,-0.840585454598475,-1.52000715322429,-2.29493999699119
