"Year","OPR","DPR","CCWM"
2002,-0.445048728178607,0.680562636634069,-0.878131608249883
2003,1.81972633920134,0.212872564691945,0.853497257340206
