"Team","OPR","DPR","CCWM"
2002,12.0862621185767,17.8580309441198,-5.77176882554317
2003,42.6736495044617,28.9252765825146,13.748372921947
