"Year","OPR","DPR","CCWM"
2012,0.105976906770415,-0.0865024050969493,0.0441223179404082
2013,-0.54424392264608,0.906153236900849,0.156539496800695
2014,-0.959730892386544,-0.898219897729175,-1.5459118696343
2015,-0.517802650596781,0.51512513716508,-0.122941465129409
2016,-1.17466130692823,0.708489000141971,-0.840934826482818
2017,-0.94427600429694,-0.780952161806559,-1.92021526052618
2018,-0.473612013833455,0.0275606755317688,-0.323356621917764
