"Year","OPR","DPR","CCWM"
2007,0.203409034329769,-0.177787133794157,-0.00195133714950037
2008,-0.452034061859319,-0.471067276655732,-0.830754463844826
