"Year","OPR","DPR","CCWM"
2002,-0.61803572280393,0.475284652944522,-0.832379627276687
2003,1.63150247921342,-0.440113591700079,1.1558435262742
