"Team","OPR","DPR","CCWM"
2002,11.3895668128316,16.9029792379175,-5.51341242508585
2003,40.625772410255,20.801957042009,19.8238153682461
