"Year","OPR","DPR","CCWM"
2012,0.526439256261938,0.226315179826005,0.811916236516493
2013,-1.03087936906764,1.10729601384502,-0.232713122320835
