"Year","OPR","DPR","CCWM"
2012,-0.507391187951724,0.823396478577207,0.158523946917005
2013,-0.860787333978509,-0.87335424765175,-1.75649800248468
2014,-0.473437515664625,1.14709348917432,0.379732448327168
2015,-1.00289540199223,0.0346233775423056,-1.34323876475031
2016,-1.39907371500364,0.917920274115663,-0.927016086110202
2017,-0.956109551997977,-0.12581638828221,-1.31840043201719
2018,-0.644685371093531,1.56226786954907,0.378702874212448
