"Year","OPR","DPR","CCWM"
2012,0.806399748740206,-0.786927001419644,0.219437966418661
2013,0.108248061484369,-0.0128754560591882,0.114274373383847
2014,-0.280891174926436,-0.433063897995151,-0.574700988475086
2015,0.148689214004523,-0.118754370884664,0.0687705442971069
2016,1.33690452760271,-1.66383076280999,0.0938551912476486
2017,-0.887612147269105,0.618575929072074,-0.531750231640048
2018,0.0940337406956129,0.0256585290644484,0.08091964345585
2019,1.61810018983754,-1.33087394165987,0.835861588254043
