"Team","OPR","DPR","CCWM"
2002,6.89280032449648,5.00039539394638,1.8924049305501
2003,24.4025886216001,34.9040410941584,-10.5014524725582
