"Year","OPR","DPR","CCWM"
2002,-1.73456702986797,-2.08304637386652,0.479106421244841
2003,0.140402118438622,0.693470482693866,-0.353302789756908
