"Year","OPR","DPR","CCWM"
2007,-1.07119810171847,-0.337237959132951,-0.951380338971223
2008,-1.07505406256225,-1.92244417416308,-2.64540372222855
