"Year","OPR","DPR","CCWM"
2012,-0.348019779741347,1.66351668629032,1.10150049294132
2013,-0.650091585726738,-0.479060931411904,-1.16970879824034
2014,-1.97200870115865,1.2546248669643,-0.949359660516422
2015,-0.481688648844778,0.18539141451846,-0.4515039990378
2016,-0.559786647500167,-0.0863435122390524,-0.827563367370537
2017,-0.344782416058029,1.36105012729793,0.84840854666096
2018,-0.873173454119169,2.24443331139534,0.581915839784828
2019,-2.40735085482582,2.86253513674861,-0.477339916566246
