"Year","OPR","DPR","CCWM"
2012,-0.637324675552702,0.816727966775031,0.00257529432785619
2013,-0.502970583756176,2.1813756166224,1.31237658817879
2014,-0.201083996699079,-0.644375726006907,-0.651604631278357
2015,0.634714169487071,-0.842832597586169,-0.0918781597285996
2016,0.811471774406875,-1.32696671716603,-0.262213311775922
2017,-1.45260574384531,-0.255894234886472,-2.06397116634344
2018,-0.420962505841099,-2.40303624751028,-1.59110280320051
2019,0.287167578191029,-0.201000503202294,0.178897364557202
