"Team","OPR","DPR","CCWM"
2003,20.3149030248801,45.3270978443678,-25.0121948194876
