"Year","OPR","DPR","CCWM"
2012,-0.67635392793776,-0.19948536848781,-0.960652877074576
2013,-0.506988771361449,0.760936904114828,0.0735449912619905
2014,-0.0661444107196838,-0.582811834279643,-0.480744830580392
