"Year","OPR","DPR","CCWM"
2012,-1.1793173043972,0.515452451063871,-0.895017183166228
2013,-0.9843909164241,0.814638097392932,-0.433113412178706
2015,0.19578762029927,0.588753469111491,0.945569226848833
2016,-0.613190560249391,1.38741807085487,0.585411110084391
2017,0.000757422944204962,1.63999049780615,1.54464187469114
2018,-0.862643015497087,0.346265406155006,-0.42996538381768
