"Year","OPR","DPR","CCWM"
2007,0.704567593506012,-1.02397406192756,-0.314967741488618
2008,-1.12121365943636,-0.06037348106315,-1.13552524009079
2009,-0.551965979548903,0.931605667263816,0.207535023041319
