"Team","OPR","DPR","CCWM"
2002,11.0824838566155,23.0975748549972,-12.0150909983817
2003,20.431723489311,47.7507287548313,-27.3190052655203
