"Year","OPR","DPR","CCWM"
2012,0.512643965868896,0.12325910533862,0.702882791551641
2013,2.18811842503807,-1.63318516733145,1.1170454992208
2014,1.20297613388161,0.120054876915848,1.21517991496303
2015,2.06184319173845,-0.570175816641523,2.18896631131633
2016,1.16824683126747,-1.46108915931091,0.0748073073293465
2017,0.468251139518869,-0.39921118546899,0.211912080011257
2018,0.898776266484012,0.700224691728666,1.01777580966958
2019,0.97414049257944,-1.54628417784654,-0.143676665495543
2020,-0.454978889671065,-1.32268076912133,-1.28912571206767
