"Year","OPR","DPR","CCWM"
2012,-0.665750959884953,0.282875955208378,-0.512583555084866
2013,-0.921255848957686,1.14484916018488,-0.073028743806179
2014,-0.912510427881977,1.28909035635922,0.0696886169662165
2015,-0.336530640423345,1.07949743325847,0.774634178553839
2016,0.319475425832926,0.0469782876067994,0.469983930101808
2017,0.518213538256386,-0.407993828195704,0.266350802673491
2018,0.880545710995807,0.51855225398685,0.90719311726958
2019,0.5685245958573,-0.00689929105992438,0.693684626898052
