"Year","OPR","DPR","CCWM"
2012,0.137543344775892,0.515280670758741,0.624283191506077
2013,0.100462994322897,0.6968179692655,0.721881598195832
2014,-0.706598504252233,1.41179827511956,0.351076336886672
2015,-0.190211074976361,0.872749902663818,0.739166640657171
2016,0.133405925753833,-0.0391727836305458,0.137071345583745
2017,-0.900307486287816,0.794475029084784,-0.382113191471529
2018,-0.0335334437526832,0.928715876263058,0.47481860676495
2019,1.33416288438544,-1.37159994761476,0.451064421554847
2020,0.625555281159239,-0.952507216922041,-0.00554454545196139
