"Year","OPR","DPR","CCWM"
2002,-1.92373566260881,0.683953052122681,-1.93554580393356
2003,-1.95744250353139,1.13078602463301,-1.75991359461001
