"Year","OPR","DPR","CCWM"
2012,-0.477333903958957,0.98939093011829,0.343188893284969
2013,-0.272677819347868,-0.0524642144189141,-0.361623003239255
2014,-1.48498685325754,1.01568685236979,-0.663957089776559
