"Year","OPR","DPR","CCWM"
2012,0.243657297797627,0.60831855981499,0.830786359245214
2013,-0.426782604751158,0.228875582221038,-0.295785937638917
2014,-0.0838389128885648,-0.0410944021793294,-0.108199656172985
2015,-0.224992673363979,-0.223678870175567,-0.566926470391639
2016,-0.407037617962326,-0.197489702146942,-0.7373550256513
2017,-0.453294746286685,0.227791599635284,-0.354494888589161
2018,-0.43293607141967,-0.499656189835399,-0.577452813149275
2019,-0.427362480650235,-0.59340768781834,-1.04116561653608
