"Year","OPR","DPR","CCWM"
2007,-1.51550999053315,-3.17194890562568,-3.38093037489289
2008,2.22331544422016,-0.564427437904166,1.68053503685247
2009,0.536036721736378,-1.53517008028993,-0.614682100801177
2010,0.255451744274691,-1.18864796483848,-0.738825815177288
2011,-0.0536689645905792,-0.484468934684393,-0.437748478041058
