"Team","OPR","DPR","CCWM"
2002,11.234189219655,8.75215956144072,2.48202965821425
2003,10.0789777530833,43.1218060265987,-33.0428282735154
