"Year","OPR","DPR","CCWM"
2007,-1.51550999053315,-3.17194890562568,-3.38093037489289
2008,2.22331544422016,-0.564427437904166,1.68053503685247
