"Year","OPR","DPR","CCWM"
2002,-0.656615432835118,-1.27664544438763,0.583522256399938
2003,-1.17610527073237,1.35404855186993,-1.47508131540323
