"Team","OPR","DPR","CCWM"
2002,12.9367922229783,20.349131204875,-7.4123389818967
