"Year","OPR","DPR","CCWM"
2002,-0.233865093976505,1.21599756164955,-1.16865792943184
