"Year","OPR","DPR","CCWM"
2012,-0.663234427501995,1.52337317469166,0.611165089894181
