"Year","OPR","DPR","CCWM"
2002,0.809327208274796,1.16208638713577,-0.380220661279279
