"Team","OPR","DPR","CCWM"
2002,17.1381900306116,20.0983105456044,-2.96012051499273
