"Year","OPR","DPR","CCWM"
2012,-0.730545033388186,0.942746512165567,0.00887668844086465
2013,-0.562131543216151,-0.134672902778327,-0.768533618031067
2014,-0.345924338663805,2.09180319166663,1.17804361429735
2015,-0.877036502601407,1.599989482276,0.626543960331669
2016,-0.611433356219728,0.149777878844161,-0.658193203942178
2017,0.283179018443897,-0.293989024622748,0.0786796150780519
2018,-0.884397265761537,0.559043445185558,-0.331226672879355
2019,-0.817936483206609,-0.283002228757607,-1.25233460381455
