"Year","OPR","DPR","CCWM"
2012,-0.537287478420594,0.711334599496805,0.0227752639038321
