"Year","OPR","DPR","CCWM"
2012,-0.686160312575602,-0.623156100707064,-1.35477347840347
2013,-0.709177269799898,0.865946585092063,-0.0695555140212008
2014,1.4992931717151,-0.627283208122923,0.956398334524913
2015,1.61098960197069,-1.3646508594227,0.655605908523236
2016,0.334867437619757,-1.63231919985452,-1.20019574117108
2017,-1.66332437165019,2.75822038113696,0.50869262480474
2018,-1.71970832176863,0.567173765053853,-0.923270562211717
2019,-2.39691938333001,3.98356748877152,0.508816702428424
