"Year","OPR","DPR","CCWM"
2012,-0.987288459500529,2.00624098647784,0.67354910248669
2013,0.145030369682404,-0.943261483089041,-0.651477375689185
2014,1.34077510687272,-0.246778620937028,1.08097758968947
2015,0.000954669947845473,-0.884304509682428,-1.01340530714217
2016,0.377817241887054,-0.844364109387501,-0.35013740168645
2017,0.943820070085843,-0.63861969417253,0.583427566281352
2018,-0.0352129496923754,-0.261867952290909,-0.165776614389765
2019,0.940365914818528,-0.754741887723421,0.502001641611487
