"Year","OPR","DPR","CCWM"
2012,0.10215142094726,0.549209748865931,0.614102775609473
2013,0.432462459420329,0.0806603699947461,0.571315028111909
2014,-0.879334393922246,0.410979645701069,-0.529980893933809
2015,-0.395062199924004,-1.53793079651082,-2.30952606910073
2016,-1.80951853093513,0.0448155014207909,-2.34901907416565
2017,-0.473197638410664,0.0643175400480274,-0.533349114460684
2018,-1.11865563479096,-0.116420075340779,-0.861240345038129
2019,-0.398699083872888,0.101516080691991,-0.402533332145137
