"Team","OPR","DPR","CCWM"
2002,7.96638863661417,19.5115405365811,-11.5451518999669
2003,22.4403309535316,1.62645371815625,20.8138772353754
