"Year","OPR","DPR","CCWM"
2007,-0.459583537993537,0.727060395894496,0.250101922549728
2008,-0.396788621488979,-0.312744223007648,-0.645111131814251
2009,-1.34864267632965,3.03380436987736,1.00351913411122
