"Year","OPR","DPR","CCWM"
2002,-1.46799882703002,1.03596655136189,-1.90053210657096
2003,-0.0399523147544604,-1.98152017430335,1.20511426074108
