"Year","OPR","DPR","CCWM"
2012,-0.805380598338179,0.781525537080137,-0.223142488505418
