"Year","OPR","DPR","CCWM"
2012,-0.837099046976458,-0.733834176031049,-1.62893628201741
2013,-1.48220619539714,0.619730007360429,-1.17943977883652
2014,-0.617179830989417,-0.510482343152246,-0.945906807954636
2015,-0.762013584682244,0.264260940190225,-0.747564070124332
