"Year","OPR","DPR","CCWM"
2012,-1.33747162207337,0.705713754008342,-0.905593420954883
2013,-0.271632215592285,2.02263875916172,1.4425804661852
2014,0.108825028617561,-1.29273034193645,-0.826524546399953
2015,-0.73125157672917,0.291996651028853,-0.673317833782817
