"Team","OPR","DPR","CCWM"
2002,11.2475496363017,16.1539047396956,-4.90635510339385
2003,28.7524785220511,27.8617322109183,0.890746311132883
