"Year","OPR","DPR","CCWM"
2012,-1.09299809186707,0.447758277586408,-0.856582752910676
2013,-0.478276219559385,-1.31882526877688,-1.70021647177528
2014,-0.227753789217263,0.262151703545298,-0.0254157522324488
2015,-0.308695994026666,-0.272355100302438,-0.738206318937237
2016,-0.906723216847588,-0.935345296395404,-2.14127555442734
2017,0.534092308098408,-0.826605028971047,-0.107751046311062
2018,0.00209600596568676,0.673304049045812,0.363090531542114
2019,1.36914912487801,-0.775445685675723,1.01172306107566
