"Team","OPR","DPR","CCWM"
2002,12.1526486172537,16.6450813888023,-4.49243277154851
2003,2.39236213419469,30.0362085657461,-27.6438464315514
