"Year","OPR","DPR","CCWM"
2002,-0.428565193992094,0.41985231339638,-0.651575739314265
2003,-1.88259516024945,0.302173890600165,-1.20639931727904
