"Year","OPR","DPR","CCWM"
2012,-0.842187384434303,0.599471274724248,-0.430106087354004
2013,-0.512362344360227,0.633788141876906,-0.0431586301349829
2014,-0.658792498925728,0.158990213075776,-0.504032950674842
2015,0.189805231420093,0.192560498974081,0.482696132821759
2016,-0.78226067611902,0.29016414077287,-0.742884633463948
2017,-0.453544882069533,-0.749855243815473,-1.27504884613478
2018,0.341756677048609,0.538835952145656,0.533392190450213
2019,-0.109905466003924,-0.205106745530323,-0.31333975028182
