"Year","OPR","DPR","CCWM"
2012,0.307274528443472,0.379408560441065,0.697360438605418
