"Year","OPR","DPR","CCWM"
2008,0.0885435427963335,-1.14519369845251,-0.870373129961769
2009,0.429796843717409,-0.882281882821205,-0.264399709604514
