"Year","OPR","DPR","CCWM"
2002,-2.35706794399973,-0.750714317527501,-1.06258031663128
2003,-1.99786028485003,2.01566836177699,-2.32962260915138
