"Year","OPR","DPR","CCWM"
2008,0.0885435427963335,-1.14519369845251,-0.870373129961769
