"Year","OPR","DPR","CCWM"
2002,-0.445927642368702,-0.737506921660216,0.289590893342954
2003,-0.794827311106545,1.73788624503427,-1.50627095772813
