"Team","OPR","DPR","CCWM"
2002,12.0827223415448,11.2604907363461,0.822231605198661
2003,14.2272849873187,47.8968478904152,-33.6695629030965
