"Year","OPR","DPR","CCWM"
2007,-0.419331049149741,0.463363312883988,0.0771583160696736
2008,0.498655399182102,-1.04844195331642,-0.39268924237779
