"Year","OPR","DPR","CCWM"
2012,-0.937434283399305,0.211762413174372,-0.890318796505801
2013,-0.33287833415536,0.415745727941101,-0.0245836158232384
2014,-0.625236590581992,-0.210991186106331,-0.738323849011025
2015,-0.0809874980055038,-0.0371953461514313,-0.154360709868606
2016,0.0115741154892475,0.117463135269324,0.133563300630335
2017,0.652139581393706,-0.235244762461695,0.597040956172852
2018,0.050714206791468,-1.08543521701035,-0.54671678246818
2019,-0.677219326200649,0.621370430449652,-0.293948695697531
