"Year","OPR","DPR","CCWM"
2012,-0.370199817521394,0.800903315820824,0.296498202461064
2013,-1.17407768529072,0.288613850343117,-1.11000968668283
2014,-0.519052734611423,0.879561448414823,0.144739150519938
2015,-0.706938677712165,0.693555062558345,-0.179010674615862
2016,-0.481660971785718,0.834417776938894,0.202731067135162
2017,1.11552858137927,-0.179050558368979,1.23151503989681
2018,-1.45050236263217,-0.804864680054555,-1.46790330268715
2019,-1.1607265401442,1.2975366573858,-0.301923163149905
