"Year","OPR","DPR","CCWM"
2007,-0.360209453522979,-0.953617335867782,-0.954386532265479
2008,-0.0196610307134552,-0.861749539274051,-0.738460915041818
