"Year","OPR","DPR","CCWM"
2002,1.8079269499438,0.41418079822336,0.948195451959496
2003,-0.426534893230592,-0.0245765729882586,-0.215730821717043
