"Team","OPR","DPR","CCWM"
2002,21.1599938306368,16.6186947780933,4.54129905254351
2003,18.2343094240005,25.9713468535116,-7.73703742951112
