"Year","OPR","DPR","CCWM"
2012,0.102568946868983,1.02679439207061,1.04610371135069
2013,-0.767051159289079,0.663348193573049,-0.312663752904927
2014,0.817263382603846,-0.112128739026844,0.686414075119092
2015,2.42768839472928,-1.73834693517924,1.35300491860504
2016,0.834208084673207,0.213729131610134,1.31888319847765
2017,0.952803109174518,-0.14506258962563,1.05927752693818
2018,-0.314269764896965,-1.4094133703823,-0.981305089612751
2019,1.10578447594969,-0.385203819687286,1.02642545599928
