"Year","OPR","DPR","CCWM"
2012,0.183689935856104,1.51595220113873,1.58168096340603
2013,-1.03526762858402,0.209351289612333,-1.01799507445037
