"Year","OPR","DPR","CCWM"
2012,-1.07137793691847,1.94980074869023,0.525526429403122
2013,-0.758194138260183,-0.751535513487773,-1.53174618207013
2014,-0.152503928380668,0.696465877822382,0.357198652008941
2015,-1.15900299541506,1.30491302499534,-0.100875329288366
2016,-1.22938155317634,1.21732244406982,-0.401092664121334
2017,-0.656774292141987,0.918215830234197,0.0400096453450991
2018,0.93710173308738,0.825510857580848,1.11242430737106
