"Year","OPR","DPR","CCWM"
2002,0.117970281767595,0.00988913472669141,0.0759904338032659
2003,-0.188950875488395,0.0223518169980194,-0.116144741429026
