"Year","OPR","DPR","CCWM"
2007,-1.45426876690987,0.300114796903247,-0.719253835627022
2008,-0.308126513765483,-0.499693398511368,-0.715377783394049
2009,-1.25864167934509,-0.578594923386908,-1.29799810267566
2010,-0.923399334006137,0.353360205210964,-0.548209589824259
