"Year","OPR","DPR","CCWM"
2007,-1.45426876690987,0.300114796903247,-0.719253835627022
2008,-0.308126513765483,-0.499693398511368,-0.715377783394049
