"Year","OPR","DPR","CCWM"
2007,-1.45426876690987,0.300114796903247,-0.719253835627022
2008,-0.308126513765483,-0.499693398511368,-0.715377783394049
2009,-1.25864167934509,-0.578594923386908,-1.29799810267566
2010,-0.923399334006137,0.353360205210964,-0.548209589824259
2011,-0.698004181771739,1.59167503027437,0.570868361036798
2012,-0.318709465815603,0.786725489778981,0.343099882880753
2013,-0.738341363882452,0.778683650135798,-0.179177238846426
2014,-1.24042174424575,1.23949784843516,-0.273666292959843
