"Team","OPR","DPR","CCWM"
2002,14.3537892360017,14.7377359139912,-0.383946677989435
2003,20.8192254272908,26.5551483685182,-5.73592294122734
