"Year","OPR","DPR","CCWM"
2012,0.611373660577208,-0.402002736420469,0.3422040793835
2013,0.694755188310453,1.17169460396795,1.82328229355589
