"Year","OPR","DPR","CCWM"
2012,-0.803946945596955,2.31138150153506,1.16080530111181
2013,0.536044696107697,0.634294623366721,1.17240406473343
2014,0.890469578106529,0.193611306936219,0.974747490745934
2015,0.690922637794772,-0.617352401896252,0.244365976669658
2016,0.946539519370678,-0.232607173770085,1.01818086051988
2017,1.50732216241283,-0.925513193737949,1.02060747381829
2018,1.35608364967591,0.0255134651146758,0.98194255632283
2019,1.66476169787449,-0.676173527017733,1.46172058624022
