"Year","OPR","DPR","CCWM"
2012,-0.210928893703543,0.468067349227039,0.179540220772361
2013,-0.0279566024227671,-0.118093999863675,-0.135010361198198
2016,-0.831491246476359,1.00002946894625,-0.0934009135682956
