"Year","OPR","DPR","CCWM"
2007,0.529416931320809,-1.57526989486022,-0.845185977948369
2008,-0.886503936633825,0.626655367888725,-0.334803745250367
