"Year","OPR","DPR","CCWM"
2002,0.0159998156989263,-0.438271068758262,0.372503403415481
2003,-0.011670375772262,-0.416054832468015,0.251257965572504
