"Year","OPR","DPR","CCWM"
2007,0.529416931320809,-1.57526989486022,-0.845185977948369
2008,-0.886503936633825,0.626655367888725,-0.334803745250367
2009,0.814806726003394,-0.201835878743948,0.462567022512573
2010,0.116722212944686,-0.260366421727882,-0.106777062214462
2011,0.251109533861579,0.565695881746136,0.698072142194851
2012,-0.104575970231166,0.112897335588005,-0.0186568464827727
2013,1.35407269373346,-0.904105673283906,0.783845687647782
