"Year","OPR","DPR","CCWM"
2012,-0.356930007949322,0.623479987859418,0.151499585808437
2013,-0.923491890400149,1.53402573265607,0.262522906397852
2014,-0.312816420254282,1.91990388270325,1.0856274632826
2015,-1.13779686607403,1.50113643295791,0.153529851928194
2016,-0.387674718759146,0.484072349165481,-0.0256096105684793
2017,-1.37279815772646,-0.795509098746484,-2.47173711491319
2018,0.630137209250533,0.477806726173941,0.706519859258408
2019,-0.50832570793793,0.800479262729049,0.0694146223366928
