"Year","OPR","DPR","CCWM"
2007,-0.474549735420973,0.702182661044269,0.221581867835751
2008,-1.11653889241989,-0.963767016815063,-1.88520026095964
