"Year","OPR","DPR","CCWM"
2007,-0.474549735420973,0.702182661044269,0.221581867835751
2008,-1.11653889241989,-0.963767016815063,-1.88520026095964
2009,-0.348456658671157,0.315665517977636,-0.0475258365907212
