"Year","OPR","DPR","CCWM"
2012,-0.41381197108901,-0.185221373232371,-0.64483149207954
2013,-0.166761162904244,-0.00514821196388922,-0.197752308338396
2015,-1.44798930159503,1.67728593712149,-0.0720899421767003
2016,-0.475470325383832,0.194813934241314,-0.432965784069751
2017,-1.33312639367356,0.923079950891277,-0.804272234053413
2018,-0.19562285144193,0.225427149745882,-0.0186099516228218
2019,-1.57393479211371,2.18160521396056,-0.0428737981364442
