"Year","OPR","DPR","CCWM"
2012,-0.334140174814888,0.924903049492233,0.450144838169392
2013,-0.554351345712886,1.2176180112369,0.415446741010481
2014,0.978696958799412,1.21551937293331,1.79164735035282
2015,-0.891543525187243,0.428173474928746,-0.738096349988898
2016,-0.271710317135429,0.200103010587656,-0.158050836377902
