"Year","OPR","DPR","CCWM"
2012,-0.11150290421843,1.27994710775489,1.0278324166685
