"Year","OPR","DPR","CCWM"
2007,-0.0585725248735694,-1.35056353535062,-1.05794160390187
2008,0.69734985944436,-0.781422232745964,0.0225311167720021
2009,1.45000577161247,-0.871240767884355,0.487615654738311
