"Year","OPR","DPR","CCWM"
2012,-0.0353401161962913,-3.23719627132361,-2.96572930608169
2014,-0.364816627990915,0.180491612514157,-0.212704524715415
