"Year","OPR","DPR","CCWM"
2012,-0.733698951926963,0.836494972677262,-0.0907654886779101
2013,1.80418539911765,-1.08126426274356,1.15160689743625
2014,-0.65374901450155,0.723073560265364,-0.0940823591518056
2015,0.832903891186799,-0.453939904097778,0.627667255873665
2016,-0.891840550415783,0.59535123741988,-0.580636314941501
2017,0.588068693878577,-0.0551901533986039,0.686110259065988
2018,0.0980750719976947,0.653720300465245,0.421102033261827
2019,0.0676338019948745,-0.918651378568918,-0.714368732511402
