"Year","OPR","DPR","CCWM"
2012,-0.0903060910476727,1.3266600630924,1.09449754711813
2013,-0.808154067430533,1.57727085974072,0.43377584751092
2014,-0.691131548523158,-0.708311519690032,-1.15742051068743
2015,-0.752013460509265,1.01322812769631,0.125650756208742
2016,-1.16715963632815,0.688474325632002,-0.851158250708941
2017,-0.111604218591767,0.499907774200779,0.33048385130769
2018,-1.29396168728093,-0.839595896831815,-1.37478580595882
2019,-0.0620599499661478,0.554906760704101,0.405412829259437
2020,-0.272236135601714,0.922508980522731,0.328347070007441
