"Year","OPR","DPR","CCWM"
2012,0.376463626725728,-0.702656605070321,-0.200500409902357
2013,0.592357790084256,0.153459976247565,0.819889878395718
