"Year","OPR","DPR","CCWM"
2012,-0.681646470891498,0.373425570518195,-0.449108897022061
2013,-1.26408762433496,0.139363642358395,-1.34401162949038
2014,-0.752022996723348,1.30126280077951,0.229042805255597
2015,-0.801171127196683,-0.381413506505175,-1.54245990980876
2016,-0.749603723392662,-0.448250986571796,-1.44303755760783
2017,-1.34813547460656,1.0608340725869,-0.693444200356028
2018,0.791939153047793,-0.0379847221496292,0.54504331587701
2019,0.984136991108503,-0.175376397168421,1.05889506138242
