"Year","OPR","DPR","CCWM"
2012,0.496970554499563,0.684221007481798,1.19165234723056
2013,-0.609628725386066,-0.0331733649699223,-0.735393956444857
2014,0.0304200211191566,-0.557999043565814,-0.372299004679617
2015,-1.25934106199221,1.3160290641429,-0.226483652881759
2016,-0.35988138127537,1.0820784644092,0.613174386310778
