"Year","OPR","DPR","CCWM"
2016,0.189531223326638,0.251550609561731,0.504000009904762
