"Year","OPR","DPR","CCWM"
2012,-0.393088724317855,1.32154621807874,0.740512153833757
