"Year","OPR","DPR","CCWM"
2007,-0.0111452975006834,0.616260338670671,0.458104914649872
2008,0.258183494660692,-0.865409150421981,-0.472615295872757
