"Team","OPR","DPR","CCWM"
2002,20.8126499245421,17.8819590942388,2.93069083030331
2003,20.7571755211109,12.9775012428394,7.77967427827149
