"Year","OPR","DPR","CCWM"
2002,1.7216826794266,0.685705732424538,0.662975048637695
2003,-0.194653987694742,-1.06907583954501,0.556463126697425
