"Year","OPR","DPR","CCWM"
2007,-0.0111452975006834,0.616260338670671,0.458104914649872
2008,0.258183494660692,-0.865409150421981,-0.472615295872757
2009,-0.224123026706527,0.423895171489139,0.114164418783381
2010,1.22223557709847,-2.16928890647941,-0.663349554704646
2011,0.705529275870346,-2.18021037645515,-1.03050867652728
2012,-0.179879897632937,-1.08111782987001,-1.18439237856569
2013,0.321458667651927,-1.22750871975,-0.693967271481109
2014,-0.125636293285584,-0.33564890177287,-0.359022069668472
