"Year","OPR","DPR","CCWM"
2012,-0.18026729521513,-1.95535797761492,-1.97475461403482
2013,-0.122759630750924,-0.190625747389274,-0.307909327539172
2014,-0.00820202102958739,-0.470494859439868,-0.345684071979063
2015,-0.654450554825819,0.240553866613195,-0.626440658346582
2016,-0.545434416447137,-0.822684325367756,-1.54984666494383
2017,-0.0748285662508052,0.114205406812009,0.0135852261593069
2018,0.0550836708133632,-0.295899381057032,-0.119581407945929
2019,-0.609848184852006,1.69130243712909,0.717915660950888
