"Year","OPR","DPR","CCWM"
2007,-1.60039994996086,0.804147387511851,-0.433691815365829
2008,0.146832443417236,-0.0106853691128737,0.13318528645095
2009,-0.207024060458411,-0.33171411903695,-0.368506808662186
