"Team","OPR","DPR","CCWM"
2002,15.577804155023,18.4006395998326,-2.82283544480961
