"Year","OPR","DPR","CCWM"
2012,-0.657782777840878,2.42299736412476,1.43030631868755
2013,-0.616376670872762,1.48597207165974,0.576722661200286
2014,0.0395451428035762,1.18016651338447,0.884901129182375
