"Year","OPR","DPR","CCWM"
2020,0.461130449629855,0.0308259087629675,0.466201162788464
