"Year","OPR","DPR","CCWM"
2007,0.258770614196815,-0.555526233822718,-0.251183815458786
2008,1.51850661239182,0.233139124714822,1.6642631637779
