"Year","OPR","DPR","CCWM"
2007,0.258770614196815,-0.555526233822718,-0.251183815458786
2008,1.51850661239182,0.233139124714822,1.6642631637779
2009,0.370495371512535,-1.68332747831745,-0.832619921926187
2010,0.397012535545798,-0.227643959098553,0.173893265179541
