"Year","OPR","DPR","CCWM"
2002,1.85393415719481,1.78107939231088,-0.145181076720548
2003,-0.892779153329871,1.355202486568,-1.32238964543067
