"Year","OPR","DPR","CCWM"
2012,0.315888061178711,0.875187100549178,1.15525731444045
2013,-0.197480578360088,0.08956884955111,-0.151059993129138
2014,-0.180389347955255,1.12601243478757,0.639600540139352
2015,-0.740135015915436,0.498579915161967,-0.448517708531696
2016,0.725260862607188,0.281014541500992,1.2424735426436
2017,0.357341102393727,-1.37811377633133,-0.848708362605223
2018,-0.371411778028325,0.260532857240711,-0.125269538736469
2019,1.0895789779254,-0.574976728571697,0.841714236433712
