"Year","OPR","DPR","CCWM"
2007,-0.320295226578604,-1.38576444725869,-1.25475108501909
2008,-0.971794068409646,-0.816414532295962,-1.62209727964187
2009,0.250330031611665,-0.976125735420659,-0.456911600124611
2010,0.319967634540394,-0.37561462894205,-0.0167006939791817
