"Year","OPR","DPR","CCWM"
2002,-1.07434992692559,-0.885545518011273,-0.0366397425750167
2003,-0.262244399457998,0.298564045632524,-0.326830500501635
