"Year","OPR","DPR","CCWM"
2002,0.843884158948336,1.17443264060402,-0.365746240441138
