"Team","OPR","DPR","CCWM"
2002,17.2773661887226,20.1557512424981,-2.87838505377549
