"Year","OPR","DPR","CCWM"
2012,-0.743174982438687,0.907745069998665,-0.0373217142028678
2013,-0.782176746934827,0.523239809087177,-0.451930342261099
2014,-0.860227074736172,0.420819761161958,-0.504980779327355
2015,-0.715213588906983,0.358349653411748,-0.575063092329261
2016,-0.433206748084598,1.09495005349168,0.529116979667767
2017,-0.340739590685275,0.568438901134194,0.107412939495642
2018,-1.05754483942456,-1.00039458578536,-1.29234069636427
2019,-0.75774365523588,0.582245781705571,-0.427018161595645
