"Year","OPR","DPR","CCWM"
2012,-0.866094558306848,0.568107220750066,-0.486030137371708
2013,-0.506486488002505,0.0797973837009438,-0.517693522690322
