"Team","OPR","DPR","CCWM"
2002,19.5832420791553,13.6769926414137,5.90624943774163
2003,14.8084093281963,22.2856104626259,-7.47720113442961
