"Year","OPR","DPR","CCWM"
2002,1.41642503438648,-0.218106102382322,1.18991264550453
2003,-0.741415186481317,-0.320851368945487,-0.202799988276363
