"Year","OPR","DPR","CCWM"
2007,-1.13928834797787,-0.181335039761152,-0.877940964282166
2008,0.710824175395027,-0.387047119254876,0.36481629571618
2009,-0.536987971994419,-0.660661993581447,-0.824950297878509
