"Year","OPR","DPR","CCWM"
2012,-1.47665981400201,-0.335946786222878,-2.00738236746547
2013,-0.859242844563615,0.563345681856744,-0.506404607163398
2014,-0.0157407950468795,0.572521681792467,0.396507320039212
2015,-1.4133776332493,0.442594831728546,-1.44114469077463
2016,-0.385339232133553,2.09824078533389,1.60245967916008
2017,0.12549967101398,1.21806533681357,1.30405052031441
