"Year","OPR","DPR","CCWM"
2007,-1.43179708515331,-1.33378027744336,-1.93843398221574
2008,0.198800838338078,0.674993539328328,0.755920804785097
2009,0.59514596751037,0.906333247276986,1.02839660768592
