"Team","OPR","DPR","CCWM"
2002,12.7588305035118,11.8799325811848,0.878897922327011
2003,23.1237499269473,33.2398364286656,-10.1160865017183
