"Year","OPR","DPR","CCWM"
2012,-0.150671940238377,-1.28178191883384,-1.33199988403427
2013,-0.518399071369749,0.676063228150272,-0.0134238148373766
