"Year","OPR","DPR","CCWM"
2007,0.197948353950598,-0.783989291355434,-0.463261838375687
2008,-0.660301246205596,0.190290996830712,-0.480181787778931
