"Team","OPR","DPR","CCWM"
2002,17.3824888085999,12.8692201210438,4.51326868755609
2003,39.9862700275805,15.1694074601483,24.8168625674323
