"Year","OPR","DPR","CCWM"
2002,0.869985735820978,-0.391728025870339,0.943231593029328
2003,1.57272472967026,-0.892881316003806,1.40432406158154
