"Team","OPR","DPR","CCWM"
2002,17.4623026044695,13.7602713367395,3.70203126772999
2003,29.9897572943731,6.1917146135861,23.798042680787
