"Year","OPR","DPR","CCWM"
2007,-1.15328529829305,0.543352324968284,-0.339814779828663
2008,0.786516131014331,-0.0880148909915187,0.687719223853195
2009,-2.18383261777069,-1.5034588060037,-2.57947965736762
2010,-0.328787369145141,0.978496576516787,0.500835254907565
2011,-0.72889482388852,0.817040050614907,-0.0745817596099611
