"Year","OPR","DPR","CCWM"
2002,0.88980322068598,-0.200206251987043,0.799570669859131
2003,0.653928275339309,-1.61454554648414,1.35362217539535
