"Year","OPR","DPR","CCWM"
2007,-1.15328529829305,0.543352324968284,-0.339814779828663
2008,0.786516131014331,-0.0880148909915187,0.687719223853195
