"Team","OPR","DPR","CCWM"
2002,14.9640409436603,17.663377520378,-2.69933657671769
2003,20.2535097646967,23.4024592676745,-3.14894950297778
