"Year","OPR","DPR","CCWM"
2013,-1.35432521575577,2.29412358087391,0.423604400987279
2014,-0.347351689133446,0.140078090609962,-0.225346142059183
