"Team","OPR","DPR","CCWM"
2002,9.99812880237607,10.146584292472,-0.148455490095939
2003,40.3961927133557,8.07277823753311,32.3234144758226
