"Year","OPR","DPR","CCWM"
2002,-0.963524888083601,-0.976929004603266,0.117693245612019
2003,1.61040141956121,-1.46333784135753,1.77788993470469
