"Year","OPR","DPR","CCWM"
2002,-0.0892057246943523,-0.180454963782398,0.0850542714582668
2003,0.458770826995278,0.0662360675215715,0.207393746350957
