"Team","OPR","DPR","CCWM"
2002,13.5193996249348,13.8521638093783,-0.332764184443473
2003,27.8664427036872,27.1010799879083,0.765362715778839
