"Year","OPR","DPR","CCWM"
2007,-0.745782670620662,-0.771814359923296,-1.06788504592017
2008,0.964590885205319,-1.03735839843473,0.0675011364434881
