"Year","OPR","DPR","CCWM"
2013,1.19761773970411,0.110913611591445,1.48442985764129
2014,0.274281143922463,-0.6228595161727,-0.190040234983306
2015,-0.170947805322092,-0.154853521697203,-0.413424196492761
2016,0.489115660326409,0.398135848987501,1.04794066903769
2017,0.290914155915835,0.470218596542167,0.807721473148122
2018,0.493892290615004,-1.1163269150437,-0.24687882474579
2019,-0.619144319770809,-1.01709965879863,-1.64505260505597
