"Year","OPR","DPR","CCWM"
2013,-0.0470863654440044,-0.0362978039355267,-0.0861119632529883
