"Year","OPR","DPR","CCWM"
2013,-1.23554589032871,0.0207792312539895,-1.41396550479048
