"Team","OPR","DPR","CCWM"
2002,7.25606973389361,10.2186354722326,-2.96256573833901
2003,37.3526754264661,10.5454012001582,26.807274226308
