"Year","OPR","DPR","CCWM"
2007,0.519491965676858,-0.847675365759784,-0.302216039242531
2008,0.0518384318352448,1.55266874915212,1.34641737437859
