"Year","OPR","DPR","CCWM"
2002,-1.64436851287966,-0.961442386645666,-0.38065368253138
2003,1.33066657937041,-1.2645781401639,1.50337751225991
