"Year","OPR","DPR","CCWM"
2013,0.868451279747944,-1.38791158488752,-0.199361985215728
2014,-0.158235878503304,-0.831158170761835,-0.745571579289282
2015,1.11514515632214,-1.00302750468497,0.386804043278303
2016,-0.366705787028526,-0.702791833304574,-1.19267922469335
2017,1.5670289304928,-1.55135226640191,0.506452678209709
2018,0.721135608366874,-0.755662939428885,0.109064868400095
2019,2.07571902677751,-1.13659360613989,1.56772719085197
2020,1.76600813262864,-1.27171177817217,0.893725409614182
