"Year","OPR","DPR","CCWM"
2007,-1.31924392581815,-1.75472148185271,-2.18309121636585
2008,0.895012691657609,0.231606019464405,1.05955928239608
2009,0.688781301282457,-0.084545259733268,0.447426092420946
2010,-0.314059424005077,-1.12335009206807,-1.20153416803299
2011,0.99920080603527,0.322367303110235,1.24703598223506
