"Year","OPR","DPR","CCWM"
2002,0.833706552947381,-1.32804348636227,1.68878828433991
2003,-2.36211952070528,-0.0656020034006638,-1.2383486454478
