"Year","OPR","DPR","CCWM"
2013,0.174226033654671,-0.0715184282606035,0.139790999647269
2014,-1.28915375493223,1.82298892655499,0.0997603431125495
2015,-0.161031003604516,0.872855533232233,0.779526459274514
2016,-0.280572399364605,-0.653392536398695,-1.02898786092504
2017,0.54004294393996,1.87469807051498,2.44240158547149
