"Year","OPR","DPR","CCWM"
2013,-0.398368090378031,-0.335884415766315,-0.753555173083226
2014,-1.11017065022169,0.806195903326415,-0.462700529666586
2015,-0.789312681332796,0.531218641456859,-0.478880227692517
2016,-0.546401265230626,0.483892721419241,-0.235798092712974
2017,0.377110476986166,-0.327895938043551,0.164653021294674
2018,0.859679680298165,1.06084641953283,1.18353071683171
