"Team","OPR","DPR","CCWM"
2002,15.5733375352413,8.59604961218554,6.97728792305578
2003,23.6617041539271,29.8866587245202,-6.22495457059306
