"Year","OPR","DPR","CCWM"
2013,0.113007386823638,-0.671777412663847,-0.452708633714919
2014,-0.929454907659043,1.09359123326087,-0.0866526361133274
2015,0.815727415733399,-2.26072583108074,-1.46926947365601
2016,0.731989465833115,-0.376720784021028,0.589235532815596
2017,-0.248741830741279,0.556934309050613,0.212046314740417
2018,0.0429507814918339,-0.5685887032212,-0.27469046391707
2019,0.217768613448288,0.569475364441637,0.762442673474476
2020,-0.390238387381871,-1.03092971343116,-1.03925680530421
