"Year","OPR","DPR","CCWM"
2002,0.811978460349726,1.8941291989707,-0.981460776121696
2003,-0.082069053655298,-0.963161936064641,0.551851283983167
