"Year","OPR","DPR","CCWM"
2007,-0.0586979511524612,-1.57559658772126,-1.22795141095799
2008,0.293887524010993,0.115135399923366,0.380548376702414
2009,-0.593880795465861,-0.0782565786007097,-0.484830886632966
2010,0.69582581213893,-0.610497119267212,0.132116759779941
2011,-0.06950592372632,-0.480352793074247,-0.450191461500933
2012,0.107634549962588,0.404089760625441,0.489307039955032
2013,-1.11572205436357,-0.72105062308695,-1.91964011077966
2014,0.499510939822338,0.531785241875416,0.850783315352305
