"Team","OPR","DPR","CCWM"
2002,17.148867797914,23.5041250605863,-6.35525726267231
2003,21.9821004992032,14.2950980606757,7.68700243852745
