"Year","OPR","DPR","CCWM"
2007,-0.0586979511524612,-1.57559658772126,-1.22795141095799
2008,0.293887524010993,0.115135399923366,0.380548376702414
