"Year","OPR","DPR","CCWM"
2013,0.0438721598592055,1.28646717482695,1.16861941984513
2014,-0.2162780165996,0.521594535994481,0.171728273681105
2015,0.660334437330867,-1.17234453017351,-0.434656798141443
2016,0.0394320084694579,0.0856823326401939,0.138427821529049
2017,0.862651068244786,-0.272924945510218,0.825777227490397
2018,2.1373612473897,0.915587974867122,2.01778230925437
2019,0.818564627720619,-0.969935723339644,0.16526392210877
2020,0.380805591484623,-0.864288890679887,-0.185885275250842
