"Year","OPR","DPR","CCWM"
2013,-0.722901839658604,-1.15597643607164,-1.84224774817907
2014,0.176097215187856,-1.95072223702548,-1.23607084691014
2015,1.12693662909403,-1.27007840557501,0.0966286194847628
2016,0.377686766032676,-1.47712809906604,-0.987311930030331
2017,1.44712164721137,-0.857172107348561,1.00938054082393
2018,2.1299224032421,0.395998379725505,1.73342844850208
2019,0.658013118286437,-0.77668814991532,0.135459724692887
