"Team","OPR","DPR","CCWM"
2002,13.4989872230602,22.6416719901553,-9.14268476709506
2003,8.68697642211089,21.0229924985796,-12.3360160764688
