"Year","OPR","DPR","CCWM"
2007,-0.547151351972098,-2.71518373768557,-2.40618030475564
2008,-0.0519072975882386,-0.329311057527159,-0.325162207605659
2009,0.230353648109957,-0.254103558024519,0.00164925900960455
2012,1.71558039358468,-1.2666755672512,0.835018864584441
2013,0.50037293294751,-0.473524227956435,0.16851095207709
2014,0.850326065863577,0.516776508283883,1.16922513143874
2015,-0.212140574413339,0.459712663325139,0.234974405829827
2016,-0.509103888553833,0.501256431584146,-0.168970739649122
