"Year","OPR","DPR","CCWM"
2007,-0.547151351972098,-2.71518373768557,-2.40618030475564
2008,-0.0519072975882386,-0.329311057527159,-0.325162207605659
