"Year","OPR","DPR","CCWM"
2013,0.0141885276551429,-1.40070194067215,-1.20058102702285
2014,-0.280214698370774,-0.341630947544275,-0.508383950485391
2015,-1.39348395336327,0.00231780427907851,-1.91892089032605
2016,0.319065661232892,-0.572805149465453,-0.154492629840103
2017,1.00444790337824,-0.69476891075588,0.606666778520156
2018,0.982718843119285,-0.641829319216595,0.35696839191427
2019,0.508708016323877,-0.992464848726158,-0.235632595611119
