"Year","OPR","DPR","CCWM"
2013,-0.836124019513966,-0.160201862927464,-1.1082771385196
2014,-0.434347160456328,0.736220702322036,0.121260443026539
