"Year","OPR","DPR","CCWM"
2013,-0.344608105396609,0.974349945192545,0.447174973263457
2014,0.906571310119543,-1.38112941074006,-0.141379800778431
2015,0.995382646743774,-2.04400142936632,-0.972842348785452
2016,0.953448905551805,0.0700803511149116,1.33203728075589
2017,1.63665386662269,-0.586068069893445,1.50243923871821
2018,-0.28240598275887,-0.848576608322665,-0.657360328725935
2019,0.297233499308045,-0.449028689542354,-0.0240612384252653
2020,-0.469646691222433,-0.678264379585483,-0.889855244088059
