"Year","OPR","DPR","CCWM"
2013,-0.898727377502624,1.32519149697574,0.109775934674345
