"Year","OPR","DPR","CCWM"
2002,-0.491418156983109,0.266669766035502,-0.570196077900913
2003,0.516919826163308,0.589687615589213,-0.085187121915399
