"Year","OPR","DPR","CCWM"
2007,0.383358084515205,-2.58051186655646,-1.69926883045344
2008,0.535993883233295,1.99586274896313,2.18498921376222
