"Year","OPR","DPR","CCWM"
2007,0.383358084515205,-2.58051186655646,-1.69926883045344
2008,0.535993883233295,1.99586274896313,2.18498921376222
2009,1.71148193836713,1.21176525264584,2.0435028942267
2010,1.36578663602542,1.04882117603656,2.09362313151216
2011,3.03016847092934,0.263463334395494,3.21495321570487
2012,0.0243195297038364,-0.14934214385758,-0.106876320225223
2013,1.72956403582549,0.211161081431967,2.18806705694056
2014,1.00956760721016,0.330352421125748,1.18474538915687
2015,2.06753308718646,-0.768742868118237,1.96896081083677
