"Year","OPR","DPR","CCWM"
2007,-1.28421873791268,-0.182809306358081,-0.973319119761752
2008,0.540245524307612,-1.54288527946847,-0.765224558841514
2011,-0.89630771210671,0.145805450070831,-0.773392282476435
2012,-0.493662257015462,0.163380595221365,-0.421988962300462
2013,0.267753156047666,-0.990270452794566,-0.550084070255112
2014,0.581313316865223,-0.0995672217397253,0.474009742815052
2015,-0.101791252328552,-0.0667878902581376,-0.217005435448691
