"Year","OPR","DPR","CCWM"
2007,-1.28421873791268,-0.182809306358081,-0.973319119761752
2008,0.540245524307612,-1.54288527946847,-0.765224558841514
