"Year","OPR","DPR","CCWM"
2002,-2.46828450083979,-2.69243939740755,0.457888254576088
2003,-0.232098298159638,1.52836990054382,-1.07187283395098
