"Year","OPR","DPR","CCWM"
2013,-0.764514392084265,-0.259125819731536,-1.11123220088682
2014,0.549594207840519,-0.317269406748654,0.28785329834719
2015,0.654833492006418,-1.10898541405522,-0.36953914705384
2016,1.08741284403894,-0.335586390948658,1.10089838534213
2017,0.692677550540635,-0.271596291604469,0.613701424924687
2018,0.450157493476296,-0.690115960027566,-0.0492112803182641
2019,1.00191544744976,-2.0984716654424,-0.588922565905339
