"Year","OPR","DPR","CCWM"
2013,-0.557120118543941,-0.272796199440485,-0.882736267418048
