"Year","OPR","DPR","CCWM"
2013,-0.72416137312327,-0.414709074081825,-1.19964371356189
2014,-1.50531208368456,0.045436220952704,-1.38002508953022
2015,0.324467414024053,0.383724679951126,0.887749093699985
2016,-0.476124329462764,0.218289080663723,-0.410198712503826
2017,-1.12305499371349,1.42141461931975,-0.0715479073205584
2018,0.743766556431032,-0.927834479527121,0.0327595996688722
2019,-1.1008187348208,0.676335918449116,-0.767543312113927
