"Year","OPR","DPR","CCWM"
2002,-0.105732875302976,2.14580989425859,-1.84334577657316
2003,-0.787923894851908,1.3664956941534,-1.27260763678616
