"Year","OPR","DPR","CCWM"
2003,-0.0818363142960618,0.665305278902161,-0.456196216952502
