"Team","OPR","DPR","CCWM"
2003,21.9846327052834,34.5536585506943,-12.5690258454109
