"Year","OPR","DPR","CCWM"
2013,-0.90530130478932,0.838714123205644,-0.320528228551774
2014,0.857016142224542,-0.770524238586076,0.250752146598298
2015,-0.703688521036856,0.135476225269039,-0.814913113832778
2016,0.27403871131286,-0.648545313240221,-0.290314240962885
2017,0.588084931666503,-0.168709614899417,0.579276969779867
2018,-1.42471515980371,0.204500191053035,-0.907417817286482
2019,-0.0188305916904055,-0.345867730908412,-0.323468765128311
