"Year","OPR","DPR","CCWM"
2013,-1.62238870347292,1.02142647293681,-0.992892425542191
2014,-0.331925654980996,0.530124450064493,0.0693259718884965
2015,0.426358773170345,-0.314516820529859,0.227036618418559
2016,-0.410082464830251,0.984311032696047,0.448332196593484
2017,-0.785569855879702,1.02527597966679,-0.020862474130708
2018,-0.489907340830596,0.208825293219872,-0.237644349930399
