"Year","OPR","DPR","CCWM"
2002,-0.0305931967196317,-0.316495457455033,0.238941510859219
2003,-0.608525481783022,-0.230678841276338,-0.186672490828385
