"Year","OPR","DPR","CCWM"
2007,0.156874726795046,-0.382232116646572,-0.186599597323421
2008,0.79363574115973,-1.03707605455377,-0.0977153327085001
2009,0.45662071372401,-0.12846405997148,0.249162418483553
2010,0.208125862421615,-0.84127008055209,-0.498145158772525
2011,-0.299493637393787,1.43983038575852,0.845665488108001
2012,1.06300222125888,-1.72358437024603,-0.330794065092578
2013,0.380914918799648,-1.09817830840452,-0.512685286558406
2014,2.17408315039019,-1.39104651073658,1.04099658155303
