"Team","OPR","DPR","CCWM"
2002,13.755458255737,13.2192381382496,0.536220117487337
2003,16.2542503726048,23.4073804249156,-7.1531300523108
