"Year","OPR","DPR","CCWM"
2007,0.156874726795046,-0.382232116646572,-0.186599597323421
2008,0.79363574115973,-1.03707605455377,-0.0977153327085001
2009,0.45662071372401,-0.12846405997148,0.249162418483553
2010,0.208125862421615,-0.84127008055209,-0.498145158772525
