"Year","OPR","DPR","CCWM"
2013,-1.52217231179058,-0.238356270939262,-1.97132535951755
2014,-0.459220649896747,1.91469047711621,0.94448882705031
2015,-0.645518493231307,0.697577891029834,-0.0896976167167179
2016,-1.46555066383996,0.700183635273614,-1.23416521580671
2017,-1.6394642618297,2.7188124347435,0.501544484572306
2018,-1.00790615013108,0.503732487353508,-0.449116165982754
2019,-2.21122217498672,1.39571871415174,-1.50950760344946
