"Year","OPR","DPR","CCWM"
2015,-0.729275385061285,0.56495159560957,-0.357382362850234
2016,-1.2502562839643,-0.192166200306014,-1.84764020007837
2019,-0.391666672172404,0.883227540746509,0.284830070491108
