"Year","OPR","DPR","CCWM"
2002,1.20756894215885,0.96014549198022,0.070190448078249
2003,0.334475353352319,-0.872334947920611,0.721157583960979
