"Team","OPR","DPR","CCWM"
2002,18.7420860179935,19.1587845769452,-0.416698558951641
2003,26.5141069615378,15.4250096834157,11.0890972781221
