"Year","OPR","DPR","CCWM"
2007,-0.406180049986965,-0.178145215288436,-0.398707615424198
2008,0.275285367081641,-1.00230632541563,-0.570352714923926
2009,-0.00591767100119718,0.533772409050734,0.345463236902934
