"Year","OPR","DPR","CCWM"
2013,-0.0935570593214269,0.602971103572095,0.415468279187318
2014,0.0921572805005203,0.325849738308742,0.320564212433739
2015,0.833373223744184,0.99456636336816,2.29044648326041
2016,-0.439691949695702,1.90256576839947,1.33356123557199
2017,0.972297019118663,0.0325852455696086,1.25095995713027
2018,0.512969843181606,-0.408106008805261,0.147088386403637
2019,0.637462399508949,-0.317182363475407,0.509126952116762
