"Year","OPR","DPR","CCWM"
2013,-0.48038889095988,-0.142265615269739,-0.680389481536402
2014,-0.691698800980906,-0.248417722748355,-0.827581419216256
2015,-0.531389412577359,0.0357690294409977,-0.691728845369242
2016,0.388895793609802,-1.06809686001691,-0.560710801013207
2017,-1.71534378586153,0.381254678182203,-1.79398644147357
2018,-2.00928919571915,-0.0222088279858608,-1.44655512252293
2019,-0.891648979786439,0.734641668123956,-0.459498129254843
