"Year","OPR","DPR","CCWM"
2013,-1.4033588985035,2.12383295819251,0.218813323281477
2014,-0.265543466164803,0.584894132127899,0.170967147606702
2015,-0.332771121357539,-0.169874653339978,-0.653811067409116
2016,-0.797627466491726,0.034728609734712,-1.02036239978091
