"Year","OPR","DPR","CCWM"
2013,-0.0701317893197347,-1.27449643882425,-1.18865380764437
2014,-1.03178247202759,0.111606323753314,-0.888105474448625
2015,-0.170106900515332,1.35826992487742,1.32401434324467
2016,-0.656340117870983,0.066681989689456,-0.801260786599056
2017,0.677066483536346,0.253814962075997,1.0886680757798
2018,-0.091220778169652,-0.617075163865253,-0.396528027221724
2019,0.257749250772164,-0.185271186680467,0.156349395666857
