"Year","OPR","DPR","CCWM"
2013,-0.156564114833495,0.400973240300209,0.166932388570481
2014,0.218329796123708,-1.14172607848606,-0.615283332773786
2015,0.303258103189566,-0.0672338066849998,0.341036107110828
2016,0.379687193479572,0.129511247379515,0.632734534696348
2017,1.06155838980597,-0.497000883054144,0.864498900334008
2018,0.287379779063528,1.5824865599852,1.05505364045597
2019,0.741100657381268,-0.486809847386074,0.489396623266733
