"Year","OPR","DPR","CCWM"
2013,0.636832024474762,0.365459263394583,1.05563581788195
2014,-0.831005442324435,0.73295192514512,-0.253332943963631
2015,-0.810473653631561,0.999188388362791,0.0289252492230632
2016,-0.932858070580344,0.770392865173006,-0.45869174499925
2017,-0.261065695291684,-0.694328153149942,-0.981209937709761
2018,-1.35772055560401,-0.616287386907007,-1.30038297098539
2019,-0.866498028466401,0.620628033789224,-0.527535774906995
2020,-0.247374812599877,-0.576671961802501,-0.609489025124055
