"Year","OPR","DPR","CCWM"
2013,0.739918329119589,-0.0883469318468197,0.780816794811859
2014,-1.63557248019069,1.66699444580511,-0.337398315406758
2015,1.73263672393267,0.705736196797408,3.19908215625687
2016,0.0526492286182163,-1.0562805453134,-0.993695885057572
2017,1.38735759406408,-0.513906874929776,1.2574821620394
2018,1.71827484839956,0.899042242298266,1.70966976704221
2019,1.60506582328268,-0.335699730633801,1.68386478936813
