"Year","OPR","DPR","CCWM"
2013,-1.01840716634005,-0.603069445743266,-1.70434027619766
2014,-1.36065991009539,0.190815476702828,-1.13984048853937
