"Year","OPR","DPR","CCWM"
2020,-1.21869118934165,0.940718080487243,-0.576237373640851
