"Team","OPR","DPR","CCWM"
2002,15.7018735673434,12.7220283411428,2.97984522620064
2003,16.9694015237382,26.8135433244596,-9.84414180072145
