"Year","OPR","DPR","CCWM"
2007,0.156837414366718,0.257200295893379,0.296227944525831
2008,0.527670007560172,-1.0315697972067,-0.350522857343967
2009,-0.57988811024041,0.300096368024431,-0.226679576921031
2010,0.0900968097766339,0.573941447207852,0.550134903490338
