"Year","OPR","DPR","CCWM"
2002,0.452694880967937,-0.423365299116938,0.671679733258872
2003,-0.542794725517458,0.0431226765302495,-0.320591521249805
