"Year","OPR","DPR","CCWM"
2007,-0.142817060968495,0.626736944830623,0.380374779100391
2008,-1.11410287785099,-1.53129496259196,-2.35664413002325
2009,-0.883305109911688,-0.353387690861605,-0.876413025050043
2010,-0.686685244247088,0.0154812931851553,-0.609539600559557
