"Team","OPR","DPR","CCWM"
2002,8.35090138824283,29.981168942957,-21.6302675547142
2003,10.8066775179376,21.2847969600669,-10.4781194421293
