"Year","OPR","DPR","CCWM"
2013,-0.423131859841878,1.62876901724382,0.924768642269997
