"Team","OPR","DPR","CCWM"
2002,8.48172115953418,-0.631782051826966,9.11350321136115
2003,40.7876695349451,17.3283113035555,23.4593582313896
