"Year","OPR","DPR","CCWM"
2007,1.50657691170374,0.133077651848215,1.08039056295813
2008,2.82871076531644,-1.17510024156154,1.75662197615501
2009,1.38930459557788,-1.3401341450473,0.136034361468419
2010,5.55700353845107,-0.284960637864385,4.80235853800765
