"Year","OPR","DPR","CCWM"
2002,-1.34004357365382,-3.29362169909943,1.75788082189616
2003,1.64638271876311,-0.719339660317725,1.33676743921336
