"Year","OPR","DPR","CCWM"
2013,-0.915684239285718,1.89826212569844,0.588045640896954
2014,-1.43056071873918,0.331934875394632,-1.10406393962802
2015,-0.826745595645395,0.470457780814097,-0.600221182075833
2016,0.0924358360166275,0.381103475245148,0.505955748936185
2017,0.0734115944409116,-0.147256550027466,-0.0464740068683139
2018,0.00820331133993831,-0.026777273653032,-0.00852343167106009
2019,0.54179142617755,-0.892238192010702,-0.107897108382928
