"Year","OPR","DPR","CCWM"
2007,2.4548035890717,-0.367653377699457,1.31901657373104
2008,1.74030483773987,-1.56678840886807,0.376249891773518
