"Team","OPR","DPR","CCWM"
2002,16.6975607145921,14.2039439325492,2.49361678204296
2003,26.4365668014606,22.6666154474478,3.7699513540128
