"Year","OPR","DPR","CCWM"
2002,0.656541908675244,0.586887203433492,-0.0152819818828769
2003,1.35535933623482,-0.902271772749102,1.29244580224721
