"Year","OPR","DPR","CCWM"
2013,-0.0900260903450588,0.301460874201252,0.157587996817987
2014,-0.264068182943308,-1.43664845838256,-1.27985303710133
2015,-1.10740372613974,-0.377438055324065,-1.96018547459449
2016,-1.28464751212943,-0.359544114700055,-2.06164140881244
2018,-0.464060518200928,0.666617016132245,0.0266645817858578
2019,-1.19129610812404,1.27263608898622,-0.361164207280778
