"Year","OPR","DPR","CCWM"
2013,-0.841886541920025,1.00021907758743,-0.106702810540957
2014,-1.49183482748554,-0.472704725260786,-1.73959143843651
2019,-0.0410570808417757,-0.0385103513840796,-0.0839643520692244
