"Year","OPR","DPR","CCWM"
2013,0.258647290315577,-0.146120652441009,0.172817233341569
2014,-0.0364115594661971,-1.51039583981284,-1.11918547165604
2015,-0.0967174414794355,0.210369458976167,0.108023752553192
2016,-0.240669983001579,-0.538890280991253,-0.860924709985769
2017,-1.02614852227105,-0.445609831961713,-1.7073186955821
2018,-0.954763318688836,-1.18251062824752,-1.31675927170361
2019,-0.00676199053139178,-2.59979066301883,-2.26554935840242
