"Team","OPR","DPR","CCWM"
2002,15.4187485517882,16.3118574439193,-0.893108892131075
2003,17.9308530869003,34.1393265701035,-16.2084734832032
