"Year","OPR","DPR","CCWM"
2013,0.0900042150474986,0.649576514605752,0.66871307320778
2014,-1.39471653251725,0.965585678014074,-0.615233534076502
2015,-0.526419329146089,0.545591361418544,-0.0998642713393174
2016,-0.102261283898508,0.734381920521128,0.604000724024098
