"Year","OPR","DPR","CCWM"
2002,0.314310565236309,0.848497746220057,-0.474907574116673
2003,-0.0138863339089984,0.662184405069592,-0.417472794195912
