"Team","OPR","DPR","CCWM"
2002,15.1445385875214,18.6393456767505,-3.49480708922909
2003,22.7239290325152,34.5148340593335,-11.7909050268182
