"Year","OPR","DPR","CCWM"
2007,-0.781256306955147,-0.0265096852444364,-0.528158960723363
2008,0.466559485414457,-0.276310876559701,0.220862663999913
2009,-0.472989028296363,1.35561742933934,0.543047015432699
