"Year","OPR","DPR","CCWM"
2013,-0.326237723470394,0.92070849059254,0.421859206662681
2014,-0.583513868120837,-1.28450880136334,-1.47034609937757
2015,-0.417647713193015,0.295144813731224,-0.237253269427212
2016,-0.473388078158576,0.620169858238467,-0.00200608139969213
2017,-0.376818236035275,0.7787974299833,0.260138591758988
2018,-1.02624218579656,-1.56748265945728,-1.57454199328971
2019,-0.0221230953418555,-0.995725198976191,-0.891749357161629
