"Year","OPR","DPR","CCWM"
2013,-0.626070946554352,1.57049251875112,0.638923974797266
2014,-0.959758951565678,-1.26536920529148,-1.80968527358798
2015,-0.879033516431654,1.03224550712036,-0.027684752342412
2016,-0.566377692186047,1.17234175996586,0.430831425604735
2017,-0.906570979121221,1.28421933332965,0.071012588852861
2018,-0.683103111785621,0.128256504631261,-0.418854694313098
2019,-0.169076477479561,-0.122081468014732,-0.314075245382908
2020,-0.64144880129172,-0.850134145711617,-1.16645278493922
