"Year","OPR","DPR","CCWM"
2013,-0.0654566969857589,0.0194830883155947,-0.0589372482854752
2014,-1.19490732856352,0.840795215802807,-0.517367010312891
2015,-1.09985775732994,0.842537281205012,-0.549882419391722
2016,-1.34294994771449,2.50540723777621,0.745359140770818
2017,0.926877291745682,-0.512880506582213,0.68051927510249
2018,0.119883843188566,0.189518424313414,0.187376554008323
2019,-0.368290343219921,-0.169209180395229,-0.600162706645279
