"Year","OPR","DPR","CCWM"
2013,-0.593286601839267,0.946334093711321,0.134610029499489
2014,-0.530360677583369,0.70486162464283,0.00862900384207805
2015,-0.153719547593174,0.819548177165808,0.728439652470107
2016,0.643404964467986,-0.8515272938696,-0.00595520530853741
2017,1.59143512820957,-0.9521265256118,1.10112341975186
2018,-0.0488255566945732,-0.368825094671536,-0.232936691001966
2019,-0.878357605652003,0.980957622606805,-0.229280666242525
