"Year","OPR","DPR","CCWM"
2013,-0.566894124036883,-1.24716957981073,-1.74066684743455
