"Year","OPR","DPR","CCWM"
2013,-0.327587199063789,1.14231139782986,0.612838924471849
2014,-0.607300502527668,0.762353618696952,-0.0222752027573217
2016,-1.5556918646302,1.17226867312816,-0.878182277130149
2017,-2.10178361377127,1.83600233367823,-0.909664650563648
2018,0.104069904712444,1.4967810462226,0.878143156079458
2019,-0.273273142750847,-0.771480985108517,-1.00613949093118
2020,-0.313767150403665,-0.852160810940169,-0.850522925097127
