"Year","OPR","DPR","CCWM"
2002,-0.325583394032707,-0.408286361337739,0.104176896889426
2003,-0.659880271928633,-1.21606793362821,0.395569626253047
