"Year","OPR","DPR","CCWM"
2013,-0.498499952731433,0.485548540037772,-0.15589258836564
2014,1.42801134367767,2.33030630407832,3.01413133597522
2015,-1.37483070245116,1.8324398299411,0.2068299841278
2016,-0.844660071216423,2.00235223027996,0.898211473796487
2017,0.59112274604749,-1.01916895114308,-0.217431288062805
2018,-1.1026179065022,-2.40288898741383,-2.07772415291361
