"Year","OPR","DPR","CCWM"
2013,-1.00319884923029,0.0537422475923901,-1.11603057602313
