"Year","OPR","DPR","CCWM"
2013,-0.749969065357925,-0.380419949191628,-1.19976255303796
2014,-0.971355994213481,0.599022748725446,-0.481255342676922
