"Year","OPR","DPR","CCWM"
2013,-0.745975980664831,0.532988643024409,-0.401502547952587
2014,-0.486750402183836,0.886412779365692,0.179975129795
2015,0.11084856674621,0.676154262799149,0.928731001341775
2016,0.264273245600767,-0.428492732250762,-0.0817083434258745
2017,0.0572286854684149,0.511080617130682,0.552895535473087
2018,0.853017331579064,0.65809099169921,0.962476375942768
2019,0.650656643681409,0.331369326866245,1.08845974901534
