"Year","OPR","DPR","CCWM"
2013,-0.758042079476535,0.258772000145068,-0.653745575208512
2014,0.665618200772109,-1.43985771952292,-0.409691343709164
2015,-0.716662514323198,0.145098792480117,-0.821762231636415
2017,-1.00925757335811,1.20606635816376,-0.13142881190019
2018,-0.954615943281914,-0.620652024829893,-1.01491118054005
2019,0.341883577809765,-0.273708843802407,0.183107661025531
