"Year","OPR","DPR","CCWM"
2002,1.02614944091457,0.505827107449866,0.315112954410047
2003,-1.00550140461973,2.81273121969009,-2.28576937390616
