"Team","OPR","DPR","CCWM"
2002,18.0114292702925,17.0450773955604,0.966351874732108
2003,11.9351491737396,61.2682020916732,-49.3330529179336
