"Year","OPR","DPR","CCWM"
2013,-0.877790683551978,-2.07821455259268,-2.82307034947582
2014,-0.822478261022089,1.05593709630336,-0.0133094650373551
2015,-0.363507923433579,0.793695241394142,0.409480850105448
2016,-1.01615436035982,1.7119225440667,0.378936272792979
2017,-0.473486942482351,0.733260024516211,0.0959503862220685
2018,-0.695570118461466,1.53816956954638,0.3294294275616
2019,-1.91016942857425,2.54204217947771,-0.143729058711222
2020,-0.106377459073043,-0.221453832194514,-0.245073744309815
