"Year","OPR","DPR","CCWM"
2013,-1.14215933597985,-0.181773476716558,-1.48172047389505
