"Year","OPR","DPR","CCWM"
2013,-1.17954269438341,-0.68115008604304,-1.95894106166512
2014,0.2850274476646,-1.00618922546058,-0.455325832229938
2015,-0.547492855320451,1.52572107699885,0.995755132806999
2016,0.274848731933016,-0.371114631313934,-0.00995375857389735
2017,0.0268428409657997,-1.45247223381397,-1.33349466560329
2018,0.813861832114462,-0.441247441014334,0.344126183365515
2019,-0.0512576282300931,1.36559404409053,1.12257360877409
