"Year","OPR","DPR","CCWM"
2013,-0.0428412325525461,0.514366374824181,0.397262977950947
2014,-0.58813160093696,0.436730158213079,-0.23820245921859
2015,-0.574620568760233,0.168557955066599,-0.598970918037702
2016,-1.2611329454948,-1.1391971751514,-2.81540454806775
2017,0.555231427728064,-0.697686510338885,0.0401282545680051
2018,-1.25232851468666,-1.10434553195323,-1.48724205137813
