"Year","OPR","DPR","CCWM"
2007,1.13666966050458,0.291289258298668,0.95926698043672
2008,0.31503178037715,0.264980222422729,0.52611016192668
