"Year","OPR","DPR","CCWM"
2007,1.13666966050458,0.291289258298668,0.95926698043672
2008,0.31503178037715,0.264980222422729,0.52611016192668
2009,-0.121766808490074,-0.231238415216649,-0.240424561952335
2010,-0.655918276398277,0.365338635469347,-0.29607832253575
2011,2.5754954641161,-0.351929357981111,2.27550828565238
