"Year","OPR","DPR","CCWM"
2002,0.674025408881959,0.080985610965252,0.414000483263047
2003,1.6979869829582,-0.905123642418857,1.47972607225204
