"Team","OPR","DPR","CCWM"
2002,16.5932697104452,15.0685108452147,1.52475886523047
2003,41.3491243399592,15.0171096994452,26.332014640514
