"Year","OPR","DPR","CCWM"
2002,0.388845972615348,0.82448672599578,-0.401965136764934
2003,0.276972578484835,-0.835890062904972,0.667460089094728
