"Team","OPR","DPR","CCWM"
2002,15.4447257116763,18.5276348862376,-3.08290917456132
2003,25.8884763134786,15.8783936391106,10.010082674368
