"Year","OPR","DPR","CCWM"
2013,-1.68376402913914,0.576110182276014,-1.45094882750332
2015,-0.682766787949426,-0.718642383192337,-1.76614660676885
