"Year","OPR","DPR","CCWM"
2002,-0.796664600357737,-0.0629064512579117,-0.516363964952064
2003,0.277371261292511,-1.24468393301782,0.92075759486523
