"Team","OPR","DPR","CCWM"
2002,10.6701491437068,14.3990559087173,-3.72890676501053
2003,25.8928139855981,10.79289036983,15.099923615768
