"Year","OPR","DPR","CCWM"
2013,-0.709531621175404,0.43912631433898,-0.44081689956325
2014,-0.367358890271483,0.152625059697763,-0.23510866429711
