"Year","OPR","DPR","CCWM"
2013,-0.84750093384241,1.84149856997992,0.617751253884596
2014,-0.87937989723168,0.483012922965884,-0.478277439020274
2015,-0.923865446199106,0.109782058925637,-1.14801528862837
2016,-1.11556173597994,1.65189736806915,0.1869853379836
2017,-1.76527211835927,0.687874796259323,-1.56803376684053
2018,-0.724776570268716,0.626320984804837,-0.181126844703682
2019,-1.90440751943209,1.43233147487226,-1.10012688034579
