"Year","OPR","DPR","CCWM"
2013,-0.367040951156566,0.272462936759361,-0.188672606795154
2014,0.2434282296483,0.0119247905916099,0.237012335945427
2015,-0.329999822501442,-0.25436749624467,-0.746943364324757
2016,0.20351324026863,0.690302819423132,0.964190046715443
2017,-0.845073410727628,0.200079859800597,-0.872283934016478
2018,-1.42311374253074,0.750036498490067,-0.613297336737239
2019,-0.787132831544167,0.825664783709297,-0.251842255572527
2020,0.391662809375767,-1.8271139589575,-0.793142161664831
