"Year","OPR","DPR","CCWM"
2013,-0.931813041028562,1.40298947045756,0.139025263241085
2014,-0.602769312699432,-0.0128927083378705,-0.574932424243853
