"Year","OPR","DPR","CCWM"
2007,-0.0705943198824442,-0.320572096487318,-0.287987814129719
2008,0.825890006123174,-0.973940308118675,-0.013790353333683
