"Year","OPR","DPR","CCWM"
2002,-0.970252247558338,-0.772786905873997,-0.0552977451006398
2003,0.990246220766837,0.0963228113415334,0.476532971407157
