"Year","OPR","DPR","CCWM"
2007,-0.0705943198824442,-0.320572096487318,-0.287987814129719
2008,0.825890006123174,-0.973940308118675,-0.013790353333683
2009,0.254866122546424,-0.116138959000286,0.109952807406452
2010,0.735918779054127,0.545857775398121,1.11236281815917
