"Year","OPR","DPR","CCWM"
2013,-1.05022383652528,1.10967026411078,-0.253070797011481
2014,-1.09350083740341,0.467018426988345,-0.690709789261018
2015,-0.988530363771832,0.252001773068134,-1.07399235605414
2016,-0.563569354202624,0.0102989800166392,-0.735278433491388
2017,-1.03277267476677,1.12699029613582,-0.235374366891873
2018,-1.71928790803767,-0.453801960437301,-1.47127940907741
2019,-1.68459834098231,1.21725321525665,-1.01634929533401
2020,-0.767161045694631,0.0625962331375013,-0.702529365602508
