"Year","OPR","DPR","CCWM"
2013,-0.692777036675516,-0.728517102796949,-1.4359266121265
2014,-0.694582607374492,0.378160458463248,-0.380176141202689
2015,-1.23334103822294,1.72391985868953,0.277416293454352
