"Year","OPR","DPR","CCWM"
2013,0.190812219039488,-0.298960985451782,-0.0386029851461515
2014,-0.697789984178027,-0.800694501429265,-1.230033805885
2015,0.968226609860838,-1.16934759317042,-0.00664204541988289
2016,-0.0432831550148147,0.775564605147688,0.723491911136341
2017,1.26413227061778,-1.29352182818199,0.368990924431375
2018,-0.853831707601598,-0.088087243092189,-0.656940670732973
2019,0.131786164392293,-0.919632247769545,-0.636268991359532
