"Year","OPR","DPR","CCWM"
2007,0.450777939723951,0.179922283482184,0.429056661452134
2008,0.428767204878388,-1.2380103512581,-0.618589203236663
2009,-0.514770462166446,-1.01889131645372,-1.04348009210504
2010,1.08744861735104,-0.604627685099996,0.491740972395811
2011,1.60749665438695,-0.533152609510138,1.17144620161024
