"Year","OPR","DPR","CCWM"
2002,0.00901842788156191,-1.48257999768879,1.22793166359885
2003,0.999778582296236,-0.285094960382267,0.717827514312332
