"Year","OPR","DPR","CCWM"
2007,0.450777939723951,0.179922283482184,0.429056661452134
2008,0.428767204878388,-1.2380103512581,-0.618589203236663
2009,-0.514770462166446,-1.01889131645372,-1.04348009210504
