"Team","OPR","DPR","CCWM"
2002,13.9149918262945,7.79405317827531,6.12093864801921
2003,33.752611385703,22.7304295901627,11.0221817955403
