"Team","OPR","DPR","CCWM"
2002,17.4387048293148,13.1222323264731,4.31647250284179
2003,21.5142615229274,35.3216603331679,-13.8073988102404
