"Team","OPR","DPR","CCWM"
2002,8.04464394269874,10.0127004233854,-1.96805648068669
2003,30.9540992095092,40.3390088631993,-9.3849096536901
