"Year","OPR","DPR","CCWM"
2007,0.00321448535846267,-0.75006034263844,-0.564299047562056
2008,1.0742935329197,-0.414327903117007,0.693810359104455
2009,1.28902301053513,-0.0780034740585124,0.889905613594011
