"Year","OPR","DPR","CCWM"
2002,0.928673286767152,0.435554589309764,0.303489175956893
2003,-0.0213730545763877,0.0336053757514316,-0.0323772460229755
