"Year","OPR","DPR","CCWM"
2014,-0.129085242344214,-0.990780563723002,-0.832882152225203
2015,-0.607046118543663,1.14134574220878,0.472569604953094
2016,-0.260584705936602,0.0414285422176174,-0.30306796509918
2017,-0.295610576630496,-1.72586846548042,-1.99553463038589
2018,-1.06702777553217,-1.07293721022033,-1.3380700822875
2019,0.560951890903719,-0.897275292893078,-0.0886899911260736
