"Year","OPR","DPR","CCWM"
2014,-0.830705791454287,-0.0156563634704173,-0.790825442236265
2015,0.504210472187995,-1.83916707812351,-1.41511351762446
2016,0.964224587023512,-1.77357561237248,-0.509709416707871
2017,-0.307245282143844,-0.0571348731060421,-0.439390264447804
2018,1.4650774961073,-0.150006847416796,0.965501765716046
2019,1.70220652383053,-0.910730026481676,1.30415337818913
