"Year","OPR","DPR","CCWM"
2014,0.304890383225342,-0.457939448072454,-0.0428421564496901
2015,0.4561903294964,-0.246523364853914,0.346194743207911
2016,0.461672865131916,-0.572257140222476,0.034739548440931
2017,1.23838302612136,-1.58910478164113,0.0584476526033396
2018,0.747248392087117,-0.847031316267096,0.0786404871572143
2019,1.07139310790345,-0.188975948255041,1.15447227936164
