"Team","OPR","DPR","CCWM"
2003,2.31595895352804,49.1265050225666,-46.8105460690386
