"Year","OPR","DPR","CCWM"
2003,-1.88961750627847,1.83673119141362,-2.16023604182951
