"Year","OPR","DPR","CCWM"
2014,-1.10219545332937,-0.745716057999657,-1.57005482284039
