"Team","OPR","DPR","CCWM"
2002,14.4856916214987,12.5697579732085,1.91593364829015
2003,23.2487211323332,20.5360141941647,2.71270693816853
