"Year","OPR","DPR","CCWM"
2020,0.0143960580150169,0.58807045400829,0.391254653888262
