"Year","OPR","DPR","CCWM"
2007,-0.827423622015116,-1.56682470865177,-1.72131824419009
2008,-0.228340566922271,1.03812696829266,0.645691297610186
2009,-0.346894424874377,0.0467345508891171,-0.222616953488086
