"Year","OPR","DPR","CCWM"
2002,0.150721180277861,-0.456094159661581,0.483273089631848
2003,0.0343481988167915,-0.461491182125752,0.304303932756946
