"Year","OPR","DPR","CCWM"
2014,-0.798417455073243,-0.614237118498153,-1.19052358619147
2015,-0.716573614221664,-0.0295233309219821,-1.02201504163674
2016,-1.26649623874401,1.76888829163063,0.10506163578655
