"Year","OPR","DPR","CCWM"
2014,-0.64534200302619,-1.98704503706528,-2.03304608111404
2015,-0.959157218649849,0.613292027593158,-0.618914146815094
2016,0.0339723165628472,0.151280747789857,0.197241979210969
2017,0.961651713218785,-0.808390135932798,0.446005667322348
2018,-0.469374410787707,0.295429552891579,-0.176473574319623
2019,1.16166410134502,-1.32672187751075,0.277737396153472
