"Year","OPR","DPR","CCWM"
2014,-0.889723699848302,-0.390107061852205,-1.1152031166798
2015,-0.893136108082879,-0.0190900262012607,-1.25351842311855
2016,0.452722893890888,0.142028368434386,0.741967439913124
2017,-0.938241801344758,3.73164362187429,2.33497694602692
2018,-0.893102358107711,1.25072886164544,0.0340235040625299
2019,1.75548882518561,0.80763276315665,2.86166866683729
