"Year","OPR","DPR","CCWM"
2014,-0.0202519185891093,-0.136263461110998,-0.116892325803578
2015,-0.101175517132209,0.851909199586003,0.838030221489545
2016,-0.552779169043886,-0.156490699386633,-0.888908919432874
2017,-0.263070133782335,0.741393643628448,0.367691474984431
2018,0.743802100289588,-0.452613578851121,0.28799957357042
2019,0.845662405097441,-0.429582993436973,0.667765541333934
