"Year","OPR","DPR","CCWM"
2014,-1.4075421763816,-0.438958108440708,-1.63624435922293
2015,-0.46743737465541,0.125257708946666,-0.500854064941274
2016,0.260432025437822,-1.16396106254037,-0.827184675489024
2017,1.65168605446534,-0.65842681338398,1.45319560737912
2018,-0.190077044681775,0.0807167558900273,-0.0923661256960471
2019,0.475203725179765,-0.0246071330360863,0.563461452733896
