"Year","OPR","DPR","CCWM"
2007,1.522388170729,-0.660410742471235,0.491491010524368
2008,2.4575565970397,-1.73387423579748,0.930921851731752
