"Year","OPR","DPR","CCWM"
2002,0.801980900583791,0.365000744612862,0.27125974515729
2003,0.950047730713271,-0.768150419799448,0.989957405824056
