"Year","OPR","DPR","CCWM"
2014,-0.187183400619361,-2.43193445252325,-1.92267851317015
2015,0.177328058398306,0.367392183926062,0.666106283067228
2016,0.795108439855633,-0.807112221818962,0.239472913033756
2017,0.251624046573837,-0.860834170914007,-0.494484018965769
2018,-0.360442225560361,-0.375257796032788,-0.458884941678474
2019,0.878339134660343,0.119035162451815,1.18430942116832
