"Year","OPR","DPR","CCWM"
2014,-0.459006909655923,-0.461038107777631,-0.761949942859887
2015,-1.23416096429275,0.823650999647687,-0.75675491072742
2016,-0.175233273665937,-1.67570065569817,-1.91877093099842
2017,-1.01833511981721,-0.0766258099758567,-1.35019492334492
