"Year","OPR","DPR","CCWM"
2014,0.317552860986964,0.103621491498305,0.37244649496896
2015,-0.182462763750762,-0.436267049228059,-0.752219450194103
2016,0.624508779593166,-0.784430789071521,0.0365895429607594
