"Year","OPR","DPR","CCWM"
2014,0.0508961494906105,0.299832800074418,0.263152926293939
2015,0.143839544616132,0.50018775874782,0.772306707443965
2016,0.159748332657318,0.489703412967138,0.704342734453476
2017,-0.907288345607151,0.0859020473090587,-1.05784057990279
2018,0.265850312448841,0.504185821092895,0.460586565996914
2019,0.245289122058943,0.326718106204173,0.585541574347545
