"Year","OPR","DPR","CCWM"
2014,-0.256783554436188,0.0145083482740055,-0.230557050850587
2015,0.739898120934801,-0.793133197805381,0.110197023667918
2016,0.83803297397326,-0.702562430983676,0.401515441669416
2017,0.382306150089952,0.0275689841124783,0.505766127596173
2018,-0.725769320445336,-0.674527214766158,-0.880448557096036
