"Year","OPR","DPR","CCWM"
2014,-1.08099766961824,1.13935209970631,-0.195995430763869
2015,-0.469799761977589,0.154083445434262,-0.471034782430006
2016,-0.240824557225024,1.48569731729351,1.17701796057474
2017,-0.865600410644375,1.52856116826692,0.352427216995508
2018,-0.0583394712358629,-1.12780745526186,-0.647336627087435
2019,-0.899169535972129,1.42562260231957,0.13117979426586
