"Year","OPR","DPR","CCWM"
2007,0.781469778071783,0.617820055209667,0.974811427704251
2008,-0.185284757243549,0.19862307591894,-0.0134997921862082
2009,0.416821849832892,0.466696434948496,0.61011933930636
