"Team","OPR","DPR","CCWM"
2002,16.9208532315968,10.8833779157911,6.03747531580566
2003,7.1654840021226,25.0340079956565,-17.8685239935339
