"Year","OPR","DPR","CCWM"
2014,-0.647171857418761,0.310963220056903,-0.383955492113376
2015,1.61573281302226,-1.42227449998038,0.59602470400198
2016,0.433189025781485,-0.420044846823943,0.15028492683785
2017,1.37263337672428,-0.670759788157127,1.09135982448879
2018,0.303516471930806,-0.347593555263465,0.0300370047793755
2019,0.74928051659525,0.695690513209517,1.52615085084005
2020,0.788014719056842,0.129923045861706,0.846242126931084
