"Year","OPR","DPR","CCWM"
2014,-2.01869974766921,-1.37335719731393,-2.88102634930768
