"Team","OPR","DPR","CCWM"
2002,17.8409926297755,16.0787221093403,1.76227052043523
2003,34.8222765346371,30.4406075316102,4.38166900302693
