"Year","OPR","DPR","CCWM"
2014,-0.956441644966497,-0.438337043872433,-1.21246149483926
