"Year","OPR","DPR","CCWM"
2002,-1.82638157802063,0.644274963692686,-1.83342063930509
2003,1.03617399972612,-0.501343274263699,0.871411634291719
