"Team","OPR","DPR","CCWM"
2002,6.52302244127692,17.6892032728134,-11.1661808315365
2003,34.1485938169077,20.0402436856704,14.1083501312374
