"Year","OPR","DPR","CCWM"
2007,-0.272288119390401,-0.658977090918713,-0.674710774249687
2008,0.281277064731053,0.765739576352929,0.911501614290337
2009,0.352557832269647,0.185120483831744,0.378686969777872
2010,-0.712870842797848,-0.234922011553273,-0.837666678890707
2011,-0.0886437943365117,1.07117406163461,0.76223029486948
