"Year","OPR","DPR","CCWM"
2007,-0.272288119390401,-0.658977090918713,-0.674710774249687
2008,0.281277064731053,0.765739576352929,0.911501614290337
