"Year","OPR","DPR","CCWM"
2007,-0.606282455338992,-0.67950320461195,-0.907445493645868
2008,0.313126972892748,-0.610016391762279,-0.206225432064823
