"Team","OPR","DPR","CCWM"
2002,15.4057883132191,21.4442630801522,-6.03847476693309
2003,23.614121409523,14.6728362070112,8.94128520251177
