"Year","OPR","DPR","CCWM"
2014,-0.932687649205204,0.882375041077351,-0.24141665160613
2015,-0.602692897317787,-0.0950197365750432,-0.9401321173014
