"Team","OPR","DPR","CCWM"
2002,11.6265183575672,18.2632479641443,-6.63672960657713
2003,24.16007497486,28.9366287357543,-4.77655376089434
