"Year","OPR","DPR","CCWM"
2007,-0.223264899689262,-1.0906447446551,-0.968788650748327
2008,0.17467545284901,-1.72584050436261,-1.27176753017931
2019,-1.59447807497786,-0.42753133430891,-2.33349800790647
