"Year","OPR","DPR","CCWM"
2002,-0.559201487439301,0.767659630741419,-1.03130632784799
2003,0.118112277501243,0.213785097908668,-0.0684014379959329
