"Year","OPR","DPR","CCWM"
2002,-0.918528536454392,3.56734062867277,-3.59424437700058
2003,0.0499684770443791,-0.467871859698203,0.316711721039643
