"Team","OPR","DPR","CCWM"
2002,10.1793490555149,31.2887077131074,-21.1093586575925
2003,23.4186698837267,20.4566368868534,2.96203299687325
