"Year","OPR","DPR","CCWM"
2007,-2.15292258373219,-1.76210554060273,-2.73090420930488
2008,-0.808819313305249,-0.154950460244034,-0.912144428539077
2009,-0.155715087179796,0.571585491385436,0.26088614805531
