"Year","OPR","DPR","CCWM"
2007,-2.15292258373219,-1.76210554060273,-2.73090420930488
2008,-0.808819313305249,-0.154950460244034,-0.912144428539077
