"Year","OPR","DPR","CCWM"
2007,1.7151044035455,0.707285707779861,1.64961919702047
2008,1.76744459733899,0.459085665779893,2.09381973473083
