"Year","OPR","DPR","CCWM"
2020,1.24872343843892,-0.154643908580738,1.10967264438601
