"Year","OPR","DPR","CCWM"
2014,1.18986746431465,-0.748871334930117,0.578672197326501
2015,-0.992997646766334,1.63340967171556,0.504985359484448
2016,-0.912841219109101,0.00525181141045036,-1.20247343511958
2017,-0.995558954527906,0.193888029930127,-1.06698010577861
2018,1.54801487760943,0.276754522644337,1.25390856017991
2019,1.33779697091071,-1.74226134681338,0.13371589059786
