"Year","OPR","DPR","CCWM"
2014,-0.254630796630055,-1.87264739173923,-1.5842026990077
2015,-0.331517476244806,0.0202697960088012,-0.433895360975876
2016,0.790785364590612,-0.771563142699575,0.269540313412446
2017,0.753025959454364,-0.61054383853917,0.370397357106191
2018,-0.0958426346135791,-0.971931799165172,-0.590401695764624
2019,0.279850339752007,-1.2274714636949,-0.721325168381857
