"Year","OPR","DPR","CCWM"
2002,-0.299597742809725,1.64292322942856,-1.56728401539399
