"Team","OPR","DPR","CCWM"
2002,12.672057709407,22.3353943204098,-9.66333661100281
