"Year","OPR","DPR","CCWM"
2014,0.455714675866954,-2.27732849078989,-1.20828533723582
2015,0.644345828273869,-1.49982473872364,-0.832481704357355
2016,0.8408420120203,-0.857359160604456,0.249398545105113
2017,2.05078503604088,-1.13468602239659,1.50579398233596
2018,-0.397499050353577,-1.1755447291539,-0.915132832482469
2019,1.89825857293108,-1.35550661856886,1.15926143946428
