"Year","OPR","DPR","CCWM"
2002,-0.512962580817864,0.562580761584,-0.829363326015055
2003,0.314217973333169,0.641657525282553,-0.227113657716398
