"Year","OPR","DPR","CCWM"
2007,1.24699878778073,-1.03869032648414,0.026725012787221
2008,0.451756411307045,-0.484608787137204,0.032638302307647
2009,1.42265091697515,-0.540139077464122,0.684618197250786
2010,0.761147324262497,-1.48022436179768,-0.518646714896077
2011,0.338439429118637,-1.26889470599978,-0.671365112491935
2012,0.93743041373731,-1.59491650225102,-0.359427509148318
2013,1.03741369503006,-1.14370403490774,0.208652741280022
2014,1.24680936689762,-1.44914096465622,0.129060580640732
2015,1.46238280468808,-1.31612974831027,0.506357751177283
