"Team","OPR","DPR","CCWM"
2002,11.8127429304359,17.3091226343133,-5.49637970387741
2003,26.2937065057586,34.2594742755963,-7.9657677698377
