"Year","OPR","DPR","CCWM"
2014,-0.471159680718208,0.82685570222466,0.151822594513883
2015,0.452408406168473,0.144532749520459,0.789708648418458
2016,0.535536647154237,-0.0458131894020208,0.662436902503018
2017,-0.652106928183252,1.51021410253933,0.603103951101866
2018,0.285103358459701,0.940974898926931,0.708908208645982
2019,-0.25969843855582,0.10918293133594,-0.224810666881488
