"Year","OPR","DPR","CCWM"
2014,-0.799504511420903,-0.825169609020598,-1.34307017542095
2015,-0.850934935674154,2.56523767992893,1.77014042721835
2016,0.693538203515594,-0.887302671956007,0.0243600139386173
2017,0.95377673981073,-0.988254212200845,0.266819559010917
2018,1.38742931834772,0.171232806259488,1.08258101074721
2019,1.01589761664359,-0.618760051448843,0.713021489176747
2020,-0.412034215729995,0.979610850921558,0.229645566547058
