"Year","OPR","DPR","CCWM"
2014,0.420190465539597,-0.838164027141995,-0.207778315425727
2015,-0.825742124795245,1.41392335870558,0.483770498557078
2016,2.71754908954135,-1.19629990187076,2.39121819748984
2017,0.364705286884003,-0.288862323451688,0.185825386459654
2018,-0.423759884411814,-0.314061170951049,-0.47122832045722
2019,0.598593184405976,-0.660552674185669,0.163165294868733
2020,-0.484544564127151,-0.385839626430028,-0.716652380063459
