"Year","OPR","DPR","CCWM"
2014,-0.0265004604649382,1.02091458888534,0.708519477154521
2015,2.09089965379413,-1.36959251223595,1.31171976518205
2016,1.04138275549244,-0.291776200206936,1.08410058099679
2017,0.452802379830768,-0.0048439822338576,0.563733211277263
2018,1.65412939514516,0.641140657445968,1.52536552402974
2019,0.996643797463269,-1.03765220277545,0.325629556274231
