"Year","OPR","DPR","CCWM"
2014,0.350694260634914,-1.47668389807748,-0.731687330228127
2015,1.55723844961373,-1.29719057980624,0.6588936993463
2016,0.889884150026434,-1.47717598326686,-0.309682884145808
2017,1.0501981102611,-0.896764198855126,0.473951642839474
2018,-0.012214362415719,0.416342462104228,0.214873248277681
2019,0.182766036107565,-0.326502189534131,-0.0585529434175539
