"Year","OPR","DPR","CCWM"
2002,0.718703660123106,0.851088267673669,-0.188622925966811
2003,-1.42706108818482,2.25180849057778,-2.16675794828839
