"Team","OPR","DPR","CCWM"
2002,14.0639541210015,17.7821638386156,-3.71820971761407
2003,28.1018890891186,27.4919057754832,0.609983313635372
