"Year","OPR","DPR","CCWM"
2014,-0.988618681452721,0.43871998356767,-0.612611400357247
2015,-1.14819342085083,2.16080184313674,0.896146146431266
2016,-0.0823148150143618,-0.264220638584218,-0.374899191241172
