"Team","OPR","DPR","CCWM"
2002,6.78147047130156,12.7991584033211,-6.01768793201951
2003,30.2186812521729,14.0153354563326,16.2033457958403
