"Year","OPR","DPR","CCWM"
2002,-1.76220984094687,-0.406787030586567,-0.921681085872789
2003,0.674969064897767,-0.985650415903617,0.975669740301996
