"Year","OPR","DPR","CCWM"
2014,-2.00975621978835,-0.346530325656638,-2.13499717497855
2015,-1.31474785775419,1.04783999787128,-0.610629878819281
2016,-1.23607734819995,1.28584211120611,-0.340973150723394
2017,-1.55419361245505,-1.41418141267179,-3.28174299135901
2018,-1.80646291755739,-0.703102701997949,-1.66740767145842
2019,-0.454060399747101,-0.10300409246687,-0.648237119720621
