"Year","OPR","DPR","CCWM"
2014,-0.648152874130305,0.418632568397481,-0.307530280144981
2015,-0.989479261380617,0.245970677236505,-1.08222142489215
2016,-2.04742192866108,1.16299565286812,-1.5381147866516
2017,-0.888684404755174,0.50663501573202,-0.638463787661619
2018,-1.04018967918935,-1.04287257536092,-1.30276170568712
