"Year","OPR","DPR","CCWM"
2014,-0.507418389884861,0.265174071058542,-0.285696715109082
2015,-0.828596990614758,1.11866164536475,0.141026785411292
2016,0.876927319958114,-0.418442403079209,0.738998616595015
2017,0.800629737773702,0.213925589204641,1.20619989896634
2018,-1.96901182888713,-1.64014361784536,-2.28669955582266
2019,0.310235181500343,0.187103770370332,0.544251773209757
2020,-0.251659028207338,0.0743588894740871,-0.195922185924609
