"Year","OPR","DPR","CCWM"
2008,-0.867163461162149,-0.45760525911225,-1.22128227402815
