"Year","OPR","DPR","CCWM"
2008,-0.867163461162149,-0.45760525911225,-1.22128227402815
2009,-0.514591160856704,-0.692890914539541,-0.829719767729496
