"Year","OPR","DPR","CCWM"
2008,-0.867163461162149,-0.45760525911225,-1.22128227402815
2009,-0.514591160856704,-0.692890914539541,-0.829719767729496
2010,0.246492967488445,0.879439865244156,0.941213849914944
2011,-0.00945511614968817,0.887040332009808,0.694641334575948
