"Year","OPR","DPR","CCWM"
2014,-0.22415131674022,1.37302678789779,0.77597835396855
