"Year","OPR","DPR","CCWM"
2014,0.0754547065535839,0.991913972698489,0.783366608011748
2015,-1.32503471247267,0.333733211759748,-1.44423848483642
2016,-0.872087339868992,1.90403741163034,0.762949771646645
2017,-0.0839084482745117,1.68158043048701,1.47752918501569
2018,-0.967138501320735,-1.95372151442112,-1.73976940471659
2019,-0.441905386509388,-0.66979269519863,-1.12538344099308
