"Year","OPR","DPR","CCWM"
2010,1.86096845063689,-0.796741030534069,1.03577500774491
2011,2.2973949638901,-1.69671422810005,0.932319371505597
2012,2.06036336939715,-2.22483768407077,0.367103128334456
2013,0.927718913789116,-1.62338861167467,-0.335268300337824
2014,2.31119760220709,-2.15797676966003,0.618736508677874
2015,0.342195416351559,-0.331352090925082,0.091659256922407
2016,0.327790584748793,-0.815057545063847,-0.386823743078187
2017,1.35607855472266,-1.29212604022113,0.485702572241392
