"Year","OPR","DPR","CCWM"
2002,0.449325094032362,-1.16116333276439,1.2771491134318
2003,1.94434324807821,-1.43052634497826,1.93838833570523
