"Team","OPR","DPR","CCWM"
2002,15.6883019416587,9.28943777198873,6.39886416966992
2003,44.0294824645134,8.48096188290104,35.5485205816124
