"Year","OPR","DPR","CCWM"
2014,-1.03046569434291,1.00513464173078,-0.244990612314836
2015,-0.907322921511934,-0.152382769094767,-1.42603245614197
2016,0.0470698669105208,0.833299357406017,0.901157463181901
