"Year","OPR","DPR","CCWM"
2015,-0.477212003096032,-0.128424385869423,-0.80542818035066
2016,-0.636752065250495,1.02699075133421,0.191396128208819
2017,-0.718282387363724,0.436234460156163,-0.49086623574336
