"Year","OPR","DPR","CCWM"
2014,-0.143732940279736,0.740056794291949,0.396743985416181
2015,-1.13330128011659,0.510345856200106,-0.977183254511549
2016,0.205950977055176,0.143295755328249,0.416744743627832
