"Year","OPR","DPR","CCWM"
2014,-0.471538987504418,-0.216036762659377,-0.597710413298645
2015,0.444677803446732,0.245987942155502,0.895466143503791
2016,-1.64661641753358,1.13925295213621,-1.03171942353078
2017,-1.79940164885919,1.15329872112775,-1.17277375145591
