"Year","OPR","DPR","CCWM"
2014,1.42923817514546,-0.195259969090123,1.20100521115807
2015,1.14362098708235,-0.937541526860936,0.501215374657561
2016,2.03868725017664,-2.46516183834293,0.215670736949761
2017,1.23216075015612,-1.25374760095167,0.366303555701264
2018,0.897633989518541,-0.5678804897633,0.335931781176242
2019,0.480063539492126,0.301504932185355,0.852584041415754
2020,1.81382552697957,0.366534889218929,1.99114947579267
