"Year","OPR","DPR","CCWM"
2014,-0.353711608758234,0.669429956612299,0.148953021858388
2015,-1.11059494318942,1.76215089308163,0.49054952590697
2016,0.533412208227163,0.211300408560817,0.918461708367853
2017,0.971967966419611,-0.217243003252864,1.01538848935291
2018,0.208059527493168,-0.0576460338517325,0.117595574163531
2019,-0.948014560805473,-0.0392810707491919,-1.20081270013574
