"Year","OPR","DPR","CCWM"
2002,-0.209904140296516,2.29760731143892,-2.04270831346759
