"Year","OPR","DPR","CCWM"
2014,0.7748122243284,0.293137087107847,0.93770428201429
2015,1.52558010044611,-0.297931212376009,1.76186778334917
2016,1.68595063437459,-1.12144983936953,1.10168402112444
2017,0.356598054018213,0.257004456993584,0.689464167069032
2018,0.65390211918387,0.336573117509927,0.647639271275158
2019,0.728768105123549,-0.13141046244345,0.782789076286406
