"Year","OPR","DPR","CCWM"
2002,-0.178957906802235,0.959788978953259,-0.918406747436029
2003,-1.01404737608177,1.32380097207291,-1.36860948088893
