"Year","OPR","DPR","CCWM"
2007,1.70954691974008,1.92419780298622,2.56492605217939
2008,-0.145061408818367,0.647289685503491,0.399998709992469
2009,-1.10604287587435,0.871321771461638,-0.236460367670397
2010,2.07351453723467,-0.132046205687914,1.77093704588756
2011,0.135997423490361,0.64783817925609,0.649078064839759
2012,0.626824291027466,-0.00944255849859509,0.714727493214178
2013,1.18268711636139,-0.528748190954478,0.911343009325932
2014,0.0118292297043206,-0.0533099710332108,-0.0271948190772012
2015,-0.0806168946207627,0.778023695949537,0.78159792193086
