"Year","OPR","DPR","CCWM"
2007,1.70954691974008,1.92419780298622,2.56492605217939
2008,-0.145061408818367,0.647289685503491,0.399998709992469
2009,-1.10604287587435,0.871321771461638,-0.236460367670397
2010,2.07351453723467,-0.132046205687914,1.77093704588756
