"Year","OPR","DPR","CCWM"
2007,1.70954691974008,1.92419780298622,2.56492605217939
2008,-0.145061408818367,0.647289685503491,0.399998709992469
