"Year","OPR","DPR","CCWM"
2014,-0.533354808955233,-0.520154023658893,-0.874188745245715
