"Year","OPR","DPR","CCWM"
2014,0.136540795946634,-1.67809859981838,-1.07734951831111
2015,0.0548381052145442,0.75174190299061,0.938229243725361
2016,-0.803647302184499,1.39148541711477,0.337516512378711
2017,-0.83473597132333,1.41920315904465,0.288227270717213
2018,0.206109719766281,0.0186134273330202,0.157158111864933
2019,-2.42564097363736,2.734416059606,-0.611086675532972
