"Year","OPR","DPR","CCWM"
2014,-1.02801354830055,0.0597649269032454,-0.921809541309825
2015,-0.440852337247629,-1.33864300413362,-2.14399079235039
2016,-1.26610190095762,0.596422310209659,-1.07473514502165
2017,-0.00268654499555875,0.0902943907884775,0.0816205928968499
2018,-0.335631397449591,-0.0444086274760697,-0.263489461535444
2019,-0.418901464506221,0.0697989754952672,-0.454933983023535
