"Year","OPR","DPR","CCWM"
2007,-1.17741260279094,-0.118859293921606,-0.855560513693189
2008,-1.24862830400504,0.0550601798934119,-1.16246852436789
2009,-0.256954449834118,-0.204180287468497,-0.321383887340948
2010,-0.353864183050058,-0.119422221042773,-0.41810456578513
2011,-0.759453613620647,-0.184166997265838,-0.899526978984774
