"Year","OPR","DPR","CCWM"
2002,0.370576650134748,0.706940179037072,-0.318148327677305
2003,-0.57228540832682,0.0726173732463836,-0.354819137564049
