"Year","OPR","DPR","CCWM"
2014,-0.344284741837338,0.716034951275087,0.191279073935686
2015,0.0972573327417051,-0.0554923522381288,0.0704391329606084
2016,1.90759710000958,-1.62585693364195,0.887154314458079
2017,1.78205839425274,-1.94293699725,0.407735776977585
2018,0.882235759481309,-0.292925851000975,0.472600254347981
2019,-0.0842850785352421,-0.317599276328299,-0.379478993501437
2020,-0.947796826284765,0.197037358948398,-0.791143634196556
