"Year","OPR","DPR","CCWM"
2014,0.576478679277071,0.268262481515449,0.733708505873193
2015,0.859412895693353,-1.43007729802287,-0.455875646267226
2016,1.20159932984121,-1.15135072955972,0.430748164093151
2017,1.7070814708189,-2.08030793131731,0.184330873348528
2018,1.53866992456587,0.180226906793213,1.19539669498287
2019,1.31067456848482,0.132949739050823,1.72845937084767
