"Year","OPR","DPR","CCWM"
2014,-0.576509670024425,2.03504919360757,0.9208800202186
2015,0.435530664133197,0.0946387509149285,0.709182284609033
2016,0.90725246703818,-0.268365370050479,0.930203328371518
2017,0.333659678176796,-1.05894294775099,-0.578000583729479
2018,-0.0443210254091806,-0.325803015014006,-0.206615710330407
2019,-0.27358210553458,0.48864518504484,0.087565060629103
2020,1.25296756860288,1.49721659761914,2.17364813154894
