"Year","OPR","DPR","CCWM"
2014,1.65053890450763,-1.4337466372334,0.519000576098061
2015,-0.378090777260653,0.326511499616216,-0.146712569637765
2016,1.19790661119572,-1.23501783916343,0.341634941759547
2017,0.648394700127748,-1.13699239394095,-0.256456648868712
2018,-0.362417763158159,-0.657829943049691,-0.612049184271575
2019,-0.371224643844053,-0.689368884226838,-1.05539441346193
