"Year","OPR","DPR","CCWM"
2014,0.506316013803584,-0.907980848319898,-0.17710745758138
2015,0.00561383869611866,-0.26772615106736,-0.299469067231778
2016,-0.325426405666151,1.00287981390603,0.579031937348385
2017,0.0914265245428673,-0.907855879577486,-0.739801649618973
2018,1.39989788268115,-1.96709517475927,-0.0568929546346529
2019,0.784369930662205,-1.2890349670775,-0.153871901472044
