"Year","OPR","DPR","CCWM"
2007,-0.602204030028601,1.1860269517008,0.503916830474939
2008,0.189362770560217,0.482829145189467,0.586357840497105
