"Year","OPR","DPR","CCWM"
2002,0.826957350985086,-0.41345067773164,0.930440450129288
2003,0.545532998210052,-0.138161299003021,0.380911946954002
