"Year","OPR","DPR","CCWM"
2014,0.323207867146712,-1.2332793145108,-0.582628782249111
2015,2.13444520784171,-1.95443637107823,0.700671372188824
2016,-1.02177179069944,0.656655931067763,-0.690830242027
2017,1.26175841311356,-1.06966866985712,0.576720236887217
2018,1.07875854128517,-0.361613865033344,0.576028587183524
2019,-0.00496901039843777,-1.03551512969378,-0.905185061440996
