"Team","OPR","DPR","CCWM"
2002,13.6828695311469,11.4495170849675,2.2333524461794
2003,14.6889760108047,17.756882481015,-3.06790647021029
