"Year","OPR","DPR","CCWM"
2002,-0.0486167217914668,-0.696877762571547,0.539484349642659
2003,-0.752392505420136,-0.684889329450614,0.0166299219138625
