"Year","OPR","DPR","CCWM"
2007,-0.166084160095753,0.210968430496426,0.051284043012557
2008,-0.925598567443444,0.36537361296586,-0.590771364486181
