"Year","OPR","DPR","CCWM"
2014,-1.4434446517355,2.26567965208337,0.272978918885152
2015,-0.313623380813315,0.874256183263131,0.570712495469607
2016,-0.68329039045424,-0.562925124575313,-1.47074198790909
2017,-1.6671978336585,-0.541668104593662,-2.60228985660715
2018,-0.179792123762524,-0.180728916874674,-0.225430579261367
