"Year","OPR","DPR","CCWM"
2014,-0.311537979134509,0.0508187784207776,-0.255857384804151
2015,0.536876883035828,-1.27102450508501,-0.718135068297154
2016,0.858185896423536,-1.1704002809885,-0.0427918370469425
2017,-0.119184410849642,-0.161340764097782,-0.301450152770726
2018,-0.649809555757958,0.193733634690983,-0.359919061190219
2019,0.42882451748916,-0.790638094453654,-0.158711123873058
