"Year","OPR","DPR","CCWM"
2014,-0.511038454503361,-1.91853537539926,-1.85779357640697
2015,-1.15179938601328,1.42993885926324,0.0525229223636346
2016,-0.803517707857794,-0.45392523893544,-1.52008223664475
2017,-1.36727167053279,1.32359127041779,-0.470132958379562
