"Year","OPR","DPR","CCWM"
2007,-0.42298476844786,0.000142001643953076,-0.275008407339649
