"Team","OPR","DPR","CCWM"
2002,15.9579569312928,14.1959420302785,1.76201490101429
2003,1.60579339337632,36.8658074068353,-35.2600140134589
