"Year","OPR","DPR","CCWM"
2014,-0.452924556829,-0.17329782196055,-0.54953949947283
2015,-0.913278822167992,0.951372810399832,-0.167708002384375
2016,-0.884787126429983,0.275423717740156,-0.893374302754665
2017,0.292457950317551,-0.30406266778143,0.0808430776518965
2018,-0.773658183155415,-0.250889141620419,-0.687128757324638
2019,-0.192382212277656,0.684521834293814,0.357563399890561
2020,-0.301899578273232,0.134965248133115,-0.205674056818017
