"Year","OPR","DPR","CCWM"
2014,-0.382061365475114,-0.28858236054516,-0.565854047913174
2015,-0.455289955027045,-0.539401876985651,-1.24678667633343
