"Year","OPR","DPR","CCWM"
2007,-0.300556207809909,-0.299541274685428,-0.421677561721298
2008,1.46433384804233,0.141562138426913,1.53538102306005
