"Team","OPR","DPR","CCWM"
2002,9.29342870179807,9.60624560611871,-0.312816904320643
2003,43.4915494939673,8.38648745473707,35.1050620392302
