"Year","OPR","DPR","CCWM"
2014,-1.19715916989745,-0.196033802137465,-1.26430153832386
2015,-1.2918559534329,1.36014674724474,-0.220696737649756
2016,-1.42991931136995,1.42213498982616,-0.460235554203028
2017,-1.45728756509939,1.97671868603411,0.0316681467097018
2018,-0.894584598261407,-0.0346372780852368,-0.657333153707117
2019,-0.654501341967178,0.937083459365822,0.0081228788959787
