"Year","OPR","DPR","CCWM"
2014,-0.203526443709027,-0.118002132825871,-0.275768588669655
2015,-0.397155411260832,0.337114081896585,-0.160835985315799
2016,-0.659135993909514,0.324523795835291,-0.545391259289832
2017,0.0390393144844756,0.00551024323119975,0.0541832467361528
2018,-0.606254672605472,-0.921471529263499,-0.927735360048178
2019,-0.109422532751911,0.867673885518941,0.618679549434159
