"Year","OPR","DPR","CCWM"
2014,-0.431869628852982,0.819895617718477,0.183694588913686
2015,0.0479482876546787,0.526735737508377,0.670538268977861
2016,1.15569371772414,-0.87727469226809,0.645923093705832
2017,0.803211906739153,-1.43648968139717,-0.344063234363229
2018,0.215560603339038,0.0415766590163974,0.17623829045097
2019,-0.338824975304977,0.56193936188393,0.0709081435795813
