"Year","OPR","DPR","CCWM"
2014,-0.409512510790663,0.6837740365421,0.106890769195086
2015,-0.647744714876877,0.347657376935188,-0.49429432767105
2016,-1.10521223928702,0.437217700636646,-1.02213639828229
2017,0.0323521651748162,0.404648117148925,0.421491237530857
2018,-1.08400504479844,-0.372935533819525,-0.974260022612635
2019,-0.580763898906342,1.09129357826981,0.232760979244631
