"Team","OPR","DPR","CCWM"
2002,14.4291576296202,10.7367856242407,3.69237200537953
