"Year","OPR","DPR","CCWM"
2007,0.692739051075007,-0.829171345998343,-0.175560677125306
2008,3.52972521042652,-1.1036052718025,2.49475879216419
2009,0.178129344584816,-0.169080768447246,0.0192398970660834
2010,2.71537596891463,-0.153068874513242,2.33534030026321
2011,3.09970612880082,-0.133576606345104,2.96881263448553
2012,1.64202158760315,-1.5680297812362,0.477856196916853
2013,1.56541930045714,0.247787235453267,2.029643665674
2014,1.52879193308348,-1.60345972170516,0.282830872623416
