"Team","OPR","DPR","CCWM"
2002,15.3464143802276,13.6823820166125,1.6640323636151
2003,46.7834540419583,3.03729858422486,43.7461554577334
