"Year","OPR","DPR","CCWM"
2007,0.692739051075007,-0.829171345998343,-0.175560677125306
2008,3.52972521042652,-1.1036052718025,2.49475879216419
