"Year","OPR","DPR","CCWM"
2007,0.692739051075007,-0.829171345998343,-0.175560677125306
2008,3.52972521042652,-1.1036052718025,2.49475879216419
2009,0.178129344584816,-0.169080768447246,0.0192398970660834
2010,2.71537596891463,-0.153068874513242,2.33534030026321
