"Year","OPR","DPR","CCWM"
2014,0.119431577357133,-0.987839985636494,-0.597548353303607
2015,0.358479217793117,0.262969330061489,0.79608619128686
2016,-1.16946888869153,0.485680364866627,-1.0583657367971
2017,-1.27662998849201,-0.416797261889805,-1.99456647809728
2018,-0.119826609385722,0.30300352170067,0.077170331325097
2019,-1.06330552207215,0.472613146488938,-0.898255457139961
2020,-0.56612936125116,-0.244945044699004,-0.705234240817161
