"Team","OPR","DPR","CCWM"
2003,19.8492092215955,24.8002326782986,-4.95102345670307
