"Year","OPR","DPR","CCWM"
2007,0.92693651875134,1.15787313123905,1.47723310246709
2008,-0.0845847995486213,0.05762615120984,-0.0337527876658102
2009,0.674428802911522,1.96266310312179,1.77849260053261
2010,0.95525527872346,-1.39506596376525,-0.273259765685175
2011,0.670533885799859,-1.04170157376823,-0.161618730549924
2012,1.26783757799782,-0.168076300464022,1.3110259806584
2013,0.702443709877961,0.00308233809825273,0.81682304874328
2014,0.22321552424505,-1.40551804671751,-0.800197122080747
2015,-0.103180939855601,0.268440865754046,0.165746525439081
