"Year","OPR","DPR","CCWM"
2007,0.92693651875134,1.15787313123905,1.47723310246709
2008,-0.0845847995486213,0.05762615120984,-0.0337527876658102
2009,0.674428802911522,1.96266310312179,1.77849260053261
2010,0.95525527872346,-1.39506596376525,-0.273259765685175
