"Year","OPR","DPR","CCWM"
2003,-0.278106711550681,-0.11871559339185,-0.0770839762696602
