"Year","OPR","DPR","CCWM"
2014,-0.126842949756777,1.13590294158757,0.696956316199121
