"Year","OPR","DPR","CCWM"
2014,-1.43116948037702,-0.873463750892079,-1.97055095647327
2015,-0.482288724117836,0.249601016239942,-0.378652251936018
2016,-1.93063200551177,2.57422893531983,0.0370923829277239
2017,-1.65539119677785,3.28460350076605,1.01412343781017
2018,-0.0773643134754302,0.280245652233271,0.0952663356128653
2019,-3.5816452572186,5.35899839735295,0.244988375651006
