"Year","OPR","DPR","CCWM"
2014,-1.89211262737103,0.176411894773263,-1.64893098746354
2015,-0.0448340027853291,0.259391776758559,0.235821885434092
2016,1.26755586883749,-0.229818416053797,1.4457180659473
2017,0.942196098962005,-0.613871820577045,0.604684083792202
2018,-0.535683174041724,-1.11709910206874,-0.982408107410554
2019,0.0545797239705888,-1.30467469248307,-1.06559288281208
