"Year","OPR","DPR","CCWM"
2002,-0.629724532008274,-0.033848371827018,-0.421240892261772
2003,-0.355294222398313,0.251738943091792,-0.348222925741262
