"Year","OPR","DPR","CCWM"
2014,-1.4119529243717,-0.366564172371955,-1.58837839739626
2015,-0.639351468856963,1.40074334342255,0.725674881275817
2016,-0.878071441498706,1.21179581392621,0.0581544813062982
2017,-0.188753238949916,0.510875103588753,0.24398077439563
2018,1.20370081190825,1.63111770007807,1.73542188141042
2019,0.494505601699482,-0.338630023145964,0.314570537033386
2020,-1.19137659979774,-0.407417934683009,-1.41478500455345
