"Year","OPR","DPR","CCWM"
2007,-0.649288040651217,-0.0377412244116303,-0.450806044553978
2008,-0.371814418552506,-1.79943957120703,-1.8621104487299
