"Year","OPR","DPR","CCWM"
2007,-0.649288040651217,-0.0377412244116303,-0.450806044553978
2008,-0.371814418552506,-1.79943957120703,-1.8621104487299
2009,-0.654199573886443,-0.72760028146145,-0.954382873975801
2010,-1.7399870556515,0.763321985673954,-0.953438411554157
