"Year","OPR","DPR","CCWM"
2002,-1.69263623418697,0.019599373154938,-1.22336050038339
2003,-0.174290991926869,-0.676650866792989,0.324540847020702
