"Team","OPR","DPR","CCWM"
2002,7.06167422499046,14.782912603726,-7.72123837873555
2003,20.9787250770765,17.8593711234392,3.11935395363733
