"Year","OPR","DPR","CCWM"
2014,0.0476276919421897,0.713706583279499,0.557397913800842
2015,-0.536882832535066,1.36301532438834,0.823684493061618
2016,-1.11634391427591,1.48915920783452,0.0221223629633403
2017,-1.73076552522776,0.61905390629429,-1.5895057982143
2018,-1.63638134498579,-0.132860617061744,-1.23972464319855
2019,-0.417534056028764,0.667430378351168,0.0656329606195867
