"Year","OPR","DPR","CCWM"
2002,0.267102319000706,-1.22684109323517,1.20129719702743
2003,-0.0959048748836402,-0.280352058833447,0.121636743351498
