"Year","OPR","DPR","CCWM"
2008,-0.350543939788879,1.94684840541445,1.28606890470987
