"Team","OPR","DPR","CCWM"
2002,14.954410054356,8.98387330730638,5.97053674704963
2003,21.8315666541589,22.7894325329557,-0.957865878796778
