"Year","OPR","DPR","CCWM"
2008,-0.350543939788879,1.94684840541445,1.28606890470987
2009,-0.167164380403392,1.51992170537444,0.873976550043692
2010,-1.00779729863639,0.0480933807540725,-0.873864934768796
