"Year","OPR","DPR","CCWM"
2014,-0.577662311920657,-1.57132681776489,-1.67089460255993
2015,0.0254478550033959,-0.147275110662027,-0.133903275887778
2016,-0.954350319397719,-0.463640648948513,-1.72942607242397
2018,-1.72705548137928,0.366188168454152,-1.03645455285953
