"Year","OPR","DPR","CCWM"
2014,0.734263535952396,-1.00114050971505,-0.0301119924251423
2015,0.407761169530601,-0.117259305081193,0.427740036371868
2016,-0.721130487148416,0.791783866290269,-0.157025304672735
2017,0.169104632449283,0.590934516359984,0.768471143780231
2018,-0.909396294768845,-0.198322350365381,-0.755814779369961
2019,-0.0130722837684654,-0.482365054535406,-0.434893761423862
