"Year","OPR","DPR","CCWM"
2014,0.487793342185053,0.290006142920966,0.666101349135615
2015,1.1051173800596,-1.59957657242101,-0.311552164501219
2016,-0.299594967265821,0.0097170629483542,-0.386605461354138
2017,0.296121785817437,0.751882722197376,1.07938232672978
