"Year","OPR","DPR","CCWM"
2014,-0.568652007648966,1.56105658477984,0.587754549280273
2015,-1.16722450933945,0.417672150278776,-1.13030379136992
