"Year","OPR","DPR","CCWM"
2014,-0.536119255578337,-0.00938951826233405,-0.509867900556363
2015,-1.12599539903951,0.937849280153434,-0.476556976105318
2016,0.455787002118441,-1.26230313928872,-0.667715460953905
2017,-0.305672906487487,0.384859353650399,-0.0213762455375481
