"Year","OPR","DPR","CCWM"
2014,-0.662261979624241,0.854480560428934,-0.00767323871552968
2015,-1.52164086249051,1.12039130557513,-0.812679129556278
2016,-1.55555424944478,2.07674285614905,0.0325316574773577
2017,-0.875425766822151,3.07758451396153,1.79816148460848
2018,-0.968922885320398,0.574801696036852,-0.383114900480755
2019,-1.54811654737729,0.578147024702319,-1.40327709481836
