"Year","OPR","DPR","CCWM"
2007,-0.67976134922354,0.316529312266479,-0.203107575317361
2008,0.282203481863838,0.737507390773187,0.888828532385406
2009,0.689612574031107,-1.71730367852368,-0.62192049041163
