"Year","OPR","DPR","CCWM"
2002,0.313664863365105,0.735551395842073,-0.38231145282652
2003,-2.65108067684039,1.89532066204546,-2.6088003189175
