"Year","OPR","DPR","CCWM"
2015,-0.736090178454046,0.473028662511804,-0.472259528323555
2016,0.584461865992628,0.380910691019304,1.15675064328743
2017,0.745516237455841,-0.467989688651368,0.495155686583988
2018,0.371216646859308,-0.508023896789601,-0.00778339476282096
