"Year","OPR","DPR","CCWM"
2014,-1.43360431021683,1.29254506806867,-0.416851834431485
2015,0.416104056204556,0.223885433690201,0.830701452813119
2016,-1.25105829868107,1.07039927215647,-0.577679879369549
