"Year","OPR","DPR","CCWM"
2002,0.913985874324065,0.871706809860204,-0.0663324807483497
2003,-0.129024067531947,-0.0650207714778558,-0.0296057495075295
