"Year","OPR","DPR","CCWM"
2014,-0.0339282810739497,0.934968298251902,0.639808041366354
2015,-0.616056726221818,0.643118164202972,-0.111562005123483
2016,-0.98983152292124,0.106735845517947,-1.2021739174656
2017,-0.495736166169674,0.492357326570018,-0.158730695702585
2018,0.0430280838228957,-0.413187805441822,-0.191178130111084
2019,-1.07871820229643,0.435922000604285,-0.949080127255865
