"Year","OPR","DPR","CCWM"
2002,-0.208502686579452,1.1625236006676,-1.10651182893768
2003,0.0484413623648626,-1.27549085771662,0.815876565998641
