"Team","OPR","DPR","CCWM"
2002,13.0389378797324,20.1003446728013,-7.0614067930689
2003,23.4020548638636,10.4096441234296,12.992410740434
