"Year","OPR","DPR","CCWM"
2007,0.381821837954816,0.164362387895562,0.37245690267577
2008,-0.076952172968745,0.592594950800599,0.420253571048883
2009,-0.171900364306546,-0.0717722285262428,-0.172524551487372
