"Year","OPR","DPR","CCWM"
2002,-0.44142343984214,-0.190274286308224,-0.15806232545221
2003,-0.359826632384015,-0.329783999894935,0.00934010634874298
