"Team","OPR","DPR","CCWM"
2002,12.1008627616566,13.8064796080651,-1.70561684640849
2003,18.9600958327525,22.1744861840643,-3.21439035131182
