"Year","OPR","DPR","CCWM"
2007,0.220565578612294,0.711399306983881,0.680655017613456
2008,-0.867986223903431,-0.619286661098304,-1.35705848856061
2009,-0.130093500025755,0.0658946238656985,-0.0517907459605437
2010,-0.0284824954551937,0.0608888566757219,0.0238960899935776
2011,0.921748474494387,0.363954436684394,1.20321187197089
2012,0.799543747667132,0.065423616181243,0.981664255156414
2013,-0.918198022292228,-0.995886620180739,-1.92950254151725
2014,-0.227234914239739,-1.37476089862445,-1.20082890698545
