"Year","OPR","DPR","CCWM"
2007,0.220565578612294,0.711399306983881,0.680655017613456
2008,-0.867986223903431,-0.619286661098304,-1.35705848856061
