"Team","OPR","DPR","CCWM"
2002,6.70816466627718,21.8463567582013,-15.1381920919241
2003,28.3419623395041,26.6728193528703,1.66914298663374
