"Year","OPR","DPR","CCWM"
2007,0.854636006392034,0.598875769958853,1.00809452425101
2008,-0.574956206085779,0.702857156459134,0.0303325870106304
2009,0.296556845004674,0.42710402481713,0.496377564876224
2010,-0.891536804549184,0.983081827281673,-0.00530560491510217
2011,0.156860206995702,-0.700897689769127,-0.400682753822969
