"Year","OPR","DPR","CCWM"
2002,-1.78041141456907,1.53780992083315,-2.53681867120557
2003,0.502476643915008,0.0318106993438147,0.252370650542617
