"Year","OPR","DPR","CCWM"
2020,0.590368575372352,-0.253767864146651,0.408716170202069
