"Team","OPR","DPR","CCWM"
2002,13.5863482189425,15.361264316535,-1.77491609759248
2003,19.9028490756302,17.1670747731941,2.73577430243616
