"Team","OPR","DPR","CCWM"
2002,13.1970896328388,23.848990612097,-10.6519009792582
2003,34.2875795778885,14.7363740896169,19.5512054882716
