"Year","OPR","DPR","CCWM"
2002,-0.169234162392478,1.96825430088754,-1.74234752489923
2003,1.04894841694538,-0.927690336479096,1.1422770114379
