"Year","OPR","DPR","CCWM"
2015,-0.158098175727451,0.490496715216053,0.344821646031194
2016,-0.0750615070008415,-0.0432172918484054,-0.142818989814301
2017,0.440486805346552,0.454800836749755,0.980931222652763
2018,0.346899278930902,-0.443063267195542,0.00974078367671876
2019,-0.781393594820826,0.000600724424021097,-0.961127993495197
2020,0.250838885900751,-1.5163367194742,-0.730073600923028
