"Year","OPR","DPR","CCWM"
2015,-0.537953374568561,0.270602195253158,-0.431314019107281
2016,0.834139701760754,-0.646901653871655,0.452397900348049
2017,-0.111918697794908,-0.247327368340761,-0.373268793158183
2018,0.761272932843906,0.505142117728673,0.814830784865144
2019,1.43767743540451,-0.851734357831689,1.02982339796467
2020,0.959611289770367,-0.621721447944832,0.530095472491818
