"Year","OPR","DPR","CCWM"
2015,-0.931347479292934,1.07283192898016,-0.0532523274771217
