"Year","OPR","DPR","CCWM"
2015,0.227176676456856,-0.831253147533591,-0.640575275875354
2016,-0.0698256392348315,-0.8198428767759,-0.917718527226811
2017,0.473638275038329,0.0110923564010931,0.604884012279099
2018,0.981258677972558,-0.342267105375536,0.516803966089188
