"Year","OPR","DPR","CCWM"
2015,-0.449374697198372,0.202991010297988,-0.386748659748992
2016,0.15062158015212,0.0376802916964045,0.237216799970733
2017,1.57081915062008,-0.706612297468438,1.30634697839259
2018,1.00194016248409,-0.0367126681843574,0.69566671709081
2019,1.11822778047929,-1.75187332070247,-0.144850116628658
2020,1.68895064902083,0.00328811091652563,1.63719110091641
