"Year","OPR","DPR","CCWM"
2014,2.04183201477099,-0.864525349388399,1.2951192595055
2015,0.98620756506061,-1.08524877243448,0.114654973200319
2016,1.1773003413524,-0.70535608044428,0.847580377986033
2017,1.46780807742227,-0.818732210188234,1.07152591817611
2018,0.845574085353436,1.06489075339925,1.17563133928637
2019,0.478467933910538,-0.225808865437106,0.39278841707533
