"Year","OPR","DPR","CCWM"
2015,-0.123059014147018,0.230462890394922,0.0947561751523747
2016,-0.160590482957267,0.280988485380429,0.0703966080683458
2017,-1.00614326820953,0.169236168297655,-1.10346834135307
2018,-0.575690647266119,0.153458270398809,-0.328627973950959
2019,-0.725031931833746,1.63349356861665,0.525969080159861
