"Year","OPR","DPR","CCWM"
2015,-0.205222565064036,0.216212598047652,-0.034897291866897
2016,-0.0527971978600933,1.17564348810102,1.11366248099116
2017,-1.46377877969626,1.31335409577181,-0.600890927120808
2018,-0.638343691507239,-0.205302771930595,-0.566032619958568
2019,0.149406916915444,-0.114397815239285,0.0845487780274183
