"Year","OPR","DPR","CCWM"
2015,-0.53050134592856,0.418617761494307,-0.251192944804147
2016,-0.0854243862983403,0.731641914169194,0.623518900675202
2017,-1.13099862648622,-0.213520124067573,-1.62045000071539
2018,-0.667014678710442,-0.100943182841398,-0.530457935998856
