"Year","OPR","DPR","CCWM"
2015,-0.497407875644816,0.612287996284111,0.0166748755797857
2016,1.64102756953027,-2.21510428126694,-0.0587318559793995
2017,-0.879483814195485,1.04989328889448,-0.115558040923105
2018,-1.14622171194361,-1.38351312023146,-1.56140734587597
2019,-0.450778893830564,-0.252913365868015,-0.774354994766157
