"Year","OPR","DPR","CCWM"
2007,1.25706733925343,0.518537734934363,1.20917658775439
2008,-0.251126612842866,1.41477743378071,0.938085871167126
