"Year","OPR","DPR","CCWM"
2007,1.25706733925343,0.518537734934363,1.20917658775439
2008,-0.251126612842866,1.41477743378071,0.938085871167126
2009,-0.209832580911069,0.816376324423822,0.381791374557696
