"Year","OPR","DPR","CCWM"
2002,-0.533066965639965,-0.971523786416099,0.420248672037547
2003,0.613297041792901,-1.34835070564156,1.16682301398031
