"Year","OPR","DPR","CCWM"
2002,0.461818603131546,0.457236499888037,-0.0473420656554373
