"Year","OPR","DPR","CCWM"
2015,-0.588309034572555,0.121697624896789,-0.671618273425199
2016,-0.348898461212416,1.36540473992196,0.912929490398138
2017,0.679635699065628,-0.925793749205257,-0.0184502267389193
2018,1.12509050023051,-0.418440472791462,0.578591106291058
2019,-0.403269254331165,0.813131910729968,0.209691512284114
