"Year","OPR","DPR","CCWM"
2015,0.0897912038453514,0.206580608756218,0.360867014228723
2016,0.697702088952085,-0.599665297352551,0.31943297368202
2017,0.724305919263722,-0.421204554534642,0.512573469925964
2018,0.459666906280184,-0.244991773022125,0.196629751427275
2019,0.524346530577749,-0.658815200812568,0.0732995679626428
2020,0.287359593342203,0.5710426347327,0.644586598121509
