"Year","OPR","DPR","CCWM"
2007,0.465287080513845,-0.0653197541465749,0.253305073328046
2008,0.158550317012335,0.0794442884528875,0.219770833568501
2009,-1.58961745738613,0.343846236483532,-0.935139803202967
2010,0.403594044550546,0.777834478475846,1.00061723665438
2011,1.42862588627404,0.204741126370272,1.57965783225187
