"Year","OPR","DPR","CCWM"
2002,-0.484328732767613,0.0598137697636918,-0.394710873678509
2003,1.42191993895476,-1.01054978526094,1.39551905490913
