"Team","OPR","DPR","CCWM"
2002,11.9280641288025,14.9700092782197,-3.0419451494172
2003,38.3455127047697,13.7055807522449,24.6399319525247
