"Year","OPR","DPR","CCWM"
2007,0.465287080513845,-0.0653197541465749,0.253305073328046
2008,0.158550317012335,0.0794442884528875,0.219770833568501
