"Year","OPR","DPR","CCWM"
2015,0.31188331611457,0.150070815201995,0.602282782364897
2016,0.787773930639211,-1.41295271717158,-0.380129302377452
2017,-0.849069517913646,1.12214244061106,-0.00937964204142581
2018,0.00793497161437673,0.508343387690147,0.278668384947888
2019,-0.688486517229455,-0.10999473759503,-0.94281140017455
