"Year","OPR","DPR","CCWM"
2015,-0.694606525449466,1.410487439803,0.660660656460641
2016,-0.0971342767545225,0.304433426277615,0.177956100680706
2017,-2.03234178913672,-0.546977016404729,-3.06556347861715
2018,-0.871832599576997,-1.3978541143871,-1.37319587872033
2019,-0.373730364678791,0.304368738768627,-0.195681058503397
