"Year","OPR","DPR","CCWM"
2015,0.170271196014813,-1.04607221184107,-0.96554713961552
2016,-0.024540922365831,0.793354232702235,0.766198125493144
2017,-1.48037829221967,1.7945376284941,-0.168795528071209
2018,-1.07488841819137,1.08364154840296,-0.185504598113498
2019,-0.675390558218271,1.1806848590695,0.193917924237096
