"Year","OPR","DPR","CCWM"
2002,-0.374035877584903,-0.932227930909597,0.501296028980316
2003,0.50953151949477,-0.504851479749663,0.588434574429457
