"Year","OPR","DPR","CCWM"
2020,1.9512785290911,-0.121890969301762,1.8108346041513
