"Year","OPR","DPR","CCWM"
2007,0.896228515434382,-1.13158945212866,-0.271571744254492
2008,-0.346436210126454,-0.434975152935032,-0.698424195537331
2009,0.717750646608777,0.0486627731512269,0.555866279232117
