"Year","OPR","DPR","CCWM"
2015,-0.893582675633868,1.32407643392815,0.287122473968934
2016,0.460263172492362,-0.270896640131484,0.336253263420341
2017,-0.23235256447976,0.345524820839438,0.033620123427806
2018,-0.67234900163646,0.372370404629232,-0.280076346361094
2019,-0.355701658057956,-0.109488464313617,-0.532818422365505
