"Year","OPR","DPR","CCWM"
2015,-0.435992732078379,0.477131924367655,-0.0537240279518507
2016,-0.536377332236655,1.40033260486068,0.700042054754385
2017,-1.07097965510553,0.778672794299083,-0.611190814406171
