"Year","OPR","DPR","CCWM"
2002,-0.275631475944147,-1.52421581350294,1.05921905355929
2003,0.841085728780031,-1.27609045363624,1.2454226503756
