"Team","OPR","DPR","CCWM"
2002,12.7685804893862,7.60034337940784,5.16823710997836
2003,32.0260318768618,10.4021849924778,21.623846884384
