"Year","OPR","DPR","CCWM"
2007,-1.07141161881085,0.321737876476145,-0.453909663404878
2008,0.460270277666524,-0.660301775773749,-0.105799416476123
