"Year","OPR","DPR","CCWM"
2015,1.1040285054037,-0.531908081172171,0.912074586442108
2016,0.543252676762777,-1.13158192499031,-0.420394809830082
2017,0.651674104665499,0.373393478782487,1.16935613494368
2018,0.728510781824878,-0.518808983117041,0.241531752946595
2019,1.41356844874459,-0.897806496763153,0.960151411772145
2020,1.43649367847369,-0.164759240688745,1.28496373276234
