"Year","OPR","DPR","CCWM"
2002,0.436910545475659,0.757412816820657,-0.312422509720395
2003,0.797292543958142,0.108413253866948,0.364573675939743
