"Year","OPR","DPR","CCWM"
2002,-0.961660360703852,0.353269067732625,-0.976928870734485
