"Team","OPR","DPR","CCWM"
2002,10.0056380806066,16.3353041724018,-6.32966609179516
