"Year","OPR","DPR","CCWM"
2015,-0.0856573577875522,-0.694872296011581,-0.91547150556536
2016,-0.654646823289589,0.229324445135503,-0.635288679148013
2017,1.53065761174195,-0.499582150837935,1.45081542523636
2018,0.368908560458606,0.12984504360702,0.333132407524325
2019,-0.0135455855977785,0.0714677952340759,0.0453804402926734
