"Year","OPR","DPR","CCWM"
2015,0.162565992762413,0.683744869262202,1.00875814502575
2016,0.972356890749705,-0.500605423371783,0.782546108643128
2017,-0.101451224836436,-0.0507224472584403,-0.17507111764243
2018,-0.431256599471606,0.0262466514293638,-0.293820639516402
2019,-0.55889695191068,0.465997983740295,-0.28323078670324
2020,-0.886589725097992,1.01573449226934,-0.206596292454922
