"Year","OPR","DPR","CCWM"
2015,0.0933775025534724,-0.693539101896372,-0.667056968210257
2016,0.514561787758372,0.611436128619071,1.29633673723503
2017,0.646531996746322,0.155843521463663,0.958126939036476
2018,-0.449098579475082,-0.354925252106704,-0.511265907142194
2019,-0.24793019430894,-0.31171337897705,-0.57576428385155
