"Year","OPR","DPR","CCWM"
2015,-1.20961351148441,1.48817444420274,0.0396228189369279
2016,-0.969258779290974,0.153730920785635,-1.12764474381745
2017,-1.30628508670282,-0.107883050729584,-1.74101035523636
2018,-1.14525768221831,1.40344336720968,-0.0640004056990563
2019,-0.566446015654486,0.96492560959354,0.140664779560356
2020,-0.603398062154324,0.98934501311418,0.0506309240123993
