"Team","OPR","DPR","CCWM"
2002,13.831097033423,18.518840548399,-4.68774351497591
2003,22.6804888329111,9.45648923300405,13.223999599907
