"Year","OPR","DPR","CCWM"
2007,-0.345471857388105,-0.000413868596736772,-0.225012599484863
2008,-1.03072204142025,1.12305070404569,-0.0599632274469533
2009,0.338122277932559,-0.557024783581957,-0.11818227874121
