"Year","OPR","DPR","CCWM"
2002,-0.0118123541889931,0.822596478663967,-0.686163051265251
2003,-0.0178789963940961,-1.35210940574268,0.827401657085792
