"Year","OPR","DPR","CCWM"
2007,-0.345471857388105,-0.000413868596736772,-0.225012599484863
2008,-1.03072204142025,1.12305070404569,-0.0599632274469533
