"Year","OPR","DPR","CCWM"
2015,-0.505422819520165,0.0202581176571881,-0.673720005930742
