"Year","OPR","DPR","CCWM"
2015,-0.297184907000374,0.706263947040933,0.40061301369605
2016,-0.423560278064351,1.17591878186225,0.623391027804536
2017,0.572117324716413,-0.335608358493359,0.4021381621067
2018,0.867213762984868,0.740336654476615,1.0167821467855
2019,1.01313246425471,-1.35457838395549,0.0707557279408489
