"Year","OPR","DPR","CCWM"
2015,0.748928931634514,-1.06316340270317,-0.187203977948548
2016,-1.9425567628525,1.710832054048,-0.847864448674402
2017,-0.92001162573559,1.13700451245209,-0.0844266448803428
2018,-0.325855823750463,-0.407027332273886,-0.451251970954362
2019,-1.34034404744913,0.849856899740013,-0.911666707686588
