"Year","OPR","DPR","CCWM"
2007,0.916810272281582,-0.05355430961947,0.555866917076267
2008,0.7303601588156,-0.74073248701036,0.0884487202875386
