"Year","OPR","DPR","CCWM"
2015,-1.04623932798935,1.29032655528016,0.0378853462566607
2016,-0.149879272534266,1.68269435780678,1.49566211392467
2017,-1.76830563989189,0.444278874358905,-1.80113312840493
2018,-2.15213244199222,-2.24733619115899,-2.74353647284836
2019,0.176494565571151,0.202408914872705,0.392947623038301
