"Year","OPR","DPR","CCWM"
2015,-0.25023763471231,0.573803453868488,0.313356389894838
2016,-2.05632797024781,-0.987552012365017,-3.71484904043102
