"Team","OPR","DPR","CCWM"
2002,18.4697182217579,19.0469261204222,-0.577207898664376
2003,24.5255261571978,39.8231548449461,-15.2976286877482
