"Year","OPR","DPR","CCWM"
2002,1.13994097608101,0.936102732552069,0.0417660690283854
2003,0.151701516021154,1.08888927238512,-0.591985979768201
