"Year","OPR","DPR","CCWM"
2015,1.179503049277,-1.59805765368345,-0.207233204517962
2016,0.129150411732401,0.0650573105581013,0.236369137914882
