"Year","OPR","DPR","CCWM"
2015,-0.194114423059833,-0.154793865327605,-0.445301945151077
2016,0.0329634943685974,-1.72816429502533,-1.69612531459077
2017,0.569689907293292,-0.173666092518284,0.551524730936214
2018,2.29467383497376,0.80378611603943,2.07006061360399
2019,1.05775744328822,-0.193725746677139,1.13356713019512
2020,0.299421405280449,0.732506976662868,0.75986244694931
