"Year","OPR","DPR","CCWM"
2015,-0.429833613482135,-0.0483340644756951,-0.648192486710344
2016,-0.936063161301566,0.467630289844717,-0.767722645337269
