"Year","OPR","DPR","CCWM"
2015,-0.873957790191265,1.32356052640102,0.31359272072332
2016,-0.742546709190285,0.487954389748823,-0.491225004655013
2017,-0.554461377507435,1.42958470743845,0.64975978800246
2018,-0.137312689336329,-0.386387584481161,-0.305548138318578
2019,-0.0865544377152059,-0.467959662008736,-0.512819907448072
2020,-0.694820060694798,1.56590378432993,0.332056474024752
