"Year","OPR","DPR","CCWM"
2007,0.238629655846342,0.367088884690492,0.432406535986687
2008,0.104572571229709,-0.225522056408457,-0.0870709594075133
2009,1.49106446558461,-1.56231880783778,0.0647232746739862
2010,1.82465667558471,-2.03204569997821,-0.00549088398586438
2011,1.82660875655467,-0.28568320281511,1.58520973496834
