"Team","OPR","DPR","CCWM"
2002,15.0110830866389,22.1704865038811,-7.15940341724221
2003,4.3962879414822,48.1404770581586,-43.7441891166764
