"Year","OPR","DPR","CCWM"
2007,0.238629655846342,0.367088884690492,0.432406535986687
2008,0.104572571229709,-0.225522056408457,-0.0870709594075133
