"Year","OPR","DPR","CCWM"
2002,0.281174033637046,1.60747808666632,-1.12386591684368
2003,-1.69841093764932,1.75747016919687,-2.0076378414579
