"Year","OPR","DPR","CCWM"
2015,-1.57298571727265,1.66524907556217,-0.258269021657949
