"Year","OPR","DPR","CCWM"
2015,-0.261137657268349,-0.874344200601347,-1.36339500438743
2016,1.00073289198738,-0.350102899300596,0.971600288576445
2017,-0.115658352362592,0.00378216231881669,-0.141597738813626
2018,0.00390899671657126,-1.04394992923953,-0.557856167688002
2019,0.038632259644104,0.746317471230253,0.695522593265616
