"Year","OPR","DPR","CCWM"
2007,1.36303796114239,0.347038858785476,1.14859827056518
2008,0.481776372217518,-0.590226824175659,-0.0264834245658163
2009,2.08337783053291,-0.773576617542184,1.01399409353451
2010,1.36162520524596,-0.811791386861064,0.571055521960784
