"Year","OPR","DPR","CCWM"
2007,1.36303796114239,0.347038858785476,1.14859827056518
2008,0.481776372217518,-0.590226824175659,-0.0264834245658163
