"Team","OPR","DPR","CCWM"
2002,9.70835003710314,15.9506342839714,-6.24228424686825
2003,25.4056941184911,29.0299279072566,-3.62423378876548
