"Year","OPR","DPR","CCWM"
2002,1.12746349246607,-1.09291516143935,1.70457743321475
2003,0.179717511031587,-0.928061859696469,0.671864592046728
