"Team","OPR","DPR","CCWM"
2002,18.4194658644586,9.60696102167022,8.81250484278835
2003,24.8303404058109,14.731752243071,10.0985881627399
