"Year","OPR","DPR","CCWM"
2015,-0.996764357449422,1.04155287258282,-0.179352706377137
2016,-0.899035734876624,0.739709633743294,-0.444830877149263
2017,-1.03047175847498,0.961965893015204,-0.387820857791529
2018,-2.20837050225121,-3.05494810854714,-3.21741356278063
