"Year","OPR","DPR","CCWM"
2016,-2.18996462139728,2.55163667489376,-0.328768548122442
2017,1.11169139953464,-0.129948535157867,1.27291794093762
