"Year","OPR","DPR","CCWM"
2015,-0.597406495836151,1.17887450590479,0.528925917776846
2016,0.175559387770352,-0.771909276063475,-0.544800285749784
2017,-0.310789018514925,-0.701796875540285,-1.05064570196067
2018,-1.06119232717395,0.183485395000273,-0.659149198915293
2019,-0.0344337018934699,-0.268090832240526,-0.275142709871555
2020,-0.787921378340452,-0.48306019089768,-1.07273161533362
