"Team","OPR","DPR","CCWM"
2002,20.4487981369112,14.1417653354751,6.3070328014361
2003,8.91175531557922,25.1518171273547,-16.2400618117754
