"Year","OPR","DPR","CCWM"
2002,1.63133955997066,-0.118208263457699,1.26088682225287
2003,-1.28338666631663,-0.0904537754377999,-0.638886455130783
