"Team","OPR","DPR","CCWM"
2002,21.9987557285631,13.7850275779503,8.21372815061281
2003,34.919619401851,19.3111583366007,15.6084610652503
