"Year","OPR","DPR","CCWM"
2002,2.01618857985865,-0.194885167017002,1.59854088920378
2003,1.10704027004968,-0.559950182116684,0.946065118033003
