"Year","OPR","DPR","CCWM"
2015,-0.17631498434867,0.515843919593791,0.348786520505922
2016,0.157913469514952,0.162792761001566,0.372814945194338
2017,-0.547906817823605,0.310056739446882,-0.395803841731785
2018,0.0172695007032303,0.906391089676849,0.49910240012083
2019,0.63028247409517,0.443742176969696,1.16095152425752
