"Year","OPR","DPR","CCWM"
2015,0.318380573715304,-1.67731119871466,-1.48564204296026
2016,-1.91375865282072,0.722985455838287,-1.80422495103292
2017,-0.978405477717605,0.169507971477282,-1.0683999925298
2018,0.0389852301317494,1.00965848879617,0.570066533098805
