"Year","OPR","DPR","CCWM"
2015,0.422224427253106,-0.82296587708176,-0.362099687739442
2016,-0.958744210148127,0.392814886401527,-0.873047925490026
2017,1.02008002414807,-1.19235680733293,0.157916138048808
2018,-1.09741273789762,0.633479585384333,-0.443343752384617
2019,-0.591851560253105,0.269047129429681,-0.494787027665678
