"Year","OPR","DPR","CCWM"
2015,0.36243368942153,-0.77599554014844,-0.390652138828532
