"Year","OPR","DPR","CCWM"
2002,0.343627334765364,0.06289985036564,0.193256697828457
2003,-0.182237314787258,0.334449342500125,-0.305727263266067
