"Team","OPR","DPR","CCWM"
2002,15.2626102133956,14.9843672063881,0.278243007007502
2003,20.8922690211333,30.4377236767957,-9.54545465566244
