"Year","OPR","DPR","CCWM"
2015,-0.146438905469579,0.804034275577761,0.720677588705405
2016,0.545255469000654,-0.456006645486505,0.262354956265324
2017,0.261665939460907,-0.265875884832673,0.078141830076687
2018,-0.321148368310245,-1.33067416046329,-0.94392996652804
