"Year","OPR","DPR","CCWM"
2015,-0.80371562198999,1.5788813254011,0.70343048507019
2016,0.14941326115406,-0.362334410402989,-0.167075683601817
