"Year","OPR","DPR","CCWM"
2015,-0.626686529782838,0.383586068625899,-0.424028145357034
2016,-0.779088654777927,0.896299328710346,-0.128493049213696
2017,1.56240192017074,-0.829712832522703,1.17991072766426
2018,0.48137914460223,0.34148922043816,0.527098416653017
2019,0.956848170598073,-0.498334155360789,0.744908103461433
2020,0.83018959720938,-0.48147655557831,0.494785625632204
