"Year","OPR","DPR","CCWM"
2002,0.666310754973153,0.544362734739409,0.0267212651930053
2003,-1.39417781310124,-0.00444209954670625,-0.752123256241481
