"Team","OPR","DPR","CCWM"
2002,16.5621993795492,17.224363629432,-0.662164249882753
2003,7.70634675709117,26.2218249990963,-18.5154782420051
