"Year","OPR","DPR","CCWM"
2007,-0.331057842448294,1.84820366125221,1.18030098922213
2008,-0.972104536337255,1.12201326533154,-0.00409869734759794
