"Year","OPR","DPR","CCWM"
2007,-0.331057842448294,1.84820366125221,1.18030098922213
2008,-0.972104536337255,1.12201326533154,-0.00409869734759794
2009,0.439088587050176,0.757279021622401,0.816794645768838
2010,0.697028612854362,-0.239249948027767,0.436251458158357
2011,0.0163806510477286,-0.268101001075567,-0.196535523702594
