"Year","OPR","DPR","CCWM"
2015,-1.67753912475169,1.59390151578926,-0.484315531722913
2016,-1.03611710797663,-0.198035332999764,-1.57022574129533
