"Year","OPR","DPR","CCWM"
2002,0.120889895123406,0.327269079805801,-0.183417005963418
