"Team","OPR","DPR","CCWM"
2002,14.3655478131363,16.2143397495034,-1.84879193636708
