"Year","OPR","DPR","CCWM"
2015,-0.768897359772738,0.4492329946304,-0.544804888411065
2017,-0.852592123765579,-0.139981843480494,-1.20181383630187
