"Year","OPR","DPR","CCWM"
2015,-0.446112090823674,-1.20498887855414,-1.99787842345817
2016,1.10374161497611,-1.32161236304592,0.129872790524323
2017,0.645594035436691,-1.234253159243,-0.351521315518343
2018,-0.670913503137592,0.122382533419628,-0.413305922706081
2019,-0.969632960199729,1.12464078405854,-0.216861245906992
