"Year","OPR","DPR","CCWM"
2003,-0.28373504489424,-0.00679969130252576,-0.149417831130703
