"Team","OPR","DPR","CCWM"
2003,19.7879729100377,26.1924959375364,-6.40452302749867
