"Year","OPR","DPR","CCWM"
2015,-0.763580486033741,1.06665294633615,0.171004021979164
2016,0.175206438880515,0.059062454257404,0.291269862035834
2017,-0.453575315930554,0.399419500569709,-0.193297003169633
2018,0.229456705999677,-0.122794021379354,0.0978857675148536
2019,-0.808996566273225,0.634559346937081,-0.444673929973389
