"Year","OPR","DPR","CCWM"
2015,-0.00659417798741691,0.978708661214215,1.11395544207773
2016,-0.566089948424397,-0.301369137333296,-1.05236887785187
2017,-0.0217122918910957,-0.853066741526697,-0.830225349912816
2018,-0.350747501435851,0.289843912496914,-0.0947739611634665
2019,-0.136861455908676,-0.203410293482632,-0.345041171273596
