"Year","OPR","DPR","CCWM"
2015,-0.343240497422651,0.434897087781275,0.0257154187607878
2016,-1.72631020590949,0.617073001842157,-1.66283777408281
2017,-0.719537107409285,0.339234195542731,-0.583745449627106
2018,0.35554619300394,0.609333638767791,0.581098242923349
2019,-0.447413810406668,1.49332083432076,0.74592682576371
