"Year","OPR","DPR","CCWM"
2015,-0.522368962609682,0.894707853726837,0.306325292160404
