"Year","OPR","DPR","CCWM"
2015,-0.063489319129893,-0.908965399549881,-1.13056988164174
2016,-0.0676356573932938,-0.731840762910067,-0.826229505606959
2017,0.385786844267357,0.839911567874894,1.2747769244291
