"Year","OPR","DPR","CCWM"
2015,-0.119193990170315,0.768631545319325,0.717623738814251
2016,0.36796885205087,-0.409394693862337,0.0747150112893877
2017,0.0132122513366499,-0.179656212309852,-0.152524782766458
2018,0.163591732156285,-0.028208482174074,0.101654931889043
2019,-0.961884418465608,1.15333913579283,-0.182408336089154
