"Year","OPR","DPR","CCWM"
2007,0.0344343301495333,-0.0195429335408648,0.00763923448433343
2008,-0.853864943962792,-0.965125005830094,-1.63211537316431
