"Year","OPR","DPR","CCWM"
2002,0.588559388861385,1.12570500400248,-0.507700782171558
2003,-1.71731274839993,-0.885452138783287,-0.381656067597639
