"Year","OPR","DPR","CCWM"
2007,0.0344343301495333,-0.0195429335408648,0.00763923448433343
2008,-0.853864943962792,-0.965125005830094,-1.63211537316431
2009,-0.478329849248148,1.84434465862622,0.859413073379199
2010,-0.600658785300897,-0.0634147663455113,-0.5959965869423
2011,-0.627332723102475,1.51924869668487,0.583489758115958
2012,-0.196454456689671,-0.393597315127507,-0.582311218786185
2013,-0.989195923627127,1.37678422802155,0.0497485600021263
2014,0.0146154973565005,0.711093568559817,0.524540418565544
2015,0.699752072432014,-1.42011223881427,-0.664609336906004
