"Team","OPR","DPR","CCWM"
2002,16.2490601640685,19.9290468895077,-3.6799867254392
2003,4.19063609012988,15.2618283788685,-11.0711922887386
