"Year","OPR","DPR","CCWM"
2015,-1.08427034775465,0.351490718260334,-1.09185388970575
2016,-0.761124318806374,2.14240887043668,1.14973047950091
2017,-1.1271627729703,1.62311412243584,0.113152428431346
2018,0.0577459835927418,-1.04196750225236,-0.518352028422818
2019,-0.449592411951532,0.577106836877097,-0.0522427833466392
