"Year","OPR","DPR","CCWM"
2015,0.0686185879949048,-2.48931184632514,-2.76181228993759
2016,-0.693322328792781,-0.0292112542912519,-0.946726632589856
2017,-0.44700638820623,0.722939749736514,0.119470714374286
2018,-0.0127031914483353,-0.239461809302652,-0.137671609644936
2019,0.216269057072993,-0.300438006445655,0.00530854820946206
