"Year","OPR","DPR","CCWM"
2007,0.0954014758901145,1.74538159428476,1.38003294576647
2008,-1.21661275871387,0.517463230733044,-0.745445733812517
2009,0.0691728979210474,-1.05990244449409,-0.644060429719022
