"Year","OPR","DPR","CCWM"
2007,0.0954014758901145,1.74538159428476,1.38003294576647
2008,-1.21661275871387,0.517463230733044,-0.745445733812517
2009,0.0691728979210474,-1.05990244449409,-0.644060429719022
2010,-1.58273258235828,0.293414532338342,-1.19453687398591
2011,-0.647271340817909,0.994624526348611,0.147330764137816
2012,-0.565604786223341,-0.277373971968526,-0.903241173979259
2013,1.01259522701061,-0.355556647791899,0.86468412357292
2014,0.439264239271979,-0.0234746846415691,0.395365525112742
2015,0.550296951742834,0.621838616973256,1.47239353078686
