"Team","OPR","DPR","CCWM"
2002,12.505363776666,12.0686545470027,0.43670922966335
2003,32.346493614712,14.002559057756,18.343934556956
