"Team","OPR","DPR","CCWM"
2002,14.3935645944976,7.89678863391287,6.49677596058473
2003,15.8282388621753,12.6881430691581,3.14009579301712
