"Year","OPR","DPR","CCWM"
2007,-0.584710284667884,-0.873689127192719,-1.04004939961503
2008,1.00045017606928,0.0996180401943953,1.05141244526942
2009,0.734804735442644,0.724466747396877,1.01117340123026
2010,-0.713082056994752,0.70248453832113,-0.0726636264756559
2011,0.355166080112045,-0.71612505004061,-0.216053975786396
