"Year","OPR","DPR","CCWM"
2007,-0.584710284667884,-0.873689127192719,-1.04004939961503
2008,1.00045017606928,0.0996180401943953,1.05141244526942
2009,0.734804735442644,0.724466747396877,1.01117340123026
2010,-0.713082056994752,0.70248453832113,-0.0726636264756559
2011,0.355166080112045,-0.71612505004061,-0.216053975786396
2012,0.13818069498845,-0.112300445198964,0.0579708714508002
2013,0.950203488928696,0.143367190719727,1.22587018047501
2014,-0.367124187792789,0.300793748691938,-0.128449263488519
2015,1.3843958068369,-1.62296562023236,0.0467275369444087
