"Year","OPR","DPR","CCWM"
2007,-0.584710284667884,-0.873689127192719,-1.04004939961503
2008,1.00045017606928,0.0996180401943953,1.05141244526942
