"Team","OPR","DPR","CCWM"
2002,12.8052451740631,16.4978978640401,-3.69265268997698
2003,37.183344233014,17.2789104445434,19.9044337884707
