"Year","OPR","DPR","CCWM"
2015,-0.180752423148335,0.238328816865016,0.0242243591089788
2016,-0.780041808515452,0.325024221065563,-0.704855343716233
2017,-0.0674219925946243,0.402640859933318,0.29437959859298
