"Year","OPR","DPR","CCWM"
2002,0.350251129839649,0.144743981187694,0.130549397945845
2003,0.792461613985038,-0.586599008620641,0.792235578743104
