"Year","OPR","DPR","CCWM"
2007,0.665855086072709,0.484810548842373,0.799175009527261
2008,0.622225587085858,-1.03412950648611,-0.261147950893916
