"Team","OPR","DPR","CCWM"
2002,15.2892871722298,15.3651453852232,-0.0758582129934613
2003,31.4970011210313,18.979639925449,12.5173611955823
