"Year","OPR","DPR","CCWM"
2007,0.665855086072709,0.484810548842373,0.799175009527261
2008,0.622225587085858,-1.03412950648611,-0.261147950893916
2009,0.0741376323222176,-1.33553273399605,-0.821057723319176
2010,-0.519311058900516,0.620598316788829,0.0360613762515498
