"Year","OPR","DPR","CCWM"
2015,0.40686651672293,-0.537191125232511,-0.0553570497464863
2016,0.4899198869222,-0.502680915191834,0.1421547791081
2017,-0.351494199788462,-0.200875177797026,-0.630225137035515
2018,-0.545181224665941,-0.767610007583926,-0.801498627297195
2019,-0.0627817774211902,0.731062651340206,0.557469076651651
