"Year","OPR","DPR","CCWM"
2015,-1.05958222745308,0.356148287301262,-1.05246510396766
2016,-0.846170733088877,0.327355125126326,-0.790002574499987
2017,-0.52455918272398,1.59701008039358,0.844883002500603
2020,-1.00478618889953,0.0118114558474164,-0.965159957231951
