"Year","OPR","DPR","CCWM"
2015,-1.26103341019324,1.60531758185978,0.103135439828594
2016,-0.504066872099776,2.16168486397492,1.5092427061129
2017,-0.383995127927929,1.30665169849806,0.747990174916629
2018,-0.0698324794005561,0.377429611272607,0.152836123169623
2019,-0.374892476841388,-1.13077131690522,-1.44314910203788
2020,-0.994120019485468,0.314038250845982,-0.760919232811925
