"Team","OPR","DPR","CCWM"
2002,14.6806370457035,14.1904674561358,0.49016958956774
2003,16.3214287135359,36.3702382276247,-20.0488095140888
