"Year","OPR","DPR","CCWM"
2007,0.543555664563579,0.0539839056867766,0.39430138670775
2008,0.799236534114356,-1.68478015976012,-0.633031470638981
2009,0.490918413462224,-0.687044698526221,-0.0918395675945321
