"Year","OPR","DPR","CCWM"
2002,0.199125443620903,-0.107740271970215,0.230786485965493
2003,-0.602351006433204,0.81132949660083,-0.82842996036255
