"Year","OPR","DPR","CCWM"
2020,0.500673470512391,0.058172235365495,0.522028904535105
