"Team","OPR","DPR","CCWM"
2002,5.67567775086721,18.1418294319553,-12.4661516810881
