"Year","OPR","DPR","CCWM"
2002,-2.03677428512943,0.741562036958342,-2.06363069591338
