"Year","OPR","DPR","CCWM"
2015,0.410382716703584,0.875186039043141,1.57016630904922
