"Year","OPR","DPR","CCWM"
2015,0.874515673873986,-1.45003903356844,-0.457954975091914
2016,0.0673857405899892,0.226011750122463,0.316682065829893
