"Year","OPR","DPR","CCWM"
2015,-0.874564385393424,0.816704135987953,-0.26885135028226
2016,0.0194324988939401,-1.31162382711008,-1.29469765194401
2017,0.637811724212488,0.424353247289772,1.19992550078501
2018,-0.636884555599745,-0.0930504402675942,-0.504706344259251
2019,-0.275852096507159,0.934772074673948,0.472114092557414
