"Year","OPR","DPR","CCWM"
2002,-0.143834354061201,0.400810048219496,-0.43281265452758
2003,-0.480042446909832,1.88684055162455,-1.42804829910434
