"Team","OPR","DPR","CCWM"
2002,13.2993859197334,16.5564876315943,-3.25710171186084
2003,17.652146814256,49.7498786438587,-32.0977318296027
