"Year","OPR","DPR","CCWM"
2015,-1.85935977332855,1.30489917986193,-1.06666620163515
2016,-0.0553104359057428,0.246844265521839,0.175317455860107
2017,-1.47088531129884,2.07500157539954,0.107113979946865
2018,-0.123568711882726,2.85847761817502,1.4469008440847
