"Year","OPR","DPR","CCWM"
2002,-0.605190230158255,-0.00981444947352829,-0.423544254595907
2003,-0.303899564360541,0.433932364838801,-0.433190213305817
