"Year","OPR","DPR","CCWM"
2007,-0.0842793851679851,0.560194495757452,0.368200651752445
2008,0.250333099846188,0.882538412609095,0.979063385689373
