"Team","OPR","DPR","CCWM"
2002,11.4413013056217,14.6460653832772,-3.20476407765548
2003,19.5685827778123,31.6753186417143,-12.106735863902
