"Year","OPR","DPR","CCWM"
2007,-0.0842793851679851,0.560194495757452,0.368200651752445
2008,0.250333099846188,0.882538412609095,0.979063385689373
2009,0.151209910572035,-1.55785846406111,-0.91048386093861
2010,-0.375119614801992,0.984809917058838,0.464009052035959
