"Year","OPR","DPR","CCWM"
2015,-1.05267896241319,2.8885951583687,1.86298656680725
2016,-1.60387512149773,1.36335597348666,-0.749565400227524
2017,-0.641314028686932,0.885268314314219,0.028400297823067
2018,-1.37174349887561,-0.378883104137313,-1.18289874443722
2019,-0.434486582184474,-0.152947897630515,-0.667510837050318
