"Year","OPR","DPR","CCWM"
2007,0.93032187391564,0.366778698631499,0.882059297697233
2008,1.44279874100422,-0.0284822693162266,1.37257731751551
