"Year","OPR","DPR","CCWM"
2002,1.98671307490162,-1.5313781576997,2.67865684992117
2003,2.10425962502844,-1.84947983440261,2.28434596578862
