"Year","OPR","DPR","CCWM"
2007,0.93032187391564,0.366778698631499,0.882059297697233
2008,1.44279874100422,-0.0284822693162266,1.37257731751551
2009,0.71131120063646,-0.996727553942897,-0.133883352635474
2010,-0.0812400187563546,-1.30606478028465,-1.13973417871122
2011,0.46747612114939,0.193276318111378,0.617122633387952
