"Team","OPR","DPR","CCWM"
2002,21.8800448047592,7.56702071653586,14.3130240882233
2003,45.7693739180514,3.26907027710009,42.5003036409513
