"Year","OPR","DPR","CCWM"
2007,0.988463357308558,-0.817623403038988,0.0255029941212577
2008,-0.977615978602616,1.83046780978683,0.582021501109543
