"Team","OPR","DPR","CCWM"
2002,8.34918727082647,9.13177576319751,-0.782588492371044
2003,3.32771211262945,41.5229192589785,-38.195207146349
