"Year","OPR","DPR","CCWM"
2002,-1.37295127219075,-1.19505106790891,0.0053955010885238
2003,-1.79662555598039,1.22552339418182,-1.73149104063807
