"Year","OPR","DPR","CCWM"
2016,0.129331639090513,-0.650182066968712,-0.483420745786516
2017,-0.330548338674021,-2.14696668432169,-2.43575510099777
2018,-1.19325534693022,-0.40616247169402,-1.07010882650942
2019,-0.345606889824911,0.559615163905272,0.0605437930374268
