"Year","OPR","DPR","CCWM"
2007,0.111448935556426,-1.04987592767332,-0.720300173922932
2008,-1.10966147906719,0.99318562309035,-0.244779682137946
2009,-1.04347868925839,-0.255711925041593,-0.929336725933077
