"Team","OPR","DPR","CCWM"
2002,6.18078009058654,9.52208417391388,-3.34130408332734
2003,39.3360822503154,17.2766739672777,22.0594082830378
