"Year","OPR","DPR","CCWM"
2016,1.03949951857649,-1.09579146612766,0.272208788398166
2017,-0.204553827764084,-0.2420384491661,-0.484552796484086
2018,0.392770239037315,0.652331694605386,0.630767982256299
2019,0.847583542470298,-1.02990300605003,0.148911419264637
2020,0.0792267514240549,2.42060267505508,1.6298068733801
