"Year","OPR","DPR","CCWM"
2016,1.4100120836862,-1.28513134575455,0.571817952911484
2017,1.13425045445185,-1.09215589846359,0.39552369928132
2018,0.907539579830111,0.411697277074236,0.869080841151864
2019,1.98502091639899,-0.409257609067059,2.08760443947296
2020,0.417738514672706,-1.11761140388755,-0.312667120468484
