"Year","OPR","DPR","CCWM"
2016,0.429401877093737,0.256958008906891,0.826811285016245
2017,0.149181983577487,-0.02349200990204,0.165119306508317
2018,0.0829185972794973,2.11417240044942,1.19460757312948
