"Team","OPR","DPR","CCWM"
2002,6.06897994208196,20.0418651930043,-13.9728852509223
2003,14.784917549371,44.4730780612462,-29.6881605118752
