"Year","OPR","DPR","CCWM"
2016,-1.34005447045317,0.486479965601692,-1.28325886452743
2017,-0.460707652109211,0.967033361595124,0.332035433669921
2018,-0.359824783226003,-0.793325522039559,-0.682964907867834
2019,-0.570204815977032,-0.00668034251207441,-0.70754275290771
