"Year","OPR","DPR","CCWM"
2015,0.347677347288187,-0.438840866801012,-0.0241225182715229
2016,-1.1805216849084,1.22219037585598,-0.331546697490772
2017,-0.991465436732044,0.560851890749649,-0.716426539050574
2018,0.0860653971447536,1.93689583570844,1.10164904254194
2019,-1.80548241661614,1.44119129290982,-0.97068881845344
