"Year","OPR","DPR","CCWM"
2002,0.852538889874604,-0.484172004112805,1.00695296517533
2003,0.294296005725233,-0.762182010802534,0.631207627839104
