"Year","OPR","DPR","CCWM"
2007,0.193295905620034,-1.52066690519902,-1.02257201592069
2008,-1.03070839758257,0.449723387874994,-0.622078239155074
