"Team","OPR","DPR","CCWM"
2002,17.3122226264674,12.4391263644619,4.87309626200556
2003,26.076955339682,16.7953411946984,9.28161414498352
