"Year","OPR","DPR","CCWM"
2016,0.0547249968709896,0.186794277403621,0.260450780376188
2017,-0.501536346029383,0.414337981808138,-0.239448348429607
2018,0.0434391239913406,0.0220099952209007,0.0428357763487529
2019,0.306582478285335,0.930837248323098,1.18549137520549
