"Year","OPR","DPR","CCWM"
2016,-0.743944955695162,1.47518283415966,0.500765369061137
2017,0.759604286353502,0.382685742377356,1.31356128338931
