"Year","OPR","DPR","CCWM"
2016,-0.293051138012423,0.923273980879459,0.541727962282144
2017,0.260345139142221,0.405658716964826,0.708586654058158
2018,0.853380721657067,0.899482879280714,1.09237393215906
