"Year","OPR","DPR","CCWM"
2007,0.230341982388212,-0.932767881470984,-0.554539064901279
2008,0.0665161519017062,0.10059540058101,0.148357236173771
