"Year","OPR","DPR","CCWM"
2007,0.230341982388212,-0.932767881470984,-0.554539064901279
2008,0.0665161519017062,0.10059540058101,0.148357236173771
2009,-0.0909966601536557,-0.731073086258284,-0.545505277136859
2010,-0.516073045048605,0.65331380059592,0.0657004868194549
2011,-0.651429052460656,1.18283804243914,0.292586535408744
