"Year","OPR","DPR","CCWM"
2002,1.37780367948309,0.13013947423257,0.875447354594821
2003,1.2663848702682,0.373402462148216,0.454509183109284
