"Year","OPR","DPR","CCWM"
2016,-0.611564254887515,-0.539962721745325,-1.352726500949
2017,0.340952388624733,-0.223109291495293,0.217906201667027
2018,0.314687486170362,-0.190902565171871,0.122163060636001
2019,1.59714816329106,-1.88730492857331,0.326963759328547
