"Year","OPR","DPR","CCWM"
2002,0.467368100826227,1.15496494455585,-0.618243458163954
2003,-1.39800108777553,3.3381510670561,-2.82357116025544
