"Team","OPR","DPR","CCWM"
2002,15.7609691277789,20.0651781766853,-4.3042090489064
2003,7.66474949821633,67.8045631941212,-60.1398136959049
