"Year","OPR","DPR","CCWM"
2016,-1.44781440913176,1.82814884793402,-0.0751790519604994
