"Year","OPR","DPR","CCWM"
2016,0.0529831393331677,1.17567141345626,1.25364626346783
2017,0.0976195463814624,-1.21209395261493,-1.01840245549499
2018,1.52115767535649,2.21145051314024,2.27374970479036
2019,0.644395953292735,-0.186618043918758,0.631020397519921
