"Year","OPR","DPR","CCWM"
2007,1.18676908233172,1.28109595360384,1.73928081096175
2008,-0.75651477452846,-1.20488008147329,-1.738058704171
2009,-1.19248526741401,2.25604420708947,0.60784876666479
