"Year","OPR","DPR","CCWM"
2002,-0.469649320204228,-0.683502997564857,0.22817834751394
2003,0.579484228594562,0.484599340748046,0.0137476543145127
