"Year","OPR","DPR","CCWM"
2016,-1.34480138275513,2.56867023181891,0.806596242373443
2017,-2.07215376191251,2.01366128940242,-0.705250568844977
