"Year","OPR","DPR","CCWM"
2002,-1.44587045353415,-0.117952037618431,-0.934034803516452
2003,1.52601619748279,0.116323937833308,0.754241425756769
