"Year","OPR","DPR","CCWM"
2007,-0.848467162700109,-0.462660277214377,-0.901222404530241
2008,-0.758104345456818,0.41830728626233,-0.384476948478956
2009,0.0679727856649302,0.953921690833395,0.674730851326019
2012,-0.475329789042708,0.410743220765813,-0.177332858946584
2013,-0.267250813747714,0.952398941767467,0.517760931264715
2014,-0.124133176810698,1.24804720788834,0.780059784065517
2015,0.0370985326371339,-0.025214687653892,0.0222246246085692
2016,0.662420759143831,-2.54791903752571,-1.68854907225074
2017,0.369432341652852,-0.914891212849204,-0.397510749327251
