"Team","OPR","DPR","CCWM"
2002,8.05550940532708,14.1429574210586,-6.08744801573157
2003,39.4780808257606,27.7241862692019,11.7538945565587
