"Year","OPR","DPR","CCWM"
2007,-0.848467162700109,-0.462660277214377,-0.901222404530241
2008,-0.758104345456818,0.41830728626233,-0.384476948478956
2009,0.0679727856649302,0.953921690833395,0.674730851326019
