"Year","OPR","DPR","CCWM"
2002,0.922664339793889,-1.7286234654622,2.08227262616957
2003,-1.45821247313597,0.962149873628738,-1.38520546486849
