"Team","OPR","DPR","CCWM"
2002,17.5946488971697,6.64934087414288,10.9453080230268
2003,7.00964914644356,38.2464833881449,-31.2368342417014
