"Year","OPR","DPR","CCWM"
2007,1.32159182861824,-0.580225991343849,0.421439620095771
2008,-0.838970413652155,-0.501610179662513,-1.23073431363714
