"Year","OPR","DPR","CCWM"
2016,0.346626466113311,0.127400571189706,0.586867790952366
2017,-1.13220141642342,0.810233101237475,-0.658320504134333
2018,-1.02106220973288,0.193869453502508,-0.624919686941883
2019,-0.128215587886729,0.100277556215525,-0.0707286156763031
2020,-0.518753457092659,-0.211957800279276,-0.638204120821848
