"Year","OPR","DPR","CCWM"
2016,1.563783206501,-0.853183179386732,1.21011031083527
2017,-0.0878786656432014,0.412261015580156,0.277760575660948
2018,0.603699574091974,-0.465154149888811,0.181231842443457
2019,1.06378609063333,-1.08267342714314,0.369171613306361
2020,-1.43750479200216,2.42029173661912,0.161252144218093
