"Team","OPR","DPR","CCWM"
2002,15.3897743121566,16.1602535094116,-0.770479197255035
