"Year","OPR","DPR","CCWM"
2016,0.346559410709215,-1.24687366238698,-0.796699303197109
2017,0.876489974570792,-0.51832822185882,0.612152495471841
2018,0.23813736739911,-0.0617053596484551,0.136891047639194
2019,0.99861406295145,0.31308558247097,1.50081123437067
2020,1.12849631317678,-1.96631132464818,-0.169121855707847
