"Year","OPR","DPR","CCWM"
2016,0.00572026794115785,1.63683712890252,1.65536813578491
2017,-0.723108200853724,0.464018888566468,-0.470769962448153
2018,-0.329425316301251,-0.0964225216564612,-0.286992090048326
2019,-1.14239915185261,0.780209553920061,-0.728529062409771
