"Year","OPR","DPR","CCWM"
2016,1.33544647953082,-2.05501537553044,-0.301878474933828
2017,0.398153598222156,-1.05658327379598,-0.494835928058519
2018,-0.364674463942467,-0.488607241393366,-0.52278040482857
2019,-0.645173909269951,0.0697412348642717,-0.733454273201905
