"Year","OPR","DPR","CCWM"
2016,0.246044808848798,-0.452112943054222,-0.129604398896848
2017,0.0243629885093942,-1.71565011300284,-1.5843312577814
2018,0.346856381029262,1.85750794528478,1.24521842242255
2019,-1.2472278345163,1.55706715569847,-0.183045743770726
