"Year","OPR","DPR","CCWM"
2016,-1.04801537665618,-0.878624770311341,-2.27111573757686
2017,-1.37799933541972,0.54425655012195,-1.21716945386084
2018,1.09567530679657,1.91552558069254,1.81103149494307
2019,0.657319944290511,0.432878663205851,1.18479406425166
