"Year","OPR","DPR","CCWM"
2016,0.00184729083507093,-0.149987430041093,-0.148547853791794
