"Year","OPR","DPR","CCWM"
2016,-0.0970235425523051,0.0805996653596265,-0.0472302669500208
2017,0.857911224295664,0.332132404569037,1.38935720868303
2018,-0.96011519452675,-0.688957419003357,-1.05552064471738
2019,-0.412067153154024,0.221638453617618,-0.314690851002018
