"Year","OPR","DPR","CCWM"
2016,-0.558343129445891,0.28292395311945,-0.453912862029303
