"Year","OPR","DPR","CCWM"
2016,-0.705670155954179,1.03408303379192,0.107351879725102
2017,0.531427577075431,-0.219486134064164,0.460373811893563
2018,-0.773409657627421,0.264958062058505,-0.409918597391947
