"Year","OPR","DPR","CCWM"
2016,0.328702667601719,-0.42607684405152,0.00596889605285521
2017,-0.423944799504073,-0.0613591615879487,-0.589831041531799
2018,-1.41723316425775,-1.92888143120954,-2.04779576871439
2019,0.382325458380789,-0.855226034837863,-0.272014295999264
