"Year","OPR","DPR","CCWM"
2016,-0.391560234769178,-0.466555365943851,-0.987744954809147
2017,0.836021962413152,-0.485534991962564,0.592230468616966
2018,1.57230707798057,-0.353031203293697,0.933030409092814
2019,-0.90024056592455,1.46628816401497,0.165168929787853
