"Year","OPR","DPR","CCWM"
2016,-0.980390952432965,1.77033734878889,0.485060097521995
