"Year","OPR","DPR","CCWM"
2016,0.251422811493692,-0.204707658638799,0.126573390158245
2017,0.76832527685472,-0.204759050431539,0.771556226460228
2018,0.276971637829574,0.53360200145797,0.484324954523619
2019,-0.717517130816845,-0.117176111935963,-0.984774063460019
