"Year","OPR","DPR","CCWM"
2016,0.270196959434591,-0.636009467264039,-0.282777375306027
2017,0.616013421268403,0.0211355493811784,0.793026386928472
2018,-0.365693387474247,-1.60450268948224,-1.12279301523095
2019,-0.0079020992677356,-0.390334736988456,-0.348627011570826
2020,0.0200122387658189,1.06475797581655,0.702543949643938
