"Year","OPR","DPR","CCWM"
2016,-0.298881458447765,-0.106194287027359,-0.502349094436855
2017,-0.789582449689563,-0.239933394537517,-1.21681556668725
2018,-0.291693166474709,-0.278557133381597,-0.357865743565739
2019,-1.00944581380116,0.477311006375866,-0.827892266008976
