"Year","OPR","DPR","CCWM"
2016,-0.700180540685316,0.540281385060149,-0.382493792844223
2017,-1.86450752512029,1.06962356096347,-1.33324713794541
