"Team","OPR","DPR","CCWM"
2002,11.0693558641736,16.6700919876261,-5.60073612345251
2003,39.5815390145881,34.4327466488964,5.14879236569173
