"Year","OPR","DPR","CCWM"
2002,-0.697542975397271,0.425228069770695,-0.847843661374966
2003,1.5355252152376,0.655585878154305,0.425536476119247
