"Year","OPR","DPR","CCWM"
2007,0.00614109890136971,-0.585913581563727,-0.438444106047719
2008,0.388484243100948,-0.434679384472734,0.013086462263373
2009,0.975867104643359,0.823864544399659,1.25229123530431
2010,0.217168218997078,-0.395141062142362,-0.125782156673219
2011,-0.0547504666797103,0.344894499005416,0.219422630334126
2012,-0.411004251389856,-0.111100860972608,-0.57462060161275
2013,0.205659154865759,-0.853274391146049,-0.503020573399943
2014,0.566780341027071,0.261063185955923,0.719435350618692
2015,0.346225610034301,-0.148553245842974,0.30697482211735
