"Year","OPR","DPR","CCWM"
2007,0.00614109890136971,-0.585913581563727,-0.438444106047719
2008,0.388484243100948,-0.434679384472734,0.013086462263373
2009,0.975867104643359,0.823864544399659,1.25229123530431
2010,0.217168218997078,-0.395141062142362,-0.125782156673219
2011,-0.0547504666797103,0.344894499005416,0.219422630334126
