"Year","OPR","DPR","CCWM"
2016,-1.17320516934859,1.13872626768982,-0.405889479772815
2017,-1.35782909464724,1.00933543944585,-0.754084910337003
