"Team","OPR","DPR","CCWM"
2002,5.73239961676163,14.029569310814,-8.29716969405233
2003,19.671960240057,20.969283481897,-1.29732324184003
