"Year","OPR","DPR","CCWM"
2002,-2.02269044527906,-0.14232357948807,-1.32535138790775
2003,-0.294397966322994,-0.426663197646218,0.104743542883305
