"Year","OPR","DPR","CCWM"
2016,-0.141126860647115,-0.282832378469483,-0.471448524558462
2017,0.224786387155804,-0.918862622463516,-0.582787865608404
2018,0.80444630377942,1.03847647435603,1.13208056148727
2019,-0.561105127628082,0.0183274967473769,-0.674631236481386
