"Year","OPR","DPR","CCWM"
2016,-0.106931489697671,0.751860989068739,0.615417809851249
2017,-0.500654223271699,0.700110123679673,0.0306505435350225
2018,0.121217306291594,0.377492381824046,0.289278954361629
2019,-0.840069634477198,0.0770183519076139,-0.966991322611839
