"Team","OPR","DPR","CCWM"
2002,10.332774902523,11.6818110772699,-1.34903617474689
2003,35.6715652527391,21.0397418519045,14.6318234008345
