"Year","OPR","DPR","CCWM"
2007,0.0522390877703817,0.623354185786536,0.504687815184731
2008,-0.353977259767878,0.117694020192415,-0.24432589939589
