"Team","OPR","DPR","CCWM"
2002,15.5197467082848,12.2763828270369,3.24336388124782
2003,18.0307798041886,31.7453567354701,-13.7145769312815
