"Year","OPR","DPR","CCWM"
2002,0.407473422276748,-0.51915195860548,0.718345890824387
2003,-0.445241646077842,0.439562317644988,-0.51320492039224
