"Year","OPR","DPR","CCWM"
2007,0.0995738702737154,-0.575364360969064,-0.369708043477805
2008,1.02489439712883,-1.41701583970275,-0.191094017166268
2009,0.121577609335174,0.488839145200668,0.409093279369653
2010,-0.608301328842084,0.834026927138606,0.129650385643812
