"Year","OPR","DPR","CCWM"
2007,0.0995738702737154,-0.575364360969064,-0.369708043477805
2008,1.02489439712883,-1.41701583970275,-0.191094017166268
2009,0.121577609335174,0.488839145200668,0.409093279369653
2010,-0.608301328842084,0.834026927138606,0.129650385643812
2011,0.515849266291428,-0.423665927172454,0.175456727228586
2012,0.468728318366877,-0.355781637366061,0.219376031505598
2013,0.156108187448504,-0.0801557729735848,0.111287373116407
2014,0.70714772568384,-0.668323541858536,0.183525023743052
