"Team","OPR","DPR","CCWM"
2002,15.8601875967726,20.2308575588427,-4.37066996207011
2003,12.7106539691229,27.8546544298799,-15.144000460757
