"Year","OPR","DPR","CCWM"
2016,0.00212148159489462,-0.814204189299903,-0.816850399630663
2017,1.40612324918068,-1.62486908374944,0.235306935134385
2018,1.19211462701009,0.206824406948908,0.962241017263528
2019,-0.493904197348049,-0.242056883176965,-0.818002698377331
