"Team","OPR","DPR","CCWM"
2002,14.6849465480194,10.8096998903432,3.87524665767619
