"Year","OPR","DPR","CCWM"
2002,0.200195477892429,-0.834399514314858,0.830245145935803
