"Year","OPR","DPR","CCWM"
2013,-0.0378931745625387,0.334781016575541,0.246961806423983
2014,-0.420434649777387,-0.909049423378687,-1.04758716133603
