"Year","OPR","DPR","CCWM"
2002,-1.06168979646184,-0.865949694874714,-0.0437553793114349
2003,-0.912513535615423,2.84819468548731,-2.25737657763597
