"Year","OPR","DPR","CCWM"
2016,-0.289942997560889,-0.383102782572905,-0.769285888657272
2017,0.680783301956988,0.387111629334262,1.21880246348939
2018,1.17992761021755,-0.633373763944708,0.502316017863186
2019,1.03338493381711,-2.23565553170291,-0.669301274284855
