"Year","OPR","DPR","CCWM"
2016,-0.0875515606702906,-0.2375199330654,-0.354948283534229
2017,-0.227806620317451,0.163766205310805,-0.131760319480399
2018,0.155653253744438,-1.0016948516704,-0.426818265387925
2019,0.845121735036557,0.110418188491989,1.13594770525086
2020,-0.848604673968933,1.20992221648811,-0.0452280527207383
