"Year","OPR","DPR","CCWM"
2007,-0.425410568411083,0.139706656621705,-0.171197334458027
2008,-0.0120879207526848,-0.0546608911888287,-0.0573325352852168
2009,1.77848409507183,0.532727641218291,1.64744008601922
2010,2.3127681274043,-0.666193865990292,1.55169599834063
