"Year","OPR","DPR","CCWM"
2007,-0.425410568411083,0.139706656621705,-0.171197334458027
2008,-0.0120879207526848,-0.0546608911888287,-0.0573325352852168
