"Year","OPR","DPR","CCWM"
2007,-0.425410568411083,0.139706656621705,-0.171197334458027
2008,-0.0120879207526848,-0.0546608911888287,-0.0573325352852168
2009,1.77848409507183,0.532727641218291,1.64744008601922
2010,2.3127681274043,-0.666193865990292,1.55169599834063
2011,0.362623875578299,-0.47375185051116,-0.0162908043724928
2012,0.0534806535398686,-0.202553818626002,-0.121307985739765
2013,0.436258366696979,-0.944729038933519,-0.315213998684805
2014,1.09729701733886,-1.22456152777569,0.150080166771009
2015,0.681974379586245,-1.57168520664488,-0.863051298659126
