"Year","OPR","DPR","CCWM"
2016,-0.166932398957649,0.71291807921006,0.496828179764607
2017,0.442715430956177,-5.81694800762447e-05,0.555578309118975
2018,0.402807872634608,-0.177407344035635,0.192328349229816
2019,-0.336925821453592,0.46013484830316,-0.0151447683529796
