"Year","OPR","DPR","CCWM"
2002,-0.694050899709433,1.92281280516647,-2.07921507650277
2003,-0.0744884913226531,0.0104740506359065,-0.0468159837769525
