"Year","OPR","DPR","CCWM"
2016,0.774912420012272,-0.83874545090643,0.180906905925053
2017,-0.654887190112513,1.20051581249083,0.308101566953354
2018,0.641079728094219,0.0261264960887595,0.471760576609569
2019,-0.454142203392105,-0.631411605732363,-1.10711933181957
