"Year","OPR","DPR","CCWM"
2016,-0.992253368326765,1.25982504676532,-0.044566243321498
2017,-0.656882759166336,1.51320948512354,0.599929506966117
2018,-0.506579391572742,-0.122029702067452,-0.427231890406274
2019,-1.09939316291536,0.786028615995355,-0.67054991723316
