"Year","OPR","DPR","CCWM"
2016,0.260903011516994,-0.607357531137691,-0.266230165034948
2017,-0.212074505350414,0.7064020485747,0.398756980931672
2018,0.461625259410172,0.344987832690666,0.514873095885912
