"Year","OPR","DPR","CCWM"
2016,0.0954875702057456,-0.382177882129966,-0.25839996831737
2017,0.634163559911818,-0.842511478118095,0.00287163800358368
2018,0.458767804390669,0.634565964470392,0.668349115534801
2019,-0.21417167014539,0.134374265433117,-0.146909564205248
