"Year","OPR","DPR","CCWM"
2016,-0.447986160068048,-0.21442102467706,-0.808577872979813
2017,-1.21246830342183,-1.45093272873523,-2.88745158070287
