"Year","OPR","DPR","CCWM"
2016,-0.360033579467252,-0.167789371752682,-0.645265754644281
2017,-1.48430540772336,1.03166314656623,-0.891803243716141
2018,-1.94496609126842,-0.181991514365925,-1.4864389234548
2019,-0.226350476982104,-0.506493837600705,-0.71832152316799
