"Year","OPR","DPR","CCWM"
2007,0.242538229983376,-1.7257139168215,-1.14538032581532
2008,0.353374526728052,0.481405947017351,0.743901982178669
