"Year","OPR","DPR","CCWM"
2007,0.242538229983376,-1.7257139168215,-1.14538032581532
2008,0.353374526728052,0.481405947017351,0.743901982178669
2009,0.288240141599634,0.073917476484412,0.258861521482258
2010,-0.823499588942827,0.736036568501332,-0.145320193367018
2011,-0.770369199936695,1.34022379666635,0.299513894947347
