"Year","OPR","DPR","CCWM"
2002,-0.959636571212385,0.880761543429412,-1.41008721259852
2003,-0.324495438486804,0.418052301461746,-0.434510542136465
