"Team","OPR","DPR","CCWM"
2002,10.0137887779557,18.7894523468353,-8.77566356887962
2003,19.3444995034546,31.4777664763697,-12.1332669729151
