"Year","OPR","DPR","CCWM"
2016,-0.947636339785923,0.488021959067849,-0.762506625275824
2017,0.586659928776487,0.200162812286288,0.924700975486046
