"Year","OPR","DPR","CCWM"
2016,-0.332610653885873,1.56889956216955,1.13933725487758
2017,-0.55382185388232,1.04079852723168,0.284605531405565
