"Year","OPR","DPR","CCWM"
2016,-1.10430495330064,0.660019246631364,-0.796642238354893
2017,-0.279730693098894,0.552036360533779,0.168543184759413
2018,-0.0907868509835958,1.63070375625888,0.810938272797448
2019,0.349208207150619,0.111654219266086,0.526707410959955
