"Year","OPR","DPR","CCWM"
2016,0.316491332887873,-0.366798014928618,0.0494881903834923
2017,0.592338353076006,-0.993572643021547,-0.191812323383444
2018,0.661596237640209,-0.24792197522492,0.339233195495175
2019,-0.013907674814872,0.0989130870914823,0.0687637667300876
