"Year","OPR","DPR","CCWM"
2002,1.50874734049457,0.0985494403350906,0.994865330456047
