"Team","OPR","DPR","CCWM"
2002,19.9550649287307,15.1502262094521,4.80483871927867
