"Year","OPR","DPR","CCWM"
2017,-0.73614437704964,0.707741249763138,-0.257719971278514
