"Year","OPR","DPR","CCWM"
2016,-0.184441435583886,0.362893580871062,0.121293581153908
2017,0.211935573434806,0.877833038297932,1.09227842985322
2018,-0.0882453414330494,-0.457168035760582,-0.30852638736828
2019,-0.048140063391249,0.452065979192845,0.333253932271449
