"Year","OPR","DPR","CCWM"
2016,-0.727948269834984,0.885088216909523,-0.0721165126994776
2017,-2.51798309758045,2.51420827489208,-0.793636584637566
2018,-1.10016503005269,1.48760848190106,0.0133960282031497
2019,0.843810882697279,-0.296776498405726,0.78079405685014
