"Year","OPR","DPR","CCWM"
2016,-0.372660339380334,1.16518352047484,0.679928472488663
2017,-1.27250645410052,0.00354434512277466,-1.59373180102325
2018,0.326728845432493,-0.290694222769691,0.0771680402357414
2019,1.03574858008404,0.0285786733765923,1.29949347392988
