"Year","OPR","DPR","CCWM"
2016,-0.9365676083411,-0.487987444819193,-1.73040801053828
2017,-1.15726325093995,0.85060501070051,-0.651773237039595
2018,-0.78717887216295,1.70270177504727,0.352382037188549
2019,-1.60399014141989,-0.473106224109199,-2.38477405108994
