"Year","OPR","DPR","CCWM"
2002,-1.02724149229375,-0.993003037895063,0.0854930623632327
