"Year","OPR","DPR","CCWM"
2016,0.462369433753987,-0.715865000879365,-0.108908504686716
2017,0.139869718281841,-1.47922881011273,-1.21682494828321
2018,0.127153187566401,0.717721738121831,0.476235339359872
2019,-0.0282929047157229,-0.0591098256428204,-0.086140839431593
2020,0.76800402683151,0.16258290840325,0.847824898651655
