"Year","OPR","DPR","CCWM"
2016,0.942472036645228,-0.904683974366255,0.336221257032808
2017,0.901210952760541,-0.636105949431649,0.532316838145299
2018,0.00566707236395655,-0.363329678885465,-0.191077794664768
2019,-0.135069603897986,0.478831111443335,0.249509436308746
