"Year","OPR","DPR","CCWM"
2002,-1.17859492739947,-1.98660310579619,0.796174001531116
2003,1.46589501806469,-1.87489507234586,1.95443980268559
