"Team","OPR","DPR","CCWM"
2002,9.13194642188952,5.44909576632334,3.68285065556617
2003,38.8239619153582,2.95289803211447,35.8710638832437
