"Year","OPR","DPR","CCWM"
2020,0.796791133911403,-0.0605683972740198,0.732515498942201
