"Year","OPR","DPR","CCWM"
2020,1.99863517463185,-0.257645550272148,1.7695779512072
