"Year","OPR","DPR","CCWM"
2007,0.904999863051989,1.02736858329263,1.36441784221617
2008,0.0401171539248633,0.379630343412382,0.355760706273246
2009,1.6737070550312,0.201934883064848,1.35418013582744
2010,0.347080637933046,0.454541197597135,0.685512130890128
2011,2.58448574043166,-1.12250656282607,1.67283956092909
