"Year","OPR","DPR","CCWM"
2007,0.904999863051989,1.02736858329263,1.36441784221617
2008,0.0401171539248633,0.379630343412382,0.355760706273246
