"Team","OPR","DPR","CCWM"
2002,10.4836585987553,8.91033844093756,1.57332015781769
2003,22.8332745719804,16.8241323655138,6.00914220646669
