"Year","OPR","DPR","CCWM"
2016,-0.284297480799858,-0.130853673432588,-0.507877891449483
2017,0.225000058503759,0.228517203734244,0.497486693528743
2018,0.754752372513047,0.719660872366966,0.925381157521398
2019,0.317110222877261,0.760914281887784,1.05091476398961
