"Year","OPR","DPR","CCWM"
2016,-0.0577689375563588,-1.86126731199081,-1.95016589611203
2017,-0.847759031836193,-0.147354277535965,-1.20268756012404
