"Year","OPR","DPR","CCWM"
2020,-0.910134682846363,-1.22396740729918,-1.66642779502761
