"Team","OPR","DPR","CCWM"
2002,9.1834483890905,12.1286201620545,-2.94517177296396
2003,26.2300700934176,33.9610140451389,-7.7309439517213
