"Year","OPR","DPR","CCWM"
2007,-0.915204429227855,-1.37879281801497,-1.63642449560012
2008,-0.851908806238928,-0.648145562151955,-1.36559148724413
