"Year","OPR","DPR","CCWM"
2002,-1.16580717003994,-0.550911937395316,-0.377573409035236
2003,0.30836904265247,0.617666052615442,-0.21542757791367
