"Year","OPR","DPR","CCWM"
2016,0.295711356163195,-0.128513633833403,0.26187493405262
2017,-0.325624549267121,0.305555647317705,-0.121063734307532
2018,-0.302917919518552,0.0395168787659487,-0.195060410722728
2019,-1.40023825517659,1.46037538868832,-0.45530452040857
