"Team","OPR","DPR","CCWM"
2002,14.2633236506469,10.8974718411851,3.36585180946187
2003,34.3780980893479,12.2028045110518,22.1752935782961
