"Year","OPR","DPR","CCWM"
2007,0.883955955636359,-1.11785304281116,-0.269181286293531
2008,1.14080193666093,-1.26890550868811,0.0447326264598738
2009,1.65781078382316,-0.14418478250679,1.11576176108568
