"Year","OPR","DPR","CCWM"
2002,0.0955079950283278,-0.815533887484067,0.74003711020651
2003,1.05726812698826,-1.13134917974011,1.27286556533924
