"Year","OPR","DPR","CCWM"
2016,-0.0415260290087851,0.35709343417976,0.304542863283241
