"Year","OPR","DPR","CCWM"
2016,-1.16975629038971,0.383265515328407,-1.16184676022375
2017,-1.64966896727506,1.07706909261362,-1.0566041857328
2018,-1.05278521292055,-0.0432128243844859,-0.774893486342469
2019,-1.62506632077212,0.992564266386029,-1.13816677337189
