"Year","OPR","DPR","CCWM"
2007,0.684484612283112,0.147537237877878,0.556608207597313
2008,-0.843318723614569,2.72295264207653,1.45708795902881
2009,-0.824353769837379,0.271219564220489,-0.424069202532295
2010,-0.123783900866011,0.82372129839443,0.560239012312518
2011,-0.117661771270026,2.49046686201351,1.85990055064121
