"Year","OPR","DPR","CCWM"
2007,0.684484612283112,0.147537237877878,0.556608207597313
2008,-0.843318723614569,2.72295264207653,1.45708795902881
2009,-0.824353769837379,0.271219564220489,-0.424069202532295
2010,-0.123783900866011,0.82372129839443,0.560239012312518
2011,-0.117661771270026,2.49046686201351,1.85990055064121
2012,-0.942844959421098,0.577138220812548,-0.566428436080981
2013,-0.719188633241044,0.989876229698852,0.0265196992562482
2014,-1.09688585770403,1.41324064608008,-0.0141539101506965
2015,0.2670393571585,-0.24563077611519,0.0863843745232183
