"Year","OPR","DPR","CCWM"
2002,-0.84094025945051,0.864597613879723,-1.31211381015532
2003,-0.631975517221707,0.751392596536442,-0.807363514464959
