"Year","OPR","DPR","CCWM"
2007,0.684484612283112,0.147537237877878,0.556608207597313
2008,-0.843318723614569,2.72295264207653,1.45708795902881
