"Year","OPR","DPR","CCWM"
2016,-1.33063908308577,1.36752332502467,-0.383857461256864
2017,-1.81052657728057,1.03299564337766,-1.29997512491318
2018,-1.21421233440394,0.886098611339689,-0.391070838355257
2019,-0.612687844705684,0.435760315429988,-0.375683825823661
2020,-0.484266204872237,0.611335290584626,-0.0765755372995696
