"Year","OPR","DPR","CCWM"
2020,0.930273439208434,-0.669690978373972,0.47091514617693
