"Team","OPR","DPR","CCWM"
2002,15.3554067217955,9.5667063502654,5.78870037153012
2003,28.1038422845198,15.2981842798805,12.8056580046393
