"Year","OPR","DPR","CCWM"
2002,0.366668381500499,-1.10156746552551,1.16909604242752
2003,0.480590625454001,-0.882529700493666,0.806582758448026
