"Year","OPR","DPR","CCWM"
2007,-0.109972002902928,-1.41143967507425,-1.13734172922393
2008,-0.277602172835054,0.522246426998279,0.167331833513259
2009,-0.101893568602933,-0.189767393352814,-0.198740425590711
