"Year","OPR","DPR","CCWM"
2016,0.308353323518072,-0.0120793403367183,0.395815353932972
2017,-0.71226716008701,0.443253460104072,-0.476709934561729
2018,0.0547034663574336,-0.2874248609102,-0.115301681770569
2019,0.637512104371475,-0.144881178652644,0.658785925065951
