"Year","OPR","DPR","CCWM"
2016,-0.382997834792898,1.22505905779228,0.7265277075824
2017,-0.465758614061891,0.0684985707033064,-0.52007719240202
2018,-2.05163299193229,-0.110379910108678,-1.52414026070771
2019,-0.824121313113339,-0.666472504533879,-1.59288823652377
