"Year","OPR","DPR","CCWM"
2007,-0.34080223458628,-1.27044559611913,-1.18100892915848
2008,-1.02870242339614,0.406298128044769,-0.656390472893916
