"Year","OPR","DPR","CCWM"
2016,0.863443060571403,-0.841644310550838,0.295121601864575
2017,-0.0592462765956637,-0.416779025999961,-0.466663467392072
2018,-0.313004031550997,-0.270191727990601,-0.368589061803511
2019,1.0355357379619,0.359495398467453,1.58654478980578
2020,-0.056475343113571,-1.59454166121315,-1.07776386302408
