"Year","OPR","DPR","CCWM"
2016,-0.737530416330761,0.754767497475197,-0.215987979621616
2017,0.239341825352587,0.356946564411699,0.63637449489684
2018,0.414033207494456,1.55054864539572,1.12833183612608
2019,-0.284275619444999,1.43689614365113,0.897708736418417
2020,-0.857015288060592,-0.478508434847303,-1.13670126956256
