"Year","OPR","DPR","CCWM"
2016,-0.495101911123636,-1.64352631030254,-2.30959235660508
