"Year","OPR","DPR","CCWM"
2016,-0.469877744929459,-0.26207498790744,-0.885515277695061
2017,-1.61439695019803,-0.839416959214251,-2.81628696796135
2018,-0.635521344953951,0.384961106699914,-0.24701971902171
2019,-0.926237324923447,-0.364739552005975,-1.45658600030216
