"Year","OPR","DPR","CCWM"
2016,-0.496451410575482,-0.775399699210599,-1.43743699931089
