"Year","OPR","DPR","CCWM"
2016,0.888822153191105,0.096822797731765,1.2734525792342
2017,-0.144466418307797,-0.737761693997919,-0.875754358945662
2018,-0.940918376351859,-0.894724326021817,-1.15232006916127
2019,-1.48660274342323,-1.46438535941451,-3.1009696783387
2020,-1.4296104066857,2.34956790974894,0.123516916053518
