"Year","OPR","DPR","CCWM"
2016,-0.052526279374419,0.190140083091171,0.121917156797277
2017,-0.600958863608471,1.91342414690168,1.04683148210687
