"Year","OPR","DPR","CCWM"
2002,-0.101440945926275,-0.407379872308173,0.263291663042078
2003,0.0507492380719383,-0.912476089941081,0.592386064169966
