"Team","OPR","DPR","CCWM"
2002,13.4701229656374,12.7964002190894,0.67372274654808
2003,23.4271645699184,14.925643318354,8.50152125156444
