"Year","OPR","DPR","CCWM"
2007,-0.30864446952128,-0.176404380027412,-0.333954461916269
2008,0.0153894124545256,-0.00994805696072116,0.0065888862959568
2009,0.198557460902117,1.67206020090245,1.24066036685034
2010,1.62400697910774,-0.330411442060467,1.20173371884873
2011,-0.721473991911097,-0.498188490873247,-1.11108276492332
