"Year","OPR","DPR","CCWM"
2007,-0.30864446952128,-0.176404380027412,-0.333954461916269
2008,0.0153894124545256,-0.00994805696072116,0.0065888862959568
