"Year","OPR","DPR","CCWM"
2016,-0.33353484200133,1.69599597227396,1.26606211432611
2017,-0.236132331483043,1.15737308580688,0.793053335551304
2018,-1.11303732733179,1.1744547273759,-0.163972149315836
2019,-0.255130954438038,0.467786537722437,0.0921624264694401
2020,-0.0749589676927582,0.634227500749735,0.334364900444421
