"Year","OPR","DPR","CCWM"
2016,-1.51720074174439,0.0434810182081841,-1.96360316760966
2017,-1.11673629044068,-0.615510799534986,-1.98093598781574
