"Year","OPR","DPR","CCWM"
2016,-0.586811607965415,0.791544244164424,0.0204478644294614
2017,-0.926162184956064,0.288804834582774,-0.890539861921309
2018,0.200022696610076,0.383596398546492,0.348823953542887
2019,-0.57267653523357,-0.686809351460031,-1.30109600839011
