"Team","OPR","DPR","CCWM"
2002,15.0712910057435,23.1507387598435,-8.07944775409997
2003,35.1369114946966,25.2023551378637,9.93455635683287
