"Year","OPR","DPR","CCWM"
2002,0.296123448241484,1.81817265461934,-1.28679530787058
2003,1.12701195515517,-0.0863913202962263,0.663701498586315
