"Year","OPR","DPR","CCWM"
2016,-1.08564850472859,0.399970910363349,-1.03374829437198
2017,-1.33290149646244,0.81235730454487,-0.908211055996621
2018,0.299096276165171,-1.00563341993378,-0.326515452458919
2019,-0.937022064479515,0.846784679936686,-0.417971703319492
