"Year","OPR","DPR","CCWM"
2016,-2.16881596541301,1.33049551776557,-1.53010691616798
2017,-3.00422625825491,2.44971978049728,-1.46460119545044
2018,0.220213059430779,1.67845574048711,1.05863643767939
2019,-0.716332391171972,1.506777435786,0.426656181114322
