"Year","OPR","DPR","CCWM"
2002,0.325544807531264,1.15159836924056,-0.716620148678639
2003,-0.714122452806824,2.34925829761528,-1.84107004027254
