"Year","OPR","DPR","CCWM"
2007,-0.168105839832388,-1.27377596475768,-1.07119945103132
2008,-0.426742778514004,-0.210765479665925,-0.58896398849121
2009,-0.704389865307708,0.463289412515137,-0.210628135222982
