"Year","OPR","DPR","CCWM"
2007,-0.168105839832388,-1.27377596475768,-1.07119945103132
2008,-0.426742778514004,-0.210765479665925,-0.58896398849121
2009,-0.704389865307708,0.463289412515137,-0.210628135222982
2010,-0.90168258971355,0.382131612370033,-0.50504717916695
2011,-0.182823210547929,2.15765699110893,1.53111964052322
