"Year","OPR","DPR","CCWM"
2016,0.440357085239879,0.376561912790977,0.961710829081177
2017,0.0862893712843764,-0.406002996656563,-0.273864678629193
2018,-0.465494747975194,-0.579518109630519,-0.643589010872947
2019,-0.60456144448601,-0.0907450587571516,-0.82281282015922
2020,-0.481068855006109,0.174216764129887,-0.353944152498425
