"Year","OPR","DPR","CCWM"
2016,-0.415745241760546,-0.266502778461063,-0.818351182203998
