"Year","OPR","DPR","CCWM"
2007,0.295929700661227,1.18803007421285,1.08958908638107
2008,0.0224378642375254,-0.226150817993729,-0.167086714129976
2009,0.822105884968797,0.435997069638545,0.88587020982758
2010,0.552432357008588,-0.436178380833777,0.144488367732482
2011,0.0719692061867952,-0.108307021368502,-0.0145688283184349
2012,2.02944845967579,-0.867128726739963,1.55818307671304
2013,0.644907451130391,-0.665415173047568,0.169301063471625
2014,-0.519901168464718,0.293689118032713,-0.276927017157773
