"Team","OPR","DPR","CCWM"
2002,11.064958945328,13.2072012154225,-2.14224227009447
2003,28.5938198439495,33.9093739289153,-5.31555408496583
