"Year","OPR","DPR","CCWM"
2002,-0.698634714885738,-0.319082663186122,-0.235383723495896
2003,0.525625294675224,0.613515005640084,-0.0952249555220518
