"Year","OPR","DPR","CCWM"
2020,-0.00958097963251639,-0.954763907188837,-0.62187100328122
