"Year","OPR","DPR","CCWM"
2007,0.295929700661227,1.18803007421285,1.08958908638107
2008,0.0224378642375254,-0.226150817993729,-0.167086714129976
