"Year","OPR","DPR","CCWM"
2002,-0.154229493919698,0.617649119186893,-0.618880611021269
