"Team","OPR","DPR","CCWM"
2002,13.2575200837631,17.5653270647209,-4.30780698095777
