"Year","OPR","DPR","CCWM"
2016,-0.617098159287229,1.15235894913839,0.343607630731978
2017,-0.687603375475615,0.710526853021037,-0.194176217250164
2018,-0.566786833120139,-0.00844004450730748,-0.409217210369658
2019,0.0791958176454094,0.3661454142577,0.415365138263266
