"Year","OPR","DPR","CCWM"
2007,0.582287910752075,0.860109800887267,1.02821975381348
2008,-1.23991331409492,-0.00299360612575112,-1.20250034699214
2009,-0.0571697218535851,0.407380408725937,0.225222647853769
