"Year","OPR","DPR","CCWM"
2002,-0.0323949872895357,-1.61055001670343,1.30382968449933
2003,2.44019008486989,-1.83082816646979,2.45468736334411
