"Year","OPR","DPR","CCWM"
2020,1.40496779888758,-0.522241265760935,1.02507576065748
