"Team","OPR","DPR","CCWM"
2002,13.7482016464485,7.19867522879433,6.54952641765415
2003,49.424299993841,3.50110193213379,45.9231980617072
