"Year","OPR","DPR","CCWM"
2016,-0.833206594829801,0.440681888434919,-0.658764240017558
2017,0.226296641549385,1.29214964769336,1.50029058094953
2018,-1.38531583381531,-1.00035437251698,-1.52634685860275
2019,-0.138155212346231,0.207928921403432,0.0105054449884324
