"Year","OPR","DPR","CCWM"
2016,-0.696932159542768,1.31252406686728,0.399218812881556
2017,-1.02109557987939,1.56129889155136,0.188087313959811
