"Year","OPR","DPR","CCWM"
2007,-0.140728367124648,-2.05673086639086,-1.64462205422363
2008,-0.216988892460157,0.684567376071652,0.361507865868227
