"Year","OPR","DPR","CCWM"
2002,-0.0681365433103185,0.298350450370952,-0.294407289072351
2003,1.01268609822103,-0.109708383571943,0.616235554513833
