"Year","OPR","DPR","CCWM"
2007,-0.140728367124648,-2.05673086639086,-1.64462205422363
2008,-0.216988892460157,0.684567376071652,0.361507865868227
2009,2.90430853877429,0.353464697588297,2.35185058270449
2010,2.03794501603489,-0.7813530531326,1.20868711143884
