"Team","OPR","DPR","CCWM"
2002,13.6042545575148,16.0797964054663,-2.47554184795151
2003,33.8930452616589,24.9122847376252,8.98076052403372
