"Year","OPR","DPR","CCWM"
2002,-1.90950016251663,-0.438335084130858,-1.00073818311302
2003,0.585791100498537,1.01473215765034,-0.311039306197665
