"Year","OPR","DPR","CCWM"
2007,-0.0412560137323479,-0.650868661845745,-0.51832114550138
2008,-1.17865847374286,0.179765805665479,-0.990640328036716
2009,-0.478784016337047,0.554799664691543,0.014037280388652
2010,1.44633753537513,-0.39058008393803,0.991639874231012
2011,1.71810186090634,-1.39715330176906,0.595429114621592
2012,0.554888214948039,0.00815480275837456,0.64762428062916
2013,0.323670566671456,-1.69508167430009,-1.09766304963123
2014,-0.222632709813609,0.210143875712324,-0.0579704424722364
2015,-0.203370558989905,-0.72108381896245,-1.10787235020709
