"Year","OPR","DPR","CCWM"
2007,-0.0412560137323479,-0.650868661845745,-0.51832114550138
2008,-1.17865847374286,0.179765805665479,-0.990640328036716
