"Year","OPR","DPR","CCWM"
2007,-0.0412560137323479,-0.650868661845745,-0.51832114550138
2008,-1.17865847374286,0.179765805665479,-0.990640328036716
2009,-0.478784016337047,0.554799664691543,0.014037280388652
2010,1.44633753537513,-0.39058008393803,0.991639874231012
