"Year","OPR","DPR","CCWM"
2017,-0.952582373253689,0.261998236910286,-0.948931232701726
2018,0.479026797102885,1.75657380962407,1.28538171936605
2019,0.00237560718454843,0.23797493170685,0.209541627522188
