"Year","OPR","DPR","CCWM"
2018,-0.260281591580995,-0.173356663782892,-0.278940654407071
