"Team","OPR","DPR","CCWM"
2002,14.5537010478797,11.9379890308949,2.61571201698482
2003,17.0846779625327,18.4681710538411,-1.38349309130844
