"Year","OPR","DPR","CCWM"
2017,-0.130998595217924,0.882275746216776,0.666058365000467
2018,-0.638335747945659,-0.0980800873249626,-0.508443634789192
2019,-0.826395516145539,0.746326102909742,-0.369046827471311
