"Year","OPR","DPR","CCWM"
2017,-0.125062363490923,-0.271855140221669,-0.412852357898016
2018,0.011019206779052,-0.987057092173117,-0.52222552932465
2019,-0.372743086764761,-0.155878506252832,-0.594068483610303
