"Team","OPR","DPR","CCWM"
2002,10.077979854992,11.7569396169773,-1.67895976198535
2003,6.52855613638858,54.7201145442833,-48.1915584078947
