"Year","OPR","DPR","CCWM"
2017,0.469143291226603,-0.220327564386881,0.381411466201435
2018,-0.108686161503501,0.671071956279459,0.282793578871455
2019,0.30396845978908,-0.787956498088423,-0.310041377099454
