"Year","OPR","DPR","CCWM"
2017,0.0900754497867588,-0.849672181421973,-0.686730138100957
