"Year","OPR","DPR","CCWM"
2002,0.41081666628405,-0.61716014526213,0.801479413247332
