"Year","OPR","DPR","CCWM"
2017,0.556135058976874,-0.292665732765082,0.422500570168032
