"Year","OPR","DPR","CCWM"
2017,-0.799975087265066,0.576459630533098,-0.461403988913418
