"Team","OPR","DPR","CCWM"
2002,14.6333213542783,4.77831416938256,9.85500718489579
