"Year","OPR","DPR","CCWM"
2002,0.187377123816292,-2.13078031926205,1.88919274460701
