"Year","OPR","DPR","CCWM"
2017,0.184521583749194,-0.395790257177475,-0.140964607409737
2018,-0.547380136460821,-0.106355525007345,-0.447945806405701
2019,0.534672149255894,0.25482684409643,0.879262533343386
