"Year","OPR","DPR","CCWM"
2017,-0.532137701846316,-0.261230370426734,-0.913754186301269
2018,0.0652417420048987,0.0397775884165301,0.0679447786043112
2019,0.222131002022919,0.375255475637284,0.59918302776179
