"Year","OPR","DPR","CCWM"
2017,0.841558137310911,0.164083923321423,1.2106523758601
2018,0.582309233333672,-0.195157040641398,0.310959549801824
2019,-0.00366280215753621,-0.0819107640631548,-0.0756254930236281
