"Team","OPR","DPR","CCWM"
2002,13.4773492053111,16.9748864590556,-3.4975372537445
2003,11.529111946569,49.9568741087216,-38.4277621621527
