"Year","OPR","DPR","CCWM"
2002,-0.0996466960249373,0.490740328560918,-0.475391055210006
2003,-1.04282097541479,1.90347970662977,-1.74306421279329
