"Year","OPR","DPR","CCWM"
2017,-1.11330935794851,1.27867231639989,-0.193677142566701
