"Year","OPR","DPR","CCWM"
2002,-0.798773954399309,0.165295396349137,-0.705884186083098
2003,0.0428147439590119,-0.587869371268312,0.387128037100178
