"Team","OPR","DPR","CCWM"
2002,10.661653839987,15.4607604324973,-4.79910659251036
2003,23.3408372108417,18.9638362799684,4.37700093087337
