"Year","OPR","DPR","CCWM"
2017,0.209222817816754,0.490417279482595,0.724206823103076
2018,-2.26836933206825,-1.8203436921925,-2.59721553739006
2019,0.073748024737527,-0.112026425663223,-0.00650458196675699
