"Year","OPR","DPR","CCWM"
2002,0.760625674586795,1.3857417048184,-0.599225204352321
2003,-0.0979766025510772,0.352457916681928,-0.271253548982185
