"Team","OPR","DPR","CCWM"
2002,16.9420473669593,21.1388624300045,-4.1968150630452
2003,21.8090262406542,30.6617550764137,-8.85272883575954
