"Year","OPR","DPR","CCWM"
2017,-1.05944174250362,1.25139571637689,-0.151745154185596
2018,-0.730875248594582,1.19245009402506,0.118555028111382
2019,-1.36349882501274,0.12528622643788,-1.56926007592293
