"Year","OPR","DPR","CCWM"
2017,-1.47519192918911,0.841949301041375,-1.05893927481731
