"Year","OPR","DPR","CCWM"
2017,-0.342826402793679,0.0726712307036912,-0.361862626619692
2018,0.683451977885548,1.38889717676523,1.23388226444243
2019,0.773067919275996,-0.494551820195629,0.522016414122458
