"Year","OPR","DPR","CCWM"
2017,-0.177124990293146,-0.02505064788221,-0.245881633122794
2018,-1.97544643864458,-1.94399553893197,-2.45447574376133
2019,-1.00777935240091,-0.0758257709525157,-1.30609370987165
