"Year","OPR","DPR","CCWM"
2007,1.09845869798887,1.10122407668624,1.54601654633434
2008,-0.117028393038496,-1.265061639191,-1.16939972072714
