"Year","OPR","DPR","CCWM"
2002,-1.69310827067935,-1.29133068660929,-0.143620180122573
2003,1.58648181596456,-0.951565124699473,1.44810356035414
