"Team","OPR","DPR","CCWM"
2002,7.05977312480029,8.68383676623537,-1.62406364143508
2003,40.135947235916,14.4393654443684,25.6965817915476
