"Year","OPR","DPR","CCWM"
2017,-0.57055679298282,-1.62618696160567,-2.24677951306736
2018,0.711598521087152,1.20545972300035,1.15546482551497
2019,1.713252930297,-1.65744194893817,0.669427109911043
