"Year","OPR","DPR","CCWM"
2017,-0.320355173050342,0.980794197610246,0.521138591225261
2018,-0.687395272638347,-0.0350926580808418,-0.509644996731885
2019,-0.268343627688781,-0.582679915775449,-0.836149241604586
