"Year","OPR","DPR","CCWM"
2017,-1.04674387468469,1.87046106035216,0.446905600861793
2018,1.53294643819906,-0.0359785791900599,1.07519825113892
2019,-0.535062815749842,-1.25926163596101,-1.75182807856488
