"Year","OPR","DPR","CCWM"
2002,-0.510377627035199,-0.362717977241947,-0.0651648637780794
2003,0.317738763149976,1.39922294759407,-0.694211188459213
