"Team","OPR","DPR","CCWM"
2002,11.8231536851279,13.0041887910472,-1.18103510591923
2003,26.3320127269774,43.6837873916311,-17.3517746646537
