"Team","OPR","DPR","CCWM"
2002,21.878859788722,10.5404305568559,11.338429231866
2003,23.3906493043382,29.8605517465203,-6.46990244218206
