"Year","OPR","DPR","CCWM"
2007,-2.49959450197752,-1.18793331632754,-2.52281265466258
2008,1.01278186279379,1.61229646996284,2.32620880473098
2009,-1.17849974393129,1.44488856860457,0.0865048872986181
2010,-1.12479986244601,1.3351360746178,0.0707224083870509
2011,-0.67447674026243,0.0841669819319182,-0.602262485582169
2012,-0.800867175376033,-1.19338413849837,-2.00235427978276
2013,-1.0846400462406,2.05612620962073,0.529385948658746
2014,0.0493673889295152,1.14884072048777,0.871615505757224
2015,-0.652622623830114,1.12044420070402,0.385736609525606
