"Year","OPR","DPR","CCWM"
2017,-1.26656217343722,0.789451508832536,-0.846512211403729
2018,0.611539917573569,0.401306512268786,0.652157443600236
2019,-1.78889778107891,0.42992718353257,-1.82829255787773
