"Team","OPR","DPR","CCWM"
2002,18.6187135869079,25.656914595403,-7.03820100849506
