"Year","OPR","DPR","CCWM"
2002,1.17693600133504,2.35684791058098,-1.10240234834261
