"Year","OPR","DPR","CCWM"
2017,-1.32144423290465,-1.16801354781462,-2.75791623369324
2018,0.499219560315074,-0.819285419567338,-0.0835507742409463
2019,-0.0272131914516674,-1.92729964620962,-1.70683856932311
