"Year","OPR","DPR","CCWM"
2002,0.57340784282183,1.7781291621482,-1.05604019668524
2003,-0.377970526879932,-0.942099421416556,0.378596665840836
