"Team","OPR","DPR","CCWM"
2002,16.1880381720777,22.9644372134258,-6.77639904134803
2003,18.7626901162813,14.5571212829724,4.20556883330892
