"Year","OPR","DPR","CCWM"
2017,0.520840435672,-0.185745753449322,0.478845513111568
2018,0.0617039429071813,0.960509768207677,0.559892611379939
2019,0.497670847174388,-0.329161864049125,0.326686538585307
