"Year","OPR","DPR","CCWM"
2017,-0.896724254571652,-0.729677403681681,-1.81227117231513
2018,-1.06729258489975,-0.320586403554922,-0.934213570365871
2019,-0.780499985618104,1.36052934636409,0.220708459443129
