"Year","OPR","DPR","CCWM"
2017,-1.10112693752398,-0.553305802736289,-1.90279300380508
2018,-0.843851618239004,-0.337717123745912,-0.783877171542426
2019,-0.70032626340777,-0.910167626639689,-1.65211996462339
