"Year","OPR","DPR","CCWM"
2017,-0.0187227386911919,-0.0967308010661185,-0.114548930659535
2018,2.75862983958686,1.86507012456908,2.97128051369968
2019,0.916853406040348,0.376575628198881,1.45531383740382
