"Year","OPR","DPR","CCWM"
2002,-0.0332799449858017,-0.835858148030221,0.664928880423329
