"Team","OPR","DPR","CCWM"
2002,13.7446375295384,10.8029136262074,2.94172390333093
