"Team","OPR","DPR","CCWM"
2002,13.3144644928412,14.8122334467794,-1.49776895393824
2003,-4.87590484537856,24.9432865689947,-29.8191914143733
