"Year","OPR","DPR","CCWM"
2002,-0.140090397379352,0.0259015696779027,-0.121254826954845
2003,-2.55063391618268,-0.107216327632725,-1.3146560319157
