"Year","OPR","DPR","CCWM"
2017,-0.38596356328604,0.401302261964093,-0.106668198684604
2018,-0.377839442694059,1.0419645430571,0.289804423729514
2019,-2.3810763459559,-0.77335988953891,-3.60181310930721
