"Year","OPR","DPR","CCWM"
2017,-1.23677631181833,1.48935358571924,-0.150325001837768
