"Year","OPR","DPR","CCWM"
2017,-1.43417268733805,1.65002726122405,-0.246829671663497
2018,-1.23933825848058,0.383933238411602,-0.678695658428131
