"Year","OPR","DPR","CCWM"
2002,0.454243880596313,0.62517698988819,-0.19111085533449
2003,-0.437120624664047,0.804150621572128,-0.734522078231311
