"Team","OPR","DPR","CCWM"
2002,15.708112075458,17.6003503323316,-1.89223825687363
2003,18.1191365817828,36.2809311340077,-18.1617945522249
