"Year","OPR","DPR","CCWM"
2017,-0.631901843639996,1.35144933655008,0.479020285464577
2018,-1.10904134573642,0.976825413087197,-0.267254690738692
