"Year","OPR","DPR","CCWM"
2017,-0.00463966153046458,-1.37598085640702,-1.3010071472234
2018,-0.841719061893946,-1.53509551301423,-1.42539956768766
