"Year","OPR","DPR","CCWM"
2017,-1.63105548732459,0.827804247084067,-1.26787137632547
