"Team","OPR","DPR","CCWM"
2002,18.7777953215285,20.7347493103568,-1.95695398882832
2003,23.8719672259579,16.458086219339,7.41388100661884
