"Year","OPR","DPR","CCWM"
2002,1.21643543666189,1.29888198209863,-0.202571275636895
2003,0.0916318052384338,-0.789291966158336,0.538259311606936
