"Year","OPR","DPR","CCWM"
2007,0.0357018773255789,-0.466181658749651,-0.328804687504811
2008,0.222895039234394,0.155236946675548,0.345319934439022
2009,-0.572306876839182,0.100300254876289,-0.352072302003386
2010,-0.752436717841886,0.199536442002226,-0.518872115171286
2011,-0.523437771334229,-0.219739595731615,-0.693638360139924
2012,-0.206320209554506,0.425553076825702,0.146444382174099
2013,-0.38903192873676,-0.177926013767219,-0.605489314826732
2014,-0.619029950365059,-0.0669538552766926,-0.629027885960725
