"Year","OPR","DPR","CCWM"
2007,0.0357018773255789,-0.466181658749651,-0.328804687504811
2008,0.222895039234394,0.155236946675548,0.345319934439022
2009,-0.572306876839182,0.100300254876289,-0.352072302003386
2010,-0.752436717841886,0.199536442002226,-0.518872115171286
2011,-0.523437771334229,-0.219739595731615,-0.693638360139924
