"Year","OPR","DPR","CCWM"
2007,0.0357018773255789,-0.466181658749651,-0.328804687504811
2008,0.222895039234394,0.155236946675548,0.345319934439022
2009,-0.572306876839182,0.100300254876289,-0.352072302003386
