"Year","OPR","DPR","CCWM"
2017,-0.982278696664458,-0.668321706537373,-1.86189393806322
2018,0.0261646765013522,-0.519135178267229,-0.260116980083405
2019,-0.335383372027246,2.02301302802778,1.3436979738139
