"Year","OPR","DPR","CCWM"
2017,0.186599184570749,-0.00934137742244304,0.225399739403727
2018,0.682918300808939,0.141431878362093,0.563557302990258
2019,1.5779056946948,-0.954172312518581,1.11346009892317
