"Year","OPR","DPR","CCWM"
2002,-0.336136102943795,-0.118238274195666,-0.142320443890759
2003,0.0505500575163969,-0.58114265326195,0.387151831472802
