"Year","OPR","DPR","CCWM"
2007,1.38506724286931,-0.644870779876176,0.413910044014097
2008,-1.07095349520812,-0.475262445392366,-1.43325353556447
