"Year","OPR","DPR","CCWM"
2017,-0.769850908673923,0.490394924850951,-0.504607469437787
2018,0.127369934367287,0.220103945170831,0.209147380875838
2019,0.527459571007766,-0.0414779447539557,0.613124133123127
