"Team","OPR","DPR","CCWM"
2002,16.9967184777684,21.0852295856087,-4.0885111078403
2003,13.708542167205,24.8856513881144,-11.1771092209095
