"Year","OPR","DPR","CCWM"
2017,-0.584246194830638,0.685092621981206,-0.0883978216416889
2018,-0.0821055741770962,1.53283902138513,0.764579003562227
