"Year","OPR","DPR","CCWM"
2017,0.888883762192671,-0.915263642816805,0.254079786829676
2018,-0.449875992719447,-0.726254274804216,-0.71124105079633
2019,0.253037460432521,-0.45753106598765,-0.0858347061199892
