"Year","OPR","DPR","CCWM"
2017,-0.586915086610469,0.327735205773085,-0.428121041537167
2018,-0.16121151969993,-0.0505285061351768,-0.142240702975859
2019,-0.598157212524579,-0.171086199576571,-0.884686162122851
