"Year","OPR","DPR","CCWM"
2002,0.545849564692189,-0.121085494093462,0.489070270927734
2003,0.589132405614057,-0.442684960662254,0.593047342053877
