"Year","OPR","DPR","CCWM"
2002,-2.38909608404246,-0.0461726827262142,-1.66589601805197
2003,0.861190514952963,-0.869061000784407,1.00431902475805
