"Year","OPR","DPR","CCWM"
2017,-1.02320246464747,-0.567540049508936,-1.81839177585554
2018,-0.942797797482646,2.12291655398738,0.466944352606041
