"Year","OPR","DPR","CCWM"
2002,-1.43553981741952,-0.951032813798002,-0.240290508554801
2003,1.41020097365944,-0.321101152839436,0.962340669089116
