"Team","OPR","DPR","CCWM"
2002,8.09711545612882,10.267065801342,-2.16995034521321
2003,38.2180102691187,22.2825030852845,15.9355071838343
