"Year","OPR","DPR","CCWM"
2002,1.01613614338001,0.711666357867889,0.138380099839632
2003,-2.41376344471425,0.611151216878942,-1.68528463106275
