"Year","OPR","DPR","CCWM"
2017,-2.12396283070894,2.50765711953878,-0.305285199663327
2018,-1.3501039943384,-0.017254468225554,-0.973237649948346
2019,-1.07534789395886,1.13130087819815,-0.341180532133165
2020,-0.405716556768543,0.277868802880615,-0.214490003835099
