"Year","OPR","DPR","CCWM"
2017,-0.881540253757077,-1.17747268255377,-2.21471540297616
2018,-0.777645898009452,0.0994930450888222,-0.501805279830667
2019,1.59140899670625,-0.144111580573473,1.83340094152963
