"Team","OPR","DPR","CCWM"
2002,9.7927364712323,14.4724597924794,-4.6797233212471
2003,20.8678246637924,39.7621286071254,-18.894303943333
