"Year","OPR","DPR","CCWM"
2007,3.19011492074671,0.121107205154495,2.16634973891977
2008,-1.41071063151141,1.36680788463178,-0.224219166418815
2009,-1.50082746049886,-2.31858669552123,-2.61502416512245
2010,-0.482771618183457,-0.286737865256295,-0.671480085025734
