"Year","OPR","DPR","CCWM"
2017,-0.321267810442853,-0.0362015239321379,-0.437285179750331
2018,-1.01152205473913,-0.249068290138035,-0.855985153214083
