"Team","OPR","DPR","CCWM"
2002,18.0794570906918,11.5624717113635,6.51698537932837
2003,20.5527734343424,27.3929329035119,-6.84015946916952
