"Year","OPR","DPR","CCWM"
2017,-0.890484606731056,0.954008250409359,-0.219619389740977
2018,-1.03319878157272,1.61564748359488,0.129972374582016
2019,-1.89436611882512,0.848251772889203,-1.59488711927136
