"Year","OPR","DPR","CCWM"
2017,2.08892565411412,1.96746931478369,4.47366131507429
2018,-0.805905074349347,1.36200129231655,0.156040375916637
2019,-0.294579662219837,0.230492697131423,-0.162413172043377
