"Team","OPR","DPR","CCWM"
2002,13.064368249084,14.3399943004896,-1.27562605140558
