"Year","OPR","DPR","CCWM"
2002,-0.202188415290311,-0.07560110199955,-0.081915844711656
