"Year","OPR","DPR","CCWM"
2017,0.52820800647913,-0.827495945914852,-0.115974782596831
2018,0.0624871447707953,1.20209722630707,0.69019494227313
2019,-0.322746031344341,1.25001388596796,0.688106178575346
