"Year","OPR","DPR","CCWM"
2017,-0.121646474458011,-0.321558091991334,-0.45534964779903
2018,-0.627657281272335,1.91206360199677,0.578716637526178
2019,-0.0194274867307818,0.831903440834602,0.698377996473186
