"Year","OPR","DPR","CCWM"
2017,-0.640611330323984,-0.268713217585307,-1.05693822278059
2018,-1.00868645333304,2.5610769659074,0.655211477051778
2019,-0.921570111657771,1.20821174564563,-0.0851518307166742
2020,-0.631531785075853,0.117660544169123,-0.535895652317861
