"Year","OPR","DPR","CCWM"
2017,0.48009345149236,-0.890527294155364,-0.235691473827512
2018,-0.0744305647018673,0.295342866519008,0.105468896017744
2019,2.12608855082753,-1.49752970596514,1.31633911167938
