"Year","OPR","DPR","CCWM"
2017,-0.302689322032568,-0.400660433789692,-0.757026226532106
2018,0.516396829913514,-0.947944552915451,-0.140381874552721
2019,1.60883846156207,-1.4717067628267,0.702187427364865
