"Team","OPR","DPR","CCWM"
2002,12.1323893698069,19.2071980368118,-7.0748086670049
2003,33.774328028586,13.8440044650175,19.9303235635685
