"Year","OPR","DPR","CCWM"
2017,-0.782534639771567,0.417799427466178,-0.588859008345073
2018,-0.442635504958901,0.388348680197106,-0.10748038324584
2019,-1.21905586119478,0.415373661762986,-1.13963238553426
