"Year","OPR","DPR","CCWM"
2016,-0.550025344519844,1.57777293539532,0.860613395002178
2017,-0.388328698143359,0.204835403099635,-0.294567023450764
2018,-0.703420749044955,-1.59507854431632,-1.35886841586532
2019,-1.03699414089811,1.27131024611824,-0.172418196134926
