"Year","OPR","DPR","CCWM"
2015,-0.242111306377272,-0.335584304836299,-0.718941902110471
