"Year","OPR","DPR","CCWM"
2017,-1.21103785724748,1.33683771107385,-0.261582012866993
2018,-1.06033165396514,-0.874320310173133,-1.22662302593177
2019,-0.733117139330526,0.613026243362357,-0.36998601880856
