"Team","OPR","DPR","CCWM"
2002,9.10830700475138,15.7193729518636,-6.61106594711221
