"Year","OPR","DPR","CCWM"
2002,-1.18446451155153,0.220881346499927,-1.02676158555609
