"Year","OPR","DPR","CCWM"
2007,0.466117454362549,0.477069056264213,0.663416859078309
2008,1.01058778334733,0.222909146191483,1.16415347391014
2009,1.14438449512193,-0.530634175421509,0.487704794850615
2010,0.402223999917659,0.0961887115389074,0.442956122564367
