"Team","OPR","DPR","CCWM"
2002,14.4457790975245,8.72093165404257,5.72484744348189
2003,23.4500262037505,22.3074375273812,1.1425886763693
