"Year","OPR","DPR","CCWM"
2002,-0.310778979805693,-0.130241677782698,-0.114345758451787
2003,-0.82147891750012,0.252148377826837,-0.600890687666662
