"Team","OPR","DPR","CCWM"
2002,12.6270259118179,14.0857801164274,-1.45875420460949
2003,13.9373152977123,29.4138780286322,-15.4765627309198
