"Year","OPR","DPR","CCWM"
2017,-1.25119004332743,2.1636322273663,0.466270359837357
