"Year","OPR","DPR","CCWM"
2017,-1.38471000750109,2.15201457378608,0.287759733416595
