"Year","OPR","DPR","CCWM"
2017,-1.37720841703018,0.476802555428308,-1.27966994393476
2018,0.28429046904892,0.0300869825218109,0.219140797860416
2019,-1.06104737082439,0.675568567653027,-0.719263521801575
