"Year","OPR","DPR","CCWM"
2017,-0.232231541816461,-0.926520949915073,-1.16358001274592
2018,-0.209757727301721,0.886014589118928,0.326062385925125
2019,-0.0174703813668874,1.31637097987601,1.12141792110861
2020,-0.755359808787154,1.07553893231141,-0.0411802443744871
