"Team","OPR","DPR","CCWM"
2002,13.0861913543251,22.9329702359422,-9.84677888161706
2003,28.8093624743099,11.856418700373,16.9529437739369
