"Year","OPR","DPR","CCWM"
2007,0.661975727475778,-0.481890934959681,0.066670738884448
2008,0.0400112715334849,-0.837146894155183,-0.660169882660963
2009,-0.0101556674599189,-1.98102919810723,-1.30559064718498
2010,-0.292451113800771,0.173602098153643,-0.123268293469256
2011,0.478451993381607,0.801778192925822,1.11096234063792
2012,0.252650357019852,0.0996855515285573,0.381590205740431
2013,-0.45853844102599,0.200101728198886,-0.357592218635782
2014,0.453488370053654,0.0789433529652063,0.482287699780954
