"Year","OPR","DPR","CCWM"
2007,0.661975727475778,-0.481890934959681,0.066670738884448
2008,0.0400112715334849,-0.837146894155183,-0.660169882660963
2009,-0.0101556674599189,-1.98102919810723,-1.30559064718498
2010,-0.292451113800771,0.173602098153643,-0.123268293469256
