"Year","OPR","DPR","CCWM"
2002,-0.196769814995578,1.77136567735602,-1.59976955575594
2003,0.545436183714002,-1.15919310955428,1.0129737150958
