"Year","OPR","DPR","CCWM"
2017,0.355900741254072,-0.283364014046419,0.179950632648084
2018,-0.753885079266613,-0.954162235077972,-1.05069949264879
2019,-1.27629808925211,-1.62352173764728,-2.98031850976178
