"Year","OPR","DPR","CCWM"
2017,0.751498140660628,-1.09904638109422,-0.0913381165432852
2018,-0.9761438086411,-2.07114198563628,-1.8092591489796
2019,-0.254843600351289,1.14248450894545,0.678312002638756
