"Team","OPR","DPR","CCWM"
2002,13.4664419103075,16.8949961876834,-3.42855427737588
2003,10.022950141556,29.3199073099907,-19.2969571684347
