"Year","OPR","DPR","CCWM"
2007,-1.34287835116336,0.28185038670064,-0.660595763291775
2008,0.935815022231981,1.04306170749656,1.77649308012005
