"Year","OPR","DPR","CCWM"
2020,1.10910962964919,-0.371137682397646,0.835605099985598
