"Year","OPR","DPR","CCWM"
2007,-1.34287835116336,0.28185038670064,-0.660595763291775
2008,0.935815022231981,1.04306170749656,1.77649308012005
2009,0.132835748293243,-0.424308252538861,-0.181077291638557
2010,-1.30646195426887,0.239783321898578,-0.987998156032534
2011,-0.87253956760663,-2.19521907878199,-2.60782445254663
2012,0.103451514281843,-0.166892725247328,-0.0314278631710608
2013,-0.403153058062755,0.18778173832147,-0.304104014011815
2014,-0.0789559413684239,-1.22042508797273,-0.950806652660692
2015,-0.132014995448892,-0.878678984374776,-1.19031206793676
