"Year","OPR","DPR","CCWM"
2017,-1.11947633304299,0.269183746531437,-1.15162907005697
2018,-0.886348344155537,-0.448269520482342,-0.873591254852853
2019,-0.591640855007211,0.806425255882931,-0.0279575840349817
