"Year","OPR","DPR","CCWM"
2017,0.173456789846039,-0.249507304121423,-0.0171582453659092
2018,0.0249446847701354,-1.64810052434311,-0.867292264738949
2019,0.50003776160252,-0.56158917440473,0.12779809765512
