"Year","OPR","DPR","CCWM"
2017,-1.29750025125927,0.793884323206263,-0.88116873766209
2018,-1.19093138932833,-0.188571972783339,-0.951593825553077
2019,-0.062297412502662,0.405754089245366,0.275621119454351
