"Year","OPR","DPR","CCWM"
2002,0.718416299464272,0.3318119567316,0.23900455311926
