"Team","OPR","DPR","CCWM"
2002,16.7720515035709,16.2354753933804,0.536576110190484
