"Year","OPR","DPR","CCWM"
2017,-1.48068826431726,0.749017988136799,-1.15331193167007
2018,-0.122453626172434,0.436989411502305,0.147250982964898
2019,-0.831516326140067,0.611177344760234,-0.492689722771556
