"Year","OPR","DPR","CCWM"
2017,-1.65929193424358,0.279361674343959,-1.81954808691668
2018,0.162071468241171,-0.376486073569926,-0.0864709695931419
