"Team","OPR","DPR","CCWM"
2002,13.7372837002128,12.157646250339,1.57963744987381
2003,33.5467256642787,30.157885468393,3.38884019588576
