"Year","OPR","DPR","CCWM"
2002,-0.0351058749490626,-0.544673095206205,0.423718856626329
2003,0.980855276150322,0.311954785292896,0.337951913061248
