"Year","OPR","DPR","CCWM"
2017,-1.10104535584389,0.622394159284333,-0.796027029830238
2018,-0.0482864729646788,-1.02619092176135,-0.585586245820891
