"Year","OPR","DPR","CCWM"
2017,-1.53105349387145,3.94199179680949,1.78896119177895
2018,-1.13454916166093,2.49057776955144,0.527484604534503
2019,-1.04210543498866,0.198817444732358,-1.10988364762417
