"Year","OPR","DPR","CCWM"
2013,-0.785810892925163,-0.814722502522218,-1.61865568178325
