"Year","OPR","DPR","CCWM"
2013,-0.785810892925163,-0.814722502522218,-1.61865568178325
2017,-0.897726676754779,-0.893909431714689,-1.9681176936993
