"Year","OPR","DPR","CCWM"
2017,-0.926017812560618,-0.499713388732834,-1.63257558521131
2018,0.348994421782605,0.00831334209716342,0.253645869916432
2019,-1.47269739328332,0.422647206374355,-1.44547013403881
