"Year","OPR","DPR","CCWM"
2017,-1.82835044587127,1.79067624626424,-0.609155029922962
