"Year","OPR","DPR","CCWM"
2017,0.991156370137536,-1.36195937760068,-0.0380283057131245
2018,0.159158166967161,-0.511065783888905,-0.16082630378821
2019,-0.812998542179424,0.102755264852349,-0.911329657825373
