"Team","OPR","DPR","CCWM"
2002,14.8090632356178,17.4563032748453,-2.64724003922751
2003,29.7920248352438,35.0482168883672,-5.25619205312345
