"Year","OPR","DPR","CCWM"
2002,0.231013214991339,0.594215640544308,-0.324813086515288
2003,0.635754349371043,0.705059931715998,-0.0922707856813322
