"Year","OPR","DPR","CCWM"
2007,3.7946194095549,-0.538150669753292,2.06170599811857
2008,-0.515253820230587,-0.0995717492131699,-0.581795668927891
2009,0.132150676137823,-0.617099730702835,-0.307914476408262
