"Year","OPR","DPR","CCWM"
2017,0.403392638632582,-1.05591593292667,-0.487632479139886
2018,-0.557598823435336,0.318875001038736,-0.226874367740085
2019,0.915972261777438,-0.767258110462155,0.461113718757612
2020,-0.121772964384905,-1.89489125387079,-1.333689112615
