"Year","OPR","DPR","CCWM"
2017,-1.88167779871221,0.437126955596703,-1.95015360277856
2018,-1.47733004477858,-0.906581909352042,-1.54168484889284
2020,-1.02624635651066,0.585991170592612,-0.61753046673742
