"Year","OPR","DPR","CCWM"
2017,-0.569395506026286,0.414140254676761,-0.324801573134194
2018,-0.0150494658741833,0.53263619074577,0.275303855181393
2019,-0.189101568328581,1.35519996080462,0.94390660657258
2020,-0.869258799103472,1.56792765401036,0.164480033516813
