"Year","OPR","DPR","CCWM"
2007,1.4919092378304,-0.73161408026229,0.417899589416402
2008,3.52565344827132,-1.54068387388472,2.12592243861979
