"Team","OPR","DPR","CCWM"
2002,14.5615774429022,13.6896024175849,0.871975025317333
2003,30.8909075184487,29.3254589249886,1.56544859346015
