"Year","OPR","DPR","CCWM"
2002,0.169563362894875,-0.215395768051321,0.298399887456445
2003,0.736754522131328,0.245040883119535,0.247210267054085
