"Year","OPR","DPR","CCWM"
2007,-0.69061638868791,-1.69050719786449,-1.72573258704138
2008,0.128423057998335,1.77695323123893,1.60778098192251
