"Year","OPR","DPR","CCWM"
2017,0.605529050191245,0.708220344130969,1.42660750326395
2018,-0.169394627905544,1.39968828793436,0.630746994048873
2019,-0.470105126001695,0.0559648062890713,-0.529960873895752
