"Year","OPR","DPR","CCWM"
2017,-0.636952115254718,0.530989882206151,-0.299600673324281
