"Year","OPR","DPR","CCWM"
2019,0.708219959465599,-1.79759657963925,-0.689139192453332
