"Year","OPR","DPR","CCWM"
2017,-1.26544642345208,1.47981974792615,-0.195281640402046
