"Year","OPR","DPR","CCWM"
2017,-0.746566504283512,0.340784871071701,-0.616209260260847
2018,-1.15007439805967,-0.0328803780308997,-0.838808767746665
2019,0.306661540897427,0.951458969418776,1.20349316237218
