"Year","OPR","DPR","CCWM"
2007,-0.613147175851728,0.394771305747319,-0.100698182536623
2008,-0.455464382344728,1.00420340088098,0.397557347146288
