"Year","OPR","DPR","CCWM"
2007,-0.613147175851728,0.394771305747319,-0.100698182536623
2008,-0.455464382344728,1.00420340088098,0.397557347146288
2009,0.844585157040202,1.28727727990335,1.46012817498405
2010,-0.140852214941003,-0.17800586977965,-0.272924496010984
