"Team","OPR","DPR","CCWM"
2002,13.5278200375064,10.0359406629316,3.49187937457478
2003,19.6305436717577,31.2395404604026,-11.6089967886449
