"Year","OPR","DPR","CCWM"
2002,-0.0871149658615389,-1.00071065017559,0.762355159037263
2003,-0.298204633419765,0.398902705075285,-0.408420074565005
