"Year","OPR","DPR","CCWM"
2017,-0.364006932079711,-0.756760892447119,-1.16917377605739
2018,-0.984242155311893,0.631611893101895,-0.363543242149822
2019,-2.24847607165347,1.86203036894039,-1.15048764202701
