"Year","OPR","DPR","CCWM"
2017,-0.66956596782619,-0.668324107543322,-1.4694239254001
2018,-0.307728026734379,-0.690639426235282,-0.590620974899104
2019,-0.131200251856473,0.00353174907841999,-0.158399827566321
