"Year","OPR","DPR","CCWM"
2007,-0.76960027545078,-0.376255185255159,-0.78467949793225
2008,-0.476192219019113,-1.3869489017522,-1.61875998982752
2009,-0.428358707639907,0.927110359960571,0.294825876724816
