"Year","OPR","DPR","CCWM"
2002,-1.96826398897051,-1.36082046750138,-0.282612482135273
2003,-0.0717155556589221,1.49300978299898,-0.963142866424371
