"Team","OPR","DPR","CCWM"
2002,5.95159908144182,8.36053695291988,-2.40893787147806
2003,22.0947466397778,44.8505202928253,-22.7557736530475
