"Year","OPR","DPR","CCWM"
2002,-0.849559423607064,-0.144565222195444,-0.486810547330631
