"Team","OPR","DPR","CCWM"
2002,10.4571182442693,14.0191401130311,-3.5620218687618
