"Year","OPR","DPR","CCWM"
2002,-0.22914983522059,-1.7305178657192,1.26234295896656
2003,0.761369576465815,-0.876000545186803,0.954567508632639
