"Year","OPR","DPR","CCWM"
2007,1.08912813724873,-0.773659569509747,0.124175094525794
2008,1.1856141984109,-1.79320413272331,-0.349609007959388
2009,1.82646054302713,-0.828873975067357,0.790200943627192
