"Team","OPR","DPR","CCWM"
2002,12.9557826600787,6.64052721490303,6.31525544517571
2003,31.1587195054491,15.379408689262,15.7793108161871
