"Year","OPR","DPR","CCWM"
2007,1.08912813724873,-0.773659569509747,0.124175094525794
2008,1.1856141984109,-1.79320413272331,-0.349609007959388
2009,1.82646054302713,-0.828873975067357,0.790200943627192
2010,0.218981406284503,-0.0303183147215262,0.173661402557236
2011,1.89368838526646,-1.44891493149521,0.728524594000712
2012,2.40767457846022,-2.16631352559065,0.820726298051173
2013,1.98938913184056,-1.60881583684798,0.907888415169457
2014,2.14500503346242,-1.3096292410464,1.0721954169596
2015,1.90626982008564,-1.17175459526519,1.28413476989431
