"Year","OPR","DPR","CCWM"
2018,-0.802298648808658,-0.368450924682269,-0.770713851517231
2019,-0.42838586847233,0.947628532855037,0.295555449155592
