"Year","OPR","DPR","CCWM"
2017,-2.17198510676101,2.70603417895266,-0.178827408629731
