"Year","OPR","DPR","CCWM"
2018,-1.87781902307243,-0.641774692449913,-1.68541992395975
2019,-0.685850687484588,0.799242074647683,-0.150136918710723
