"Year","OPR","DPR","CCWM"
2018,-0.608631767399051,-1.45366491566249,-1.21524393518144
