"Year","OPR","DPR","CCWM"
2017,0.144010847933911,-1.53804369395925,-1.26698890496728
2018,1.28509251664334,1.29537584516134,1.61322718422204
2019,1.08781443988579,-0.642296902978091,0.781092959717819
2020,-0.886906863889,-1.02141515856239,-1.51397925777945
