"Year","OPR","DPR","CCWM"
2018,0.69911453006235,-0.449291117022255,0.257877056779237
2019,-0.985989864974178,0.880228482459229,-0.449198595462512
