"Year","OPR","DPR","CCWM"
2018,-1.02828563643294,-1.41816605054893,-1.49581140399965
2019,-1.28034484667873,1.79129467359673,-0.020437992252106
2020,0.0909862001982735,0.0398144313159901,0.113629920468392
