"Year","OPR","DPR","CCWM"
2018,-1.79286434855603,-0.996627202438729,-1.81533393382265
2019,-1.60621393686277,3.16258365291528,0.76911988202427
