"Year","OPR","DPR","CCWM"
2018,-0.311475056285192,0.173524211974721,-0.129202335458932
