"Year","OPR","DPR","CCWM"
2018,0.53222825450825,-0.3563445703548,0.18863702584874
2019,1.21378041411095,-1.04265429115725,0.58851340044504
