"Team","OPR","DPR","CCWM"
2002,16.8393405692335,17.8542641748165,-1.01492360558304
2003,22.3276316919986,30.0423093855845,-7.71467769358592
