"Year","OPR","DPR","CCWM"
2018,0.519833298372585,0.696996594636041,0.745477745492518
