"Year","OPR","DPR","CCWM"
2018,0.424367723955066,-1.37802710816308,-0.437063763001767
2019,-0.291725985262414,1.07898928761759,0.577792665682131
