"Year","OPR","DPR","CCWM"
2018,-0.313260504030547,0.629110789433841,0.114192956450177
