"Year","OPR","DPR","CCWM"
2018,-0.0637743894073018,-0.144883942484822,-0.123343842713845
2019,0.152897117376756,0.000554597222019978,0.18864974579475
