"Year","OPR","DPR","CCWM"
2020,-0.356544566604551,-0.919032051550109,-0.93484187576007
