"Year","OPR","DPR","CCWM"
2007,-0.90416952042058,0.307273608407546,-0.356055234368761
2008,0.446404845853875,0.262101948999441,0.650851464349918
2009,-0.387721028665964,-1.77718049323879,-1.44764064914845
2010,-0.549459814073256,1.0195355201007,0.334392801675121
