"Team","OPR","DPR","CCWM"
2002,12.6547266410472,18.5138288469689,-5.85910220592176
2003,34.1550820224042,12.708180116037,21.4469019063672
