"Year","OPR","DPR","CCWM"
2002,-0.303900986142191,0.821519267914283,-0.893597356922388
2003,1.03677034170699,-1.09072499006149,1.23661692891862
