"Year","OPR","DPR","CCWM"
2007,-0.90416952042058,0.307273608407546,-0.356055234368761
2008,0.446404845853875,0.262101948999441,0.650851464349918
