"Year","OPR","DPR","CCWM"
2018,-0.0330365478073622,0.0866556048045735,0.0229498625740965
2019,0.689815277994924,0.216501813717096,1.0369197851658
2020,-0.390780272859165,0.0955618135058846,-0.317001923314051
