"Team","OPR","DPR","CCWM"
2002,18.4179343053305,19.2237073683947,-0.805773063064258
2003,10.8691406940877,49.46600368598,-38.5968629918923
