"Year","OPR","DPR","CCWM"
2007,-0.159002690513188,-2.02892341615114,-1.63550982950729
2008,0.332723634468177,0.419034422495749,0.671844880495127
2009,1.68258907567686,0.478194974076288,1.54169864621168
