"Year","OPR","DPR","CCWM"
2002,1.12708321171998,0.974099940349559,0.00128977723051215
2003,-1.10348005352769,1.86402150373202,-1.75147956778962
