"Team","OPR","DPR","CCWM"
2002,10.0289573303122,22.3937875083483,-12.3648301780362
