"Year","OPR","DPR","CCWM"
2002,-0.955870272999479,1.65547421049416,-2.04568780976231
