"Year","OPR","DPR","CCWM"
2018,-0.036299577043353,-0.636331359617505,-0.367655839095536
2019,-0.383828617994716,1.17875377152618,0.551062263868774
