"Year","OPR","DPR","CCWM"
2018,-1.26033801176617,-1.69877257337964,-1.81219436836122
2019,-0.266515809668101,1.01401393467523,0.552404625331458
