"Year","OPR","DPR","CCWM"
2018,-0.476138777569536,1.38742238186755,0.405145022856496
2019,-0.549796695375129,0.437731724600528,-0.296572971574741
