"Year","OPR","DPR","CCWM"
2018,-0.944923528148726,-2.57467435010916,-2.05738703951925
2019,-0.304244324234103,0.634459840291927,0.176430808611655
