"Year","OPR","DPR","CCWM"
2018,-1.51324228449077,0.0978366199074878,-1.0279090316369
2019,-1.09063855196477,1.12964494080594,-0.36143626091127
