"Year","OPR","DPR","CCWM"
2018,-0.331423019524786,0.767820046623747,0.175717953416681
2019,-1.40996350534694,0.428853895696687,-1.362875603487
