"Year","OPR","DPR","CCWM"
2007,3.49781385280788,1.12260022525708,3.12273479733304
2008,1.91658353208479,-0.230057576706873,1.66282579877413
2009,2.45575150009181,1.47566150860911,2.75977210111445
2010,1.13198004850552,-0.626774039543911,0.514011221302234
