"Year","OPR","DPR","CCWM"
2002,2.12547881495765,-1.82897334065372,3.02281563399602
2003,0.419692221604086,-0.715993616185659,0.670508090789861
