"Team","OPR","DPR","CCWM"
2002,22.4389159494061,6.18246509040663,16.2564508589994
2003,27.4412671661156,17.3699369726686,10.071330193447
