"Year","OPR","DPR","CCWM"
2007,3.49781385280788,1.12260022525708,3.12273479733304
2008,1.91658353208479,-0.230057576706873,1.66282579877413
