"Team","OPR","DPR","CCWM"
2002,12.6482654903035,25.5537131506538,-12.9054476603503
