"Year","OPR","DPR","CCWM"
2018,-0.797174835449279,-1.44194504632085,-1.34356917796815
2019,-0.305479155609401,-0.0374349589060296,-0.408451003716188
