"Year","OPR","DPR","CCWM"
2018,0.726014283242372,-1.12732331700278,-0.0870497931503067
2019,0.386003476084618,-1.72584791597032,-1.02339161018122
