"Year","OPR","DPR","CCWM"
2002,-0.785054685294466,-0.496763913599225,-0.150627877998586
2003,0.0235287874439158,0.0370320588986201,-0.0101867177633957
