"Year","OPR","DPR","CCWM"
2007,-0.160360360598496,-1.23288392735853,-1.03528304923352
2008,0.164939298310132,-0.546736332966819,-0.296813577988584
