"Team","OPR","DPR","CCWM"
2002,10.7169074178892,12.3805427578656,-1.66363533997639
2003,23.1310058505154,26.7377744391066,-3.60676858859115
