"Year","OPR","DPR","CCWM"
2007,-0.160360360598496,-1.23288392735853,-1.03528304923352
2008,0.164939298310132,-0.546736332966819,-0.296813577988584
2009,-1.05472719967212,0.53601708088934,-0.418725106819486
2010,-0.502856982156426,1.45580483126527,0.732739412841026
