"Year","OPR","DPR","CCWM"
2007,-0.0732360116944433,-1.02240820922704,-0.819680454626634
2008,0.781935252872059,-0.84663762012471,0.0499485951677573
2009,0.943086012416253,-0.176899757057426,0.572555111743452
2010,-0.114056363470431,-0.814895141721755,-0.76853144503594
2011,-0.265484106272114,0.413011969559283,0.0644433157330305
