"Year","OPR","DPR","CCWM"
2002,-1.81227437563772,0.174561319941078,-1.43636149649186
2003,0.354833115931932,-0.0564761210901883,0.227087311256516
