"Year","OPR","DPR","CCWM"
2007,-0.0732360116944433,-1.02240820922704,-0.819680454626634
2008,0.781935252872059,-0.84663762012471,0.0499485951677573
