"Year","OPR","DPR","CCWM"
2018,0.551845016370476,1.11883091022917,0.994877684175057
2019,-0.376110611535755,0.0717797433989222,-0.400552141232802
