"Year","OPR","DPR","CCWM"
2018,-0.999907737996754,0.65801929231597,-0.360546494462836
2019,-1.72687714951008,1.21368273865533,-1.07148121123627
