"Team","OPR","DPR","CCWM"
2002,7.07368402387744,14.103270567834,-7.02958654395651
2003,23.2402066042173,21.4493270480519,1.79087955616546
