"Year","OPR","DPR","CCWM"
2007,-0.0131684008641496,1.02008344753371,0.761726241825488
2008,1.38770038693593,-0.167197525533723,1.20344593323472
2009,2.78820532133613,-0.0336826190605194,2.01339283871494
2010,1.19665433334195,0.121261077461735,1.18322254207885
