"Year","OPR","DPR","CCWM"
2018,-1.33867335230099,0.540549860362233,-0.665510656093522
2019,-0.58257304690865,1.01806254180716,0.166952788412602
