"Year","OPR","DPR","CCWM"
2007,-0.79922980900305,0.242649383151414,-0.336600281923142
2008,-0.873439336445926,0.894301709865084,-0.0987147790304949
