"Year","OPR","DPR","CCWM"
2002,0.580100450165224,1.34808459088514,-0.696952650375771
2003,0.212318816287908,-0.456668284859134,0.397679757133098
