"Year","OPR","DPR","CCWM"
2007,-0.79922980900305,0.242649383151414,-0.336600281923142
2008,-0.873439336445926,0.894301709865084,-0.0987147790304949
2009,1.30724215442195,0.490912656517892,1.27601920534973
2010,-0.684701266709534,1.65038606211096,0.726812375642251
2011,1.1480350460568,0.135458017113523,1.24633074456213
