"Team","OPR","DPR","CCWM"
2002,16.2149922684214,20.9636634619213,-4.74867119349992
2003,25.1850428663807,20.5960123047284,4.58903056165233
