"Year","OPR","DPR","CCWM"
2018,-0.51459829402865,1.64015189276712,0.513411914505985
2019,-2.11446348908553,-0.378090320030459,-2.93050999621044
