"Year","OPR","DPR","CCWM"
2018,-0.0156616175900767,-0.536939677145618,-0.299542662353876
2019,-0.00170406528338584,1.42033508578106,1.23108649830293
