"Year","OPR","DPR","CCWM"
2017,-0.411861761140947,-1.23451449428494,-1.67893451474823
2018,-0.818557296393693,-0.477101558878079,-0.840672675040983
2019,0.454966479167485,-0.342812520657325,0.262278934687642
