"Year","OPR","DPR","CCWM"
2018,-0.612645500022612,0.222575644985943,-0.3178945759739
2019,0.277287507883041,0.63001272032123,0.888252308272221
