"Team","OPR","DPR","CCWM"
2002,10.1368434039733,13.8157034291022,-3.67886002512893
2003,31.4466541891684,14.1997378059424,17.2469163832261
