"Year","OPR","DPR","CCWM"
2007,0.904230717366146,0.103965317168269,0.666632095070227
2008,-0.46159311885447,0.545608758038441,0.00876753661841398
2009,-0.277040067039057,-1.86709735121607,-1.42576345128012
