"Year","OPR","DPR","CCWM"
2018,-1.56542602094574,-1.00750891480673,-1.65878743522548
2019,-0.417367758622967,-0.0308480886540988,-0.540431709056989
