"Year","OPR","DPR","CCWM"
2018,-0.666411156865384,1.26955876490978,0.205993004899974
2019,-1.9793441900545,0.835073722964999,-1.71091001238357
2020,-0.728180000853499,0.226133820994289,-0.559862639717637
