"Year","OPR","DPR","CCWM"
2018,-0.169628545499407,-1.77182035275793,-1.07266012468615
2019,0.769603109703456,-1.59644704840899,-0.438950929214612
