"Year","OPR","DPR","CCWM"
2018,-0.5882087241908,-1.31385755454178,-1.12557920513792
2019,-1.04192310381696,-0.807247626747114,-1.98315947778811
