"Team","OPR","DPR","CCWM"
2002,9.52436377954094,16.4922562921352,-6.96789251259423
2003,27.9755330097154,30.51230809724,-2.53677508752459
