"Year","OPR","DPR","CCWM"
2018,-0.962282436854172,-0.449543623870008,-0.928492277331166
2019,-0.837822294036205,2.02865076084185,0.730248682070793
