"Team","OPR","DPR","CCWM"
2002,14.8695897003546,15.3038300403968,-0.434240340042201
2003,38.4176813616855,23.4464877663917,14.9711935952937
