"Year","OPR","DPR","CCWM"
2007,-0.651602111455057,-1.30198929764644,-1.40697728762389
2008,-0.274980978396397,-0.379044880865851,-0.582575608687344
2009,-0.546931666163825,1.07358234623411,0.304248120525087
