"Year","OPR","DPR","CCWM"
2002,0.24604172335615,0.131564914260268,0.0670839980995737
2003,1.42855308271777,-0.227535230776978,0.914351305655148
