"Team","OPR","DPR","CCWM"
2002,15.1793345461449,9.49658697526746,5.6827475708774
2003,30.9827591995408,3.82107616175979,27.161683037781
