"Year","OPR","DPR","CCWM"
2007,0.00704630267625047,-0.767559208475732,-0.575020618399758
2008,-0.609143919977025,0.665681409790385,-0.0337908637947062
