"Year","OPR","DPR","CCWM"
2002,0.322950279409421,-1.11663886304636,1.15033300612983
2003,0.745196766058194,-1.80510730921357,1.52101477617498
