"Year","OPR","DPR","CCWM"
2007,0.990480044622967,-0.482592032978738,0.27980545587316
2008,1.59165398713977,-1.332116363465,0.428300309986452
2009,0.753921485217305,-1.21679307401018,-0.24698655144398
2010,1.6952463996108,-0.892930558828653,0.80710275192823
