"Year","OPR","DPR","CCWM"
2002,-0.545840751535181,0.942720777097855,-1.16601036495563
2003,-0.597353725995395,0.50915880059859,-0.638652275171781
