"Year","OPR","DPR","CCWM"
2007,0.990480044622967,-0.482592032978738,0.27980545587316
2008,1.59165398713977,-1.332116363465,0.428300309986452
