"Team","OPR","DPR","CCWM"
2002,11.6803279633463,19.0777164400735,-7.39738847672721
2003,16.3757991644584,32.6111552893801,-16.2353561249217
