"Year","OPR","DPR","CCWM"
2002,0.863233585878282,-0.183799289976729,0.76710310610662
