"Year","OPR","DPR","CCWM"
2018,-0.379520220509181,-0.157295314812833,-0.355451116166487
2019,-1.14645096631848,0.0284983650486163,-1.38617702299813
