"Team","OPR","DPR","CCWM"
2002,12.1856525520965,14.2567284399935,-2.07107588789701
2003,25.6366512042263,28.7272753500317,-3.09062414580544
