"Year","OPR","DPR","CCWM"
2002,-0.420370433022433,-0.0934981936876873,-0.222780966380277
2003,0.253826905221807,0.196956403433582,0.0154993697745314
