"Year","OPR","DPR","CCWM"
2007,1.579802591366,-0.378434633919289,0.741761600410091
2008,0.121929867552215,0.482483099064592,0.52080667149828
