"Team","OPR","DPR","CCWM"
2002,12.8766724988722,16.3155117768527,-3.43883927798043
2003,35.6799250314074,13.4830232834019,22.1969017480055
