"Year","OPR","DPR","CCWM"
2002,-0.248792610072936,0.349014907435,-0.464996311106244
2003,1.17692125107656,-1.02843987876661,1.27394090257565
