"Year","OPR","DPR","CCWM"
2007,-0.704334654841172,0.599181360592558,-0.00565261260950227
2008,0.553540232721976,-0.614803145656497,0.0224528184487257
2009,0.6931700771653,0.594533485852549,0.895633165229961
