"Year","OPR","DPR","CCWM"
2007,-0.704334654841172,0.599181360592558,-0.00565261260950227
2008,0.553540232721976,-0.614803145656497,0.0224528184487257
