"Year","OPR","DPR","CCWM"
2007,-0.704334654841172,0.599181360592558,-0.00565261260950227
2008,0.553540232721976,-0.614803145656497,0.0224528184487257
2009,0.6931700771653,0.594533485852549,0.895633165229961
2010,0.321931736130862,-1.68555491694344,-1.08421062936484
2011,-0.455318856722066,0.909649958764389,0.27030062055453
