"Year","OPR","DPR","CCWM"
2018,1.90971701890166,1.37497879602657,2.10195798249409
2019,1.51191439214835,-0.223451242998188,1.6666826873199
2020,-1.42718866199171,2.32787210373046,0.111940956061635
