"Year","OPR","DPR","CCWM"
2018,-0.22005285913214,-0.252316065808375,-0.292622112663329
2019,0.629491884763123,-1.52863295296164,-0.552505220582382
