"Year","OPR","DPR","CCWM"
2017,-0.783165135777997,0.628641773758711,-0.391188503149078
2018,0.158152222911463,-0.626269137460538,-0.223413830513363
2019,1.27658780024462,-0.160581983382422,1.43165497312484
2020,1.13566353628386,-2.07517580358445,-0.23203285801909
