"Year","OPR","DPR","CCWM"
2002,-0.116172679817743,0.00231756472219159,-0.0847654737640275
2003,-0.448333993210242,-0.619137486439007,0.140554936817947
