"Team","OPR","DPR","CCWM"
2002,13.4107917432533,14.7025093362479,-1.29171759299458
2003,17.9971350427849,18.5748527027907,-0.577717660005778
