"Year","OPR","DPR","CCWM"
2007,0.0356606743651686,0.191796529519879,0.168024714670157
2008,1.70128450033719,-0.9450183627079,0.857571159401117
2009,0.7920734325821,0.113600685346831,0.652678006618224
2010,2.11392179112236,-0.810242923226391,1.25394401652384
