"Year","OPR","DPR","CCWM"
2018,-1.71919816770358,0.386519076922508,-1.01992585335745
2019,-0.31028187536434,0.995746471471996,0.482681935828077
