"Year","OPR","DPR","CCWM"
2018,0.936256169094933,-0.64843125588133,0.320248615007989
2019,0.813248224553649,-1.15413078469908,-0.00120337050031896
2020,1.48783758739802,-1.47781144508008,0.492189477833328
