"Team","OPR","DPR","CCWM"
2002,10.4305041285434,16.7241185666595,-6.2936144381161
2003,21.8809063697951,25.1955334501582,-3.31462708036312
