"Year","OPR","DPR","CCWM"
2008,0.0226402023196961,0.441153791794495,0.390209262617755
2009,1.60487448382543,-0.0311646078195839,1.15117942627849
2010,1.74154227218688,-0.839228513086536,0.892885883573786
