"Year","OPR","DPR","CCWM"
2018,0.172408542839778,1.41930659035365,0.885329589365633
