"Year","OPR","DPR","CCWM"
2018,-0.278320102718732,2.13338295817596,0.947000864755783
2019,-0.217971710297494,0.599214975933171,0.252004440306991
