"Year","OPR","DPR","CCWM"
2020,-0.852110190974999,0.301141813173966,-0.631713435554364
