"Year","OPR","DPR","CCWM"
2002,1.06436758148907,0.206059122147071,0.589349916435173
2003,-1.6391102047247,-0.459079802544243,-0.6032778932965
