"Year","OPR","DPR","CCWM"
2018,-1.94928321294817,-1.83667038668803,-2.37815691587227
2019,-0.877089820336743,1.24780017990429,0.00396144451032054
