"Year","OPR","DPR","CCWM"
2018,-0.573643337653725,0.171104847791029,-0.317689208634688
