"Year","OPR","DPR","CCWM"
2018,-0.897063309444149,1.59663876917514,0.216964279362506
2019,-0.269532804243421,-0.204856289189266,-0.509573304415796
