"Year","OPR","DPR","CCWM"
2018,-0.747943312951864,-1.46189413013762,-1.31913151915436
2019,0.968400422897745,-0.663430037173822,0.615783379289747
