"Year","OPR","DPR","CCWM"
2018,0.578243496408534,1.74735308823988,1.35127028695386
2019,0.455927339042191,1.17677477280051,1.58281929001103
