"Year","OPR","DPR","CCWM"
2007,-0.505232718176099,0.224213940760372,-0.159301240560985
2008,-0.731852098928474,-0.0202704384564502,-0.725216952411694
2009,0.138220059051903,-1.1085698793739,-0.625546111009709
2010,-0.991312821030446,0.311935341108336,-0.643557813305453
