"Year","OPR","DPR","CCWM"
2002,2.08956404209951,0.128669188291272,1.38429647142718
2003,-0.640439206886327,0.220863063053313,-0.483498751692779
