"Team","OPR","DPR","CCWM"
2002,22.2942712394881,15.2903577333443,7.00391350614387
2003,15.9070287895703,29.0246804838713,-13.1176516943009
