"Year","OPR","DPR","CCWM"
2018,-0.0176357060460341,1.34921448981413,0.711995868537112
2019,-1.16940273195409,1.01731728777101,-0.555896897956671
