"Team","OPR","DPR","CCWM"
2002,16.488875309304,18.479383958418,-1.99050864911398
2003,17.8229022421891,26.6595217150367,-8.83661947284751
