"Year","OPR","DPR","CCWM"
2002,0.648104646160854,0.814115713505427,-0.208513424452385
2003,-0.464348025672161,0.0307417799968953,-0.27045186156363
