"Year","OPR","DPR","CCWM"
2020,0.0837122981270385,0.103210195956624,0.147264010271526
