"Year","OPR","DPR","CCWM"
2007,-0.11059077623178,0.10120004179906,0.00448884716960888
2008,0.359992439421966,-0.567354779177537,-0.125252436529247
2009,-1.48699424860695,0.0522578596139549,-1.05130117406581
