"Year","OPR","DPR","CCWM"
2018,-1.61745110259246,-2.08926731289815,-2.27688522634321
