"Year","OPR","DPR","CCWM"
2002,-0.425881853326059,-1.87081585651327,1.2376225462818
2003,1.23908369842324,-0.282583511521427,0.845843718962375
