"Year","OPR","DPR","CCWM"
2007,1.03915044608591,-0.699521503559013,0.147652409310143
2008,3.0988796261286,-1.87018436119515,1.43780232480211
2009,2.83221325866403,-0.652717376495432,1.63986375091908
