"Team","OPR","DPR","CCWM"
2002,12.1634556195361,5.98779362371932,6.17566199581675
2003,36.3562529531133,22.7616726745781,13.5945802785352
