"Year","OPR","DPR","CCWM"
2007,1.03915044608591,-0.699521503559013,0.147652409310143
2008,3.0988796261286,-1.87018436119515,1.43780232480211
