"Year","OPR","DPR","CCWM"
2007,1.03915044608591,-0.699521503559013,0.147652409310143
2008,3.0988796261286,-1.87018436119515,1.43780232480211
2009,2.83221325866403,-0.652717376495432,1.63986375091908
2010,3.064150675964,-1.146794717731,1.84018325790014
2011,3.7935615549875,-1.90375849955295,2.25215261517605
2012,2.05212682790248,-2.11954461388241,0.452736438323937
2013,2.17665299845847,-2.01508992822381,0.771931848957343
2014,2.10753351330665,-2.32519539003998,0.307483363210562
