"Year","OPR","DPR","CCWM"
2002,1.43479929935764,0.682234244959496,0.461225851330489
2003,2.49705628657577,-1.18450823443297,2.085344906715
