"Team","OPR","DPR","CCWM"
2002,19.6572433887893,17.8658080683618,1.79143532042756
2003,50.0430047208373,11.5414918882432,38.5015128325942
