"Year","OPR","DPR","CCWM"
2018,-0.898906782326537,-0.923269459105821,-1.13765388097379
2019,-1.02327016034288,1.06672010947552,-0.333160473855108
2020,-1.27896210191085,0.917968270301698,-0.649182671875663
