"Year","OPR","DPR","CCWM"
2018,-0.287586093815241,1.8718883417926,0.799950818758055
2019,-1.09428596691012,0.870302559612292,-0.591095036430643
