"Year","OPR","DPR","CCWM"
2002,-1.71485095787818,-0.15690031202553,-1.09378604093153
2003,-0.716721363553475,0.754004995256378,-0.854866214037762
