"Team","OPR","DPR","CCWM"
2002,6.97220568576524,13.9617513547403,-6.98954566897508
2003,15.0770783181191,35.6571063528326,-20.5800280347135
