"Year","OPR","DPR","CCWM"
2018,-1.39070368278628,1.44899566291409,-0.214784709300614
2019,-0.449056134654627,0.536869231992437,-0.0865184642781102
