"Year","OPR","DPR","CCWM"
2018,0.265028097315567,0.0708230286819411,0.22726456194184
2019,-1.26706939443051,0.867090453024596,-0.806525911413871
2020,-1.34104983665729,0.358026968669323,-1.06855964473708
