"Year","OPR","DPR","CCWM"
2018,-0.762008950808159,-1.8952736610423,-1.56191828678933
2019,-0.21865773269848,0.74251280064732,0.375576251953446
