"Year","OPR","DPR","CCWM"
2018,-1.03370455552095,-0.596970140536855,-1.05866205621179
2019,0.473773762594806,-0.998588176112418,-0.283942148998399
