"Year","OPR","DPR","CCWM"
2018,-0.511086372980056,0.162413659226495,-0.277691227270915
2019,-0.33073432521484,-0.39497440949812,-0.749960189645712
2020,-0.856293532549319,-1.13449878818057,-1.55689905947111
