"Year","OPR","DPR","CCWM"
2007,-0.450415687200323,-1.36649813284631,-1.32483489585579
2008,-0.728814488540259,-1.7887569353063,-2.19870045384943
2009,0.429052600310385,-0.591438427480066,-0.0743520922441603
2010,0.811407703101811,-1.45727428521994,-0.454373996383959
2011,0.826862090998263,-0.934733871429933,0.0783522843467933
