"Year","OPR","DPR","CCWM"
2007,-0.450415687200323,-1.36649813284631,-1.32483489585579
2008,-0.728814488540259,-1.7887569353063,-2.19870045384943
