"Year","OPR","DPR","CCWM"
2002,-0.0557163111527761,-0.466104027351304,0.344286039223652
2003,-0.445049314482899,0.237631119679827,-0.388086484827074
