"Year","OPR","DPR","CCWM"
2018,-1.32496902972656,-0.832815279423855,-1.39328348848481
2019,-1.39197360191402,0.733298493277009,-1.07640644695368
