"Year","OPR","DPR","CCWM"
2018,-0.0189964529530473,2.44228252131427,1.29805006945039
2019,0.380788185851975,-0.00668469965538118,0.46282651388892
