"Year","OPR","DPR","CCWM"
2018,-0.624823689867849,0.0952831189077043,-0.394951480404764
2019,0.108809809184462,0.44895654282987,0.523710104361821
