"Team","OPR","DPR","CCWM"
2002,6.70213379413012,9.59398370891634,-2.89184991478622
2003,34.1320142823454,14.4836990986498,19.6483151836956
