"Year","OPR","DPR","CCWM"
2007,-0.312196265794276,0.691952482400607,0.319453928905979
2008,1.48231795244696,-0.269027150606581,1.21000520753239
