"Year","OPR","DPR","CCWM"
2007,-0.312196265794276,0.691952482400607,0.319453928905979
2008,1.48231795244696,-0.269027150606581,1.21000520753239
2009,1.79808098301568,-0.420710268831123,1.03695448545254
2010,-1.20667927617941,0.272442222309912,-0.870930147789284
2011,1.23539296196477,-0.0130964664839389,1.21508376950194
