"Year","OPR","DPR","CCWM"
2002,-1.78190885891681,-1.095704493764,-0.368130714228818
2003,1.03465014656084,-0.948001401474789,1.14710970541011
