"Year","OPR","DPR","CCWM"
2018,1.10542445109094,1.33755226150786,1.50759518323464
2019,-1.67878401651111,0.959258092613924,-1.23319391170663
