"Year","OPR","DPR","CCWM"
2018,0.566386997953189,-0.232399281668626,0.279590382301099
2019,0.475796383927625,0.270125403223125,0.820087732083124
