"Year","OPR","DPR","CCWM"
2018,0.767075643642825,1.40176975536877,1.30050251796846
2019,0.513028975362114,-0.366058494195846,0.313552639688164
