"Year","OPR","DPR","CCWM"
2018,0.583707991807043,-0.961698916444403,-0.0997085553826458
2019,-0.802817501950968,-0.249603931371336,-1.20473034875843
