"Year","OPR","DPR","CCWM"
2018,-0.834488264115927,1.21801050176484,0.0583026332170787
2019,-1.25779353561974,0.995097399786488,-0.683970224616086
2020,-0.507940589041535,1.0323414662044,0.170631154440149
