"Year","OPR","DPR","CCWM"
2018,-1.36676075294772,-0.0149311931907745,-0.983882837201755
2019,-0.0822291371808492,0.174920227900133,0.050673559641284
2020,-0.617639591973222,-0.629391660745554,-1.00177018162379
