"Year","OPR","DPR","CCWM"
2018,-0.164506661201871,0.955032332952988,0.39543712040292
2019,-0.542193788142874,0.709803994481955,-0.0509937038457493
