"Year","OPR","DPR","CCWM"
2018,-0.579396184554119,0.734752086146409,-0.0190932871356177
2019,-0.992024960591341,0.538514212427843,-0.753313955169746
