"Year","OPR","DPR","CCWM"
2018,0.770082937049054,0.367435729183718,0.747166700429388
2019,1.08631385735885,-0.336381352470129,1.04485259469163
