"Year","OPR","DPR","CCWM"
2018,1.48830973018362,-0.753307518485044,0.658090444338539
2019,0.766011963396457,-1.06980750151523,0.0138760285153517
