"Year","OPR","DPR","CCWM"
2018,0.112715885181212,-1.02880077876461,-0.47203252978557
2019,-0.0708883779787063,-0.0657571995302437,-0.144333937769775
2020,-0.223806505471253,-1.65416637169907,-1.27801438588119
