"Year","OPR","DPR","CCWM"
2018,0.135410200572949,-0.583534433423608,-0.216701161716081
2019,-1.23373478927433,0.308204385115141,-1.25074556960088
