"Year","OPR","DPR","CCWM"
2018,0.503255248016882,0.0425563008860786,0.382177735645619
