"Year","OPR","DPR","CCWM"
2018,0.00066143659379675,-1.03443829246109,-0.555066749659733
2019,0.0791814799642985,-0.354069163668516,-0.209967520680605
2020,0.84319448311563,-1.65754075717559,-0.247210583787297
