"Year","OPR","DPR","CCWM"
2018,-0.0696399925241209,-0.855659186045379,-0.509249543307617
2019,-0.991091348023151,-0.396571454202622,-1.56403843915959
