"Year","OPR","DPR","CCWM"
2018,-1.14072773660791,-2.20715687659813,-1.99981770518894
2019,-0.208844233439487,-0.640837653985351,-0.813418759611002
