"Year","OPR","DPR","CCWM"
2018,-2.95227158158267,-1.25211095766403,-2.78035416218524
