"Year","OPR","DPR","CCWM"
2018,-2.47099812618036,-0.478300943868862,-2.02115586257683
