"Year","OPR","DPR","CCWM"
2018,-1.38688559508718,-0.379525556324867,-1.19405519251787
2019,-1.43329479261585,1.15859703293323,-0.758001038360037
