"Year","OPR","DPR","CCWM"
2018,0.351410627380065,-1.33693661645295,-0.467087559729235
2019,1.19880608996738,-0.950067034327855,0.65047215465982
