"Year","OPR","DPR","CCWM"
2018,-2.52765580708666,-0.901606408700911,-2.28894303584048
