"Year","OPR","DPR","CCWM"
2018,-0.964822190220993,1.25260192977752,-0.0161783757683063
2019,0.0797986491117638,0.681615190879682,0.690008720796268
