"Year","OPR","DPR","CCWM"
2018,-0.256516026103982,-0.141946168205941,-0.259383226756425
