"Team","OPR","DPR","CCWM"
2003,20.9563006503911,32.9872492297823,-12.0309485793912
