"Year","OPR","DPR","CCWM"
2003,-0.176352059048857,0.539390793241622,-0.429418635695294
