"Year","OPR","DPR","CCWM"
2007,-0.701667478245603,-0.0235526773475124,-0.474160280543458
2008,-1.64088725536286,-0.974700212155665,-2.40179770783608
