"Year","OPR","DPR","CCWM"
2018,-2.55483341027188,-1.67203764649079,-2.72210335850653
2019,-1.11032396475013,0.680446528544441,-0.775672285524224
