"Year","OPR","DPR","CCWM"
2018,-1.66334818689,0.262910462364331,-1.04643237268901
2019,-1.30345553336508,-1.53157503037406,-2.93390948856715
