"Year","OPR","DPR","CCWM"
2018,-0.0813735314229132,0.583020054732612,0.25500697884333
