"Year","OPR","DPR","CCWM"
2018,-1.15039979656106,-1.31225862563489,-1.52612368083412
2019,-0.76014425483532,-1.40317039631912,-2.15377900781989
