"Year","OPR","DPR","CCWM"
2018,0.3802305353157,0.952659085980755,0.783103724717973
2019,-1.60083101217126,-0.675183437688929,-2.5563365293213
