"Year","OPR","DPR","CCWM"
2018,-1.76767648912519,-1.4094750792889,-2.01906738768214
2019,-2.19875086347437,0.640382091852651,-2.14996852251699
