"Team","OPR","DPR","CCWM"
2002,16.2978860999875,18.6012452367423,-2.30335913675481
2003,43.3699849581589,23.1791666098894,20.1908183482694
