"Year","OPR","DPR","CCWM"
2007,1.29033670525571,-1.40201930401624,-0.219446382859701
2008,0.0361830509220191,-0.949761110536668,-0.757891004935418
2009,0.0800035479130096,-1.41912142675077,-0.871551467152065
2010,-0.596106896580499,0.889313071119285,0.185828708755686
2011,2.83447844589012,-1.73498213266915,1.43472016325496
