"Year","OPR","DPR","CCWM"
2002,0.600682697063331,0.840308470758032,-0.263915688660516
2003,1.88372771277601,-0.249023615375948,1.17410754287522
