"Year","OPR","DPR","CCWM"
2007,1.29033670525571,-1.40201930401624,-0.219446382859701
2008,0.0361830509220191,-0.949761110536668,-0.757891004935418
