"Year","OPR","DPR","CCWM"
2019,-0.242887641465399,-1.59759564156335,-1.68600559937714
