"Year","OPR","DPR","CCWM"
2019,0.253986692913462,-1.37478664807721,-0.881059275600452
