"Year","OPR","DPR","CCWM"
2019,-1.05335725338697,1.48019542769701,-0.0111947537133111
