"Team","OPR","DPR","CCWM"
2002,11.571492645964,23.5960983209443,-12.0246056749803
2003,4.65784809265801,36.5049940262952,-31.8471459336372
