"Year","OPR","DPR","CCWM"
2007,-0.00837100637405468,1.83613602557627,1.38106876524842
2008,-1.16476993946839,0.56105767398603,-0.658876829090992
