"Year","OPR","DPR","CCWM"
2019,-0.240810709787233,-0.951787479309438,-1.12273674010509
