"Year","OPR","DPR","CCWM"
2019,-0.783544314948978,0.389913240908599,-0.625760365289296
2020,-0.751154691246215,0.793396693045715,-0.218137350685388
