"Year","OPR","DPR","CCWM"
2019,-0.658619612993705,1.45045221959413,0.448778959588209
