"Year","OPR","DPR","CCWM"
2020,0.866565601124154,-1.73631337149946,-0.275126974280773
