"Year","OPR","DPR","CCWM"
2007,-0.676542267869687,-0.274104602894443,-0.64701665032961
2008,0.671527532767528,-1.8716294373473,-0.912620954683384
2009,2.25707126439799,-0.480215142132179,1.33303599635302
2010,1.86095563246897,-1.91248876931558,0.124991062050478
2011,0.848583381907164,-0.645929569145759,0.329115621230392
