"Year","OPR","DPR","CCWM"
2019,-0.345031750278196,1.17047135924843,0.591617921704343
