"Year","OPR","DPR","CCWM"
2019,-1.53884276373023,0.669093260848817,-1.31290134274555
2020,-0.909556340746502,-0.17489213938726,-0.992760234701388
