"Year","OPR","DPR","CCWM"
2019,-0.0394979668723361,-1.17241415137711,-1.06653976738983
