"Year","OPR","DPR","CCWM"
2014,-0.233035474042275,1.17728483203027,0.627026893416803
2015,-0.814439092827371,1.33747013635497,0.411628558481853
2016,-0.45900359567224,-0.773163071311106,-1.38563899992337
2017,-0.706756742131475,0.433587865975974,-0.478892082796634
2018,-0.766155081082379,0.24852363793122,-0.413564856953102
2019,0.30002164616505,0.0651938994875177,0.425835792279423
