"Year","OPR","DPR","CCWM"
2014,-0.233035474042275,1.17728483203027,0.627026893416803
