"Year","OPR","DPR","CCWM"
2014,-0.233035474042275,1.17728483203027,0.627026893416803
2015,-0.814439092827371,1.33747013635497,0.411628558481853
