"Year","OPR","DPR","CCWM"
2017,0.835670466189262,-0.349676846891973,0.719669959312944
