"Year","OPR","DPR","CCWM"
2019,-1.65320536134748,1.66991734702065,-0.584695884400945
