"Year","OPR","DPR","CCWM"
2018,-2.21859919133445,-1.99000094821684,-2.65279320161349
2019,-1.19947104369844,-0.302077132291977,-1.73844504149487
