"Year","OPR","DPR","CCWM"
2019,-1.1744047789757,-0.191267059478717,-1.61138725136798
