"Year","OPR","DPR","CCWM"
2019,0.252027566828311,-0.697935217158201,-0.29580470180541
2020,-2.37101337645636e-05,-0.728693459398217,-0.467567245142779
