"Year","OPR","DPR","CCWM"
2019,-1.17517772698542,0.156394121741958,-1.31048713807135
