"Year","OPR","DPR","CCWM"
2002,-0.275999193990789,-0.14633329579465,-0.0762824090322822
2003,0.910582230879643,-0.554434646832969,0.836278878771686
