"Year","OPR","DPR","CCWM"
2007,1.54887994851774,-0.403703736393577,0.702567702585669
2008,-0.0109019394083279,-0.321409018881328,-0.278879763589239
2009,0.662822320474978,-0.505561727176699,0.152581479711706
2010,-0.302285642291321,-0.612894156598376,-0.774186996762579
2011,0.499449098169801,0.434777758506833,0.840512343010098
