"Year","OPR","DPR","CCWM"
2002,0.10088766809528,-0.241894122684925,0.271251421273319
2003,-0.0927730137783805,0.32273172552798,-0.250032789065916
