"Year","OPR","DPR","CCWM"
2019,0.271613467462885,-0.81633143579658,-0.374496283290268
