"Year","OPR","DPR","CCWM"
2018,-0.221843236073284,-1.48469883838075,-0.955744373035332
2019,0.361786279398558,-0.0160357625039363,0.431322234415889
