"Year","OPR","DPR","CCWM"
2002,-0.6158217403267,1.16340053702587,-1.39774015611371
2003,-0.807570505180054,0.18083827265848,-0.549212395421412
