"Year","OPR","DPR","CCWM"
2007,-0.956708739976045,-1.34565997189803,-1.63840006004082
2010,0.0440228520152007,-0.5421560791947,-0.402668643787415
2011,0.143126523981649,-0.273575431469338,-0.0751517842344063
