"Year","OPR","DPR","CCWM"
2007,-0.956708739976045,-1.34565997189803,-1.63840006004082
