"Team","OPR","DPR","CCWM"
2002,11.3984835016395,20.104424601638,-8.70594109999842
2003,14.0886389344121,28.5267615636365,-14.4381226292244
