"Year","OPR","DPR","CCWM"
2018,0.680279698498674,0.795190881443692,0.912770782562713
