"Year","OPR","DPR","CCWM"
2002,-0.221041402174196,-0.610146470027127,0.34505055825763
2003,-0.488928827404601,0.748128612112794,-0.727890608232118
