"Year","OPR","DPR","CCWM"
2007,-0.754263557266704,1.08040531487652,0.325257427481569
2008,-0.0165681785795919,-0.747865042474589,-0.640390994788122
2009,-0.309509070727394,0.0962299085548789,-0.162890119796621
