"Team","OPR","DPR","CCWM"
2002,12.9884389141087,11.8530326857976,1.13540622831103
2003,17.5554629237715,35.584002600861,-18.0285396770895
