"Year","OPR","DPR","CCWM"
2007,-0.754263557266704,1.08040531487652,0.325257427481569
2008,-0.0165681785795919,-0.747865042474589,-0.640390994788122
2009,-0.309509070727394,0.0962299085548789,-0.162890119796621
2010,-0.266957805482731,-0.153723401555554,-0.367361996436323
2011,-0.0568878769933679,1.76442786628681,1.34394864945195
2012,-0.825949363778623,0.135084957175535,-0.830963792203945
2013,-0.399935877818192,0.0286271028028674,-0.438659692705199
2014,-0.964758606221027,0.812947601166813,-0.321387958447309
