"Year","OPR","DPR","CCWM"
2019,2.15909088682634,-0.81637728034383,1.94835451200517
