"Year","OPR","DPR","CCWM"
2019,-1.57054983142479,0.760146053714532,-1.2728676033032
