"Year","OPR","DPR","CCWM"
2002,0.924694530270728,-0.0993091097790114,0.741326367736316
2003,0.41873524551966,-0.55091190139913,0.567788917422027
