"Year","OPR","DPR","CCWM"
2007,-0.688804942085458,0.349670085837836,-0.183964215844097
2008,-0.498120083638046,0.606505837948627,0.0242563655231025
