"Year","OPR","DPR","CCWM"
2007,-0.688804942085458,0.349670085837836,-0.183964215844097
2008,-0.498120083638046,0.606505837948627,0.0242563655231025
2009,-1.05869594880038,-0.936968081361194,-1.3868757506934
2010,1.41953661291134,0.361193906512803,1.58102133238868
2011,-0.387184572428109,0.473084983695013,-0.00860205076416749
