"Team","OPR","DPR","CCWM"
2002,17.6028253741242,14.2296932693051,3.3731321048191
2003,27.4308552587032,19.4235969260666,8.00725833263654
