"Year","OPR","DPR","CCWM"
2007,-1.20533723907853,0.816430778872759,-0.167461600124486
2008,-1.76716466079384,1.3048479779326,-0.620926432090473
