"Team","OPR","DPR","CCWM"
2002,13.8977163231284,16.3004391762922,-2.40272285316385
2003,29.6530988644328,28.1562929261425,1.49680593829034
