"Year","OPR","DPR","CCWM"
2019,1.05772240931257,-1.68135180200247,-0.15808398102835
