"Year","OPR","DPR","CCWM"
2002,-1.17489583491814,-0.282631355729994,-0.605092296405334
2003,-0.0940456360276195,0.425034922032091,-0.314057093583355
