"Team","OPR","DPR","CCWM"
2002,9.14684430697526,13.3767901930302,-4.22994588605495
2003,21.8517951877048,31.5646321129039,-9.71283692519911
