"Year","OPR","DPR","CCWM"
2019,-1.16722749372199,0.858188242107737,-0.691381163005475
