"Year","OPR","DPR","CCWM"
2019,-1.11611979138979,1.65617070102701,0.0643520888419844
