"Team","OPR","DPR","CCWM"
2002,13.279914678587,7.07015710025605,6.20975757833094
2003,8.69753895044846,28.0967202609067,-19.3991813104583
