"Year","OPR","DPR","CCWM"
2002,-0.148668994771085,-1.63817359155552,1.24366048627361
2003,-1.30307565606682,0.146269767017512,-0.796101012257441
