"Year","OPR","DPR","CCWM"
2019,-0.0226502051672487,-0.364583999432565,-0.344419613714013
