"Year","OPR","DPR","CCWM"
2019,-1.15030545420331,0.623943129290732,-0.873935104816335
