"Year","OPR","DPR","CCWM"
2019,0.150821474277713,-2.5434802056233,-2.02272304269618
