"Year","OPR","DPR","CCWM"
2002,0.00699478247505443,-0.525236515643117,0.437731828912422
2003,1.56721641805558,-0.92598583486304,1.42183639647839
