"Team","OPR","DPR","CCWM"
2002,13.9068417092394,12.2480745473284,1.65876716191107
2003,39.9263395533878,14.7575785380558,25.1687610153321
