"Year","OPR","DPR","CCWM"
2007,1.51254342601135,1.70482881029195,2.27114087439038
2008,0.490009168801719,-0.362886459984555,0.171279771552386
2009,-1.41484546846367,0.484821920482014,-0.71516957378842
2010,-0.917948313088973,1.69543651331842,0.552251150035622
2011,-0.727800229982916,0.904789069912843,-0.00385186327238475
2012,-0.969263305014799,1.57602444076532,0.305627399987944
2013,-0.393918917093394,1.66026120060998,0.985989534626723
