"Year","OPR","DPR","CCWM"
2019,-0.925473419458368,-1.38767742887742,-2.34379564427094
