"Year","OPR","DPR","CCWM"
2019,-0.387296703021076,0.514241694778612,-0.0301580477616899
