"Year","OPR","DPR","CCWM"
2019,-0.0670794498206717,-0.222670404350881,-0.275883775675946
