"Team","OPR","DPR","CCWM"
2003,55.9071231151694,20.0835944858227,35.8235286293467
