"Year","OPR","DPR","CCWM"
2019,-1.58898751143499,1.10635245899067,-0.994970301333674
