"Year","OPR","DPR","CCWM"
2019,-0.814293757115375,-0.312758408291608,-1.2736868908649
