"Team","OPR","DPR","CCWM"
2002,20.3537069804933,10.7977985156925,9.55590846480084
2003,25.5975843015781,34.3185540429169,-8.72096974133879
