"Year","OPR","DPR","CCWM"
2002,1.60772876020133,-0.836957585438718,1.83622576207177
2003,0.250236199883572,0.646406602305912,-0.26469651697203
