"Team","OPR","DPR","CCWM"
2002,11.1564782871775,15.5219236311634,-4.36544534398593
2003,5.41888166716102,37.3389016810027,-31.9200200138417
