"Year","OPR","DPR","CCWM"
2007,0.134615301002395,0.156683882980046,0.20587182801897
2008,1.26147009367134,-0.674858259029536,0.657457682555535
2009,1.07195098525814,-0.218906140581221,0.639103063681383
