"Year","OPR","DPR","CCWM"
2007,0.134615301002395,0.156683882980046,0.20587182801897
2008,1.26147009367134,-0.674858259029536,0.657457682555535
2009,1.07195098525814,-0.218906140581221,0.639103063681383
2010,0.14834743572567,0.19850853130707,0.296451694405757
2011,0.142466704395063,-0.379808883086235,-0.160121003083891
2012,-0.158796952233692,-0.425688380882433,-0.5678559429817
2013,0.602593851319269,-0.748700135637114,0.0478951597031229
2014,-0.188962294260902,-0.776392933876977,-0.735065472447594
