"Year","OPR","DPR","CCWM"
2007,0.134615301002395,0.156683882980046,0.20587182801897
2008,1.26147009367134,-0.674858259029536,0.657457682555535
