"Year","OPR","DPR","CCWM"
2002,-0.24573890763549,0.170711724496217,-0.31591414189638
2003,0.0524663107254406,0.368815031614714,-0.199923275747611
