"Year","OPR","DPR","CCWM"
2019,1.35051512020541,-1.36906284210919,0.473391678875893
