"Year","OPR","DPR","CCWM"
2019,-1.01707962482622,1.56532137435867,0.107360856614492
