"Year","OPR","DPR","CCWM"
2019,-0.886046673337567,-0.286080974066619,-1.33882988177702
