"Year","OPR","DPR","CCWM"
2019,0.371133402911249,-0.159279396112025,0.318456562639838
2020,0.0101956723432421,0.824824486960324,0.539094360594359
