"Year","OPR","DPR","CCWM"
2019,-1.047057175138,-0.511783053285518,-1.73294542078076
