"Year","OPR","DPR","CCWM"
2019,0.0666253275254674,1.00014400927011,0.950354160163421
2020,-0.447517592444892,0.739828583652407,0.0414448397220274
