"Team","OPR","DPR","CCWM"
2002,12.5749022224265,10.0977030919156,2.47719913051086
2003,28.7975593570776,21.897430567133,6.90012878994456
