"Year","OPR","DPR","CCWM"
2002,-0.323721108598938,-0.987435487367893,0.582666824867431
2003,0.544351339173459,-0.352054880845105,0.512692273939965
