"Year","OPR","DPR","CCWM"
2007,1.37525500162626,0.318646604012262,1.1351046973152
2008,1.81203781496865,-1.18659376922911,0.763079827434512
