"Year","OPR","DPR","CCWM"
2019,-0.946152073555731,0.473578806137234,-0.753238018496299
