"Year","OPR","DPR","CCWM"
2019,-0.42278347906135,0.000521981505609693,-0.51986018474991
