"Year","OPR","DPR","CCWM"
2002,0.486030588305656,0.441203092067743,-0.0168637833764653
2003,0.329034823773799,0.924255145645074,-0.394045477586383
