"Team","OPR","DPR","CCWM"
2002,15.8361312372115,16.7444154587904,-0.908284221578908
2003,26.4549139564378,37.7750630045755,-11.3201490481377
