"Team","OPR","DPR","CCWM"
2002,22.4768205741606,15.5327976112896,6.94402296287098
2003,23.0654934865804,18.828012324259,4.23748116232134
