"Year","OPR","DPR","CCWM"
2002,2.13489040000008,0.180779004950779,1.37369053717727
2003,0.0175074348677957,-0.598787464831221,0.380184792746026
