"Year","OPR","DPR","CCWM"
2019,0.174842466624485,-1.04996730027298,-0.696441601336296
2020,-1.15731161082122,-0.12805451325359,-1.20256136603763
