"Year","OPR","DPR","CCWM"
2007,-0.608737547322113,-0.0263565978170516,-0.415834572147826
2008,-0.18267549931004,-0.0402623547663228,-0.210408348349424
