"Year","OPR","DPR","CCWM"
2002,0.679357329904516,1.62370326596083,-0.853243798897519
2003,-0.622596224591486,0.914093060383829,-0.903011929563173
