"Year","OPR","DPR","CCWM"
2002,1.89096393532286,2.07813531804599,-0.363515669474455
2003,1.91282561608084,-3.10048441017141,2.95518344372948
