"Year","OPR","DPR","CCWM"
2020,0.481293329159957,-0.860912734180285,-0.0864363954621692
