"Year","OPR","DPR","CCWM"
2007,-0.277776478549559,0.396009091266448,0.118366631746862
2008,-0.0662107449710354,-0.773346770334905,-0.709709046854052
