"Team","OPR","DPR","CCWM"
2002,21.4944205778158,24.3602098428701,-2.86578926505424
2003,43.6865703776229,-12.2937556972742,55.9803260748971
