"Year","OPR","DPR","CCWM"
2007,-0.277776478549559,0.396009091266448,0.118366631746862
2008,-0.0662107449710354,-0.773346770334905,-0.709709046854052
2009,0.902548952941436,-0.582071316470849,0.277451342455913
