"Year","OPR","DPR","CCWM"
2019,-0.707757854973061,1.35930986255003,0.30917232818798
