"Year","OPR","DPR","CCWM"
2019,-0.155084819728655,-0.875103671514204,-0.950655638945417
