"Team","OPR","DPR","CCWM"
2002,16.0963657350892,19.0893026092654,-2.9929368741762
2003,55.0368382060813,17.6094687346393,37.427369471442
