"Year","OPR","DPR","CCWM"
2007,-0.180754448988494,-0.784435549875086,-0.709912801635076
