"Year","OPR","DPR","CCWM"
2007,-0.180754448988494,-0.784435549875086,-0.709912801635076
2017,-0.257508303094464,-0.138998171164723,-0.454023860582588
