"Year","OPR","DPR","CCWM"
2002,0.550645899065571,0.945211098234348,-0.386032065364156
2003,2.95604799920766,-0.696739058513375,2.03188983074067
