"Year","OPR","DPR","CCWM"
2019,-1.01722866899076,0.486605607567188,-0.829400619270758
