"Year","OPR","DPR","CCWM"
2019,0.307365158053351,-0.396184449629703,0.0342888271062046
