"Year","OPR","DPR","CCWM"
2019,-0.754053372001445,0.558041413145423,-0.443491647950421
