"Year","OPR","DPR","CCWM"
2002,-0.822668690121001,0.24284794907692,-0.78682190508819
2003,-0.0386617540363723,-0.425793135459105,0.242672486383025
