"Team","OPR","DPR","CCWM"
2002,10.5654191476312,15.8215721302341,-5.2561529826029
2003,22.4543722644123,20.9801072843572,1.47426498005505
