"Year","OPR","DPR","CCWM"
2019,-1.88266376382311,1.33078657245865,-1.1615319304949
2020,-0.770473199976292,-0.0827531580124298,-0.798994953479216
