"Year","OPR","DPR","CCWM"
2019,0.813869314793163,-1.23029877165728,-0.0665706642148307
