"Year","OPR","DPR","CCWM"
2019,-0.761531873824657,0.995359463902644,-0.0730007896647942
2020,-0.739001869217779,-0.390249781117149,-0.965823384971364
