"Team","OPR","DPR","CCWM"
2002,22.3999991857696,20.1462201505772,2.25377903519233
