"Year","OPR","DPR","CCWM"
2020,0.749675043654763,-0.502166105030388,0.403564264031191
