"Year","OPR","DPR","CCWM"
2010,2.55884234563615,-2.04603575015344,0.648304152448209
