"Year","OPR","DPR","CCWM"
2010,2.55884234563615,-2.04603575015344,0.648304152448209
2011,2.89748046456634,-0.766904629437375,2.26555418481295
2012,1.73462014314814,-1.47647179266322,0.667427508538969
2013,0.937056142537693,-1.16668383443821,0.0723701078993352
2014,1.28248581789665,-0.796934695099024,0.631063165445375
