"Team","OPR","DPR","CCWM"
2002,24.7941781704827,13.9093430292448,10.8848351412379
2003,25.3837782541365,43.4222873848113,-18.0385091306748
