"Year","OPR","DPR","CCWM"
2007,-0.675765962975887,0.59662831205763,0.0110010205804897
2008,0.25841292286185,-0.161655541827244,0.115136394699018
2009,0.00693072554129019,-0.723449671205189,-0.469019984512676
