"Year","OPR","DPR","CCWM"
2002,0.591491483967663,-1.02835716712221,1.2691250583721
2003,0.473300752670293,0.231617315958803,0.112874469434592
