"Team","OPR","DPR","CCWM"
2002,16.2608690107449,9.90731579675815,6.35355321398673
2003,28.0245284106337,29.1584662187074,-1.13393780807364
