"Year","OPR","DPR","CCWM"
2019,0.112241530930486,-0.818039186328872,-0.572115700724898
