"Team","OPR","DPR","CCWM"
2002,26.624779712291,22.4449633111764,4.17981640111464
2003,39.1916228974487,10.8529372633599,28.3386856340888
