"Year","OPR","DPR","CCWM"
2002,3.16481406852031,1.66647389307682,0.884180984498892
2003,1.49968736303099,-1.23985711437381,1.57958867374125
