"Team","OPR","DPR","CCWM"
2002,18.3447594884986,13.9674532234398,4.37730626505878
2003,16.3797046617179,23.0137210773688,-6.63401641565086
