"Year","OPR","DPR","CCWM"
2018,1.17715172611583,-0.194780639459738,0.735877906237885
2019,-0.178788450514982,0.410901043296418,0.136726080634314
