"Year","OPR","DPR","CCWM"
2019,-0.241464633732745,2.48258697415535,1.85830025096163
