"Year","OPR","DPR","CCWM"
2019,-2.45134337457534,2.10665300117753,-1.18776367265392
