"Year","OPR","DPR","CCWM"
2007,1.45411720560578,-0.444225988792161,0.610333201727877
2008,2.66787984885237,-1.4585305663298,1.36434593744931
2009,2.3611812862495,-0.89813376906554,1.13517529690377
