"Year","OPR","DPR","CCWM"
2002,-0.044093355455312,-0.402019967214737,0.299776758097161
2003,-0.672688734605525,0.0854052333725465,-0.417099094297262
