"Year","OPR","DPR","CCWM"
2007,1.45411720560578,-0.444225988792161,0.610333201727877
2008,2.66787984885237,-1.4585305663298,1.36434593744931
2009,2.3611812862495,-0.89813376906554,1.13517529690377
2010,1.70614304994281,-1.03389618852391,0.701907093219748
2011,0.175529747227139,-0.830288997129028,-0.484857524809146
2012,1.08356485761853,-1.00041426087458,0.346348742588177
2013,2.04503411691493,-0.495184991886484,1.93998070966152
2014,1.12309723509852,-0.00995750561507442,1.04682101558721
2015,0.550961699675398,-0.399238447577576,0.301644651547608
