"Year","OPR","DPR","CCWM"
2019,-0.952133938640246,1.30762047425083,-0.0364562116268569
