"Year","OPR","DPR","CCWM"
2019,-1.26186080746042,1.19832093008116,-0.512530112555104
2020,-0.0153301772558886,0.400315464156344,0.242009185146467
