"Year","OPR","DPR","CCWM"
2002,-0.461829903563347,-1.69010541311293,1.06309630921912
2003,-0.122462465775037,-0.70414000084179,0.36962158971739
