"Team","OPR","DPR","CCWM"
2002,12.0186768868617,6.82854534095696,5.19013154590478
2003,21.5426198539642,17.5173990654035,4.02522078856075
