"Year","OPR","DPR","CCWM"
2002,0.417505546256473,-1.21745992953233,1.30083779286531
2003,-0.0592067743490139,-1.58847846486461,0.95135941280947
