"Year","OPR","DPR","CCWM"
2007,0.481479855384382,-0.479356608281602,-0.0488127479586368
2008,1.44261004273884,-0.428256500200621,1.03864263851065
