"Year","OPR","DPR","CCWM"
2007,0.587276644765827,0.634027642955462,0.860744066793577
2008,-0.385747940712874,0.140880611217993,-0.255716541438874
