"Year","OPR","DPR","CCWM"
2020,-0.020645773383204,0.560362167201163,0.339552294791278
