"Year","OPR","DPR","CCWM"
2020,0.962672982431596,-0.0717262834450635,0.885947404917856
