"Year","OPR","DPR","CCWM"
2020,-0.509408021392132,-0.68336570676573,-0.931621495782369
