"Year","OPR","DPR","CCWM"
2020,-0.734968373913334,0.127929737337873,-0.629444200199502
