"Year","OPR","DPR","CCWM"
2020,-0.0176916040493712,0.0304632495668762,0.00241850152714079
