"Year","OPR","DPR","CCWM"
2020,-1.14611719603257,0.118021528750309,-1.03383669034783
