"Team","OPR","DPR","CCWM"
2002,8.27282866945544,19.8690301713818,-11.5962015019264
2003,6.73675787912044,40.4708520642145,-33.734094185094
