"Year","OPR","DPR","CCWM"
2007,-0.181011226636205,-0.00792752454968679,-0.123718693281907
2008,-1.78460941340091,1.3875013571266,-0.568806362033339
2009,1.14162075024769,-1.04056776441723,0.151525568540173
2010,-1.10091614989209,-0.00416819976468231,-1.00089657529545
2011,-1.23270326028472,2.04809714948323,0.402710831757911
2012,-1.16499570508783,-1.32626972530674,-2.54257095316656
2013,-1.24367745707343,0.375512154210414,-1.11517387640579
