"Year","OPR","DPR","CCWM"
2002,-1.39191084441127,1.11280506276941,-1.90957241063699
2003,-1.48329437274697,1.14095386440405,-1.50948237689866
