"Year","OPR","DPR","CCWM"
2007,-0.181011226636205,-0.00792752454968679,-0.123718693281907
2008,-1.78460941340091,1.3875013571266,-0.568806362033339
