"Year","OPR","DPR","CCWM"
2007,-1.46179034550897,1.83653503027162,0.436044330467469
2008,-0.554080245013326,-0.76541879100984,-1.17525558993727
2009,-0.94363944372664,-0.148060409493308,-0.785906890532451
2010,-0.760532914307295,1.54937960187126,0.575654050848701
2011,0.147194465048769,0.508323952596003,0.549456472442257
