"Year","OPR","DPR","CCWM"
2007,-1.46179034550897,1.83653503027162,0.436044330467469
2008,-0.554080245013326,-0.76541879100984,-1.17525558993727
