"Year","OPR","DPR","CCWM"
2007,0.0296767956430102,0.119341289331608,0.109419900522937
2008,-0.422779144500549,-0.136791520323582,-0.523370682311506
