"Year","OPR","DPR","CCWM"
2007,0.0296767956430102,0.119341289331608,0.109419900522937
2008,-0.422779144500549,-0.136791520323582,-0.523370682311506
2009,-0.633038236320755,-0.91240761013577,-1.06003954290892
2010,-0.239646217260579,2.05730651198857,1.46222274603317
2011,1.7310785990187,-1.10551000692458,0.839771313393361
2012,0.0742828483403754,0.0756278752008819,0.15404421663393
2013,-1.82748737568543,1.13895664589726,-1.1284872135912
2014,1.51120412230217,-1.18136108660928,0.569546260596749
