"Year","OPR","DPR","CCWM"
2020,-0.156834923026153,-0.154833822650955,-0.25117713196867
