"Year","OPR","DPR","CCWM"
2020,-1.28327949727815,0.279218643843007,-1.06319689336276
