"Year","OPR","DPR","CCWM"
2010,-0.756907972511902,0.641015637354968,-0.162548829814228
