"Year","OPR","DPR","CCWM"
2007,0.0543865130774557,0.221822725419835,0.20287783140536
2008,0.0684818302621509,-0.146124119658312,-0.0557144832718461
2009,-0.108527673965728,-0.184922749834326,-0.200408786506763
2010,-0.447703911821147,-1.23083015368099,-1.4103586195899
2011,-0.968913627805012,0.521806785686966,-0.54699312142771
