"Year","OPR","DPR","CCWM"
2007,0.0543865130774557,0.221822725419835,0.20287783140536
2008,0.0684818302621509,-0.146124119658312,-0.0557144832718461
