"Year","OPR","DPR","CCWM"
2020,-1.49794562143777,-1.80785262416862,-2.61012286729959
