"Year","OPR","DPR","CCWM"
2007,-0.133538202210511,-0.51434606776433,-0.475251153368766
2008,1.72016870437522,-0.918153406072114,0.898275735664757
2009,1.50886610162061,-0.660706195603892,0.668549473114605
2010,0.672605542607682,-0.854756631036571,-0.0883084487266483
2011,1.0915108376414,-0.461249442178693,0.716669174815944
