"Year","OPR","DPR","CCWM"
2007,-0.133538202210511,-0.51434606776433,-0.475251153368766
2008,1.72016870437522,-0.918153406072114,0.898275735664757
2009,1.50886610162061,-0.660706195603892,0.668549473114605
2010,0.672605542607682,-0.854756631036571,-0.0883084487266483
2011,1.0915108376414,-0.461249442178693,0.716669174815944
2012,1.07421964923732,-1.52992726183588,-0.142872975413636
2013,0.724317443995822,-0.906479261426736,0.0518856829554582
2014,-0.52562110554036,1.05816831675287,0.266879896724241
2015,0.0697977711425402,-0.00493360341272783,0.0905882196036848
