"Year","OPR","DPR","CCWM"
2007,-0.133538202210511,-0.51434606776433,-0.475251153368766
2008,1.72016870437522,-0.918153406072114,0.898275735664757
2009,1.50886610162061,-0.660706195603892,0.668549473114605
