"Year","OPR","DPR","CCWM"
2007,1.20219887535743,0.0491845118247335,0.81906866256783
2008,0.999371636847729,0.0725553765137658,1.02777532247426
2009,0.917424882358862,0.334165619481056,0.888725076655192
2010,-0.752480337669277,1.11584120283567,0.229057634411339
