"Year","OPR","DPR","CCWM"
2007,1.20219887535743,0.0491845118247335,0.81906866256783
2008,0.999371636847729,0.0725553765137658,1.02777532247426
2009,0.917424882358862,0.334165619481056,0.888725076655192
2010,-0.752480337669277,1.11584120283567,0.229057634411339
2011,-0.222537670546204,-0.786251544763625,-0.84477881287939
2012,-0.299786367099298,-0.216964043971238,-0.541944330354321
2013,-0.630881071684336,0.55451726519169,-0.24939993545053
2014,0.835706783987448,-0.498730535396605,0.426001291797641
