"Year","OPR","DPR","CCWM"
2020,0.653929606294162,0.899886316778984,1.21045750087891
