"Year","OPR","DPR","CCWM"
2007,1.36869926219875,-0.766247337348577,0.311609513166996
2008,0.186185323603697,0.483595740377529,0.58392266697771
