"Year","OPR","DPR","CCWM"
2020,-0.754060253640952,0.916538987865201,-0.141939681690595
