"Year","OPR","DPR","CCWM"
2020,-1.11491962699862,-0.688071867893501,-1.52083980951893
