"Year","OPR","DPR","CCWM"
2007,0.446387325970306,0.85658692625471,0.93716776255908
2008,1.1941785997783,-1.10611397922288,0.232297849284728
