"Year","OPR","DPR","CCWM"
2007,0.446387325970306,0.85658692625471,0.93716776255908
2008,1.1941785997783,-1.10611397922288,0.232297849284728
2009,0.351927629838762,0.606488262848056,0.654350976436677
2010,1.54275361096359,-0.5604504512513,0.940335180985097
