"Year","OPR","DPR","CCWM"
2007,2.61577826929541,-0.386721529716613,1.40931806918839
2008,0.872446200340265,-0.585785689180335,0.355318626676108
