"Year","OPR","DPR","CCWM"
2007,2.61577826929541,-0.386721529716613,1.40931806918839
2008,0.872446200340265,-0.585785689180335,0.355318626676108
2009,1.09000718039954,0.437513836654377,1.08243933587803
2010,0.943794973252387,-0.955116157468896,0.0754826096969364
