"Year","OPR","DPR","CCWM"
2020,-0.592221135538914,-0.252653374122917,-0.735439633367987
