"Year","OPR","DPR","CCWM"
2007,0.390434343177227,-1.92000924555086,-1.19590386061867
2008,-0.0899400247042642,0.28928582185857,0.154465757078932
2009,0.331007975323119,-0.247349782735473,0.0795554140209034
