"Year","OPR","DPR","CCWM"
2020,-0.884069084546094,1.85305098081773,0.333082950280206
