"Year","OPR","DPR","CCWM"
2007,-1.15084001287182,-0.268709186680606,-0.951432799058097
2008,0.400684371044032,0.609403695397649,0.896548039055406
2009,1.23077474231281,0.819442973835149,1.43548322269894
2010,-0.0772183449420296,0.435265734376017,0.285338208340503
