"Year","OPR","DPR","CCWM"
2007,-1.15084001287182,-0.268709186680606,-0.951432799058097
2008,0.400684371044032,0.609403695397649,0.896548039055406
