"Year","OPR","DPR","CCWM"
2020,1.78991924374558,-0.576279093240982,1.36307738663957
