"Year","OPR","DPR","CCWM"
2007,3.66865447721482,0.844351494476047,3.02373935015494
2008,1.75956193605068,0.224052821979389,1.8899733262725
