"Year","OPR","DPR","CCWM"
2007,-2.10356201966713,-0.573867468158109,-1.80153032208599
