"Year","OPR","DPR","CCWM"
2020,-0.304947346080939,-0.80594724055696,-0.812332878760786
