"Year","OPR","DPR","CCWM"
2007,0.109097690478044,0.844446575859341,0.708622035809617
2008,0.271247169323042,-0.902014497060401,-0.490532157218585
2009,-0.644074026434288,0.60080254845412,-0.0764830093111776
2010,0.0704506177892805,-0.188011382805471,-0.0896392165050814
2011,-0.145559601331212,0.0224402463429178,-0.126581153231144
2012,1.29779536806712,-0.775756426685824,0.796526397452518
2013,0.0662904645740241,0.127568403664324,0.187672008324889
2014,0.590146501514187,-0.025253121579667,0.535683892855064
2015,0.460208826472525,0.16797186877046,0.827361160034168
