"Year","OPR","DPR","CCWM"
2007,0.109097690478044,0.844446575859341,0.708622035809617
2008,0.271247169323042,-0.902014497060401,-0.490532157218585
2009,-0.644074026434288,0.60080254845412,-0.0764830093111776
2010,0.0704506177892805,-0.188011382805471,-0.0896392165050814
