"Team","OPR","DPR","CCWM"
2002,20.0677559553642,10.3177253652957,9.75003059006856
2003,24.7561829865435,20.7096096597956,4.0465733267479
