"Year","OPR","DPR","CCWM"
2002,1.53672812615197,-0.940144091150346,1.87060258326143
2003,0.172901576744935,-0.447536857750824,0.37068420537217
