"Year","OPR","DPR","CCWM"
2007,0.0014400677655653,0.00920474155685604,0.0078873780383907
2008,-0.362593840217294,0.791437206821303,0.309810289895911
2009,-1.56444203408571,-1.0815892069749,-1.85085488395994
2010,0.151854269357721,-0.144278710044829,0.01981571962596
2012,0.415460155485384,-0.590093605402,-0.0537986601341794
2013,1.04965916511792,-0.666188245059044,0.637743886761778
2014,0.108101541317896,0.339979542841491,0.345677505805559
2015,-1.52946516240478,0.222280315409236,-1.85403308367259
