"Year","OPR","DPR","CCWM"
2007,0.0014400677655653,0.00920474155685604,0.0078873780383907
2008,-0.362593840217294,0.791437206821303,0.309810289895911
