"Year","OPR","DPR","CCWM"
2007,-1.57090974509974,-1.21480556166401,-1.93907408384114
2008,-0.781038176127088,0.577037107265694,-0.274156745974285
