"Year","OPR","DPR","CCWM"
2007,-1.57090974509974,-1.21480556166401,-1.93907408384114
2008,-0.781038176127088,0.577037107265694,-0.274156745974285
2009,-1.74013167783017,-0.668376537202885,-1.70833307546532
2010,-0.142469559636066,-1.36958675840513,-1.24706398355813
