"Year","OPR","DPR","CCWM"
2007,-0.629869477669798,-0.222004740205445,-0.577318025474214
2008,0.8092622500006,-0.957281181765274,-0.0159749763234779
