"Year","OPR","DPR","CCWM"
2007,0.393715812813749,1.35249690227703,1.27738375908217
2008,0.241010617864869,-0.448780045512263,-0.141412017327968
2009,-0.423046718089417,-1.30427620396077,-1.16353319404215
2010,0.20859721506316,-1.31021157686888,-0.880509755659607
