"Year","OPR","DPR","CCWM"
2007,0.393715812813749,1.35249690227703,1.27738375908217
2008,0.241010617864869,-0.448780045512263,-0.141412017327968
