"Year","OPR","DPR","CCWM"
2007,-0.455292641603852,0.59990603405515,0.156875266914078
2008,1.21649077469201,-0.167782699333786,1.03725893878328
