"Year","OPR","DPR","CCWM"
2007,1.27048898503409,1.09025891060582,1.64962754670652
2008,1.64062167691713,-0.504807409390676,1.16637174862302
2009,0.941290066910415,-0.117685937402229,0.61004708718494
2010,0.0753465887258784,0.4385807611028,0.426276938718798
2011,1.77071055760302,-1.43055726555524,0.621103743668407
