"Year","OPR","DPR","CCWM"
2007,1.27048898503409,1.09025891060582,1.64962754670652
2008,1.64062167691713,-0.504807409390676,1.16637174862302
