"Year","OPR","DPR","CCWM"
2020,-0.775333679304257,2.93377052607158,1.13176149334198
