"Year","OPR","DPR","CCWM"
2007,-0.491847506845722,-1.03813641358891,-1.10382841891652
2008,-0.318800462822501,-0.830622716445256,-1.00198493000674
2009,-0.623482011803241,1.56056042963372,0.56748307929328
2010,0.870055002588949,-0.328825750148342,0.51990371992324
2011,0.698536558911677,-0.442236503068152,0.341938852280912
