"Year","OPR","DPR","CCWM"
2007,-0.678246752656215,0.927842425067967,0.259495747174671
2008,-0.593294369473782,1.01638765051512,0.274336074884437
2009,2.10053001611575,0.402840101565578,1.79742645848411
2010,-0.192876210932187,-0.341608382801047,-0.453608156449541
2011,-0.584720134999833,0.0335007293183253,-0.553438709633838
