"Year","OPR","DPR","CCWM"
2007,-0.678246752656215,0.927842425067967,0.259495747174671
2008,-0.593294369473782,1.01638765051512,0.274336074884437
