"Year","OPR","DPR","CCWM"
2007,-0.678246752656215,0.927842425067967,0.259495747174671
2008,-0.593294369473782,1.01638765051512,0.274336074884437
2009,2.10053001611575,0.402840101565578,1.79742645848411
2010,-0.192876210932187,-0.341608382801047,-0.453608156449541
2011,-0.584720134999833,0.0335007293183253,-0.553438709633838
2012,-0.667398345309504,0.00427607124374771,-0.766211893493517
2013,-0.976278120351128,0.590422477029201,-0.618524423946055
2014,-1.29613236994432,-0.475114412892001,-1.55766488550396
2015,-1.27366131247386,0.0427054375530747,-1.70734437595807
