"Year","OPR","DPR","CCWM"
2007,0.767175837087693,-0.264231294506059,0.299454843266029
2008,0.62827580012551,-0.74551278170361,-0.0143404299268669
2009,1.59018968298328,0.0313205232640514,1.18140589325656
