"Year","OPR","DPR","CCWM"
2002,-0.706540057134548,0.149138122253558,-0.626789642391891
2003,0.162636986966034,-0.645806084808295,0.48787367020626
