"Year","OPR","DPR","CCWM"
2007,0.767175837087693,-0.264231294506059,0.299454843266029
2008,0.62827580012551,-0.74551278170361,-0.0143404299268669
2009,1.59018968298328,0.0313205232640514,1.18140589325656
2010,1.0468361101726,-1.62064046580486,-0.374416130340346
2011,0.318811591170324,-0.867840073281999,-0.372528916351651
