"Team","OPR","DPR","CCWM"
2002,11.0331206279621,15.3855890384919,-4.35246841052986
2003,24.6445041680824,18.2430883244337,6.40141584364872
