"Year","OPR","DPR","CCWM"
2007,0.178710508106223,-0.103253406569412,0.0382666995675349
2008,-0.0978885170724737,0.31423376946234,0.167600950307316
2009,1.16874493551242,0.578854299250385,1.23254102145908
