"Year","OPR","DPR","CCWM"
2007,3.01174971545464,0.922577876058544,2.65554938878694
2008,-0.0378271638250314,-0.772464853883208,-0.681502849709479
