"Year","OPR","DPR","CCWM"
2007,-0.989459466691172,-0.535717618388016,-1.04809338493336
2008,-0.236914804066771,1.62903702271783,1.1307151152647
2009,0.302030611234468,-0.194458784324266,0.0930608484081
2010,-0.797517582110034,0.218685613875267,-0.544086748890363
2011,-0.622242459895941,0.933424172042467,0.123585660626458
2012,-0.98719213339781,1.05523749466591,-0.185614118918256
2013,0.665461049555528,-1.17681664852207,-0.251217575931028
2014,1.39008749106237,-0.841165993950685,0.700268094249185
2015,1.55147520531208,-1.17471213811938,0.79148789256157
