"Year","OPR","DPR","CCWM"
2007,-0.989459466691172,-0.535717618388016,-1.04809338493336
2008,-0.236914804066771,1.62903702271783,1.1307151152647
