"Year","OPR","DPR","CCWM"
2007,0.404439101555272,-0.345210445865965,0.00237599734328306
2008,0.151016080003418,-0.952908957743814,-0.649382377527938
