"Year","OPR","DPR","CCWM"
2007,0.666214812155331,-1.15783075203749,-0.440991584537238
2008,0.254309351322459,-1.44330053172038,-0.958818130144901
2009,-0.599087747531336,-0.860981620112569,-1.00155510223704
2010,2.33903011948578,-0.558774438279082,1.66317616280898
2011,0.848026898203818,-0.745414568066437,0.249604978226756
