"Year","OPR","DPR","CCWM"
2007,0.666214812155331,-1.15783075203749,-0.440991584537238
2008,0.254309351322459,-1.44330053172038,-0.958818130144901
