"Year","OPR","DPR","CCWM"
2007,-0.21123390688883,-0.458737930051133,-0.483794474169094
2008,0.996961066718243,0.167553804341719,1.10475191274124
