"Year","OPR","DPR","CCWM"
2007,-0.21123390688883,-0.458737930051133,-0.483794474169094
2008,0.996961066718243,0.167553804341719,1.10475191274124
2009,0.676334047295656,0.00119471156226625,0.494525023291674
2010,-0.0539311189662986,-0.837396471247288,-0.73242205562125
2011,-0.356976877256594,-0.378860532190773,-0.654803527973554
