"Year","OPR","DPR","CCWM"
2008,-0.680021330433405,-2.57371304412811,-2.80679958703313
2009,-1.01201380205494,0.0872893477356162,-0.681596336838797
2010,-0.71464532069477,-0.523621998318425,-1.07493701169826
