"Year","OPR","DPR","CCWM"
2008,-0.680021330433405,-2.57371304412811,-2.80679958703313
