"Year","OPR","DPR","CCWM"
2007,0.899717940088389,0.741378012722656,1.14502358738452
2008,-0.125202314209021,0.838511672727783,0.578860483841363
2009,-2.08065646914618,1.63750889098732,-0.445868986858249
