"Year","OPR","DPR","CCWM"
2007,0.899717940088389,0.741378012722656,1.14502358738452
2008,-0.125202314209021,0.838511672727783,0.578860483841363
2009,-2.08065646914618,1.63750889098732,-0.445868986858249
2010,0.236163796112908,-0.427706575377132,-0.13515392022306
2011,-0.635817449824339,-0.0839447869223956,-0.697339349018338
2013,-0.977785223367454,-0.625435108411674,-1.67669153282479
2014,-0.279393548648565,1.16872772784552,0.577374891516892
2015,-1.3177604593587,1.26467984026151,-0.365964792318512
2016,-1.56285165721734,1.64413831694395,-0.412625273500531
