"Year","OPR","DPR","CCWM"
2007,0.0198712961901962,-0.876868377970959,-0.649221206981508
2008,-0.654264250501001,-0.768616417806254,-1.27488426593452
2009,1.43703952915059,-0.277266813325264,0.867383569141637
2010,1.52683071622762,0.0825366244057488,1.45077123036936
