"Year","OPR","DPR","CCWM"
2007,-1.14549831056032,0.590325872714492,-0.299279075881524
2008,-0.468046690171109,0.102672833569876,-0.367263950333294
2009,0.292800765608917,-0.28842421403363,0.0247468719043314
2010,-0.428011501698415,0.178983873935591,-0.241700813389128
2011,-0.082658230600517,0.47567139299397,0.295533024323347
