"Year","OPR","DPR","CCWM"
2007,-1.14549831056032,0.590325872714492,-0.299279075881524
2008,-0.468046690171109,0.102672833569876,-0.367263950333294
