"Year","OPR","DPR","CCWM"
2002,0.951370604586426,-0.604200453958921,1.1763327643116
2003,0.710996349469591,-0.677483159596411,0.804392249218695
