"Year","OPR","DPR","CCWM"
2007,-1.08704222429833,0.157626575381451,-0.588000695047201
2008,-0.758459919799832,1.39583121883153,0.431266094012517
