"Team","OPR","DPR","CCWM"
2002,17.710261749857,11.8806964064216,5.82956534343544
2003,30.610658394953,17.8490171820466,12.7616412129064
