"Year","OPR","DPR","CCWM"
2007,-0.217409031305787,0.979438411496635,0.598192964128764
2008,1.14117966736606,0.544687182533815,1.55917849798129
