"Year","OPR","DPR","CCWM"
2007,-0.0416757559665182,2.53258804001747,1.88531563052877
2008,-0.676379111509175,0.482132335995783,-0.252097979833428
2009,-1.9100917446787,-0.245263732000979,-1.55514092083153
2010,0.417132833901496,0.914295320244742,1.12427561847969
