"Year","OPR","DPR","CCWM"
2007,-0.0416757559665182,2.53258804001747,1.88531563052877
2008,-0.676379111509175,0.482132335995783,-0.252097979833428
