"Year","OPR","DPR","CCWM"
2020,2.34822902864545,-1.59845481453524,1.24773144220618
