"Year","OPR","DPR","CCWM"
2007,-0.473132369304703,0.0730828145879279,-0.25254568081243
2008,1.86903375241082,-0.11388081814972,1.71379694576878
2009,1.06330304504864,-0.472159589050506,0.46683178761264
