"Year","OPR","DPR","CCWM"
2007,-0.056434308123901,0.333419207843877,0.215067672768363
2008,-2.08499721435394,0.0602954805390154,-1.96754444421379
