"Year","OPR","DPR","CCWM"
2007,0.394069734486456,-0.408092394486514,-0.0518521662570073
2008,0.768793394972099,-0.55064898203635,0.284336280011076
2009,0.742150295382275,-1.16174269390402,-0.219505093200748
2010,2.33482213650877,-1.14837807914215,1.17807666379751
