"Team","OPR","DPR","CCWM"
2002,12.4936813651208,14.8898068987737,-2.39612553365289
2003,28.8810609024623,14.5088125146048,14.3722483878575
