"Year","OPR","DPR","CCWM"
2002,-0.34388796187087,0.0425751400299716,-0.280343562784478
2003,0.552026107953151,-0.945982680817974,0.884544612502364
