"Year","OPR","DPR","CCWM"
2007,-0.827271905736568,1.52398085088047,0.612726963781775
2008,-0.73158989798818,0.383828078526127,-0.387601000675347
2009,-0.189872138625501,-0.316468903172697,-0.345995188567506
2010,0.161225786527805,0.115124242210021,0.240054572468122
2011,0.449140390027881,-1.67750846455028,-0.885858588877963
2012,-0.267622971201316,0.213104669722275,-0.116246297139346
2013,-0.232276308406992,0.232175478186409,-0.0674824638270195
2014,-0.0997454205137641,-0.00928115138807774,-0.100273654598649
2015,-0.014769107649613,0.444708045509188,0.489927364970206
