"Year","OPR","DPR","CCWM"
2007,-0.827271905736568,1.52398085088047,0.612726963781775
2008,-0.73158989798818,0.383828078526127,-0.387601000675347
2009,-0.189872138625501,-0.316468903172697,-0.345995188567506
