"Year","OPR","DPR","CCWM"
2007,-0.183492461522646,1.30530579700413,0.866323628094992
2008,-0.827236097140263,0.302093700276038,-0.548404452710071
