"Year","OPR","DPR","CCWM"
2007,1.15921937309301,-0.842055985454459,0.118115597963654
2009,0.97760815115952,0.729113679161676,1.19147160721845
2010,-0.456578145784586,-0.961264254621707,-1.19835558024968
