"Year","OPR","DPR","CCWM"
2007,0.962534764135332,-0.800134109885809,0.0218452620030287
2008,0.646748043749089,-1.11209296064569,-0.302502754384295
2009,0.0712909884540654,-1.12492720703501,-0.685125165814305
2010,0.969026924412144,-1.00902874009782,0.054335991394604
2011,0.87953628481082,-0.269692949228849,0.658429209640082
2012,0.730545281715215,0.583335659552786,1.37000738069908
2013,-0.168986708752689,0.240189663602142,0.0128345944680903
2014,-0.315259455953843,0.130151854447063,-0.202359741659479
2015,-0.232973451876928,0.405370336978419,0.14388963904083
