"Year","OPR","DPR","CCWM"
2007,0.962534764135332,-0.800134109885809,0.0218452620030287
2008,0.646748043749089,-1.11209296064569,-0.302502754384295
