"Year","OPR","DPR","CCWM"
2007,-0.0642770737553445,0.184997161745228,0.0978893276899332
2008,-0.130740785519572,-0.363569502444211,-0.430058794243922
