"Year","OPR","DPR","CCWM"
2007,0.558854087804155,1.9353556159213,1.82492372929597
2008,-0.21661317854062,1.17386887546719,0.7703655012285
2009,0.187489781595609,1.2377684575762,0.947987462563658
