"Year","OPR","DPR","CCWM"
2007,0.558854087804155,1.9353556159213,1.82492372929597
2008,-0.21661317854062,1.17386887546719,0.7703655012285
2009,0.187489781595609,1.2377684575762,0.947987462563658
2010,-0.891317334659843,-1.02205824489053,-1.64188004392308
