"Year","OPR","DPR","CCWM"
2002,0.447647878784911,-0.85761020925166,1.02585508556532
2003,0.00311369475970957,-0.741999185652392,0.461052795807879
