"Team","OPR","DPR","CCWM"
2002,15.6815470524131,10.7017125971951,4.97983445521798
2003,22.9088894796856,17.0464208482559,5.86246863142976
