"Year","OPR","DPR","CCWM"
2007,-0.406227039902705,-1.18022578720591,-1.15543491259915
2008,-0.198372410975752,-0.87156723809438,-0.919615985331093
2009,0.333664063572324,-0.120088437619325,0.164889322970788
2010,0.184197144956771,-0.500248930598156,-0.241454240134934
2011,-0.0806232639884924,0.821471347600239,0.572003982372036
2012,0.473003506150897,-0.170255116278378,0.391940488001969
2013,-0.775976737309736,0.0712599774783748,-0.837455455192606
2014,1.69436636843423,-0.512434978167008,1.22196829472239
