"Year","OPR","DPR","CCWM"
2007,-0.406227039902705,-1.18022578720591,-1.15543491259915
2008,-0.198372410975752,-0.87156723809438,-0.919615985331093
2009,0.333664063572324,-0.120088437619325,0.164889322970788
