"Year","OPR","DPR","CCWM"
2007,0.978783640635623,-0.0481061987326373,0.600289333423961
2008,-0.375081380219214,-0.184819102798689,-0.5173041768521
