"Year","OPR","DPR","CCWM"
2017,-0.48168442540223,0.399792157759611,-0.228224760392525
