"Year","OPR","DPR","CCWM"
2017,1.32103697976653,-0.726177404862704,0.974439881324333
