"Year","OPR","DPR","CCWM"
2017,-0.284045403698059,1.07296737814046,0.653470246462394
