"Year","OPR","DPR","CCWM"
2007,0.306480207621176,3.58615790381179,2.90733910891052
2008,-0.61412630239957,-0.944345882766836,-1.38274631850013
2009,-0.717538521847643,0.164953742098115,-0.415727624760023
2010,-1.10657554078652,-2.10242496364794,-2.71880771267818
2011,0.205838667318068,-2.05771794484308,-1.42896990761141
