"Year","OPR","DPR","CCWM"
2007,0.306480207621176,3.58615790381179,2.90733910891052
2008,-0.61412630239957,-0.944345882766836,-1.38274631850013
