"Year","OPR","DPR","CCWM"
2017,-0.51333004916946,0.828833861351168,0.13590681966273
