"Year","OPR","DPR","CCWM"
2017,-1.5594789137634,-0.463801695747727,-2.39380234006122
