"Year","OPR","DPR","CCWM"
2007,0.565411674276778,-0.538342605272204,-0.0387640731096831
2008,1.79840618030744,-1.93571574282299,0.124481500062455
2009,1.59635981211328,-0.474776554021831,0.854262718494327
