"Year","OPR","DPR","CCWM"
2007,0.565411674276778,-0.538342605272204,-0.0387640731096831
2008,1.79840618030744,-1.93571574282299,0.124481500062455
2009,1.59635981211328,-0.474776554021831,0.854262718494327
2010,2.13270456425441,-1.3568322553805,0.824787577403223
2011,1.08772285333069,-1.82120707264998,-0.366450989159605
