"Year","OPR","DPR","CCWM"
2020,-0.10035450655065,-0.424690467565468,-0.369643582782418
