"Year","OPR","DPR","CCWM"
2018,-1.69867358658498,-1.371609256772,-1.94946385150539
