"Year","OPR","DPR","CCWM"
2019,0.16596714173762,-0.261633904870045,-0.0229062237759997
