"Year","OPR","DPR","CCWM"
2007,1.74374879867133,0.512840060330077,1.52141904698259
2008,0.190829605312034,-0.935353287384047,-0.596194054452392
