"Year","OPR","DPR","CCWM"
2007,1.74374879867133,0.512840060330077,1.52141904698259
2008,0.190829605312034,-0.935353287384047,-0.596194054452392
2009,-0.0791909155203828,-1.26665168394833,-0.887853664223248
2010,-1.0444002031134,-0.181644484815477,-1.09456173310967
2011,-0.419263143506617,-0.681998221618133,-0.957182310744228
