"Team","OPR","DPR","CCWM"
2002,11.2103269858917,6.15996196718792,5.05036501870374
2003,23.7661355414645,39.1427850301503,-15.3766494886857
