"Year","OPR","DPR","CCWM"
2002,-0.662540341571722,-1.83381014240074,1.03834524641644
2003,0.0819046354679805,1.03419832146618,-0.59591847432194
