"Year","OPR","DPR","CCWM"
2007,-0.451146154767877,0.224013029507978,-0.124274241883589
2008,-0.919489251166045,-1.09397762675755,-1.80320005111685
2009,0.550339363080377,-1.12201666261393,-0.333499620228731
2010,-0.577788598071122,0.170361850716584,-0.384445642441552
