"Year","OPR","DPR","CCWM"
2007,-0.451146154767877,0.224013029507978,-0.124274241883589
2008,-0.919489251166045,-1.09397762675755,-1.80320005111685
