"Year","OPR","DPR","CCWM"
2018,-0.325730591558988,0.507524486682845,0.0399921314733275
