"Year","OPR","DPR","CCWM"
2007,0.971062977198081,-0.0313456281181249,0.607924034775388
2008,-0.535774273030246,1.82240316141103,1.00290776283373
