"Year","OPR","DPR","CCWM"
2007,0.749608865847244,-0.277739622312289,0.277828537045391
2008,2.04230937302598,-2.24341340843951,0.103651761849954
2009,0.780491037355704,-0.419383934316724,0.294955490340699
2010,0.981408924089212,-0.468473562224749,0.506803916630398
2011,0.334717715728251,-1.83323826028306,-1.12296158360014
