"Year","OPR","DPR","CCWM"
2007,1.26722923642144,-0.0728341497998483,0.769225964514124
2008,1.00080016242607,0.45062960964955,1.34479364704361
2009,0.458947037943856,-1.43820236595452,-0.607416302755803
