"Year","OPR","DPR","CCWM"
2007,0.58111280989314,-1.10261364327776,-0.454647348339119
2008,0.134555307695814,-1.73621081396106,-1.31925389505681
2009,0.726377574227669,-0.0987216302790293,0.465582552200151
2010,0.0810234750665237,-0.261522734605669,-0.140066082102301
