"Year","OPR","DPR","CCWM"
2007,0.58111280989314,-1.10261364327776,-0.454647348339119
2008,0.134555307695814,-1.73621081396106,-1.31925389505681
