"Year","OPR","DPR","CCWM"
2007,0.58111280989314,-1.10261364327776,-0.454647348339119
2008,0.134555307695814,-1.73621081396106,-1.31925389505681
2009,0.726377574227669,-0.0987216302790293,0.465582552200151
2010,0.0810234750665237,-0.261522734605669,-0.140066082102301
2011,1.96252312590051,-0.718525482077273,1.37649777294959
2012,0.0302515107311306,0.628451844170774,0.602740078737237
2013,0.819789348443044,-0.608918566656808,0.42108045128827
2014,0.734575349620508,-0.035236819250967,0.664051664804614
2015,0.150912806048022,-1.1454449350897,-1.10627010558257
