"Year","OPR","DPR","CCWM"
2007,0.806391609154819,0.360644914100364,0.796821417078963
2008,0.954914413964374,-0.152808883706186,0.796603499100388
2009,0.261553497359528,-0.0864206965973447,0.134309273556611
