"Year","OPR","DPR","CCWM"
2007,0.806391609154819,0.360644914100364,0.796821417078963
2008,0.954914413964374,-0.152808883706186,0.796603499100388
2009,0.261553497359528,-0.0864206965973447,0.134309273556611
2010,0.417076140287654,-1.2671161176362,-0.656437374253791
2011,1.51432956220343,-0.471055954847237,1.12831131951485
2012,0.372459995333937,-0.266043471431489,0.189379588117404
2013,0.0145566853487039,-0.951547675251929,-0.809898335394987
2014,0.192734012137106,-0.921822848205205,-0.481333077010619
