"Year","OPR","DPR","CCWM"
2007,2.67609767034922,0.0806019381231269,1.80143864539462
2008,0.928256185631855,-0.148281793020586,0.774582833424188
2009,0.780830165986941,0.121348031617209,0.649546986776899
2010,2.12990037126575,-0.0725310117086452,1.87060747752237
2011,2.34509506567545,-0.736186999605196,1.74198183014389
