"Year","OPR","DPR","CCWM"
2007,-0.765145337844018,-0.0662380593832272,-0.547680058804009
2008,-0.339579586412824,-0.889336223371357,-1.07111223440484
2009,0.506560628308813,-1.10486833098626,-0.354221905591222
2010,0.453732259976502,0.0564257889654417,0.45716757815663
