"Year","OPR","DPR","CCWM"
2007,-0.765145337844018,-0.0662380593832272,-0.547680058804009
2008,-0.339579586412824,-0.889336223371357,-1.07111223440484
