"Year","OPR","DPR","CCWM"
2007,-1.03445351486796,-0.0358117150274626,-0.699866422864411
2008,0.131951326259685,2.63554933873696,2.32799579322223
2009,0.205071338894046,1.06554571330402,0.847964188235866
2010,-1.43581933489329,0.281287358734746,-1.07132419478533
2011,0.354497016318044,0.15271596033946,0.472858574458982
2012,-0.0702514387318818,-0.488466197556367,-0.522410553058977
2013,-1.12447807137665,0.759263763492593,-0.643589960157882
2014,-0.969284961848061,-0.962996633833457,-1.60141123141804
