"Year","OPR","DPR","CCWM"
2007,-1.03445351486796,-0.0358117150274626,-0.699866422864411
2008,0.131951326259685,2.63554933873696,2.32799579322223
2009,0.205071338894046,1.06554571330402,0.847964188235866
