"Year","OPR","DPR","CCWM"
2002,-0.438015592201307,-0.0340765195804253,-0.284323342837631
2003,-0.252743550018764,-0.59457790974591,0.231252111633359
