"Year","OPR","DPR","CCWM"
2007,-0.225721121362888,1.25935026417686,0.804155273294613
2008,1.75220207964481,0.595377390775618,2.19285119607358
2009,0.53896513530918,-0.0105137790260646,0.386569383954211
