"Team","OPR","DPR","CCWM"
2002,12.1145876746722,14.5331865882154,-2.41859891354319
2003,20.125160620856,18.8803802967598,1.24478032409618
