"Year","OPR","DPR","CCWM"
2007,0.166267806746369,-0.0305124496869528,0.0851023417087113
2008,-0.376892352266982,-0.693004563414138,-0.943316170553083
