"Year","OPR","DPR","CCWM"
2007,-0.0691353832283441,1.37008063802649,0.989616330050589
2008,0.476461311179015,-0.0345584270130836,0.432273112953312
