"Year","OPR","DPR","CCWM"
2007,-1.22549078148172,-1.51406632997489,-1.94038788955169
2008,0.734307194312976,-0.809144079825221,0.0351551923470799
