"Year","OPR","DPR","CCWM"
2007,-0.217592674735907,-2.21188100212058,-1.81177359823918
2008,-0.0722349253792241,-0.239989168691273,-0.270265000184758
2009,0.965736963717885,1.35594144240157,1.5935681798786
