"Year","OPR","DPR","CCWM"
2002,0.910023698655742,1.0227250024438,-0.193582447069207
2003,-0.765708179693485,0.0213495413866379,-0.427807725093946
