"Year","OPR","DPR","CCWM"
2007,-0.217592674735907,-2.21188100212058,-1.81177359823918
2008,-0.0722349253792241,-0.239989168691273,-0.270265000184758
2009,0.965736963717885,1.35594144240157,1.5935681798786
2010,-0.448244806658889,-0.478086782704744,-0.796392753276368
2011,0.37631833275604,0.770629502749835,0.984926476703671
2012,0.351927878910978,-1.1087920689784,-0.595772538887372
2013,-0.0930946673890153,-0.818991955770023,-0.819494702342842
2014,0.369323975188356,-0.220939066056969,0.187878439404907
