"Year","OPR","DPR","CCWM"
2020,1.66240454326906,-0.22729463101319,1.46354518918934
