"Year","OPR","DPR","CCWM"
2007,-0.763486047472315,0.786887854747064,0.0976164213199547
2008,-0.837154813573641,1.12312867963771,0.127438267148656
2009,0.32592867342187,-0.409577878433161,-0.030461364545973
2010,-0.582155357615246,1.19724434511183,0.449830451260889
