"Year","OPR","DPR","CCWM"
2007,0.0955691936110795,-0.706957304041733,-0.471681950725057
2008,-0.51796476237222,2.37661191738191,1.48282592035453
2009,-0.282912128537341,0.542740138916635,0.149126391634217
2010,0.0471232160043006,0.00433176131941371,0.0462323449888572
2011,2.10876211799534,-1.69627900334101,0.745545859378861
2012,0.603041725902305,-1.3879527668684,-0.558259831844838
2013,0.679180052289965,-0.79772422934278,0.0940644545463421
2014,1.14119686328116,-0.643445654376254,0.608731197231698
