"Year","OPR","DPR","CCWM"
2007,0.0955691936110795,-0.706957304041733,-0.471681950725057
2008,-0.51796476237222,2.37661191738191,1.48282592035453
