"Year","OPR","DPR","CCWM"
2007,-0.54846610483631,-0.806092063714946,-0.965431365649512
2008,-1.81252121408293,0.360112412936107,-1.4535367391095
2009,-1.272787500216,-0.470281553237664,-1.23734672864297
2010,0.277925563238861,-2.48045626733925,-1.77295181681116
2011,-0.336097894608736,0.28083178413734,-0.110511683295295
