"Year","OPR","DPR","CCWM"
2007,-0.54846610483631,-0.806092063714946,-0.965431365649512
2008,-1.81252121408293,0.360112412936107,-1.4535367391095
