"Year","OPR","DPR","CCWM"
2007,-1.14435797334276,1.15914867305028,0.130995298279004
2008,0.0703866816248793,0.643729801496197,0.605539661287525
