"Year","OPR","DPR","CCWM"
2018,-1.85103372457467,0.0391314237627466,-1.3006186470907
