"Year","OPR","DPR","CCWM"
2007,-0.0878730934813408,-0.0499338400678813,-0.094860300723697
2008,-0.398267629654367,-0.332011405091128,-0.662627764354382
2009,0.400560656288475,-0.788891780708744,-0.224543990868128
2010,0.600399814026563,-2.26226932129544,-1.30266782266431
2011,2.35628578030054,-0.169144429528092,2.20312949645888
