"Year","OPR","DPR","CCWM"
2007,-0.0878730934813408,-0.0499338400678813,-0.094860300723697
2008,-0.398267629654367,-0.332011405091128,-0.662627764354382
