"Year","OPR","DPR","CCWM"
2007,4.26787462159353,-0.415388611719997,2.46221906266707
2008,3.41684827188427,-1.71510626591403,1.87500287709686
2009,3.43305001328539,0.848050461629819,3.06195026545471
2010,2.50355300767322,-2.39589532743524,0.312622355148624
2011,2.15712766492958,-1.29833787328525,1.10935864195863
2012,-0.485780192991417,1.705503978667,0.980483470746045
2013,0.521413951717043,-0.858013892957299,-0.14117308471826
