"Year","OPR","DPR","CCWM"
2007,4.26787462159353,-0.415388611719997,2.46221906266707
2008,3.41684827188427,-1.71510626591403,1.87500287709686
