"Year","OPR","DPR","CCWM"
2007,4.26787462159353,-0.415388611719997,2.46221906266707
2008,3.41684827188427,-1.71510626591403,1.87500287709686
2009,3.43305001328539,0.848050461629819,3.06195026545471
2010,2.50355300767322,-2.39589532743524,0.312622355148624
