"Year","OPR","DPR","CCWM"
2007,0.353059426908378,-1.10461036541913,-0.6044844645777
2008,-0.388982619320945,-1.06398299232586,-1.26472909881698
2009,-0.119096968296998,-0.172876089416546,-0.200230429811624
2010,-0.51695156963467,0.775530015363427,0.16466821409716
2011,0.566075702792165,1.20766740874611,1.52002639864509
