"Year","OPR","DPR","CCWM"
2007,0.353059426908378,-1.10461036541913,-0.6044844645777
2008,-0.388982619320945,-1.06398299232586,-1.26472909881698
