"Team","OPR","DPR","CCWM"
2002,13.905768033032,15.9117242910418,-2.00595625800982
2003,29.3400304111159,8.33015164371633,21.0098787673996
