"Year","OPR","DPR","CCWM"
2002,0.00672819244812711,0.262225176169104,-0.211249020346401
2003,0.594210774591558,-1.4426490982368,1.21486833749132
