"Year","OPR","DPR","CCWM"
2007,-0.914683806076192,-0.565066160703816,-1.02162001077288
2008,-0.996577608369026,1.31487679689584,0.133228385410989
