"Year","OPR","DPR","CCWM"
2008,0.162749198312786,-0.37440708076924,-0.155063871581693
2016,-0.473749875230808,0.00414331486245048,-0.622637121219881
2017,0.125206173300531,-0.604751441292814,-0.412099935525193
2018,0.395854034633535,0.19356629030548,0.386592537516797
2019,0.865675714058496,-1.60521632599018,-0.328329580905946
