"Year","OPR","DPR","CCWM"
2007,-0.461053295558599,0.167855115955164,-0.17312427529031
2008,1.14087212150714,-0.637225188936238,0.572159717422254
2009,1.27815925509618,-0.535043313849428,0.582474656293115
