"Year","OPR","DPR","CCWM"
2009,0.67079295961338,-0.889039496252277,-0.0928943275657308
2010,-1.10290745558138,1.2381492475414,0.011388947206588
2016,-0.0386582201327231,-0.210508341481934,-0.263066064488193
