"Year","OPR","DPR","CCWM"
2009,0.67079295961338,-0.889039496252277,-0.0928943275657308
