"Year","OPR","DPR","CCWM"
2009,0.67079295961338,-0.889039496252277,-0.0928943275657308
2010,-1.10290745558138,1.2381492475414,0.011388947206588
