"Year","OPR","DPR","CCWM"
2007,-0.339044801933641,-0.854228391674995,-0.86556958529497
2008,-0.262321429628699,-0.219953048411927,-0.437505533901066
2009,0.715578498269073,-0.0765755683158406,0.472211342257693
2010,-0.219776645229701,-0.114022650007789,-0.292205841614234
