"Year","OPR","DPR","CCWM"
2007,-0.339044801933641,-0.854228391674995,-0.86556958529497
2008,-0.262321429628699,-0.219953048411927,-0.437505533901066
