"Year","OPR","DPR","CCWM"
2007,-1.01353570168015,0.365330586087575,-0.383348326214084
2008,0.00429433412008687,0.359627700145911,0.304391771282037
2009,-0.834218356782758,-1.96351171419668,-1.89569938952014
