"Year","OPR","DPR","CCWM"
2007,-1.01353570168015,0.365330586087575,-0.383348326214084
2008,0.00429433412008687,0.359627700145911,0.304391771282037
2009,-0.834218356782758,-1.96351171419668,-1.89569938952014
2010,-0.923137190303913,0.544355815161636,-0.392064503865837
2011,-0.503178462466534,-0.14421139321521,-0.613596899417794
2013,-0.072329892243555,-0.693664008093299,-0.686534449053981
2014,0.63163506488617,0.425638095788706,0.898523262437214
