"Year","OPR","DPR","CCWM"
2007,1.31799989785803,0.0483459682172464,0.893754178359888
2008,3.25367788837335,-0.836795806897001,2.45034353491845
