"Year","OPR","DPR","CCWM"
2007,1.31799989785803,0.0483459682172464,0.893754178359888
2008,3.25367788837335,-0.836795806897001,2.45034353491845
2009,1.85850636016391,-0.0943040451306102,1.29496200928668
