"Year","OPR","DPR","CCWM"
2007,-0.395582724049197,-1.31427918031717,-1.24973884435216
2008,1.37542745344549,0.804842219865261,2.00307674930734
