"Year","OPR","DPR","CCWM"
2007,-0.395582724049197,-1.31427918031717,-1.24973884435216
2008,1.37542745344549,0.804842219865261,2.00307674930734
2009,-0.147668542079571,-0.268521870666773,-0.283765531739438
2010,-0.269763472270224,0.469922734778865,0.139171233812902
