"Year","OPR","DPR","CCWM"
2007,-0.599881748146654,0.141284476343154,-0.283484553976167
2008,0.589658212542326,-1.33374127655226,-0.542798287688785
