"Year","OPR","DPR","CCWM"
2017,0.312396746975308,-1.9359868284008,-1.43023117668205
2019,0.330362770806668,-2.06511170037497,-1.38642826575357
