"Year","OPR","DPR","CCWM"
2007,-0.71341128023793,-0.724903006390267,-1.01140624227012
2008,0.0216867421148202,0.41409381374413,0.366695434710949
2009,0.48603001669657,0.633265186277978,0.769796371384019
2010,0.826780466694754,0.415228882271558,1.08805790016525
