"Year","OPR","DPR","CCWM"
2016,2.72544872702386,-6.17789889838391,-2.61329299939088
