"Year","OPR","DPR","CCWM"
2007,-1.33922227660343,1.74987283504304,0.450323594773435
2008,-0.553779937789244,1.72017840658292,0.900139217141171
2009,-0.786808126796319,2.20167585653183,0.868376229581623
