"Year","OPR","DPR","CCWM"
2007,-1.33922227660343,1.74987283504304,0.450323594773435
2008,-0.553779937789244,1.72017840658292,0.900139217141171
