"Year","OPR","DPR","CCWM"
2007,-0.93584171249689,-0.254900782890548,-0.801167600644689
2008,-0.150526998309188,1.46763269987501,1.07957352498352
