"Year","OPR","DPR","CCWM"
2007,-0.93584171249689,-0.254900782890548,-0.801167600644689
2008,-0.150526998309188,1.46763269987501,1.07957352498352
2009,-0.130970053095824,1.29251915129106,0.751381539977774
2010,-1.47514059763897,-0.9395557920709,-2.10351208252799
