"Year","OPR","DPR","CCWM"
2007,0.471026522589142,0.0701830339889496,0.35935972227341
2008,1.01264563571965,-0.525578128677622,0.541269475994767
2009,0.984188165781008,0.916900291371952,1.31933254958993
2010,1.73852857742364,-0.22270110852495,1.3934196876765
2011,-0.146815781556147,0.907974446331856,0.574997937865403
