"Year","OPR","DPR","CCWM"
2007,0.471026522589142,0.0701830339889496,0.35935972227341
2008,1.01264563571965,-0.525578128677622,0.541269475994767
