"Year","OPR","DPR","CCWM"
2016,0.989403653605018,0.931305581816079,2.24660147682915
