"Year","OPR","DPR","CCWM"
2007,-0.124713113951166,0.132027252616925,0.0185818842701051
2008,-1.96288473252652,2.07461695351903,-0.167703708033764
