"Year","OPR","DPR","CCWM"
2018,0.558555891584484,1.04038505341221,0.957540347092159
2019,0.0177236464800147,0.501648879657365,0.45736100363165
