"Year","OPR","DPR","CCWM"
2007,-0.264198248655471,-0.21346489783739,-0.333031320623524
2008,0.211300264031843,-1.74116856068394,-1.24911830162142
2009,-0.338988129364021,-2.35174245856494,-1.78857718002628
2012,0.285124459899153,1.05259323694128,1.28005524029939
2013,0.398502746522638,0.292706777411854,0.716195552360531
