"Year","OPR","DPR","CCWM"
2007,-0.149635364288369,1.00198965804353,0.659302997986493
