"Year","OPR","DPR","CCWM"
2007,0.28059927114364,0.00222645884382652,0.184187229942998
2008,-0.043715142372075,1.18516498915285,0.947128612674244
2009,-0.353885420088068,-0.986954823421033,-0.905101547804765
