"Year","OPR","DPR","CCWM"
2007,-1.2237567593488,0.602845537721737,-0.34072562446286
2008,-0.647832119273689,0.568356822114391,-0.152485272542779
2009,0.957736864038698,-0.86443126347259,0.132708351720283
2010,-0.813284863434268,0.47621486639498,-0.348154590940424
2011,-1.29896415114019,-1.64347305108776,-2.59292038607376
