"Year","OPR","DPR","CCWM"
2007,-0.666074357568872,0.644174546083377,0.0532079665183187
2008,1.12212871029899,-0.439188470164969,0.719350868421059
2009,0.0700393122250562,-0.0776536951689001,0.000243797965279352
2010,1.00431930236534,0.249739903771178,1.11383162846215
2011,1.60651427851986,-1.56220775335457,0.353737724314915
