"Year","OPR","DPR","CCWM"
2007,0.0681589886598374,-2.57946890601127,-1.90349148283141
2008,0.14343268415273,0.58522552502471,0.627391975922701
2009,0.989428592397368,0.646342421442763,1.14586049655744
