"Year","OPR","DPR","CCWM"
2007,-0.689022753829284,-0.022713780948593,-0.465302489983483
2008,-1.03360902676138,-1.08606996895289,-1.90704465002254
2009,2.36756470622871,1.10058673475201,2.44960528830378
2010,-0.0318964714679608,0.197049180510835,0.131948970098723
2019,0.893485393294954,-0.659664002231754,0.526856358956601
