"Year","OPR","DPR","CCWM"
2007,-0.466320919983904,-0.496992255624352,-0.678593714857704
2008,0.0818923964149811,0.353501788580751,0.374377765635248
2009,1.11087104287655,-0.753206670120192,0.317386380906983
2010,1.31792178531105,0.338365584904226,1.47031788095552
2011,1.5860090809257,-0.547497669516711,1.1387457839881
2012,0.713686747398584,0.116863790442239,0.9290769287859
2013,0.144218798709993,-0.246410558099384,-0.0469461872127485
