"Year","OPR","DPR","CCWM"
2007,-1.06835539508773,1.28180124968082,0.273046620452335
2008,-1.28178892294062,1.62326301772582,0.114654530591941
2009,-1.08764627998505,0.577862782797488,-0.415335260837518
