"Year","OPR","DPR","CCWM"
2007,-0.630050768282281,1.23531467029065,0.523023314423628
2008,-0.120834966380061,0.946160847149948,0.67295830713672
2009,-0.160413883004761,1.10438974538421,0.606604760698511
2011,-0.904777105469376,2.22455152717584,0.868052351133399
2013,-0.427533968362658,0.736252158234848,0.14418673997847
