"Year","OPR","DPR","CCWM"
2007,-1.14430524496569,-0.383236674898064,-1.03366513097277
2008,0.594009922216281,1.77186567004091,2.05413348286914
2009,-0.537836125426272,1.01876760824687,0.274967783433581
2010,0.162148712078564,0.472368663502777,0.532505400345337
2011,-0.483429172413099,-1.90647827524357,-1.99267095696774
