"Year","OPR","DPR","CCWM"
2007,0.141874286676553,-1.13809759097059,-0.767129509349614
