"Year","OPR","DPR","CCWM"
2007,0.0846183242212054,0.0155377828420927,0.0667700052274181
