"Year","OPR","DPR","CCWM"
2007,0.182482953833287,0.0984644112230154,0.19304265130643
2008,1.04323465030595,-1.13368778474442,0.0631926806324194
2009,-0.646338287084244,-0.939882440751805,-1.08775331087408
2010,-0.444987280388756,0.630025746689366,0.111098551287732
