"Year","OPR","DPR","CCWM"
2007,-1.11026911372741,-0.657327485129768,-1.21850051958968
