"Year","OPR","DPR","CCWM"
2007,-0.60493040775615,-1.69231331671798,-1.67136498676475
2010,-0.840805785359068,0.878119071193232,-0.0450202656701158
2011,-1.14276848482958,0.981393972414334,-0.354690419579535
2012,-0.0504005885800718,0.383385222118785,0.288251203845555
