"Year","OPR","DPR","CCWM"
2007,0.633084056495849,-0.678579288952959,-0.100645256568131
2008,-1.60355545670374,2.06944485219801,0.175741004173916
