"Year","OPR","DPR","CCWM"
2007,-0.878486850859107,0.810166650698504,0.0403965899755159
2008,-0.871669236721995,0.883151572617376,-0.106310365014348
