"Year","OPR","DPR","CCWM"
2007,-1.69143444568929,-0.513378773467611,-1.48779980340727
2008,0.765563659398347,-1.57136297121482,-0.570933939986088
2009,-0.516020624758362,-2.40943897676055,-1.9556244538698
2010,-1.77620628410887,-1.0362290593952,-2.45520842170165
