"Year","OPR","DPR","CCWM"
2007,-1.22735886789648,0.165317159712266,-0.673457386790569
2008,0.224810350243669,-0.775631432946901,-0.429963127334894
2009,-0.0659206115103789,-0.0150698932173071,-0.0579991912436648
2010,0.921538038396643,-0.0858299720811211,0.764905068359908
2011,-0.528986598744649,1.41430159893716,0.597752838151451
2012,-0.0646157788810148,0.125019678371589,0.0384041778282228
2014,-1.85385828973976,0.58133888643192,-1.32214586060785
