"Year","OPR","DPR","CCWM"
2007,0.852576482451399,-0.210288388613354,0.395734375058399
