"Year","OPR","DPR","CCWM"
2007,-0.543151200060043,0.860295111809712,0.2963572122345
2015,-0.0388778890268276,0.0622921408514331,0.017867323614302
2016,0.932350753317586,-0.164599724600267,1.06787093792434
2017,1.6523709794466,-1.74303494844209,0.433134613873399
2018,0.202018944848578,0.462294258282657,0.39251349402875
2019,1.56444284035781,-1.22119966198309,0.865049253834392
2020,0.990056121090706,0.280956093849309,1.13874521930444
