"Year","OPR","DPR","CCWM"
2007,0.0311922131251704,0.405507178474673,0.326496751257327
2008,-1.52635789054464,1.07896854522932,-0.5764468586036
2009,-2.6808089036102,0.419530892663123,-1.68214256205737
2010,-1.4172624910975,0.706500619045916,-0.707413811507963
2011,-0.172970114808043,1.97537134650903,1.39621833960118
