"Year","OPR","DPR","CCWM"
2007,0.283142610184537,1.87933701062705,1.60329576448716
2008,-0.502467539609348,0.879983538018071,0.248362078029748
2009,-1.02846873092843,0.160495218596922,-0.645636765433898
