"Year","OPR","DPR","CCWM"
2007,-0.867448493182833,-1.14571749857775,-1.42936216865733
2008,-0.0591428235675521,0.106646093403165,0.0317945886932247
