"Year","OPR","DPR","CCWM"
2007,0.305668609773806,1.29846621573687,1.17931658107207
2008,-1.74690644803788,-1.33039841597419,-2.80135932056616
2009,-1.27856797484636,0.42566795786353,-0.654447161898715
2010,-0.215711232504225,1.15533924743721,0.747643500870145
2011,-1.21842307799747,2.50824083916301,0.782080342572405
2012,-1.33230791111195,-1.43468788348665,-2.83358429971746
