"Year","OPR","DPR","CCWM"
2007,-2.46396725914031,-0.210401682328671,-1.76148095991304
2008,-1.12243918629745,-2.39495907675287,-3.08574324530864
