"Year","OPR","DPR","CCWM"
2007,-0.537749541197571,-5.98615677370383,-4.87006083664234
2008,-0.0701244960574175,-1.55648163967783,-1.36729801621954
