"Year","OPR","DPR","CCWM"
2011,0.178173484159321,-1.37982795736952,-0.918389616003976
2012,-0.966718925448169,-0.337753353972158,-1.42062096598209
2013,-1.1108598305936,0.343680467173469,-0.988893406855231
2014,-1.23157449826289,-0.0667451212287646,-1.20372229780234
