"Year","OPR","DPR","CCWM"
2007,0.862966768023178,-1.77375927989459,-0.778124586398938
2008,-0.867723019287305,1.08462599140718,0.0657100154319305
2009,0.261226518533711,0.204779724007821,0.324895426165972
