"Year","OPR","DPR","CCWM"
2007,0.183705012860468,-0.823864970503639,-0.502637068790105
