"Year","OPR","DPR","CCWM"
2007,-0.412725435313874,1.34448811100363,0.746814634369625
