"Year","OPR","DPR","CCWM"
2007,-0.678256601550409,-0.419903576518124,-0.758228222082022
2008,0.299843567294667,0.444768387640209,0.66150724151839
2009,0.0365334931021194,1.22389291986588,0.828692596290425
