"Year","OPR","DPR","CCWM"
2007,-0.224913980423924,-0.275833726419638,-0.354576545127267
2008,0.905353174253061,-1.13358461579221,-0.0701643296220284
