"Year","OPR","DPR","CCWM"
2007,0.217264544071861,-0.022717050838606,0.124157889957945
