"Year","OPR","DPR","CCWM"
2007,0.0154955203062504,-0.797155855886956,-0.591874307898482
2008,-0.59216983177585,0.473109179922987,-0.178132348268864
