"Year","OPR","DPR","CCWM"
2007,0.182844468742922,0.883102288531146,0.785777966100635
