"Year","OPR","DPR","CCWM"
2010,-0.594501217235122,0.401488584604515,-0.210922094648084
2011,-0.755546003161086,0.700538503325272,-0.193483257051162
2012,-0.302422632125069,-0.536592037317393,-0.83378442394052
2013,-0.256183630809489,0.266427797035724,-0.0654307200742097
2014,-0.175377589201026,-0.4043747864933,-0.455072189242982
2015,-0.145612648756942,-0.122815284921275,-0.341724393765928
