"Year","OPR","DPR","CCWM"
2007,0.364685930599869,0.213221205104664,0.39820599722912
2008,-0.408763194080931,-1.49395418558155,-1.64283497639712
2009,0.0976578619831513,0.719191417920018,0.542582027350386
2010,-1.85154843705293,2.07822036719367,0.0188172441913399
