"Year","OPR","DPR","CCWM"
2007,-1.03969671314993,-1.44584356169922,-1.7680278797387
2008,-0.713157684828654,-0.513044919585258,-1.11851774101524
2009,1.19666566707074,-1.01567091047822,0.208024857429348
