"Year","OPR","DPR","CCWM"
2007,-0.256044350052738,0.221415870240418,0.000661716067202495
2008,-0.109134883163714,1.39606196785215,1.05988232687289
2009,0.806103786934835,0.77572995651396,1.09681663053214
2010,-0.110336855847225,0.540622101074353,0.341332126813279
