"Year","OPR","DPR","CCWM"
2012,-1.08153243804844,0.545407252784834,-0.755122908954653
2013,-0.758983301183732,0.361551579176558,-0.565534530045143
