"Year","OPR","DPR","CCWM"
2014,-0.556149404103216,0.0197718118661318,-0.507716788735128
2015,-0.603156854844529,0.779736697586444,0.0629936442731208
2016,-0.500908830637006,0.1371935980853,-0.524629164502043
2017,0.334540385624223,0.00954873597028123,0.428855264342043
2018,-1.09033930732153,-0.342108962999962,-0.962227442979133
2019,-0.238218258201,-0.336860368896343,-0.585645427114112
