"Year","OPR","DPR","CCWM"
2016,-0.0650338890779485,0.636607812322601,0.554826536791673
2017,-0.211720669812318,0.425045359165527,0.134365466785693
2018,-0.784973895016531,1.53856420295683,0.265807266172572
2019,1.59968712618182,1.14939577609688,2.96665619253101
