"Year","OPR","DPR","CCWM"
2007,0.0731338707683666,1.90871106995884,1.48888403649009
2008,-1.1630400176624,-0.137534685563226,-1.24042336442869
2009,-0.729353398061104,-0.992305455177995,-1.18270960535591
