"Year","OPR","DPR","CCWM"
2007,-0.630853796768152,0.780089368788307,0.178748715045998
2008,0.55250464378355,0.0433555702134181,0.570915254571114
