"Year","OPR","DPR","CCWM"
2008,-1.05518756263586,2.54088407155532,1.10003887969914
