"Year","OPR","DPR","CCWM"
2007,0.118763947805519,0.486966942846506,0.444967077496688
2008,-1.07008084025377,0.304380461184735,-0.781523040798838
2009,-0.664265275879482,-1.35288614301517,-1.37148355385021
2010,-1.28203928170959,-0.244240335669602,-1.36097286138686
2011,-1.28379439471667,-0.268522663455673,-1.48661043968579
2012,-0.688483870121904,0.0410875176435751,-0.75728056593962
