"Year","OPR","DPR","CCWM"
2007,-0.190348787140218,0.857372114038192,0.523617961609885
2008,0.87716182751498,0.85585963329875,1.56344199845002
2009,0.229987701184435,-0.0399069695144302,0.141746029974169
2010,2.04978302913058,1.09082524262693,2.74765112912366
2011,-0.508220584874686,1.44466858762524,0.642453670330304
2012,-0.563407795363513,0.206016343550658,-0.463941322440052
2013,-0.845514704172242,1.85982155200664,0.635973591622163
