"Year","OPR","DPR","CCWM"
2007,-0.959432651520461,-0.00580263562168304,-0.628411103017369
2008,-1.1782794479059,0.222525427997047,-0.954575574582239
2009,-0.804724172692611,-0.83096610499851,-1.13200595445435
