"Year","OPR","DPR","CCWM"
2007,-1.09694526427942,-2.96390537502253,-2.9515905957882
