"Year","OPR","DPR","CCWM"
2007,-1.65095593317924,-0.305227205554556,-1.30429138570937
