"Year","OPR","DPR","CCWM"
2007,0.225597156036911,-0.481871935462308,-0.21714208084703
2008,-0.498074401984485,0.433850033417214,-0.119841354139909
2010,-0.00446205280656855,1.57983225932462,1.28555642720698
2013,0.318624521810798,1.14867510777829,1.367339166519
