"Year","OPR","DPR","CCWM"
2007,-0.170980092044415,0.285406724324927,0.104309919798545
2008,-1.15418579741136,1.09046328370352,-0.206658399246348
2009,-0.273007977640524,0.52332865293361,0.143636261207539
2010,-0.864807558433515,1.38404018761854,0.346210448530348
2011,0.176364562252264,0.111216086441176,0.263218397166598
