"Year","OPR","DPR","CCWM"
2007,0.586203804376789,-0.140496361838659,0.275183339706026
2008,-0.973673625910702,1.79724379141522,0.558099834995223
2009,1.16144408605571,-0.463755454663051,0.543984663037599
2010,-0.31372810418844,-0.739692816427799,-0.888058853420601
2011,-0.725426400696734,0.484255948605749,-0.335263156650513
