"Year","OPR","DPR","CCWM"
2007,0.341972740255468,1.29378170006199,1.19939193404738
2008,0.217251139194278,0.225892329753359,0.398844450370855
2009,0.859874396747852,1.63625391097934,1.69997558180123
