"Year","OPR","DPR","CCWM"
2007,0.713912736351428,1.83885048109311,1.85290269775063
