"Year","OPR","DPR","CCWM"
2007,0.250082014113928,1.43610406108445,1.24709609188322
