"Year","OPR","DPR","CCWM"
2011,0.423503786748706,0.0453252677666648,0.456078352003037
