"Year","OPR","DPR","CCWM"
2007,-1.63196176370547,0.65538340505563,-0.566555589935975
2008,-1.46024533279966,-0.618160269212535,-1.929312706154
2009,-1.78765270170852,-1.66651285045377,-2.39710761560473
