"Year","OPR","DPR","CCWM"
2007,-0.937844513458114,1.8985635640294,0.823665892971423
