"Year","OPR","DPR","CCWM"
2007,1.80743195195209,-0.113616122776842,1.08978639801708
2008,-0.707155505151285,-0.136625527537251,-0.798454532271722
