"Year","OPR","DPR","CCWM"
2007,-1.10801580219142,0.464163557282972,-0.37016828966924
2008,-0.529523449335465,1.23763853383791,0.520765839115291
2009,0.180310198829611,-0.456664809210314,-0.167623047544125
