"Year","OPR","DPR","CCWM"
2007,-0.766303076209681,-0.619367333255208,-0.966115166701271
2008,-0.227721067193465,0.3266515238315,0.0523146233387306
2009,-0.970953917691714,1.02303103725169,-0.0384260614917029
2010,-1.47436781281942,2.17960664470742,0.443325325161449
2011,-0.992675888205727,0.49003926553594,-0.595777718177829
