"Year","OPR","DPR","CCWM"
2007,-0.804424275901169,0.963139370376124,0.204081622366812
