"Year","OPR","DPR","CCWM"
2007,-0.350225867117311,0.426632845774149,0.0943692452342155
2008,-0.144675807651851,1.52437233517434,1.13260552968363
2009,-1.47756789939273,-0.518161848340686,-1.41821810964926
