"Year","OPR","DPR","CCWM"
2007,0.366990795685659,1.13014487257486,1.09209768821491
