"Year","OPR","DPR","CCWM"
2007,-1.2096275734959,-0.20510921967674,-0.941643144205433
2008,-0.292218706199232,1.24634127696801,0.757697359268536
2009,1.99897547611953,2.01323789693962,2.77858932523506
