"Year","OPR","DPR","CCWM"
2007,-0.391238025358484,-0.211723182847018,-0.414344682814244
2008,-0.756954196802014,0.405425922949255,-0.394117846031502
2010,-1.13119715028173,1.51895730225663,0.21497729409947
