"Year","OPR","DPR","CCWM"
2007,0.70613284708792,0.493240208290051,0.831737721285584
