"Year","OPR","DPR","CCWM"
2007,0.388492883620568,-0.093144671644042,0.182345667411273
2008,-1.2685728254166,1.24292723076925,-0.190078635146477
