"Year","OPR","DPR","CCWM"
2007,-0.424729441927517,0.681783208558084,0.238581584187205
2008,0.932117091277595,-0.857027393700283,0.186622239606619
2009,-0.180586548087918,0.371535598858766,0.111635776818086
2010,-0.47277748211879,-0.0685693540975592,-0.484336313772211
