"Year","OPR","DPR","CCWM"
2007,-1.25144083163767,1.08208863292098,0.00315698924349555
