"Year","OPR","DPR","CCWM"
2007,-0.635583574477612,-0.154343633674833,-0.529941923284384
2008,0.516565849945604,0.526815213735619,0.939750246593095
2009,0.927081338563744,0.535234540741256,1.02753585726789
2010,-0.164137341164747,0.495927143447398,0.256101763885779
2011,0.447325187385608,-0.590304934903301,-0.0247743941150496
2012,-1.41040776461561,1.40962085084017,-0.353738887023199
2013,-0.194837365931465,0.462765409761602,0.176262270938571
2014,-0.868568617999936,-1.83506453391797,-2.1333563846124
