"Year","OPR","DPR","CCWM"
2007,-1.47529797285295,-0.288948639002982,-1.17774845116738
2008,0.0489004019074019,0.680484596729296,0.615429804340521
