"Year","OPR","DPR","CCWM"
2007,0.798253465353644,-0.092146227991855,0.449614044888773
