"Year","OPR","DPR","CCWM"
2007,-1.06761403652882,2.0165094202978,0.828325789480701
2008,-1.21290478030951,0.399428337288521,-0.840398703053912
