"Year","OPR","DPR","CCWM"
2007,-0.792279244241397,-0.142122381343168,-0.622630555685176
2008,-0.721521760108067,1.61817911991843,0.652642677557543
