"Year","OPR","DPR","CCWM"
2012,-0.0476692093348753,-0.277121390517185,-0.305394592310559
2013,-0.227363458850695,-0.0149616718076025,-0.276518066132989
2018,0.841982480456349,1.0845032151758,1.18359969889768
2019,0.127555405978909,-0.0826687468752257,0.0852047121373964
