"Year","OPR","DPR","CCWM"
2008,-0.407753520870954,1.26406586017435,0.660678944066902
2009,-0.908420014496342,-0.826762933189357,-1.20495236392298
2010,-0.52636580980384,1.64887579650852,0.869040704136035
