"Year","OPR","DPR","CCWM"
2008,-0.712781802436419,0.178749491210763,-0.540608462920885
2009,0.120031613971325,-0.410206928811312,-0.181183999026964
