"Year","OPR","DPR","CCWM"
2008,0.368391506828174,1.11468334538627,1.28712806183997
2009,-0.442736324250808,-0.494405885978028,-0.647195725022826
2010,-0.910588746536917,0.698642042799557,-0.25475277076761
