"Year","OPR","DPR","CCWM"
2008,-1.12202946844022,0.978586883176811,-0.268937329851122
2009,-2.26810757226208,-1.83587080976427,-2.85883362973424
2010,0.201588177847219,-0.239212724943333,-0.0126160328176701
2011,-0.774918381951813,-0.0437128367970707,-0.803392861212562
2012,-0.731025020243017,0.334687915488986,-0.541085394553336
2013,0.0377426310138334,1.44031044946974,1.29518475996789
2014,-0.567484851216364,-0.489757447984192,-0.88438236638775
2015,-1.23088872899883,1.05296029433835,-0.489114739180289
