"Year","OPR","DPR","CCWM"
2008,0.74698300293003,-0.225160944747733,0.534962079582454
2009,-2.29744422774843,-1.48320556888237,-2.64914717038837
