"Year","OPR","DPR","CCWM"
2008,0.769275643311449,0.654676668928884,1.29107074737211
2009,1.32700615848644,0.31031543915382,1.17210134880101
