"Year","OPR","DPR","CCWM"
2008,0.0231111701299279,-0.393401898531056,-0.306064871358876
2009,-0.321391223558427,-0.141579712032075,-0.32740205330904
