"Year","OPR","DPR","CCWM"
2008,-0.870533660194413,0.0738905084861143,-0.78082403096185
2009,0.120223022376894,1.57966122567329,1.12292467504813
2013,-0.90195433102406,1.11666519091601,-0.0751461000714377
2014,-0.363447067509155,-1.10128786510475,-1.13220427995816
