"Year","OPR","DPR","CCWM"
2008,0.0405663030890602,-0.227428114741955,-0.150608173476819
2009,-0.476566828504269,-0.771418981056518,-0.853420749075065
2010,-0.0475906392731621,-0.0942413581638759,-0.120048050479614
2011,-0.849625265865738,1.57226249275027,0.405056919478122
2012,-0.145275854873356,-0.221817960476344,-0.368048585417946
2014,-1.49180802213722,0.64996689695932,-0.933078712899259
2015,-0.817667826956785,0.728903160854954,-0.291142244619541
