"Year","OPR","DPR","CCWM"
2008,-0.184242409327608,-0.0269114179552702,-0.200778772754975
