"Year","OPR","DPR","CCWM"
2008,-0.370682962710004,1.05891857539422,0.525288732813968
2009,0.823324249006404,1.21251610315133,1.39561582538085
2010,0.715579384546429,0.218492567432649,0.826709604917013
2011,-0.968005551628327,-0.639332087512988,-1.46765769874291
2012,0.751717507552849,-0.117108410237309,0.761554212093109
2013,0.827662699465715,-0.686157933347648,0.363094954602093
2014,0.876903943597479,1.41724505325743,1.84103196593287
2015,-0.128228461623449,0.409014794260463,0.292512378369259
2016,0.278671376218043,-0.00685453666566166,0.361803609732818
