"Year","OPR","DPR","CCWM"
2008,0.945967351820662,0.737444752049773,1.53117388466297
2009,-0.688919016334461,2.15990980647565,0.912468456784382
2010,-0.248893252411462,-1.05957878030622,-1.09043401834417
2011,-0.953443927957952,0.733143652239066,-0.363915067323897
2012,-0.964131878146145,1.97997661270149,0.676537210929003
2013,-0.851080473852914,-0.273517858980379,-1.22406863713681
