"Year","OPR","DPR","CCWM"
2008,-0.485174463939193,1.91738385089934,1.13117354611695
