"Year","OPR","DPR","CCWM"
2008,-0.271219709486834,-0.536556482048826,-0.710434185418096
