"Year","OPR","DPR","CCWM"
2008,-0.658074084256466,0.510841450719235,-0.210414339084831
2009,-1.7490806205394,-0.980166285958845,-1.91918317438127
2010,-0.337942419396436,-1.00836741079394,-1.12931448253439
2011,-0.0816734644462932,0.430062500172239,0.260311309129661
2012,-1.2268145096117,0.882521427489221,-0.61815838019747
