"Year","OPR","DPR","CCWM"
2008,-0.632708794863486,-0.610957463186795,-1.12240087901565
2009,-1.21157254267873,-0.17394947522766,-0.998470503502176
