"Year","OPR","DPR","CCWM"
2008,-0.0235300333970512,0.286269714792991,0.216220043270598
