"Year","OPR","DPR","CCWM"
2020,1.60067971675606,-0.168124240398346,1.44175398829868
