"Year","OPR","DPR","CCWM"
2016,0.728424326591651,-0.644132775865177,0.315315602545504
2017,0.825310856553344,-0.109472925149396,0.932767354995475
2018,1.31748015089495,0.0573214496603375,0.971462035762289
2019,0.37833888513917,-0.403412324980724,0.115359655958185
