"Year","OPR","DPR","CCWM"
2018,0.232913060078794,0.698288435337631,0.541311111111625
2019,0.110482898138434,-0.0445924860917135,0.0972529451046076
