"Year","OPR","DPR","CCWM"
2009,1.44169384813113,0.121430889685882,1.13204962336546
