"Year","OPR","DPR","CCWM"
2009,2.07734154861965,-0.90980444884791,0.920316775926637
2010,1.99122467982129,-0.799104570080062,1.1518654033904
