"Year","OPR","DPR","CCWM"
2009,-0.732801419836348,0.306265507611474,-0.334267760426349
2010,-0.683759171092187,0.157989073528454,-0.490560909462536
2011,-0.757408358143448,0.346555476989102,-0.476277677471584
