"Year","OPR","DPR","CCWM"
2009,1.55330809661307,-0.542742120379674,0.778295682793277
2010,0.919727146246056,-0.748470820769451,0.222358021796075
2011,1.45005569844776,-1.50983643579825,0.240100567601472
2012,-0.185575916038565,-0.00745613619255802,-0.220863150504165
2013,0.295896604180603,-0.40638812188609,-0.0101483457302749
2014,1.2088728571846,-0.929478398921344,0.466766143724603
2015,-0.745147083472988,-0.0305984759187143,-1.06265086911865
2016,0.668670628402993,-1.05283782333582,-0.175185551142013
