"Year","OPR","DPR","CCWM"
2009,-0.107832057818686,0.382358952332367,0.171841108863391
2010,0.0444988716268862,-0.0773345602131054,-0.0228087636546919
2011,-0.30382539174132,-0.0734818376162816,-0.359707586279755
2012,-0.576052043803444,0.448802966368909,-0.259162231465692
2013,-0.631460764327495,0.502140269860534,-0.295580530718496
2014,-0.336746737850608,1.88279829943462,1.03651464329685
2015,-0.945761346094729,0.781637048545015,-0.407269012629791
