"Year","OPR","DPR","CCWM"
2009,0.294297822546538,0.22502336604397,0.362304114887394
