"Year","OPR","DPR","CCWM"
2009,-0.0770264897251773,-0.311978981509928,-0.260672552178777
2010,-0.755767231369262,0.233863707110362,-0.493868793839998
