"Year","OPR","DPR","CCWM"
2009,0.736163036871542,0.0487774777538881,0.569382987889975
