"Year","OPR","DPR","CCWM"
2009,0.223118752265517,0.949912753388717,0.785364524270581
2010,-0.592199764940359,0.956242456817966,0.244002502343155
