"Year","OPR","DPR","CCWM"
2009,0.315999736721459,0.297127282788616,0.42539709726728
2010,-1.04488922761232,0.546224087109363,-0.500853887978146
2011,-0.737758687638266,1.50488427812144,0.462549376331218
2013,0.435800360745276,0.638395386334333,1.05978209960234
2014,-0.600616569533098,0.310148575391395,-0.340850747564653
