"Year","OPR","DPR","CCWM"
2009,-0.841965360092161,-0.553640848285919,-0.977460624284705
2010,-0.330506749775178,0.271128049534546,-0.0781395776840475
2011,-0.822176661595311,1.7827988339276,0.599382383199423
2012,-0.36761303718127,-0.0643223078745356,-0.482287259668685
2013,-0.275724162969548,-0.205839934533292,-0.498417101299013
2014,-0.265476568054484,-0.448955016731808,-0.571650719563509
2015,-0.556595513049327,0.439704971665895,-0.262979014682608
2016,-0.226836565413223,1.33717835382452,1.0460115065132
2017,-0.21184424890349,0.150582575366484,-0.124136130173571
