"Year","OPR","DPR","CCWM"
2009,-0.494766990933084,0.307154859120357,-0.159913401721882
2010,0.596066248685382,0.184386292196215,0.690583177547998
2011,0.511827036322709,-0.14528113605975,0.39241346075675
