"Year","OPR","DPR","CCWM"
2009,-0.935102367410644,-0.247993978185037,-0.8451614805816
2010,-1.25252068344563,-0.617117225610563,-1.63860250491833
