"Year","OPR","DPR","CCWM"
2009,-1.26415165941428,1.22909026597873,-0.117436856728596
2010,-0.261557058833671,-1.31525826120256,-1.31061644911005
