"Year","OPR","DPR","CCWM"
2009,-0.117134347827769,-0.839278352164862,-0.635493859390437
2010,-0.440525117501141,0.331703539005849,-0.128375532634344
2011,-0.827344113736851,0.547187295374423,-0.386415956740343
2012,-0.741823577975336,1.77342704239658,0.74642014182687
2013,-1.20696809944087,-0.103585820458183,-1.48890020601594
2014,-0.567296655350073,0.0797932698901009,-0.475060670045966
