"Year","OPR","DPR","CCWM"
2009,-0.542632604104483,1.93949359793933,0.874821824056871
2010,-0.515993806665381,1.1083260848211,0.437193692041967
2011,-0.5070985017493,0.471870795957568,-0.128517257813981
2012,-0.952023075308906,1.07549195572073,-0.12673359480435
2013,-1.16392928540908,1.62100037785739,0.0594211672120102
2014,-1.27028963003275,-0.118912850372952,-1.27753008583924
