"Year","OPR","DPR","CCWM"
2009,0.0766192954759818,-0.542942885605555,-0.299858592947724
2010,-1.52245201788331,0.866055620952449,-0.672478692562817
2011,-0.235423307460905,-0.204019157411114,-0.395458510735139
2012,-0.311072263210937,0.792537330825044,0.357163304888424
