"Year","OPR","DPR","CCWM"
2009,0.295304969388134,1.0893170649143,0.929414642236799
2010,0.000977989947247877,-0.0342801624244123,-0.0270963952540368
2011,-0.504517305288991,-1.49021439949498,-1.68321215996501
2012,-0.595422719963124,-0.738319323577459,-1.35413133204904
2013,-1.27562078289999,-0.116869222983352,-1.58001143170044
2015,0.19722413103013,-0.198917348636878,0.0437135990923871
2016,-1.54627550926577,0.865843978217451,-1.17420066233898
2017,1.45979462202885,-1.30020360225588,0.608268887126152
