"Year","OPR","DPR","CCWM"
2009,-1.22294886917623,-0.880951278921004,-1.47007677400678
2010,0.326750919216585,1.87835634354712,1.82933651395004
2011,-0.400112198088534,-0.102720758352659,-0.478427787187582
2012,-0.350107015911759,1.48025017552724,0.933502618476572
2013,-0.384464430529308,0.992123405972255,0.416423575206733
2014,-1.04472379985536,2.25823548260456,0.641812129373322
2015,-0.966559633664292,1.45601561250837,0.33788659529405
2016,-0.397204269083461,1.51684040898474,1.00146702637956
