"Year","OPR","DPR","CCWM"
2009,-1.26974218664603,-0.777259860567941,-1.43628773875378
2010,0.633332427577032,1.3238274569135,1.6544615138707
