"Year","OPR","DPR","CCWM"
2009,-0.831416693351019,1.46359326259564,0.352142154059823
