"Year","OPR","DPR","CCWM"
2009,-0.913849657867368,1.13782476336974,0.0784864004943412
2013,-0.462363807361522,-1.74993095752986,-2.05634785025208
