"Year","OPR","DPR","CCWM"
2009,-0.506282469531007,-0.295772838555329,-0.563421059191707
2010,-0.710983284464199,-0.0950323245309053,-0.721766062813309
