"Year","OPR","DPR","CCWM"
2009,0.113010134433756,-0.654042426142448,-0.346096292021361
