"Year","OPR","DPR","CCWM"
2010,-1.08556746657158,0.955951133838816,-0.203255159988811
2011,-0.812829966502248,0.136034016861458,-0.698339832134293
2012,0.528332060136745,-0.14125356673674,0.481985371389463
2013,0.239814322286796,1.1915916860273,1.31328558956734
2014,-0.704549632904698,0.750728903692576,-0.121889739199687
2015,1.59319516369332,-1.48282922248924,0.495460497624637
2016,0.144944203480101,-1.08022173504417,-0.89568394020217
