"Year","OPR","DPR","CCWM"
2010,0.523144538702814,-0.370742406087424,0.171366549687317
2011,-0.0283302359632063,0.259063634178052,0.177509122094674
2012,0.43265700872,-0.484095514186902,0.061817911838918
2013,-0.702186942691283,2.41905265527544,1.28799133335844
2014,0.0327405023312922,-2.25022178637123,-1.58575428438804
2015,0.406296156421717,-0.497457215026225,-0.0105496938900244
2017,-0.273069459110434,0.391334839321897,0.0256381856811727
2018,-0.200245217123319,-0.423248355604727,-0.370277683515996
2019,-1.41245230107249,1.32371525709164,-0.588989182725969
