"Year","OPR","DPR","CCWM"
2010,0.191085378660166,-0.46751543798233,-0.208493117499086
2011,-1.18909660515229,0.545310294270338,-0.746754863893732
2012,0.341774106133664,0.632162454771204,0.965542164972598
