"Year","OPR","DPR","CCWM"
2010,1.49711512589516,-0.137183566300973,1.24449205491634
2011,-1.26117669079672,-0.680612051295856,-1.79123876030458
