"Year","OPR","DPR","CCWM"
2010,0.697153103560731,-0.336256400535051,0.357178977719209
2012,-0.411121748441509,-0.98776583341066,-1.36686235120539
