"Year","OPR","DPR","CCWM"
2010,0.379203530425259,-0.646282842617278,-0.183972942881726
