"Year","OPR","DPR","CCWM"
2010,-0.19204696465759,0.292855134415201,0.0650486230010218
2011,-1.32496419410277,-0.63641834270087,-1.81943894191092
