"Year","OPR","DPR","CCWM"
2020,-0.561680729211585,-1.33152409222574,-1.39809833765308
