"Year","OPR","DPR","CCWM"
2010,-0.449852794474914,0.659249798892224,0.130545377449155
2011,-0.907177778301969,-0.517055657939637,-1.31027052565183
2012,-0.566860380361874,0.463662793114331,-0.235129938181831
2013,-0.155140729304148,0.70228112503264,0.430379046098797
2014,-0.179683838274346,0.150324491308827,-0.0606370679614567
2015,-1.12256160822115,2.84056102929872,1.71150189133339
2016,-0.409884049270935,0.108560585186367,-0.433021031561131
