"Year","OPR","DPR","CCWM"
2010,-1.2672937954742,0.186289708913585,-0.99617575872443
2011,-1.66133373725997,3.07122299021037,0.789548460726244
2012,-0.790942596924608,0.395293520342243,-0.555461219086155
2013,-1.14176608333502,1.65891781920652,0.118053987474511
2014,-0.815263175649487,1.88490372737337,0.588961851019798
