"Year","OPR","DPR","CCWM"
2015,0.226691427478567,0.870579049895317,1.3115740549123
