"Year","OPR","DPR","CCWM"
2010,-0.107618940778144,1.00990627624979,0.726866110805316
2011,1.22005828784281,1.43708694167896,2.3508445726805
2012,-0.183304237084666,1.00375825159673,0.695435634958202
