"Year","OPR","DPR","CCWM"
2010,0.1950966931384,-2.0836581606128,-1.52409776272714
2011,0.0215116656671467,0.164402640375489,0.151821068892612
2012,0.731544937887522,-0.417922000160366,0.466479566151373
