"Year","OPR","DPR","CCWM"
2010,1.65961062429004,-0.173427183018062,1.36213717926215
2011,0.128169235920379,-0.60758457840992,-0.355083299541741
