"Year","OPR","DPR","CCWM"
2010,-0.175056106589974,0.241073907113091,0.0381748959934448
