"Year","OPR","DPR","CCWM"
2010,-1.07057723655161,2.22863774716876,0.849206631131135
2011,-0.544732971061904,0.102265990304273,-0.459195292052749
2012,-1.17491966150654,1.28599717423785,-0.193721211895659
