"Year","OPR","DPR","CCWM"
2010,-0.916538419294601,2.73796110984612,1.40452970000844
