"Year","OPR","DPR","CCWM"
2010,-1.12406479138588,-0.233048240674153,-1.20870279552191
2011,-1.10281913280898,-0.30675356804407,-1.33743049060673
2012,-0.785058700673871,0.491331615706373,-0.461897371110024
