"Year","OPR","DPR","CCWM"
2010,0.787811872210996,-1.12155967501193,-0.201713131849882
2011,1.44765154319002,0.945542464137758,2.18648532114408
2012,0.149349195006925,-0.496961319701565,-0.276700765625538
2013,0.772260554136499,1.04697469294805,1.80474720620655
