"Year","OPR","DPR","CCWM"
2010,-0.142894026692853,0.970978508273013,0.663128530231947
2011,-0.313641381816097,1.4710696038225,0.856425034234501
2012,-0.754639607389291,-0.786477092354047,-1.581355951999
2013,-1.02777748560447,-0.306414449917916,-1.45744646536778
2014,-0.646899011531169,0.528903399351943,-0.227138925591368
