"Year","OPR","DPR","CCWM"
2010,-1.22063226994835,1.6838839328384,0.268571623103371
2011,-0.955035857545454,0.34549749176663,-0.673158776337296
2012,-0.686806392819205,0.177309983591124,-0.632261897842256
2013,-0.905913450405134,0.315543323799983,-0.775804340998644
2014,-0.750381050446472,0.219073422459679,-0.546822863429578
