"Year","OPR","DPR","CCWM"
2010,-1.07731967300207,0.318970892405791,-0.715741986604013
2011,-1.30979614061038,-0.344030354132059,-1.57233197074997
2012,-0.709626224741218,0.511942144580705,-0.356237303618764
2013,0.573905565916823,0.119801732385406,0.769258830823699
