"Year","OPR","DPR","CCWM"
2011,-0.531800732374763,0.324999263234845,-0.269589306431843
