"Year","OPR","DPR","CCWM"
2011,0.481950390026724,-0.378085119115383,0.178006200370797
2013,0.257350828646151,0.227089083206886,0.495584791946117
2014,0.266780748529486,-0.564106716779769,-0.154873072411036
2015,-0.953383504805435,0.714127237127034,-0.49524594543344
2016,0.596035781265063,-0.960876719848145,-0.17871013324608
2017,1.67910079679391,-1.32108888285043,0.863851708449149
2018,0.72722500627656,0.369942340071779,0.717912394166249
2019,0.614742473958024,-0.382172580989006,0.424739137848194
