"Year","OPR","DPR","CCWM"
2011,-0.372268441472682,-0.169135373565948,-0.503519027960128
