"Year","OPR","DPR","CCWM"
2011,-0.67089406078052,0.278406706907198,-0.444545601710217
2012,-0.340277535156451,0.31327272566209,-0.109572203618599
2013,-1.50956056756977,1.94575023957651,-0.0590067861338796
2016,-1.37254534654321,0.801376266538203,-1.00924153304254
