"Year","OPR","DPR","CCWM"
2011,0.61090699076311,-1.30267841841984,-0.427897532439535
2012,-0.756247230260658,-0.271755132530365,-1.11813649442503
2013,-1.67498601200166,0.766404081940708,-1.275434573608
2014,-1.05525210621792,-0.782600314811971,-1.55249703600691
