"Year","OPR","DPR","CCWM"
2011,-1.66436367880546,0.404125989996554,-1.33026186161514
2012,-0.582530661932425,0.125091375463764,-0.559125526092322
2013,-0.599018474598109,-0.234977022087027,-0.898437324491571
2014,-0.834001065060541,1.31898243247063,0.164839385427725
2015,-0.5871436772604,0.214672594886148,-0.563324351750247
2016,0.506340440156604,-0.508672529630541,0.157848713969653
2017,-0.372334783166196,0.788473863034483,0.274873819146428
2018,0.82117417960114,-0.28096586557924,0.435425462557458
2019,-1.14836173581756,0.100786403426052,-1.32576562302622
