"Year","OPR","DPR","CCWM"
2011,0.309556255196546,-0.115273798001568,0.215582075202645
2012,-1.13506526569512,-0.454695327622697,-1.72052919521181
