"Year","OPR","DPR","CCWM"
2011,-1.00555234452944,-1.06695783531089,-1.84429845505597
