"Year","OPR","DPR","CCWM"
2011,-1.06817840452944,-0.645693016705132,-1.57207509822826
2012,-0.267838123205968,-0.181653387336203,-0.473176183814279
