"Year","OPR","DPR","CCWM"
2011,-0.129528154434099,-1.44374717013249,-1.27435273592616
2012,-0.614522638982584,0.893659332642665,0.0983962979347237
