"Year","OPR","DPR","CCWM"
2011,-0.865050422906316,0.548721277362701,-0.422602165910309
2012,-1.02268461911793,-0.26438250795128,-1.41890295381189
2013,-0.329045378307668,0.710827316731351,0.23624594469193
2014,0.415779866699207,-0.551892586917973,-0.00627018226003748
2015,-0.382514950005495,0.265958749662344,-0.222296468307886
2016,-0.606332136385627,1.89855848079446,1.10904909223509
2017,-1.02319397872082,-1.32769222036296,-2.53389762906714
2018,-0.618936936352341,-0.826564131141822,-0.885821006906028
2019,-0.0927220568314269,-0.639150968904113,-0.669044473056495
