"Year","OPR","DPR","CCWM"
2011,-1.21977092501799,0.683831855581438,-0.667242083714979
2012,-2.03425281558986,1.64311435615486,-0.862588700139388
2013,-1.62940563097884,0.845024192789803,-1.15429555432698
2015,0.0378406865428754,-0.141874398752851,-0.11061665309663
2016,-1.51850555708109,0.740048219368969,-1.26409711123867
2017,-2.24099353775874,-1.68477558205344,-4.39842103312039
2018,0.937326776537994,-0.331527720570393,0.491204210084564
