"Year","OPR","DPR","CCWM"
2011,-0.20340311511099,2.00147273705356,1.38674557165203
2012,-0.587568172787414,0.345110314461864,-0.366141049379117
2013,-1.39100663073685,-0.057647059322738,-1.66228943388992
2014,-0.03926790302133,-0.198157996267471,-0.179200780293394
2015,0.198702336238103,0.492465981123786,0.839100578799508
2016,-0.347855455146856,1.03108170321185,0.577747318611741
2017,1.46856697209259,-0.595151209558654,1.28293083614803
2018,0.761793850498036,1.04420361986547,1.10470253491154
2019,1.4739125499507,-0.286560430209297,1.56512081887354
