"Year","OPR","DPR","CCWM"
2011,-0.560077366981152,-0.670419914028491,-1.08767700594576
2012,-0.728056307159842,0.74568674689704,-0.166304050905259
2013,0.0452250523426405,0.195738692786941,0.222487832870363
2014,0.766989556841636,-0.80743927544722,0.139747957863248
2015,-0.787851569014797,0.753971253652338,-0.221261213027061
2016,0.722547775383431,-0.703262345529443,0.248014877738859
2017,0.572395674583203,-0.772452402337592,-0.00870532359485547
2018,0.384129716787271,-0.195561428048773,0.169242643363102
2019,1.17843228848429,-1.57355766176669,0.0840624574447438
