"Year","OPR","DPR","CCWM"
2011,-0.865805935928142,2.18149618113753,0.87253885539314
2012,-1.40811892000885,1.71880508372303,-0.0717360700486176
2013,0.031631447056531,1.51984567914584,1.35720744301295
2014,0.590678940546329,-0.185634831046192,0.420971016637248
2015,-0.391206640848475,0.256082461977801,-0.24561494184597
2016,0.266535951584822,0.429428446827329,0.784952462098703
2017,0.0213607887355915,0.232925173096406,0.246056955991428
