"Year","OPR","DPR","CCWM"
2011,-0.568458331506151,0.0253607495805198,-0.543767905907126
2012,-0.070352674075298,-0.373641824002657,-0.418778384569084
2013,1.07658457009065,-0.126846304851322,1.13756813514483
