"Year","OPR","DPR","CCWM"
2011,0.297326890203325,0.386018353075661,0.60131324683912
