"Year","OPR","DPR","CCWM"
2011,-0.740668738340584,0.017955485301181,-0.720473570064223
2012,-1.33787616787391,0.328359560629446,-1.24701666658635
2013,-0.228010019527724,0.697086712061096,0.341408965456716
2014,-0.644212777772288,0.155521392626411,-0.492842443341573
