"Year","OPR","DPR","CCWM"
2011,-0.474825183728205,0.624619668908083,0.0247298053186559
2012,-0.833237752031482,-0.0598243413832258,-1.01548278158986
2013,-1.14517489303992,-0.0640191384039231,-1.38290252419258
