"Year","OPR","DPR","CCWM"
2011,0.406091041300335,0.507624464732657,0.805720061863321
2012,0.185427933303454,-0.455570053878984,-0.197672557399964
2013,-0.277928806931717,0.726282214863525,0.308919244976421
2014,-0.486611367724001,-0.258508324097351,-0.642365202925037
2015,-0.740006466355996,0.065362426953475,-0.945448862347711
2016,-0.803075693243778,0.69876924497257,-0.359082812358358
