"Year","OPR","DPR","CCWM"
2011,-1.47517967779499,-0.49584579257021,-1.85688011028232
2012,-0.848083305860757,1.32452038914674,0.218205360738583
2013,-0.192970127506476,0.196438729178837,-0.0529764280293124
2014,-0.529713514251111,1.70313970055848,0.726363984026961
2015,-0.748618969869678,0.232039609074012,-0.766066555954132
2016,-0.466142742189563,-0.239984501138243,-0.858335139741236
2017,1.40198407999735,-0.686511099493003,1.11337022355186
2018,1.07251067219156,-0.203805447413816,0.656317707108202
2019,1.10906649870005,-1.04638706343698,0.456402609423571
