"Year","OPR","DPR","CCWM"
2011,-0.186672193416771,1.30057185538324,0.847055632352767
2012,-0.219828731277171,-0.669877166551161,-0.858912807436325
2013,-0.882623634659376,1.10533406873212,-0.0625867301411468
2014,0.152459021729551,0.13524683284317,0.240232188099334
2015,-0.737108766046682,0.205254346062044,-0.780929819123229
2016,-0.730420147281452,-0.545389128013718,-1.51544490394419
2017,0.676841505602812,1.04650093209983,1.83452565372013
2018,0.0393109460541633,-0.485881435450947,-0.232871845544729
2019,-0.0880921517034903,-2.02835276656479,-1.86949919423398
