"Year","OPR","DPR","CCWM"
2011,-1.31386159989816,-0.405471962600062,-1.62512938961303
2012,-1.44031321834861,0.566400661756502,-1.15013251441746
2013,-1.49216331929205,1.52599079290618,-0.403558820597576
2014,-0.851758628371906,-0.675306614900865,-1.28445194356523
2015,-0.761338435418548,1.89482488436178,1.12440652358155
2016,-1.48607975576721,1.43008541406528,-0.52653654838445
2017,-1.36646195257772,1.62082346567339,-0.189337812455917
2018,1.64084953023399,0.163366448825143,1.25929789540621
2019,0.276253686002008,0.338572007743981,0.633941170260516
