"Year","OPR","DPR","CCWM"
2011,-0.352697669087123,0.510884235737721,0.0556083432102579
