"Year","OPR","DPR","CCWM"
2011,-1.2393217780325,1.41152635159324,-0.109084057296641
2012,-0.585887036450819,0.0818173847874607,-0.602098262573815
2013,0.613361061354453,-0.212705299933237,0.526083575689484
2014,0.0942188542620369,0.438035406780382,0.403089117589758
2015,0.814912233108411,-1.47046069163705,-0.563580117171648
2016,1.07706099335152,-1.23070130139901,0.186092173142541
2017,1.72129044326089,-0.881824643790889,1.33027302945114
2018,1.00906148096661,-0.263802536185521,0.578794041761753
2019,1.1546342123183,-0.886854666700916,0.650993623828731
