"Year","OPR","DPR","CCWM"
2011,-0.70774128123327,0.859551655447432,-0.0198576466090733
2012,-0.684112997051792,1.32023980698121,0.403534296020989
