"Year","OPR","DPR","CCWM"
2011,-0.329992824539228,0.795985375576969,0.304408237468496
2012,-1.88233932018962,1.60552261878908,-0.721269606523928
2013,-0.854120973002229,1.55684619131246,0.362753025743472
2014,-0.669438596621751,2.03136441598038e-06,-0.62823529883814
2015,1.32997960778586,-1.16127952638874,0.501464497460969
2016,0.236000310945074,-0.199855847705747,0.11105251987125
