"Year","OPR","DPR","CCWM"
2011,-0.870680910335309,0.688922613251175,-0.316913354267794
2012,-1.11855120835944,-0.119402839036985,-1.39852267892086
