"Year","OPR","DPR","CCWM"
2011,-1.12682482242195,0.295607837893431,-0.88316512283991
2012,-1.06867155308114,0.599965900987075,-0.69098722759806
2013,-1.10897722777244,1.1263467648387,-0.306677348831288
