"Year","OPR","DPR","CCWM"
2011,-1.20120020767997,0.790958481062455,-0.563796825702772
2012,-0.601809876371914,-0.2132826953567,-0.887106958303802
2013,-1.38352991502403,1.29475995677592,-0.478559938263148
2014,-0.552481170244178,0.537897755673772,-0.132070977914905
2015,-0.455196773079123,1.40563025604785,0.985227368396132
2016,-1.99770649637633,1.76748235162422,-0.863802154629104
2017,-0.101066788054396,-0.0740686464400918,-0.196563952344626
2018,-0.720432746311307,0.593577848354927,-0.195609873354783
2019,-0.435936917854655,0.39082133953426,-0.197176630298747
