"Year","OPR","DPR","CCWM"
2011,0.3972155259876,1.4543163107388,1.54828018237305
2012,0.421740478756865,0.689465252109353,1.10958676763877
