"Year","OPR","DPR","CCWM"
2011,-0.248130935129551,0.371680186281893,0.0488532671893267
2012,-0.981103051135352,1.16780885634506,-0.0768749690281724
2013,-1.05123892959838,1.93952103804668,0.466783884162858
2014,-0.743327874373245,0.902502962813295,-0.0492521881037097
2015,-0.780845830306038,0.628561971905736,-0.355505117102546
