"Year","OPR","DPR","CCWM"
2011,0.315829240553668,0.0835601316286778,0.379613972736369
2012,-1.29824591425281,0.25653715211314,-1.26618419288759
2013,0.925547059116605,-0.30039806690802,0.811719283408735
2014,1.41757096324685,0.543498136121868,1.72075376277485
2015,1.02362186223458,-0.0820056977762522,1.31744978328677
2016,0.491415126137526,0.586769707798298,1.24088026813838
2017,0.030590332698681,0.66331621254211,0.662759301635211
2018,1.6930811192715,-0.33247928579568,1.03030009172843
2019,0.438420736339066,-0.0109057442026926,0.530089187324833
