"Year","OPR","DPR","CCWM"
2012,0.896417641990033,-1.31848727437474,-0.156983746374547
2013,-0.45497706569448,0.263062200356054,-0.298760149895253
2014,1.58293985817652,-0.581200105054594,1.06800130140602
2015,0.283823965117052,-0.246809380758314,0.108177515903477
2016,0.0687655875069616,-0.324860781893293,-0.236054265123467
2017,1.05495234430919,-0.605265975716039,0.75430010415614
2018,0.9304243155782,0.871353798521345,1.13227632855359
2019,-1.03867729240607,1.55273730286626,0.0698550031799871
