"Year","OPR","DPR","CCWM"
2012,0.559716253798117,-0.274730676433326,0.397595362720585
2013,1.60215295357579,-0.24841995824513,1.64107983359506
2014,0.627091401152106,-1.06382484537834,-0.175718228443346
2015,-0.99012563668623,0.725691547098083,-0.532642637980279
2016,1.25994705364229,-0.774473562361864,0.887348057463609
2017,1.19890121996415,-0.876183314685528,0.679954896255067
2018,0.0308988439007409,0.298845934706035,0.182555160916488
2019,2.82922931349729,-1.52348328974624,2.15915027714553
