"Year","OPR","DPR","CCWM"
2012,-0.228212185199241,-0.453889515346746,-0.673431486356842
2013,0.0415409051920487,-0.814710119687339,-0.659729298090404
2014,-0.171759952430045,-0.455670112103456,-0.488525953567132
2015,0.889849818021989,-1.11241707061895,-0.0493950993487575
2016,0.0335675897546495,0.0139574251673701,0.058463454433719
2017,-0.0411294314669946,0.784848806491278,0.687143190569313
2018,0.760185442561894,-0.431723062229104,0.310916372738334
2019,0.770105890762328,0.166025665219862,1.09190713270693
2020,-0.451218601428959,1.35778052323965,0.434352193067873
