"Year","OPR","DPR","CCWM"
2012,-1.58424053664937,1.28452418982883,-0.667345744875451
2013,1.05596210987729,0.0340872546683399,1.25349643211337
2014,1.60047261786794,-0.738559650266818,0.971413445487669
2015,0.411784402234873,-0.500493335070756,-0.00646542337017429
2016,-0.0924827629205557,0.271231333639597,0.150685955569511
2017,-0.571010002047345,0.605114569510905,-0.147067436847928
2018,-0.160337517400877,-0.174474735699087,-0.208181262439281
2019,0.648846493985421,-0.857639802713473,0.0538934923150037
