"Year","OPR","DPR","CCWM"
2013,-1.23090842784504,1.15258052910705,-0.425204112969037
2014,-0.321491053587115,-0.0874553764441537,-0.364529139160146
2015,-0.160455745340694,-1.32357159584472,-1.74003656266089
2016,0.40088095815956,-0.385171113655339,0.142646121686432
2017,-0.210462566181244,1.51289361756756,1.15991493708368
2018,1.07381834757906,2.45472084182273,2.08499732532416
2019,0.0166556382213823,0.611044289440336,0.551027470773277
