"Year","OPR","DPR","CCWM"
2012,-1.14764455838454,0.486140766178093,-0.884956106930923
2013,-1.29975198982421,2.06317155535583,0.286188813415187
