"Year","OPR","DPR","CCWM"
2012,0.140606024467466,0.97960928033461,1.04735880799315
2013,-0.212459835412219,-0.173124111990532,-0.396666859565635
2014,-1.50229534730792,0.271829852956033,-1.21456084902461
2015,1.01733625253495,-0.316210016462998,1.04003729929892
2016,0.101526063429412,-0.196936959513917,-0.0639290033702264
2017,-0.480431608205237,0.810475606071097,0.159915965645739
