"Year","OPR","DPR","CCWM"
2012,-0.331471525799405,-0.149977286842632,-0.517978609070254
2013,-0.537704410315771,-1.17237725688736,-1.64185075088523
2014,-0.183884082473167,-0.287903821316486,-0.379386514331755
