"Year","OPR","DPR","CCWM"
2012,-0.451743724133624,0.711237526469313,0.121391950289072
2013,0.662393368880955,1.53615782405032,2.10244497159594
2014,-0.181625372914852,0.29297709731169,0.04001747742709
