"Year","OPR","DPR","CCWM"
2012,-0.845213161699713,0.388662932256593,-0.624072176480456
2013,-0.6002707738516,0.898229621035601,0.0847187877011111
2014,-0.280189743483921,2.08991554843589,1.23837643594097
2015,-1.38695919107519,-0.439098399502216,-2.41643968462131
2016,0.0781951442682537,0.77016476210177,0.878781206173412
2017,-0.673220478879819,0.588037605203296,-0.291421618045057
2018,-1.7660088175174,-0.983943043434816,-1.78934719144161
2019,-0.448102062396962,0.739011468860452,0.0901625257828593
