"Year","OPR","DPR","CCWM"
2012,-0.601238082911501,0.0314573954714036,-0.665313532188629
2013,0.28820777697772,-0.100108676226959,0.247056725896354
2014,0.310386248651257,0.108281942294221,0.369068868016473
2015,0.0128061893268926,0.259020714815234,0.314880524124218
2016,-0.809254294445286,-0.28996041197088,-1.36260921579377
2017,-0.134967743860346,0.28846607087546,0.102135320639002
2018,0.674147016460359,1.10590986681905,1.07526186877837
2019,1.53735012471351,0.332543415238835,2.18071971152765
2020,-2.52229232121931,2.53631381061886,-0.814493885889929
