"Year","OPR","DPR","CCWM"
2012,-0.678606069271882,0.760863234942832,-0.0955334083429954
2013,-0.593993854419778,0.493313430005968,-0.259825070861127
2014,-0.610682968573098,0.423727528357875,-0.268706490375164
2015,-0.749505246312827,0.366486345391829,-0.613013763324377
2016,0.396731996048878,-1.73590914318513,-1.22262781796795
2017,-0.816040794455141,0.205614252356756,-0.83063693177442
2018,-0.768042031950537,-1.6251954160822,-1.42118195687826
2019,-0.676539266814251,0.699833757399776,-0.224987203389256
