"Year","OPR","DPR","CCWM"
2012,-1.47276205549141,1.29300861762872,-0.531050582712125
2013,-0.0108593773573598,0.893892148334532,0.764088511048926
2014,1.20274882031066,0.75529809883513,1.6713028456772
2015,-0.726858862045035,0.191300971518396,-0.782806669245635
2016,-0.616893147073366,1.09200132699807,0.283117013295509
2017,-1.96566446397679,1.4283306300634,-1.12256084262272
2018,-1.73800608871272,-2.37578478577676,-2.51683374465754
2019,-1.58418160712749,0.631574054768449,-1.40127465042101
