"Year","OPR","DPR","CCWM"
2012,1.38419156444924,-0.733847275404379,0.934081181787743
2013,1.55078849566272,-0.94531541249024,0.976036998512707
2014,0.14871309909088,-0.777770881633486,-0.419162805615161
2015,2.01788088064955,-0.511188103383273,2.19603057570022
2016,1.9550867791783,-1.04668360231526,1.53303919821196
2017,0.860816623068701,-0.276526395368524,0.82008491944664
2018,0.254849247689504,0.355287391555864,0.372766802601669
