"Year","OPR","DPR","CCWM"
2012,-0.0572855439098336,-0.528034895621425,-0.543201991271547
2013,-0.17381245630619,-0.245240315203652,-0.414533348498228
2014,0.220832034776102,0.239004569766793,0.378932944352643
2015,0.871225633531283,-0.35940010377131,0.78899454157042
2016,1.14938542287317,0.831969349327607,2.3582683537178
2017,0.494970083387784,-1.01701601110865,-0.336081831491547
2018,-0.754853788974279,-1.30787927558542,-1.24135280987931
2019,0.302390495892924,-1.23606954826911,-0.701050483039733
