"Year","OPR","DPR","CCWM"
2012,-1.8874181586224,1.877300049579,-0.48156669356131
2013,-1.10719513767075,-1.5345312712526,-2.61656496665448
2014,-0.604345590236902,-1.06398302622932,-1.33147778056178
2016,-0.184005957117327,-1.82245406423495,-2.07811416123369
2017,-0.728662359785965,1.46101210617025,0.460709641857105
2018,-0.781834880639507,-1.3466400049662,-1.28143347134664
