"Year","OPR","DPR","CCWM"
2012,-1.00105475977662,0.134650351782842,-1.03340129711987
2013,-1.00776522237512,0.0388538818353159,-1.1342591166189
2014,-0.78210685682463,0.724813726086409,-0.213290106740382
2015,-0.151246063747398,-0.103101013606735,-0.326871003374974
