"Year","OPR","DPR","CCWM"
2012,-0.0797129365452292,-0.297662108558409,-0.360927609103305
2013,1.98886207291558,-0.904642676765002,1.51911141760881
2014,1.48146752347519,0.175790847059302,1.51656978494399
2015,1.74384191283976,-0.773806646252375,1.51678795941897
2016,2.44627254277592,-1.11417536450321,2.11497264444417
2017,1.73176287019107,-1.3555326015745,0.897524403042245
2018,1.34010361196577,0.382446029462114,1.16222138392656
2019,1.81870903929111,-1.88312403380555,0.603265455301602
2020,0.694393106921667,0.626070828788358,1.07394492264019
