"Year","OPR","DPR","CCWM"
2012,0.0720511054908218,-0.932992760600891,-0.75986491726489
2013,0.610362687295404,-0.838027862257594,-0.0207146668917987
2014,-0.137872530440295,0.975145815167989,0.571123339931261
2015,-0.463176761787968,0.430007522280998,-0.14528445540497
2016,-0.490357073615231,0.959110777677713,0.316753570003623
