"Year","OPR","DPR","CCWM"
2012,-0.991342599371801,-0.0876056302180462,-1.22301321273726
2013,2.867225114545,-2.5880007264018,1.07453321787742
2014,2.5228993718107,-1.12910861293844,1.55651118010916
2015,2.53131052670221,-1.95758612845078,1.24432472346925
2016,1.87844306778942,-1.72224649293085,0.751546122580415
2017,1.80604920128267,-1.04253344904611,1.28537801161314
2018,1.13708814439742,0.814767449577594,1.24944447453916
2019,1.82324898045667,-1.70763545737714,0.761217898569782
2020,1.55667837062984,-0.6590263629078,1.08418345423693
