"Year","OPR","DPR","CCWM"
2012,-0.387482466820743,0.297761094470499,-0.178054923425709
2013,0.0819014694907094,-0.878642130107949,-0.668499187283523
2014,-0.414678203697353,0.31833678722294,-0.160474181237032
2015,-1.1847112042492,0.257947673456478,-1.3376981678983
2016,-0.504235450244598,0.638526333205673,-0.0243401537746878
2017,-0.970742468441993,1.52064609195142,0.213017642408407
2018,-1.67314070398388,0.819061824296323,-0.754746383133463
2019,-1.19988178572274,1.06643011137399,-0.550765580564033
