"Year","OPR","DPR","CCWM"
2012,0.239920297740394,0.267010417916117,0.518087198017209
2013,-1.11997461616622,-0.23382143508296,-1.50123081556121
2014,-0.735143048085991,0.198926229294548,-0.546995742854635
2015,-0.0670960376572318,-0.0626323757290284,-0.164393207174494
2016,0.254197475017134,-0.144749898080275,0.190603812305709
2017,0.152596625513498,-0.570953042426566,-0.345909581374945
2018,-0.291291225375281,0.475080526761566,0.0471579238091712
2019,1.04916025486171,-0.844481295676217,0.557978396225171
