"Year","OPR","DPR","CCWM"
2012,-0.358013460118691,0.720795543137702,0.238178422772488
2013,1.65012201787815,-0.373065263549249,1.58837646374341
2014,0.520664711548402,0.267995655265334,0.681138033643374
2015,0.325938949707457,0.476472246508257,0.996204287012515
2016,1.60258994604207,0.263298615440464,2.38541404869302
2017,1.01179966725579,-0.210985028065891,1.07127005165482
2018,0.85114872368031,0.130571650155021,0.677841027675274
2019,1.3269667029618,-0.972293273816161,0.788899945391942
