"Year","OPR","DPR","CCWM"
2012,0.0395569729943423,1.82678785203702,1.69622756118518
2013,-0.35826071131386,-0.763257990301602,-1.07840143304234
2014,-0.437318126935472,0.309112707330497,-0.188346941079992
2015,-0.974151619088212,0.516700448447188,-0.75042796987703
2016,-1.03188750533478,1.43819920626396,0.0825635021036828
2017,0.66604000860854,-0.0612653915658999,0.778250192852494
2018,0.924451911374967,1.24366091606694,1.32795739771087
2019,0.522085723935425,-0.378928040237453,0.313524864925049
