"Year","OPR","DPR","CCWM"
2012,0.562911825201039,1.42810631700282,1.93987226546301
2013,1.99690124855666,-1.34782409509385,1.14336259528844
2014,0.272112140331778,1.1160733025132,1.0571120651482
2015,-0.96810458742361,-0.124115203639272,-1.47741242994073
2016,0.281297574672791,-0.294316452904355,0.0758910962194343
2017,0.872835301397655,-0.453427656550942,0.668655316717437
2018,-0.236689611883083,0.828180948845186,0.27577386334853
2019,-0.499486181596597,0.732579403508244,0.0213403088784313
