"Year","OPR","DPR","CCWM"
2012,-0.436246802246357,-0.187960823765952,-0.673193069193875
2013,-1.04172255861975,0.738558136093932,-0.565665298742917
2014,-0.355675544431404,0.863032861424296,0.286187436820145
2015,-0.222698368918731,0.526437481047291,0.296980860135705
2016,-1.03549194565327,1.70172045700544,0.343080717974488
