"Year","OPR","DPR","CCWM"
2012,-0.877275833280748,-0.409712273268455,-1.38243544626037
