"Year","OPR","DPR","CCWM"
2012,0.85204016272073,-0.0525555951182341,0.935637565077273
2013,0.120482410856072,-0.453499432069545,-0.254390086022157
2014,1.52092571734341,0.118408795055685,1.51237821536333
2015,-0.132316075317937,0.289497789218881,0.149732280690133
