"Year","OPR","DPR","CCWM"
2012,-0.36358263715509,-0.214595075404364,-0.613414989685857
