"Year","OPR","DPR","CCWM"
2012,-0.707568251961137,-0.81295268781637,-1.55096470375998
2013,0.259529460746537,-0.592397287162084,-0.213916022834387
2014,0.357934045314456,-2.39345953927435,-1.38347231392095
2015,0.279793730576571,0.140942404967713,0.547557354814952
2016,2.08460429887637,-1.04057665844267,1.71054886455036
2017,1.07404805854998,-0.640743649642321,0.744871865594841
2018,0.905107810634522,-0.751284574277376,0.242771985573419
2019,1.39829075309604,-1.31622267600468,0.578066090708212
