"Year","OPR","DPR","CCWM"
2012,-0.508831181180135,-0.082223005491284,-0.661405462480806
2013,0.163696484526352,-0.189858026606463,0.0247655140848378
2014,-2.33727108972689,0.140323115394442,-2.09261624980321
2015,0.0412071936601806,0.31354078052609,0.416605506412099
2016,-0.630408304959555,1.0622216839858,0.235256310141277
2017,-0.438154045449466,0.0322817912625741,-0.519522040140747
2018,1.03002278471385,-1.11319273133628,0.137600346572842
2019,-0.289332863806942,0.32033256223382,-0.0779539605665419
