"Year","OPR","DPR","CCWM"
2012,0.10261420269467,0.0969573082505726,0.206006362925662
2013,0.0890871353514717,0.0956694937192156,0.186377802199928
2014,-0.876101864458386,0.11519089027653,-0.739431492503352
2015,0.12131965461874,1.29047451062253,1.64809059949439
2016,0.1454813555573,-1.06970764083239,-0.884388734044294
2017,-0.449691531234751,0.110150100264615,-0.46070631160151
2018,0.112681560146388,1.27765489129511,0.766611443375533
2019,-0.330776247838272,0.468236820949658,-0.000542168172762467
