"Year","OPR","DPR","CCWM"
2012,-0.663348303506701,0.770406802296932,-0.0693052407881718
2013,1.01214013874902,-0.441459307420864,0.789518553572138
2014,0.301657261008743,-0.158466532444972,0.169254456182524
2015,0.0398526831974688,0.31963585077505,0.421731640835383
2016,-1.3493042905871,1.39154919801777,-0.384366207294333
2017,-1.16129150926671,0.290413800634592,-1.18412605772027
2018,-0.57594054507975,0.226848260324311,-0.289392737064055
2019,-0.0999002152701716,0.223658152875626,0.0712419637903309
2020,-0.526663649926981,-1.00480118491521,-1.15456618292389
