"Year","OPR","DPR","CCWM"
2015,-1.0929417131269,0.673243015914658,-0.734607152667709
