"Year","OPR","DPR","CCWM"
2012,-1.11480156771858,1.12721313831775,-0.267822643246709
