"Year","OPR","DPR","CCWM"
2012,-0.158919894320856,-1.02077332858218,-1.10568377644328
2013,-0.917951749927203,0.577559472510936,-0.562099370236761
2014,-0.719063780263558,0.374497371219053,-0.405782007221828
2015,-1.09458494346364,1.71546660847543,0.459057641901968
2016,0.0549316606055788,-0.336038396879161,-0.265610110360547
2017,-0.992203431458643,1.22045890389871,-0.096477468869536
2018,-0.661592023249453,0.497135324756697,-0.205391619681315
