"Year","OPR","DPR","CCWM"
2012,0.214406387972002,0.912927838013582,1.07226345111615
2013,-0.172841250015151,1.507156648737,1.10919480827803
