"Year","OPR","DPR","CCWM"
2012,-1.09354327299235,0.48147173303925,-0.826750187301632
2013,-0.445665957330122,-0.222226878964718,-0.709620799295251
2014,-0.669842791475736,-0.814422664873461,-1.21366850180348
2015,0.155669105740368,-0.994315877670037,-0.926293707039087
2016,-0.615663249735662,-0.0423724272317645,-0.857226908589597
2017,-0.755022535011387,0.105362335521316,-0.848420729349212
2018,0.136839320477567,1.38681579453867,0.842484252769663
2019,-0.653250088405941,-0.746785287368041,-1.45232985682323
