"Year","OPR","DPR","CCWM"
2012,-0.629529650333804,-0.0411314490922694,-0.763544950953105
2013,0.462617378950105,-0.498032148195595,0.103457425719416
2014,0.82678838627228,-1.14903468841453,-0.0495237004608369
2015,1.61922822717532,-0.242637819339041,1.95445434026308
2016,1.19398919642234,-1.1369637579937,0.435162689279939
2017,0.907066329226335,-0.0722633306197814,1.07039979635374
2018,1.50670927879156,0.822253672099459,1.51737357151588
2019,0.435696695611485,-0.275615197435457,0.296906918687219
2020,-0.266733813892193,-1.38611527803081,-1.14758558265296
