"Year","OPR","DPR","CCWM"
2012,-0.961652975635514,0.252916532725975,-0.881078864256572
2013,0.0589943290530946,1.002234471298,0.939185445006326
2014,-0.593905165123157,-0.795400855669124,-1.12874000264985
2015,-1.59006179077415,1.84298577830134,-0.0778671935428317
2016,-0.121926653604727,1.15843815320731,1.0048782304344
2017,-1.26686957489616,1.91737302596415,0.214792642562523
2018,0.568499556536895,-0.278921433902276,0.256114295594034
2019,1.38291320444341,-0.569582433084898,1.2073998515957
