"Year","OPR","DPR","CCWM"
2012,-0.668445982316229,0.825499423793603,-0.0254085238308734
2013,-0.764574932807657,0.526279064341521,-0.428888809755319
2014,-0.303939571574673,0.972122865735336,0.413105622561012
2015,0.310598367479905,-0.197424966017938,0.201766396604587
2016,0.605783670035237,1.37990546266587,2.19064655484849
