"Year","OPR","DPR","CCWM"
2012,-1.95083479579925,1.38642631869536,-0.998266246481789
2013,-1.17245609735189,1.31610842173655,-0.215372576086634
2014,-0.544309953016142,0.473770253396185,-0.170469602004132
2015,-0.963295743974973,1.27435876436142,0.133939812586971
2016,0.0408700891419699,0.605094513555813,0.663221435950895
2017,-0.113854577146903,-0.559411851293881,-0.669457506241172
2018,-0.299706578691909,0.179960391987286,-0.117343156017766
2019,-0.451376313251056,-1.46285992806741,-1.82560735977461
2020,-0.25560165771969,-1.02376395263056,-0.90431663348614
