"Year","OPR","DPR","CCWM"
2012,-0.590723663416693,-0.376634638497257,-1.02191098298765
2013,-0.44221651114926,1.135318275216,0.473905384759549
2014,0.118234791943031,0.298609965469837,0.325468646143453
2015,-0.716903505475329,-0.304199033850914,-1.33765484014374
2016,0.00140030833723254,-0.38382587094017,-0.384543810176895
2017,-0.562775398475774,0.14589586071456,-0.568986209727061
2018,1.41675936141256,-0.0530688989544314,0.983062681670059
2019,1.79593790019938,-1.05841912595296,1.29127845478641
