"Year","OPR","DPR","CCWM"
2012,-0.310983396636558,-0.908410039317059,-1.17961649974117
2013,0.186708988625979,0.166910332460705,0.361422207415404
