"Year","OPR","DPR","CCWM"
2012,-0.200203987110295,-1.58923922355561,-1.6669537666251
2013,0.140268897763369,1.39986296204083,1.37887100089684
2014,1.79514863738231,0.34035851804248,1.92916440556588
2015,1.72215115301672,0.688815080752894,3.16520616574518
2016,1.42243732587854,-0.686513598949209,1.19088448413402
2017,1.57482691437015,-0.602314527997009,1.4095504186815
2018,1.05349829081528,1.18927454231655,1.39088834181782
2019,0.00121807080696274,-0.555523142266872,-0.480825195485
2020,1.71700661880392,0.54482248605027,2.01181150365857
