"Year","OPR","DPR","CCWM"
2012,0.0587765339707272,0.47042890744064,0.492872767978986
2013,-0.113013322954217,1.19323250174825,0.905777651650308
2014,-0.731567337413308,-1.36511675171513,-1.66719324302839
2015,-0.65672598366814,-0.687595331377143,-1.69461109793941
2016,0.468208071858069,-1.71585597206386,-1.1078718958097
2017,0.687494055508249,-0.461621027290937,0.428329243404782
2018,0.307350746262597,0.867609770273686,0.685392482121969
2019,0.539025553138682,-0.514006778912544,0.217092465960846
