"Year","OPR","DPR","CCWM"
2012,-0.983130652702193,-0.102517809391681,-1.22701170710849
2013,-0.206350400115976,-0.671868451608562,-0.822929157427892
