"Year","OPR","DPR","CCWM"
2012,-0.38996321677965,0.385684375209149,-0.101474696072012
2013,-0.730614882003652,0.493194021861949,-0.41827505070084
2014,0.691699697166571,0.123155635885652,0.73759840918398
2015,-0.893982316317458,0.311056797352103,-0.875848433546609
