"Year","OPR","DPR","CCWM"
2012,-1.04509255869621,-0.265185656620135,-1.4454839664616
