"Year","OPR","DPR","CCWM"
2012,-1.31538990808551,0.856010901044075,-0.744314280990764
2013,0.675855074135616,0.513912035733857,1.22985017152723
2014,-0.919205529050487,0.0668962988326386,-0.8145753878996
2015,0.0448938206830681,-0.6456531944776,-0.678966664916224
2016,0.425541935090379,-0.660291466094836,-0.101688433413331
2017,-0.660415072235582,0.0162847022570413,-0.813530028496805
2018,-0.579730764608876,0.327790725823042,-0.237888386678578
2019,-0.250906213245417,1.2419554480817,0.769521769955453
