"Year","OPR","DPR","CCWM"
2012,-0.0868876408482623,0.145439553847706,0.0311561334071616
2013,-0.190610569442208,-0.348099776261005,-0.523374008991722
2014,0.336251890176656,-1.49567265588191,-0.758881669971432
2015,-0.455001279743134,0.668190662172214,0.139299734555959
2016,-0.6007529033422,1.30958349738682,0.523511237115643
2017,-1.24092574512527,1.29374994091845,-0.339650696045763
2018,-0.93549667919745,-0.021665699278025,-0.679577977926662
2019,-1.11419114259276,1.0679903049499,-0.44395275732956
