"Year","OPR","DPR","CCWM"
2012,-0.717675145006199,1.14718384362131,0.208444880134553
2013,-1.12089729375809,0.174416241680449,-1.14759536003336
2014,-1.50093893020632,1.70319440906482,-0.185046263912184
2015,-1.15548188473548,0.778885823741788,-0.699625516926385
