"Year","OPR","DPR","CCWM"
2012,0.0487732149288813,1.81886182683747,1.69970017368085
2013,0.0253635985247942,0.191734863889219,0.195989249645236
2014,-0.887854489906807,-1.64479735680121,-2.0147740639794
2015,-0.303248350872281,0.0115788648437023,-0.404885593771598
2016,0.381961294801795,-0.161381490770619,0.342902369413051
2017,0.497754413558169,1.43726303985319,1.97757795793565
2018,-0.584377100701003,0.917065192742231,0.0752605337638652
2019,-1.08886294036804,0.49646871566186,-0.908996370724765
