"Year","OPR","DPR","CCWM"
2012,-1.2979689369111,0.80368638212121,-0.771490700180757
2014,-1.44573840677314,-1.01982946478981,-2.08936716132031
2015,-1.52219693539007,1.92825883251362,0.113565921245803
2016,-0.466585288549798,0.503007153289974,-0.110952854993313
2017,-0.635921167771577,0.880681188150268,0.0308508722649392
2018,-0.560935747198212,0.0983606247869315,-0.347682875440815
