"Year","OPR","DPR","CCWM"
2012,-1.03761981122876,1.19591674392328,-0.116689918980306
2013,-0.880882505840744,0.577720149019465,-0.518995842414875
2014,-1.39297570357949,-0.438168014853017,-1.62200683169537
