"Year","OPR","DPR","CCWM"
2012,-0.801880036745507,-0.891638631561742,-1.73088234901953
2013,-0.697267282108614,0.735312893414959,-0.169255122904103
2014,1.72095267636743,0.897948012899387,2.26008753636148
2015,1.45686400572219,-0.848125846274031,1.03577259750649
2016,0.662152174389685,-0.321237129863927,0.552690580543187
2017,1.73889923054057,-0.571059377144306,1.64489038126676
2018,2.28532736467,1.2857742712033,2.32223616463675
2019,1.21503940033285,-0.00284786885405429,1.49285843741274
