"Year","OPR","DPR","CCWM"
2012,-0.184964046090248,0.507356565918708,0.244999251725369
