"Year","OPR","DPR","CCWM"
2012,-0.158648068468237,0.953179558957101,0.67818495840881
2013,-1.25879934991325,1.56285925407822,-0.101051935679083
2014,-0.609533248240793,0.540684542538511,-0.183609751006818
2015,-1.08556078486515,0.817768968821679,-0.558588385706107
2016,-0.696791419442933,0.261295623139691,-0.658863976775047
2017,-0.034816868788101,-0.745997473892659,-0.745890113584538
2018,0.981481498644794,-0.653161862790717,0.349998854704292
2019,-0.637863902024437,1.54242749907002,0.554178800867204
