"Year","OPR","DPR","CCWM"
2012,-1.71931739100657,1.95283450362344,-0.219355371239609
2013,-0.76195680997202,0.884286797634884,-0.11479271814877
