"Year","OPR","DPR","CCWM"
2012,-0.334118956881408,0.624751087696825,0.178968542301037
2013,0.797008975893707,-2.3796308767456,-1.14383854892872
2014,0.817806606978455,-1.31987157468503,-0.180675853894262
2015,-0.837177776061176,0.589438062274486,-0.478079407390493
