"Year","OPR","DPR","CCWM"
2012,-1.03044540753181,0.693809549846042,-0.562088156306399
2013,-1.76638999943836,0.824063303745212,-1.33127515890681
2014,-1.4599776608346,2.30555669214035,0.286109719067236
