"Year","OPR","DPR","CCWM"
2012,-0.288931971764462,0.28616013897756,-0.0748247239224485
2013,0.428741687754436,1.01254618346944,1.37668881025479
2014,-0.203538120129184,-1.71573309044278,-1.423532933967
2015,-0.495201344574365,-0.359372530075115,-1.09524343095941
2016,-0.259442398011853,0.0869091999462472,-0.255771339830708
2017,-0.0673139055031732,-0.603742884339118,-0.652774256560676
2018,-1.04071872202361,-0.486760989795046,-1.00448297784663
2019,-1.37856947982164,3.0650644350156,0.964609023297042
