"Year","OPR","DPR","CCWM"
2012,-1.74429228551385,0.542807738622128,-1.52219508627732
2013,-0.356083952666331,0.242528030334409,-0.201982745409526
2014,0.21227002321067,0.615918892438226,0.641659810717714
2015,-0.974709843840245,0.363655496600581,-0.926813775660478
2016,0.865523134851343,-0.0221513131451688,1.12285521861912
2017,-0.256100041574593,0.197558814260058,-0.135461845709908
2018,-1.45144326203255,-0.184546821050598,-1.13543703718851
2019,0.990063377153091,-0.906880927090396,0.431071239651921
2020,-1.25316116708427,-0.990772765456921,-1.84889106788374
