"Year","OPR","DPR","CCWM"
2012,-0.661226441414459,0.692114373734352,-0.137597662307887
2013,-0.270220148643395,1.68424059592335,1.15019357467853
2014,-1.04606799187104,1.81718153557602,0.32371311838789
2015,0.985429683098275,-0.537299436583144,0.742343218484354
2016,-0.154165823299552,-1.05511169354825,-1.26615171497395
2018,-0.894237782206808,0.98701637683728,-0.108412428464298
2019,-0.192769942988156,0.677884520242568,0.351323481581548
