"Year","OPR","DPR","CCWM"
2012,-1.0408358831161,-0.28022242146652,-1.45415880689328
