"Year","OPR","DPR","CCWM"
2012,-0.921754653415123,1.27049665702523,0.0843870359671764
2013,-0.840258424061355,1.47031182238538,0.303632982641582
2014,-2.04653903668111,2.89594262329363,0.159761713013512
2015,0.241277683652956,-0.668096920458519,-0.433911815550939
2016,-0.867938592431225,1.6828722449791,0.545792478814944
2017,-2.06137955166201,2.00214060032912,-0.702572523074357
2018,-1.40767982917121,0.431616127989372,-0.773283348228859
2019,-1.55380817199628,2.00413303559003,-0.172191699816677
2020,-1.01794639331082,0.281755352228231,-0.804699014974021
