"Year","OPR","DPR","CCWM"
2012,0.331815063524843,-0.417066244281249,0.00602570118908335
2013,0.86407326112121,0.135006234370057,1.11877912472715
2014,0.832723510289434,-0.70425940873062,0.275556958819531
2015,1.13364189356388,-0.373326842806964,1.13487953509983
2016,-1.0142261560652,1.41195970362712,0.0795156097547042
2017,1.3463945238733,-0.785316504637096,0.950598554141277
2018,0.135618091354579,-0.530294556023365,-0.187960564465671
2019,-0.685902356278909,-0.490664703699859,-1.27014184031285
2020,-1.48883394193525,0.438210177636098,-1.16018300994449
