"Year","OPR","DPR","CCWM"
2012,0.407315538518702,1.02581596165232,1.39685056746185
2013,-0.745761351187053,-0.596191845852111,-1.38236313951421
