"Year","OPR","DPR","CCWM"
2012,-1.64185244970105,-0.196081001190776,-2.07161436056168
2013,-0.583731099543689,1.09577291604096,0.275527713163841
2014,-0.31985185236093,-1.97951771131708,-1.72218146024359
2015,-0.800983051354919,0.59215292545598,-0.425052509866118
2016,-0.463655032174297,-0.0952447186138085,-0.709334533741379
2017,0.0231681408296277,-1.12098944203198,-1.02608829702196
2018,0.202426563062378,0.584663398984018,0.458522161360479
2019,1.14068121287612,-0.780645385355897,0.72603641645977
