"Year","OPR","DPR","CCWM"
2012,-0.742703331539614,-0.280513318744635,-1.11042232338673
2013,-0.0980386653985136,-0.934972401018595,-0.925996639831091
2014,-1.2465052903219,0.709111227705314,-0.6603863976146
2015,-1.34320552233007,-0.185008417583814,-2.06454125566217
2016,-1.33505251228934,2.1230753530095,0.370915530621294
2017,0.659099140724451,0.436483621665093,1.23806050633987
2018,-0.388321909479394,-0.514684873455883,-0.55366946742125
2019,1.87163583925281,-0.427892113536059,1.9318839823954
2020,0.818255737128324,-0.550684934473563,0.438826917844064
