"Year","OPR","DPR","CCWM"
2012,-0.17560669023224,0.63130648470407,0.36779052637928
2013,-1.55383216044219,0.144496517947342,-1.67537096775699
