"Year","OPR","DPR","CCWM"
2012,-0.0439315413164149,1.01644966014256,0.867717646400169
2013,-0.155439347460335,0.46837537082135,0.226799601847598
