"Year","OPR","DPR","CCWM"
2012,-1.02949787115362,0.306053746890351,-0.911349627515993
2013,0.1024117882107,1.19644998860515,1.15825480565685
2014,-1.10756430824263,0.319806426679553,-0.809659589963324
2015,-0.776731393381143,-1.24251726592705,-2.49685748649266
2016,-0.776718700795786,-1.12105777892505,-2.15622568231882
2017,-2.63713115857287,1.02800691152985,-2.34210671707941
2018,-0.38958651326604,0.133059321634783,-0.206705173300135
2019,-0.99733315787824,0.760752940833488,-0.566891384151147
2020,-1.18800447370736,-0.0575803869825626,-1.18705766840171
