"Year","OPR","DPR","CCWM"
2012,-0.969950565399431,0.324360966889709,-0.82609975750534
2013,0.0272621687468787,-0.422495842948179,-0.335495982605116
2014,0.313476292127896,-1.19426703109921,-0.563736365422871
2015,0.198393991461592,0.530613674158487,0.882449095157374
2016,-0.137790014365781,-0.262006661354233,-0.446068419173058
2017,-0.124121905450367,-0.214111823524084,-0.357319364827929
2018,0.825018512864217,0.302613522375766,0.751578193238005
2019,0.0538406805254426,0.331183960676877,0.353806211425602
