"Year","OPR","DPR","CCWM"
2012,-0.679691318188161,0.636423239513823,-0.209222744252959
2013,-0.479976713948281,1.28979461432364,0.564360254251644
2014,1.87854566901821,-1.393273039549,0.762049042419567
2015,1.91497241012315,-1.67835392088787,0.714822815933392
2016,1.93197335818669,-1.5193359759232,1.02664039013814
2017,1.18036902390534,-1.37119322604179,0.190752701223836
2018,1.19048719813024,0.363797898079593,1.04538072881908
2019,2.3122278452073,-2.28487151921962,0.861820810446102
