"Year","OPR","DPR","CCWM"
2012,-0.200118686026126,1.35922851702072,0.997217685006004
