"Year","OPR","DPR","CCWM"
2012,-0.844483242846192,0.25564761481203,-0.743415275256935
2013,-0.342133606326583,-0.342719338659722,-0.69431704312528
2014,-0.607197948553054,-1.62988916320976,-1.74068153058211
2015,0.0470712419879147,0.184796058684988,0.276959888100617
2016,-0.390276195125955,0.75743991542458,0.246146865936824
