"Year","OPR","DPR","CCWM"
2012,-0.95246104768423,-0.707958093091776,-1.73866616652235
2013,-1.37115849317919,1.52397633007652,-0.265062352581678
2014,-0.973573222803696,0.690541015190579,-0.417592623383589
2015,-0.650814277955559,1.05704117578109,0.315476569011607
2016,-1.35441369754072,1.86973589481096,0.0902629782613594
2017,0.146336321323493,-0.278986343318762,-0.0789440250893072
2018,-1.3200258671999,-1.93554838857673,-1.98197042586987
2019,-1.15118929755778,0.875994350117261,-0.6561833176588
