"Year","OPR","DPR","CCWM"
2012,-0.258470853382499,0.953947088603609,0.563698244378591
2013,-1.01973486561627,0.0901881559116748,-1.10352941514939
2014,-1.40991066826959,1.52281040599504,-0.229201990268581
2015,-1.11270648153728,2.60187436226945,1.45120368551213
2016,-2.35164435692005,1.43963089466767,-1.66213688971764
2017,-0.49446152809929,0.381196852308179,-0.26176415205147
2018,0.566273854537818,0.638781224173621,0.747371975912912
2019,0.63532999129896,-0.531576054592016,0.320358668353381
