"Year","OPR","DPR","CCWM"
2012,-1.08924770163777,0.935564024789312,-0.411500975479799
2013,-0.0999767916381507,-0.299117287476412,-0.375768488026617
2014,0.418114449601322,0.314116198855154,0.61803078417017
2017,-0.708790637850922,-0.414009344444275,-1.27927156191311
2018,-0.906431102230979,-0.930171785220835,-1.14673308232496
2019,-0.648054659498421,-0.534650073539111,-1.26175284619082
