"Year","OPR","DPR","CCWM"
2012,-0.699163400319228,-0.845289247538644,-1.57048432572728
2013,-0.142642736834884,1.51500661212044,1.15101601442876
2014,-1.46638295519944,-0.365339586650207,-1.63857873209534
2015,-0.825593928270257,0.7741762703108,-0.250122156376338
2016,-1.24570675907972,0.672206340041947,-0.97145918508329
2017,-1.13735717505621,1.06501604164991,-0.424969031594323
2018,0.159273620057946,0.23349139358729,0.239116191864364
2019,0.19881871549009,-0.793955615362004,-0.44465625480317
