"Year","OPR","DPR","CCWM"
2012,0.419636495676249,-1.81218704528803,-1.15319611337116
2013,1.20955583675264,-1.14743076244407,0.40493054559616
2014,0.385733213113997,0.497568234347237,0.719427962090804
2015,1.3356853887662,-0.0421459312326626,1.79351609295777
2016,1.30132775558483,-0.210501101639278,1.50984760817029
2017,0.137403500996662,0.421637841663296,0.569328741320338
2018,0.094681653988948,-1.00236617529428,-0.470712381960804
2019,-0.838856092527953,0.044643730221343,-0.993606592068296
