"Year","OPR","DPR","CCWM"
2012,-0.212153748646475,1.5395146459298,1.14622767984108
2013,-0.946603438500633,-1.27368775879214,-2.20379758711884
