"Year","OPR","DPR","CCWM"
2012,0.524910072915647,0.0244495308608592,0.627757112873365
2013,1.48803313197592,-2.13846253312687,-0.133385539469204
2014,-1.07494140984561,0.337691784677176,-0.766196319931243
2015,0.328507554615408,-0.433812070020155,-0.0447867528106648
2016,0.348671991178136,-0.297817928416249,0.161507799065703
2017,0.80905774570183,-0.0402013780790339,0.977572740322108
2018,0.872974794193971,0.299833804758375,0.784326040055337
2019,0.0913955512141123,-0.256837553138996,-0.110516022307857
