"Year","OPR","DPR","CCWM"
2012,0.264904456896072,-0.382443578944596,-0.0398957621300311
2013,0.752720962072975,-1.0364701610382,-0.0281391255866866
2014,1.16068832338907,-0.598469490920018,0.659332303758331
2015,1.93631254545523,-1.55333658678507,0.887705239702423
2016,1.44202766885553,-0.885302425299688,1.01668383633219
2017,1.6570392406613,-0.934810617392867,1.1997594434782
2018,1.52726225165805,0.876576259026054,1.56122197476937
2019,2.15454949192213,-1.57256138128421,1.28622049623284
