"Year","OPR","DPR","CCWM"
2012,-0.0169195706971742,0.593603429136116,0.516824764250933
