"Year","OPR","DPR","CCWM"
2012,-0.167574961967723,-1.35771585668927,-1.42011310661151
2013,-0.473521212066644,-0.35271974377838,-0.855286679819259
2014,0.354943989033473,1.00232918400809,1.05313612414851
2015,0.985604436619491,0.478028659723892,1.90765292352899
2016,0.817801705914202,0.0170507248567458,1.09918062284348
2017,0.121324987144302,0.182825127867843,0.324359513012009
2018,-1.14989661744101,1.57939319312622,0.0271802262740124
2019,0.0448472367599461,0.93822888587674,0.869795350312979
