"Year","OPR","DPR","CCWM"
2012,-0.0941859506505024,-0.334652887455288,-0.411050081740345
2013,0.751673510651293,-0.057084963283439,0.821603801325747
2014,0.215534385963851,-0.0314274338789374,0.179692566411954
2015,0.245043202308292,-0.370583064241556,-0.0873280452672356
2016,-0.535277771659959,0.316003403109948,-0.390094589212122
2017,1.10029532470969,-1.05615631839423,0.38679378580306
2018,1.1751101014887,-0.627800541759758,0.501869393647121
2019,-0.0310947015648623,0.322381467950568,0.241634864131718
