"Year","OPR","DPR","CCWM"
2014,-0.386910596984537,0.608495120088543,0.0740238963569281
2015,-0.335389285465708,-0.347562491895243,-0.861314700146449
