"Year","OPR","DPR","CCWM"
2013,0.571161393966625,-1.47696861916545,-0.62130516470507
2014,0.3379086660639,0.917506916299144,0.976215955827591
2015,0.426859260898611,-0.995173465184511,-0.55331313474071
2016,1.51734594687936,-0.635445194584398,1.36786645505523
2017,1.36876561629495,-1.46200969564913,0.341717364789959
2018,-0.097075869042172,-1.64849243361241,-0.954625140431757
2019,0.451687971308005,-0.131388856120965,0.441809404908404
