"Year","OPR","DPR","CCWM"
2013,0.0151756566304003,-0.790214330463509,-0.669003476197429
2014,0.416225521428036,-0.0719987434137762,0.338886800938515
2015,-0.825191540318565,0.675940584890556,-0.362290761363503
2016,-0.569911450815034,0.809906206026748,0.0612930361345108
2017,0.792804062474072,0.226864718700291,1.20855758284875
2018,1.53361926606567,0.693833611774329,1.46762000266883
2019,1.08073376212587,-1.56448916287733,-0.0283000948645701
2020,2.20485987368661,0.206321000927031,2.26691530556488
