"Year","OPR","DPR","CCWM"
2013,0.511409907418494,0.594208403567856,1.10902224783478
2014,1.49730152212419,0.208022913416684,1.55458362682031
2015,0.430795463704848,-0.422395866061325,0.10936565545881
2016,-0.391291806654851,0.248288777474754,-0.267758022874999
2017,0.579587126056699,-0.85540923396051,-0.0777653002556139
2018,2.02742833723237,1.45293138075787,2.22786757922761
2019,1.86283362203736,-1.04250124919203,1.38742647910318
2020,0.79748211324809,-0.349719797117988,0.547659120698831
