"Year","OPR","DPR","CCWM"
2013,-1.02336186210405,0.349241168584298,-0.882650168332289
2014,0.192252185124456,-0.165955013189553,0.0612034587573799
