"Year","OPR","DPR","CCWM"
2013,0.702745676121553,-1.35182615286779,-0.360064267197012
2014,1.12857060514062,0.72534328675862,1.58017158906416
