"Year","OPR","DPR","CCWM"
2013,-1.38282235309562,1.60080797247331,-0.211824382718087
2014,-0.528103926137496,1.84184827329136,0.827517837791848
2015,-0.707067496068358,0.0235680933314486,-0.947984985997351
2016,-1.04083248596885,0.0558177453910057,-1.32091130747612
2017,0.71768891248169,-0.80541827117383,0.142615825986824
2018,0.284780497581627,0.538401651015265,0.49247808658616
2019,-0.772764095669295,-0.106756306713804,-1.04371885511418
