"Year","OPR","DPR","CCWM"
2013,0.225664279888652,-0.535850670120551,-0.204034802953906
2014,0.0861838481407012,-1.18977047553626,-0.77380950848443
2015,-0.580011077717649,0.492104049113028,-0.235141614139325
2016,-0.541207641563013,-0.131932959712772,-0.848876668322125
