"Year","OPR","DPR","CCWM"
2013,0.0169117469034026,-0.258932340354779,-0.205377133612284
2014,-0.555709968367533,0.593925640250015,-0.0948526038286387
2015,0.627658073484765,-1.55794713271906,-0.922187999837073
