"Year","OPR","DPR","CCWM"
2013,0.435590450416706,-1.4087838016817,-0.719190688585075
2014,1.67793405285761,-0.187483904344671,1.43998069015553
2015,0.115053130906362,-0.21280844995907,-0.0855379756703654
2016,0.183992829208498,-0.888755027354684,-0.651270502831344
2017,0.510082390674824,-0.355390438757974,0.305660300482285
2018,-0.710767132991416,-0.492453219529072,-0.771955258171929
2019,1.62113042027341,-0.136645010995798,1.87646139075245
