"Year","OPR","DPR","CCWM"
2013,0.435582308982902,-2.10090680471096,-1.32056399605926
