"Year","OPR","DPR","CCWM"
2013,0.263672808046328,0.161757416382971,0.446147452880114
2014,-0.848176023171255,0.134111569968122,-0.699632452028101
2015,-0.439195144718972,0.772287195744373,0.280544705297322
2016,0.181586654145896,1.18828845101697,1.4365003245176
2017,0.704875721021979,-0.0292514666040843,0.857125309263593
2018,-0.63368988747714,-0.753770166777208,-0.85726100974759
2019,0.174446064637778,0.982879652084351,1.06805804238585
