"Year","OPR","DPR","CCWM"
2013,1.82666418205609,-0.125997120759566,2.00766173459632
2014,3.45215077229959,-0.301189659997276,3.02331776335485
2015,0.394043348185411,-0.643821770054154,-0.195396424234918
2017,-1.20656772114545,0.22114667448339,-1.30615008367874
2018,0.123812282676475,0.725358963483389,0.477951467782079
2019,-0.632788764632454,1.35527663112706,0.397933891118472
2020,-0.172966797681675,-0.120262423105971,-0.244612777633254
