"Year","OPR","DPR","CCWM"
2013,0.902793163561902,0.482392644836129,1.46548929588248
2014,-0.957233386801879,0.940292683890752,-0.222845691012605
2015,-0.281461024845658,0.35473191091671,0.0189198705184964
2016,-0.228966090511818,0.487737190133011,0.188063719645245
2017,-0.483833710945605,-0.129691776622713,-0.729315199921646
2018,0.151300629770778,-0.206269682667298,-0.00274761047995395
2019,-0.472136771203382,1.39789716189851,0.632650535580111
2020,0.169969769031054,-0.447514211027329,-0.12258549964351
