"Year","OPR","DPR","CCWM"
2013,1.23214329550422,-0.956612854029179,0.596905485557289
2014,0.528831676426569,-0.0109685212103364,0.488404353733525
2015,0.910550783702457,-2.39423979081544,-1.49171495625859
2016,0.840504658303787,-0.89114561456204,0.214939462477246
2017,0.506756153534995,-0.722553652295993,-0.0441179322024195
2018,0.0205090834399079,-0.72182228655887,-0.37300698285808
2019,0.363125893048614,-0.968920025578586,-0.394355942302578
