"Year","OPR","DPR","CCWM"
2013,0.261515339877866,-1.90961936154495,-1.35610711340446
2014,2.78224062575688,-0.582627504812322,2.19246348813372
2015,1.93614062235087,-1.20067506391313,1.29214022015705
2016,1.40605676574158,-0.707577087565374,1.14800715985894
2017,0.256029021855411,-0.0337649108794174,0.289548738169312
2018,1.99679925770752,0.736639652166197,1.82131821583086
2019,1.34554661556897,-1.4002413397233,0.440206771908645
2020,2.77093368729705,-1.56377396058598,1.67920581872304
