"Year","OPR","DPR","CCWM"
2013,-1.29066706861205,1.94643556006714,0.195290172170732
2014,-0.648304633303682,1.20664577630266,0.258408107311529
2015,0.0297843527812672,0.695933350558236,0.839641527709806
2016,-0.679228067266097,1.01156681523119,0.119669813880591
2017,0.0509868698450205,-0.907487396930861,-0.790208872308242
2018,-0.381249638102415,-1.30594286880833,-0.973560344000245
2019,-1.16068635383518,-0.940222513963982,-2.24477301720907
