"Year","OPR","DPR","CCWM"
2013,-0.690558238965066,1.20260267250481,0.244534145535802
2014,-0.0850026055924194,-0.283405060873517,-0.28335913079471
2015,-0.404710843828559,0.520241177888119,0.0388799440569211
2016,-0.381995448464072,1.53086804262209,1.03571107020336
2017,-0.579926394506345,1.10548255875105,0.31272867221212
2018,2.35981283965239,0.461088446855053,1.93252594561577
2019,-0.0623888689243665,0.933933754873494,0.734092277808384
2020,-0.29602179950705,0.213240656183379,-0.149760683798751
