"Year","OPR","DPR","CCWM"
2013,-0.339554635640751,-1.32054636400948,-1.54093106473524
2014,0.507893279362416,-0.155989269251434,0.36457687497234
2015,-0.800721457258576,0.252546997892035,-0.81438280117952
