"Year","OPR","DPR","CCWM"
2013,-1.00068537978867,0.390969694140139,-0.820111116036383
2014,0.515240635451133,-1.1108993726401,-0.314501606321927
2015,0.341373306826896,-0.0155679281214045,0.452881611503798
2016,-0.0643089800042387,-0.512536061046124,-0.60105456547379
2017,-0.94131240951495,1.4503040933662,0.183742481619146
2018,-1.05026148884431,-0.415747041073638,-0.973158867676546
2019,-0.351003206475808,0.58916598976858,0.0795596669661408
