"Year","OPR","DPR","CCWM"
2013,0.234090393276656,-0.450009003107801,-0.119683665932248
2014,-1.23856962394739,1.37527190924609,-0.174392883635849
2015,-0.784812106618811,1.20229816098076,0.297376309176097
2016,-0.213346465776743,-0.650636895495715,-0.937268589430879
