"Year","OPR","DPR","CCWM"
2013,-0.307632789089337,-0.307948834360829,-0.624118979293124
2014,0.0647453816946119,0.77752780871664,0.619308973799053
2015,-0.32825195840879,0.395713448339413,0.0014218058553408
2016,0.3849599660802,-0.523221128328964,-0.0173931962104424
2017,0.437157907602032,-0.444530395326337,0.130230210524615
2018,-0.123097272915643,-1.65804395495791,-0.97833395320912
2019,-1.52441262901078,0.247317794557226,-1.66134232379559
