"Year","OPR","DPR","CCWM"
2013,-0.326495785742569,1.42662644834195,0.86113628195583
2016,-0.392626555116989,1.18236726186099,0.670810434188493
2017,0.235994025173128,0.883482529256107,1.12779091239591
2018,-0.130006209309161,0.23878475549016,0.0354138081992772
2019,1.26218172661565,2.45408781319851,3.6840716818244
