"Year","OPR","DPR","CCWM"
2013,-0.491589048685021,0.898460634531467,0.210883583563558
2014,-0.861059051818588,2.1471292777299,0.734358123947287
2015,-0.845746144317493,0.998826378050427,-0.0201300582845061
2016,-1.48212085894547,2.72819430932371,0.785504304432866
2017,-1.97282833795117,1.13972831569883,-1.40320767639634
2018,0.854598269838694,1.33869882828831,1.32912160652685
2019,-0.213472328481305,2.59991976601049,1.99462232450304
2020,-0.418429740349744,-0.113905437058394,-0.478167883545495
