"Year","OPR","DPR","CCWM"
2015,-0.193665210118596,0.395242074215685,0.186472770286424
2016,-0.790584865104894,0.678673151910405,-0.362787154293624
2017,-1.10939459244431,2.33591500422783,0.806398159266629
2018,0.467538351002388,3.06995013314354,1.98252004090944
2019,-0.542101695870977,1.89906564257335,0.981677410180943
2020,-0.131565193635855,-0.643072399216244,-0.539977014722953
