"Year","OPR","DPR","CCWM"
2013,0.0247765936277553,0.69055147424958,0.628714937503549
2014,-0.403062141371261,0.477427900497964,-0.0352876243203079
2015,-1.73222148702973,1.31783016595174,-0.87650754454084
2016,0.246254372004439,-1.61675960915098,-1.30177396616832
2017,1.05281686268878,-1.15831187033565,0.231048572892845
2018,-0.335520214448061,-0.876845826001135,-0.710465589065733
2019,0.486110697615481,-1.04106585274155,-0.305639841823891
2020,0.033619128652765,-0.133840072169126,-0.0533276231065612
