"Year","OPR","DPR","CCWM"
2009,-6.93767576632831,0.859654314914407,-4.50135563612214
