"Year","OPR","DPR","CCWM"
2013,0.245520164604959,0.407732962726048,0.638828614969425
2014,2.01404965101203,0.328581470864573,2.12613253682498
2015,-1.21027018035632,0.532379943584192,-1.05803782293108
2016,0.00262811976811091,-1.35245113414798,-1.35803190765523
2017,0.121401192030979,-0.721553590087763,-0.526819002130388
2018,0.319374988134011,0.338333445506776,0.409733020058817
2019,1.73959972294879,-1.72573480969452,0.642557513257029
2020,1.62225363617351,-1.45769333775259,0.6352264918746
