"Year","OPR","DPR","CCWM"
2013,0.214289040897815,1.20295851136712,1.2935776054515
2014,1.4713433616278,1.08178278296393,2.15790128348221
2015,-0.412885912313871,0.711079645393682,0.246590055440512
2016,0.190272471051158,-0.505780521775997,-0.25742258446917
2017,0.792235589123861,-0.833966678894841,0.209304085182499
2018,-0.529091788538362,0.529298071904266,-0.0935139331919085
2019,-0.567981867182883,0.646210223950166,-0.137945006129954
