"Year","OPR","DPR","CCWM"
2013,-0.18666376909043,-0.580668956457873,-0.720871629732212
2014,-0.393040046250536,-0.829863414954815,-0.964994182812611
2015,-0.0680430487577295,-0.219434690068684,-0.345626638351407
2016,0.713928347524312,0.0730360023303731,1.0181082714476
2017,0.194666035650373,1.09433252305986,1.27439094539211
2018,-0.230331431952373,-0.776560657844538,-0.581503472113032
2019,1.5550040806854,0.591809441363032,2.42754983624721
