"Year","OPR","DPR","CCWM"
2013,-0.453920109891641,0.279890898144254,-0.282913193791073
2014,-0.598917459088977,0.737238999218282,-0.0324495632603953
2015,-0.846108707165627,0.0272920463143112,-1.13544627712395
2016,-0.60111102951589,0.786906599832844,-0.00314009486361077
2017,-1.30561716076479,0.58538477589016,-1.08761250336929
