"Year","OPR","DPR","CCWM"
2013,-1.19881858394075,-0.290533855599104,-1.64188802865336
2014,-0.782637447241419,1.41963675563348,0.285348238553932
