"Year","OPR","DPR","CCWM"
2013,-0.726636514071067,-0.254877991995845,-1.06364025485801
