"Year","OPR","DPR","CCWM"
2013,-0.195569425382098,0.455435871813432,0.169045396259924
2014,1.22394067387416,-0.223021307600211,0.988400361595912
2015,-0.387730507109113,2.65790710518472,2.51522439890788
2016,-0.181235381320094,0.231995360046807,-0.0062394638597154
2017,0.475698450326961,0.604181175151838,1.16573265809715
