"Year","OPR","DPR","CCWM"
2013,-1.36172160495273,1.34178738751881,-0.412423061452936
2014,-0.969156146495491,1.66015875273448,0.28309167050054
