"Year","OPR","DPR","CCWM"
2013,-1.34761030292431,-1.32792201275982,-2.71569419485547
2014,-0.545996301999659,2.22662722299804,1.08713826420321
2015,-0.373476678198258,1.11427393643672,0.763591833112999
2016,-0.493979133771147,0.592104111214943,-0.0575033766499264
2017,-0.733027380680472,2.35575080904002,1.2974314894755
