"Year","OPR","DPR","CCWM"
2013,-1.11081119686695,0.914562321418519,-0.492815782457523
2014,-1.00216146659226,-0.0240737325108943,-0.957775300324045
2016,0.640970256818163,-1.36218864600765,-0.523257998203256
2017,-0.0585482169597453,0.338610797608457,0.245246435565166
2018,0.802148267252937,0.367413058587911,0.770049099527243
2019,0.924000552413623,-0.877296681476181,0.375454753744278
