"Year","OPR","DPR","CCWM"
2013,0.223141836883754,0.414733462214755,0.618974243825991
2014,-0.866045142887936,-0.990843286113109,-1.52452954806241
2015,-0.699758930198518,1.44889052815751,0.697622392808509
2016,-0.423643043093499,0.17695182225651,-0.382375973536043
2017,-1.02584168272663,1.02969926665446,-0.318253737553607
2018,-1.58498661984463,-0.4001183227908,-1.34655810648348
2019,0.222926245305669,0.30852588949885,0.542224805137372
2020,-0.196488955959086,1.59680990880423,0.834323240956956
