"Year","OPR","DPR","CCWM"
2013,-0.0219908861542179,0.937879538214067,0.78940614921529
2014,-1.00262283832185,-0.178153023512419,-1.06889338695217
2015,-1.07890833543078,1.52068363914555,0.257165734235117
2016,-0.563294760621316,1.70245625897195,0.968575302963866
2017,-0.0399933411153726,0.014574217359437,-0.0364754910221195
2018,-0.198343778132444,0.411634413891009,0.0794488311623774
2019,-0.312293749557234,0.0547056152119153,-0.336838015254546
