"Year","OPR","DPR","CCWM"
2013,-0.960368284239188,-0.539270036283973,-1.5816388704387
2014,-0.447212531726998,1.43575082441362,0.611704583137234
