"Year","OPR","DPR","CCWM"
2013,-1.11719002086333,-1.22968055199699,-2.36327403078292
