"Year","OPR","DPR","CCWM"
2013,-0.878685069240876,1.07452116234358,-0.0847942255091561
2014,-0.779303746908882,0.131958378505145,-0.636545824150732
2015,0.115084499351822,-0.110631009261242,0.0317518543548075
2016,-1.64354846201949,0.0921050549503572,-2.08182140213292
2017,-1.57829694380908,2.03151976684504,-0.0686223157032666
2018,-0.62037066101894,0.255418739193939,-0.305772132695431
2019,-1.10869664000796,0.92170738307206,-0.56419860719518
2020,-0.990337306742248,0.272891646094665,-0.783657654297647
