"Year","OPR","DPR","CCWM"
2013,-0.894784756539856,0.332915713911176,-0.747811662079701
