"Year","OPR","DPR","CCWM"
2013,-0.271569008059652,-0.0970391753854367,-0.399067650211503
2014,-0.471309986605012,0.611382797113892,-0.00310657148413519
2015,-1.58573217663234,0.818230911682248,-1.24778251576082
2016,-1.69151724330037,0.915015690701194,-1.31686581293915
2017,-0.768906182491097,-0.369276011434788,-1.31261337265761
2018,-0.534423340120063,0.672353949767829,-0.0204933295028091
2019,-0.351014660685977,-0.248700393274018,-0.647918778255011
