"Year","OPR","DPR","CCWM"
2013,-0.035426387101992,-0.695889578506968,-0.64569635042214
2014,-0.432394090413754,0.581992896538576,0.0123015091146542
2015,0.548691504040467,-0.233584189832383,0.488599061150893
2016,-0.122990515252322,-0.267782055929746,-0.432301597877094
2017,-0.0662313462648322,-0.00374103533868352,-0.0866454731556696
2018,-0.236213637523187,-1.26308829409251,-0.846990165410068
2019,0.880427829224964,-0.84049684931916,0.353781323710455
2020,-0.324299275315351,-1.5406026650644,-1.30243718334343
