"Year","OPR","DPR","CCWM"
2013,-1.15885965892885,0.417601020429776,-0.980298831999098
2014,-0.452494708251828,0.286066787374799,-0.219144825049178
