"Year","OPR","DPR","CCWM"
2013,-1.61594446030484,-0.0909806419368224,-1.95195892650498
2014,-1.30329329414027,-0.12002577576738,-1.30930196452677
2015,-1.21802919142184,0.689062845234688,-0.888946808532293
2016,-0.704558985749448,-0.423011323309154,-1.35803113731959
2017,-0.946571025233536,2.84796795119117,1.49273651646471
2018,-0.036678780805641,0.365989004749768,0.170363679391422
2019,-0.588810504464568,2.78678814441103,1.69494471096555
2020,-0.391136819236344,0.736715616014274,0.0940299997287154
