"Year","OPR","DPR","CCWM"
2007,0.590848541575418,-0.497833162835838,0.00837016551662357
2008,0.469869795821055,-0.400198312391147,0.120638824602116
2009,-0.229607634111496,-0.106455331283644,-0.237380399832248
2010,-0.484910502653543,0.653205842429908,0.0938474392935207
2011,1.22445900108012,-0.854282450103084,0.536610383703183
2012,1.79581655189724,0.967187642090443,2.94599484606973
2013,1.441532834746,1.11637734045126,2.64074759877461
2014,0.214964454066299,0.184523578491748,0.334289278332928
