"Year","OPR","DPR","CCWM"
2013,-0.076715710172401,-1.29696058660034,-1.21580308066005
2014,-0.227946614474365,0.577662898439222,0.201055368994376
2015,-0.406643972110407,0.479919814786143,-0.0100537522187862
2016,0.10063810677903,1.05211199792232,1.19231056814099
2017,-0.359214135111174,0.450442257462007,-0.0268416186601412
2018,-0.570988108687766,0.24106645081173,-0.278220912776498
2019,-0.520637559869375,0.976258348621145,0.20688004287482
