"Year","OPR","DPR","CCWM"
2013,-0.785712310049315,-0.152278413581295,-1.04296462444179
2014,-0.328761555106326,-0.774934717375594,-0.865212997676077
2015,0.0344639010601582,0.258795678387363,0.344487757737318
2016,-1.46406590795236,1.23682433573172,-0.691965939628343
2017,-2.0735540662802,1.05717255829354,-1.60733233241051
2018,-1.12780345481009,-0.18303568121822,-0.903547388291027
2019,-1.00029400781014,1.49301802285849,0.0652424165365951
