"Year","OPR","DPR","CCWM"
2013,0.7547706490887,-0.965591792532007,0.0358204798661618
