"Year","OPR","DPR","CCWM"
2013,-0.977553619828399,1.94340765112502,0.555563440022022
2014,-1.37569674982688,0.907871406847645,-0.638844249449832
2015,-0.345843298904345,0.922346995577743,0.581465258252514
2016,-1.28557849034543,1.81594202548736,0.127183196690013
