"Year","OPR","DPR","CCWM"
2007,-1.29308090315428,-0.206238496182589,-0.996775186915699
