"Year","OPR","DPR","CCWM"
2013,1.00906163593537,-0.22634587404464,0.972855798332623
2014,0.867588229960275,-0.0384879206049319,0.786542544846471
2015,-0.0587754454904002,0.520797324316515,0.516554622646551
2016,1.19762862546124,-1.95138848052615,-0.379901357251267
2017,-0.114495955384974,-0.0228414475122111,-0.165199152307396
2018,0.830318137792661,-0.111104343622857,0.533177361760304
2019,0.519664482214074,-0.143264971236507,0.515155842762021
