"Year","OPR","DPR","CCWM"
2013,-0.99620560998306,0.483731975356495,-0.73432075861108
