"Year","OPR","DPR","CCWM"
2013,-1.24083993989759,0.71247994110732,-0.819104449352715
2014,-0.654650188325435,-0.198173580023227,-0.756719417709009
2015,-0.620568069481502,1.20608487737993,0.528210028444593
2016,-1.80138304132112,0.447911319493622,-1.93245964976833
