"Year","OPR","DPR","CCWM"
2013,-0.992708829026057,0.32209339337401,-0.87071059787012
2014,-1.15903869329978,0.444711624244171,-0.768238414222391
2015,-1.04414219187306,1.4791011545553,0.257392330678927
2016,-1.21033771570376,0.792102476316178,-0.803964035482574
2017,-2.08577909565426,1.73440649131125,-0.98520826650489
2018,-2.21020003324462,-1.65113791191798,-2.464811816603
2019,-2.16369642851557,2.07205849034591,-0.863796963633392
2020,-0.941865233166337,0.40038987201784,-0.654926192176825
