"Year","OPR","DPR","CCWM"
2013,-0.393670119999733,2.15639296448057,1.41735115350838
