"Year","OPR","DPR","CCWM"
2013,-0.695387269491591,1.29310539538898,0.317572176791496
2014,-0.708919058045248,-0.262563283430699,-0.853903493942685
2015,-1.07128445756095,0.683361364084307,-0.693131720730441
2016,-1.17800450420372,0.963153758545595,-0.588987773911751
2017,-1.58461788880941,1.65448156405065,-0.431454213165079
2018,0.00905528325291994,0.683662617921479,0.373622448615686
2019,-0.964296727287329,1.3438087723657,-0.0200048537026953
2020,-0.648137876477249,1.08515767209992,0.0687934084107878
