"Year","OPR","DPR","CCWM"
2013,-0.946889006163235,-1.50838168608256,-2.40804672436947
2014,-1.45416978554126,0.630461666313783,-0.911768858840366
2015,-0.35807656528116,-0.0314167674012577,-0.529828999476338
2016,-0.799347186546519,0.745910414782139,-0.306692810293314
2017,-0.705492943134221,-0.56964710687386,-1.42163157622748
2018,-0.983029244386309,-1.2278714947579,-1.36130186671238
