"Year","OPR","DPR","CCWM"
2014,-0.0274240011789772,-0.114663277760299,-0.10810618184358
2015,0.549655187634513,-0.86612205466031,-0.235896616778
2016,1.12970835539479,-0.291074133246673,1.20166903574171
2017,0.354732594365295,-0.316634546507528,0.147167634532646
2018,0.546586800819547,-0.407515587311615,0.171407901535224
2019,0.153073936376572,-0.52689524589007,-0.269082701139043
2020,0.416284492617724,0.76663084133907,0.89489272709002
