"Year","OPR","DPR","CCWM"
2014,-0.30467594636371,0.535931136117371,0.0990698645132395
2015,-1.03057196394162,1.1181078034691,-0.13812731942853
2016,-0.352088937157601,1.09894879110597,0.640467715094226
2017,0.185628491644035,1.01690715773762,1.1901693177398
2018,-0.662452622052259,-0.37843874416829,-0.676228000331902
2019,1.05853707616433,-0.0873738188581993,1.22686500651722
