"Year","OPR","DPR","CCWM"
2014,1.40199725022501,-1.82205975828351,0.00680547183625591
2015,0.452900311519236,-1.01127333983108,-0.535877443259884
2016,-0.792717979753361,1.01793786005417,-0.0240725134722122
2017,0.224579862543579,0.901601737038677,1.13052074772128
2018,0.849849911497858,0.360828517835018,0.800571778099605
2019,1.23000551353226,-1.0402734596287,0.610548510446855
