"Year","OPR","DPR","CCWM"
2014,1.18581548864829,0.0634405589045797,1.15840573055169
2015,1.33343138812475,-0.966862101653242,0.729314532945243
2016,0.21448229460709,-0.507666624955666,-0.227289827230852
2017,1.20714249454007,-0.492231078779418,1.05170496197496
2018,0.598314551304484,-0.198442692246247,0.320622771204269
2019,-1.84066970198119,2.83398136560452,0.195274849452703
2020,0.185558968405308,0.635538390833475,0.58741468174189
