"Year","OPR","DPR","CCWM"
2014,-0.919245177713378,-0.933286036622615,-1.53310819670577
2015,-0.827423471441117,-0.850165567359725,-2.11654488822604
2016,-2.03295820970827,1.39186383784575,-1.28857713423364
2017,-1.98198853123954,-0.11279877476051,-2.59368371141913
2018,0.0627517827810702,0.36186520699216,0.239142218518771
2019,-0.777029292883443,-0.00627943257564951,-0.961730499950831
