"Year","OPR","DPR","CCWM"
2014,0.172774805419445,0.447251488581685,0.483430704287007
2015,-0.473747510195113,0.304163730978916,-0.304264499328781
