"Year","OPR","DPR","CCWM"
2013,-0.0990732839472273,-1.01086705339934,-0.993138253677839
2014,1.25515739178291,-1.56368524131425,0.0546102554330574
2015,0.414820228100241,0.247211786767057,0.855697609593932
2016,1.05935451471759,-0.134519228645128,1.26618881906366
2017,0.02294346777581,-0.406559739723562,-0.353891444310685
2018,1.62383978511029,0.77961372233125,1.57810495686617
2019,0.881752184326892,-1.32454076065422,-0.0648523478537943
2020,-0.679622925943925,-1.76397977009756,-1.78975096348489
