"Year","OPR","DPR","CCWM"
2014,-0.568747329997244,1.7065325304474,0.692169865722566
2015,-0.32561921445965,1.75226442566082,1.561667465024
2016,0.233289663312834,-0.98900513337195,-0.686968457401003
2017,-0.0764903838192289,0.523598065406519,0.396852924341282
2018,0.26212156248664,-2.06457753997249,-0.921615040301272
2019,0.746977390999469,-0.62067371431399,0.380403829211857
