"Year","OPR","DPR","CCWM"
2014,0.909706751290457,-1.94859533175497,-0.546084775183774
2015,-0.281777407536782,0.837689433823244,0.572667703994619
2016,-0.565753228145383,-0.00936732936929328,-0.75796589336861
2017,-0.428429105205559,-0.789546404699576,-1.28088763707173
2018,-1.40042380992304,-1.84734925073529,-1.99200754821497
