"Year","OPR","DPR","CCWM"
2014,-0.0782964089051915,-0.695868637880153,-0.573364918950592
2015,-0.0766957878426234,-0.107292649031815,-0.22887780168491
2016,0.510020754552927,-0.00879846489960309,0.665940007348909
2017,0.46300166727461,-0.0567100892784039,0.527713336328578
2018,-0.310600716595067,-0.0328231521620425,-0.239395699741054
2019,0.071900169193531,-0.503341834628818,-0.348532178219459
