"Year","OPR","DPR","CCWM"
2014,0.0661924254057157,-1.23942928286227,-0.828243652182421
2015,0.419961249332527,0.227802579133641,0.840515274655441
2016,-0.160669392999171,0.817067033891162,0.609961114831243
2017,0.0872668784150116,-0.19255691131178,-0.0717251888783029
2018,1.27090617242932,-0.431085355581601,0.675912310747005
2019,2.13987271125974,-0.804314735258113,1.93517610263412
