"Year","OPR","DPR","CCWM"
2013,-0.888525950125303,-0.287244919122761,-1.27939562815255
2014,-0.693708224804886,0.46395799850435,-0.317721657132252
2015,-0.499469863137018,-2.25556465964637,-3.2769722343551
2016,-1.01018652938875,0.953525478963003,-0.37664421544617
2017,-1.19605437453171,1.8493364984463,0.239628284931606
2018,-0.275544305714487,0.728694487381314,0.194603078412135
2019,-0.34917700086691,0.538536916748379,0.0378492525051627
