"Year","OPR","DPR","CCWM"
2014,-1.02333818236277,0.632005658743593,-0.506344435238212
2015,-1.02596878664462,-0.846011321159424,-2.38556714070399
2016,-0.834894744245738,0.439679496954197,-0.662006898852473
2017,-0.677073556597261,-0.00571649469719175,-0.855146674704345
2018,-1.01429293851179,-1.32505877704048,-1.43581793411331
2019,-0.825319292799498,-0.167303632023608,-1.16096702623125
