"Year","OPR","DPR","CCWM"
2014,-0.0539342458257606,-0.504248146766879,-0.412848789608989
2015,0.527063853574364,-0.194348493451898,0.503797234923293
2016,-0.661042058817542,-0.275210508414019,-1.15166413071403
2017,1.5605307831111,0.65544469439358,2.5755123357511
2018,0.0495569437315034,-0.461563902619239,-0.21249663777899
