"Year","OPR","DPR","CCWM"
2014,1.1821913937993,-1.56525308960988,-0.0149912017800758
2015,0.222597018262388,-0.0371492134026935,0.26432790051623
2016,1.63172182142083,-1.06433074816064,1.08743669856143
2017,0.247095893839105,-0.116140863763288,0.200798266418406
2018,-0.514432954246981,-1.23637566868476,-1.03129227797361
2019,-0.436263009176238,-0.00154221402744361,-0.538241448895448
