"Year","OPR","DPR","CCWM"
2014,-0.243859338245829,0.00790064295453017,-0.223175021188412
2015,-0.48035333746655,1.00973589115927,0.496256195639649
2016,-0.232276397897574,1.2367443886621,0.937707564915108
2017,-1.17732547346267,0.678306286768203,-0.839133917119319
