"Year","OPR","DPR","CCWM"
2007,-0.606282455338992,-0.67950320461195,-0.907445493645868
2008,0.313126972892748,-0.610016391762279,-0.206225432064823
2009,0.342683830280045,0.0230640588074679,0.26528242714282
2010,-1.14940252400556,-0.390922523229861,-1.36053125771711
2011,-0.907735500783936,0.350486208630847,-0.622278623936087
2012,-1.30562544396751,1.58380315412739,-0.0754545965066255
2013,-1.2663986735665,-1.22579647657726,-2.53283479395171
2014,-1.49848469033579,1.10498250655263,-0.612477339046244
2015,-1.34588140970506,2.7813406599957,1.33559511772894
