"Year","OPR","DPR","CCWM"
2014,0.329550022738384,-0.74927222192213,-0.228983396652817
2015,-0.200295815207578,-0.666099436256491,-1.04053887156943
2016,-0.293567576914958,0.762608771560384,0.379303415703098
2017,0.898083667059926,-1.20865624745436,-0.0105385805343535
2018,-0.172431889725823,-0.679102405852386,-0.487823945916512
2019,0.840311174766108,-0.789976632828244,0.348273734999513
