"Year","OPR","DPR","CCWM"
2014,-1.31891554907079,0.972225398291587,-0.539328122458455
2015,0.00440374266465372,-0.241828065018388,-0.271420223460677
