"Year","OPR","DPR","CCWM"
2014,0.167436484735068,0.331112010492029,0.394990448735309
2015,-0.735774236354862,1.15235435247322,0.307688817792842
2016,-1.30484032322636,0.52861190605856,-1.19425367274894
2017,-1.1001605289054,0.537207726416536,-0.875100859655798
