"Year","OPR","DPR","CCWM"
2014,-1.77733576931078,-1.86428301013761,-3.00718129764048
