"Year","OPR","DPR","CCWM"
2014,-0.394294723793353,-0.613232643966383,-0.810551758058587
2015,-0.109643034820344,-1.79810463370853,-2.21448425816722
2016,0.986755178748481,-1.4696812284767,-0.173969976296621
2017,1.20776031083933,-1.4064031415797,0.191987914314299
2018,0.827338374642573,0.649767912122877,0.939671796956687
2019,1.71356470588034,-0.609919146744856,1.57930605456842
2020,-1.42305954668259,0.432597616758953,-1.10010762748975
