"Year","OPR","DPR","CCWM"
2014,-0.778555228876887,1.11622713365456,0.071220472323713
2015,-0.435462480262144,0.0916198128327315,-0.495360276597206
2016,-1.44669240155922,1.201823748327,-0.704214432391122
