"Year","OPR","DPR","CCWM"
2013,-0.667243370875151,0.162250314593375,-0.632372889328429
2014,-0.605947442967487,-0.0729118938872059,-0.621030609840325
2015,-1.23609992160732,1.51473525897282,0.033576707507524
