"Year","OPR","DPR","CCWM"
2014,0.366543034960934,-0.171415740575617,0.220844462039966
2015,1.08206790228675,-0.549198329342131,0.861951233503651
2016,0.233910672983386,0.221841292449706,0.532809203340752
2017,0.24544288859287,-0.23241743725958,0.0892747660426159
2018,1.29600526228761,-0.597122238048144,0.60466387162606
2019,0.368115038560186,-0.627245883950806,-0.0915626588082875
