"Year","OPR","DPR","CCWM"
2014,-0.572526587581844,-0.0411322238177955,-0.566837312389959
2015,-0.225579683207638,0.170253185001047,-0.115706772423853
