"Year","OPR","DPR","CCWM"
2014,0.0525033101346259,-1.16012251755188,-0.784119071403891
2015,-0.0947330446922872,0.470454237850143,0.409202279890769
2016,-0.644849713074181,-1.36844332109304,-2.23079508041179
2017,-0.379399973232445,-0.247826956046929,-0.709443269707055
2018,-0.401052314710842,0.480526192861954,-0.0282866860136383
2019,0.145368420656837,0.585047784270648,0.686861334228733
