"Year","OPR","DPR","CCWM"
2014,-0.0977936840200926,1.21092206329379,0.77810877370028
2015,-0.924411809461699,0.238381198109852,-1.00120376496957
