"Year","OPR","DPR","CCWM"
2014,0.326548790090798,-0.861669975954551,-0.312542482410757
2015,-0.22433948156413,0.00447555160294959,-0.30422308982223
2016,0.0667033616082151,-0.104214705859667,-0.0166589080977882
2017,0.0127749709808678,-0.140638183360661,-0.116346680181571
2018,-0.24974787162803,0.248236945697822,-0.045005228203106
2019,0.858785609661342,-0.648256636865926,0.494056113542209
