"Year","OPR","DPR","CCWM"
2014,0.393279167737971,-1.5253201411612,-0.726661946256463
2015,0.184045037910909,-0.542673192521232,-0.368913019565684
2016,-0.265495727417529,0.206803298339607,-0.143083284863924
2017,-1.32032251016454,0.536647876961426,-1.1519436520574
2018,-2.13893953885963,2.22968667980549,-0.329757911972965
2019,-1.458858917593,2.43635854830808,0.319933969831198
