"Year","OPR","DPR","CCWM"
2014,-0.64402236132997,-1.34637347538842,-1.57157187814906
2015,-0.627235823101143,0.45738309020038,-0.34010499826029
2016,-0.568761935486812,0.412705795762176,-0.337046707544877
2018,-0.984301107234338,0.243048751889703,-0.572260888225766
2019,-1.28739874230964,0.877664554196733,-0.822364142236068
