"Year","OPR","DPR","CCWM"
2014,-1.77621775573685,1.62457643136113,-0.499858917634881
2015,-0.00935859546907055,0.732878310264718,0.828057956668459
2016,-0.1786803125397,0.91678878531684,0.686520891242554
2017,0.203337121299313,1.68886797830947,1.84489835086576
2018,-1.89159391849342,-2.19964756222086,-2.53190165020076
2019,-1.79934024956092,-1.14567672995174,-3.20913734091157
2020,-0.388289500606063,-1.09479545019001,-1.07834761196362
