"Year","OPR","DPR","CCWM"
2014,0.450654398715332,-1.12834554983523,-0.387645479875602
2015,0.233899915191773,-0.659597529510842,-0.434332697594179
2016,-0.415057368987744,0.616773670652654,0.0717510814895901
2017,0.811698995633977,-0.456161794741554,0.58935218214172
2018,-0.726093881014689,0.392812071051661,-0.307471993318301
2019,0.00917902073236985,-0.133480463840057,-0.104595834329288
2020,0.137455737814401,0.428345150721483,0.407906383989963
