"Year","OPR","DPR","CCWM"
2014,-0.871958810933956,1.04212941251329,-0.069663594323448
