"Year","OPR","DPR","CCWM"
2014,-0.233896091962422,0.507701376373753,0.145214181112277
2015,-0.815857704864409,1.14427598200386,0.187985891050071
2016,0.992299727931806,-0.799542391913268,0.507992958326568
2017,0.500108182752367,-0.109409947803545,0.5246787698756
2018,0.429800973278986,0.279125103988333,0.456779434702322
2019,0.426860945971913,-1.73408551595663,-0.98026109210113
2020,1.23646858787772,-0.77637567350634,0.698893133879852
