"Year","OPR","DPR","CCWM"
2014,0.148864914945016,0.805950736797248,0.718669240395439
2015,-0.744728898038941,1.03356823459659,0.159035857587887
2016,0.278823918050572,-0.211174409209878,0.156317138650937
2017,0.453221459425783,-1.13158840845934,-0.496323507419026
2018,0.150528917781798,-0.271035105124356,-0.038080501144216
2019,-0.388286245528922,-0.14933499007668,-0.607515914357398
2020,-0.707350451714889,0.542870738252209,-0.336472713160604
