"Year","OPR","DPR","CCWM"
2014,-0.0376853731671376,-0.445818287437284,-0.355626040396348
2015,0.574117307350991,-0.282476930449591,0.467557182391794
2016,0.342431031108766,-0.0152660419509513,0.437694785398669
2017,-0.377787374461674,0.272262024176594,-0.217869690859606
2018,0.00869919502892137,-0.722517822601586,-0.381812750378161
2019,-0.0582860100457923,0.375034843552105,0.253886389874021
