"Year","OPR","DPR","CCWM"
2014,0.22155056802061,0.704141574098747,0.713745220132238
2015,0.635916534828584,-0.492166279488919,0.312162473457989
2016,-1.32162083364126,1.12794518188207,-0.613108318176563
2017,-0.788429216916643,0.303202940738919,-0.704124489753582
2018,1.09692902700544,0.282521026103709,0.93493113633556
2019,0.274666864235165,-0.473389038780817,-0.0729841543425852
