"Year","OPR","DPR","CCWM"
2014,-0.378292532605887,0.108798116027085,-0.27685310096678
2015,-1.23203337688095,-0.871572887919089,-2.69905659304458
2016,0.441457967651607,-0.216686425642421,0.36594578973006
2017,1.22196030218692,-0.965429032698729,0.624890092433572
2018,0.486034603285599,-0.469712316968351,0.0947713789914508
2019,0.607240231150242,-0.174020043808778,0.596231414781092
