"Year","OPR","DPR","CCWM"
2014,-0.196747776846585,-0.329568472966934,-0.421388900333321
2015,-0.230213952083993,0.406337660549523,0.148804906717746
2016,0.470810783653644,-0.327567251697023,0.293158418517646
2017,0.93961425546357,-0.533473790802693,0.677120830236807
2018,-0.399795127831059,0.811462507106733,0.150338347933302
2019,-0.4978940224348,0.621642866673124,-0.0730191528805816
2020,-0.413056251403467,0.531114472330182,-0.0591081138193378
