"Year","OPR","DPR","CCWM"
2014,-1.04591157114099,1.61938710048089,0.181771388291778
2015,0.212459692122752,-1.01207389604407,-0.868357839467877
2016,-0.407060889437912,0.979133287252423,0.447117554301279
2017,-0.339017060259149,0.0900337985287977,-0.340738636395362
2018,-0.881319084794811,-0.475980162476783,-0.884882212543696
2019,-0.29115201215851,0.208810208574675,-0.177020294399621
