"Year","OPR","DPR","CCWM"
2014,-1.29008199458624,0.88233685957813,-0.576841928187513
