"Year","OPR","DPR","CCWM"
2014,-1.51795790437235,-0.384141220444621,-1.70048583394268
2015,-1.5174083491,2.27831317480603,0.521849635991675
2016,-0.710591317572196,0.742688954879092,-0.192504880381782
2018,-2.34289683260818,1.05024275802492,-1.10879640066503
2019,-1.33429376221788,2.80575493833048,0.793957091075129
2020,-0.433925053749958,-0.622715628804055,-0.8196317631466
