"Year","OPR","DPR","CCWM"
2014,-0.27635105943443,0.36646639272867,0.00391396831772113
2015,-1.17533461003974,0.954085257030726,-0.525964090252709
2016,-1.46984480590278,0.89168455094409,-1.04706321744265
2017,-0.080629005287312,0.990085073965845,0.830753897559605
2018,-0.479993520150686,-0.0108936198521507,-0.348564656837283
2019,-0.710688375794326,0.576663362935868,-0.373954771326418
2020,-1.18255246928522,0.0416078943067504,-1.1181383720567
