"Year","OPR","DPR","CCWM"
2014,0.0517194066549903,-0.38842779285649,-0.230496542703197
