"Year","OPR","DPR","CCWM"
2014,-1.01905949905124,-1.31040532302833,-1.89768841249953
