"Year","OPR","DPR","CCWM"
2014,0.912886472311898,-1.47767137417733,-0.204805647535931
2015,-0.685926328448695,-0.165900547113631,-1.13624331240683
