"Year","OPR","DPR","CCWM"
2014,-0.671281843858378,0.33322487327768,-0.390589600784355
2015,0.0538706132089229,0.296379327040139,0.414375629053883
2016,0.534802554608954,-0.786443581093608,-0.0841250904735561
2017,0.292646475193377,0.385625485065349,0.730269776367265
2018,-0.320923036120673,-0.835852790918978,-0.678028167409907
2019,0.163034770106372,0.223332116286292,0.394549092974384
