"Year","OPR","DPR","CCWM"
2014,-0.175700518398836,0.480824213804711,0.180520397700725
