"Year","OPR","DPR","CCWM"
2014,0.84904991000949,-0.585139173525179,0.376450282171917
2015,-0.328181901637693,-0.0874034161124032,-0.552848546324031
2016,0.191731659777843,0.155673231967143,0.410391847553505
2017,-1.95318829917419,2.97747078960012,0.351273057713116
2018,-0.483643884923033,0.437971719965523,-0.11011051275249
2019,-0.258886589999806,0.995408251107723,0.545639700356717
