"Year","OPR","DPR","CCWM"
2014,-0.830461638501421,0.139534106233601,-0.679112973789774
2015,-0.924130525863262,1.20343894407366,0.106568618860134
2016,0.314234918801009,-0.412524751060685,0.000469788910751408
2017,1.69559516949902,-1.45545052635958,0.758081074417557
2018,0.527730153153018,-0.756502651169687,-0.0294771572794162
2019,1.5742211108952,-1.98897999935514,0.210469988505573
