"Year","OPR","DPR","CCWM"
2014,-0.242259514821814,-1.34920303784143,-1.19656892781843
2015,0.588087430859013,-1.42058843152195,-0.819138586968912
2016,-0.0962459191292503,0.00636675002080438,-0.120931497276036
2017,1.03013460983572,-1.03577405221299,0.317923527514946
2018,1.34299279819444,-0.00269953295631446,0.957444092545045
2019,2.18023814946884,-1.5778483611954,1.31324481048329
