"Year","OPR","DPR","CCWM"
2014,-0.617466291929168,-0.663303207427218,-1.05595673976797
