"Year","OPR","DPR","CCWM"
2014,-0.232345523640321,-0.28953125776126,-0.426034399088844
