"Year","OPR","DPR","CCWM"
2014,-0.292255054631293,-1.06263647247147,-1.03762811852411
2015,-0.488249853803335,-0.0440293183544819,-0.72380745295441
