"Year","OPR","DPR","CCWM"
2014,-0.911793605657831,0.223480025495758,-0.695135436221012
2015,-0.550789539132285,0.0992125709353733,-0.645680951158531
2016,-1.34440542345343,-0.032576469376393,-1.81154830862469
2017,-0.264688695757522,-0.586966099810065,-0.88469918980856
2018,-0.809752627352386,0.585652905574722,-0.26364011310016
