"Year","OPR","DPR","CCWM"
2014,-0.487271072691858,-0.168085472026348,-0.57802772762765
2015,-0.00749876971043647,-0.311357986957682,-0.367617696500327
2016,-0.821546721341213,1.70101051083706,0.625432303451126
2017,-1.35098053640284,-0.334623715257618,-2.01053228079232
2018,-0.558894551683651,-0.273581530970799,-0.545974818242676
