"Year","OPR","DPR","CCWM"
2014,-0.228695558114576,0.476538790631978,0.127708539497977
2015,-0.870829067305621,1.4848597133626,0.502994751033366
2016,-0.166000995008904,-0.659637862730351,-0.883688074649945
2017,0.0656790937334848,0.0283391134695028,0.109106058929542
2018,-0.365748673952725,0.135570686514921,-0.188336295457334
2019,-0.125851027916928,-0.0150708657059747,-0.167968045206792
