"Year","OPR","DPR","CCWM"
2014,0.321817193816416,2.87133256412938,2.36467407634227
2015,-0.264977446848345,1.23893174302135,1.05625198257726
2016,0.988913005292486,-0.00706134533055694,1.30130071246377
2017,0.469541397160327,-0.00418665557434089,0.585360359567058
