"Year","OPR","DPR","CCWM"
2014,0.315875961139063,0.870682851330826,0.921902543041705
2015,0.313654811738756,0.61201301004175,1.13479507984122
2016,-1.27180312777426,-0.837109604021046,-2.52541124553402
2017,-1.20149856567752,1.92346578509177,0.302571975775685
2018,-1.34009597610722,-1.78470127718938,-1.91528888298288
2019,-0.6729939469913,3.36531555756046,2.09363874558965
