"Year","OPR","DPR","CCWM"
2014,-0.970691219165998,0.750296947409329,-0.371961450633464
2015,-1.33918644539946,0.732595814744935,-1.00606650532337
2016,-1.35891860680049,-0.157834248263161,-1.95684707409747
2017,0.998403363990884,-0.804230503910346,0.496046461747112
2018,-0.0199672189190069,0.121537340948358,0.0510143659120083
2019,-0.646882461377516,0.511492662164614,-0.35201321330617
2020,-0.724756962581559,-0.582496913068194,-1.07538242436529
