"Year","OPR","DPR","CCWM"
2014,-1.05184482545775,-1.03800200337769,-1.73277099885442
