"Year","OPR","DPR","CCWM"
2014,0.367067343365139,0.846390362891348,0.952492392664647
