"Year","OPR","DPR","CCWM"
2014,-0.427546039272374,-1.49562702932171,-1.47563746445696
2015,-0.218612272471327,-0.95212101276318,-1.39400087117981
