"Year","OPR","DPR","CCWM"
2014,-0.113638910783559,-2.62361397686538,-1.99135624329915
2015,0.00208201916974621,-0.514697064237216,-0.587733553802615
2016,-0.308319646958447,1.49071688471262,1.09276985685817
2017,-0.676545215827234,-1.5753323128534,-2.33193252095291
2018,-0.47720939833033,-2.19278250987288,-1.5183474230848
2019,-0.175256670696543,-1.43914144797048,-1.46519779304278
2020,-1.43688187940548,2.41471121820298,0.15827461677043
