"Year","OPR","DPR","CCWM"
2014,-0.88025602185142,0.917482554424693,-0.166992030502742
2015,-0.572213526449029,1.0528544164605,0.419060873404486
