"Year","OPR","DPR","CCWM"
2014,-0.0949924262244308,1.19721635371001,0.770891926079137
2015,-0.258707590074561,-0.203800530042317,-0.590608523088739
2016,0.205887898575833,-0.200307495678092,0.0707567672457371
2017,-1.53455623315932,1.26248505306026,-0.737602703355586
2018,0.271984373662247,0.769036976996087,0.607203030897154
2019,1.6056674326617,-2.03049648087518,0.213124478457201
