"Year","OPR","DPR","CCWM"
2015,1.40317019771947,-2.18349624800439,-0.570580741018943
2016,-0.698664153643107,0.159822965495843,-0.763494017071126
2017,-1.03795919519911,0.420492033610646,-0.906896864881561
2019,0.116336818820107,-0.556852086768376,-0.340304086788589
