"Year","OPR","DPR","CCWM"
2015,1.04064430884054,-1.56210513988137,-0.357461242789531
2016,0.855429901086042,-1.54522184040833,-0.423770144979199
2017,0.106632151652967,-0.501773841664023,-0.338480571431276
2018,0.785469759243509,-0.952878148016774,0.0490860382291056
2019,0.675272064623606,-1.05070297903149,-0.081209023426832
