"Year","OPR","DPR","CCWM"
2015,-0.505138979564872,1.0554132895153,0.514491300095837
2016,-0.162801922338949,0.119447759326655,-0.0951519373547424
2017,0.495883782265593,-0.74565467917744,-0.0795079257547517
2018,0.700326503187387,-0.231659552154219,0.375620157531988
2019,0.936624017708488,0.558414961620908,1.6375243872158
