"Year","OPR","DPR","CCWM"
2015,0.520368822251723,-0.593510839996373,0.0365341241192484
2016,1.07901289706862,-1.21841558772122,0.201042691322763
2017,0.715576984095817,-1.92686920578439,-0.915634790729994
2018,0.767751281122522,-0.256308841423058,0.410523542375255
2019,0.104645710225409,0.171591981846447,0.277767978452531
