"Year","OPR","DPR","CCWM"
2015,-0.36729295411465,0.00391539617282469,-0.50199522335695
2016,-1.0693333404476,0.246419031344568,-1.16674234028823
2017,-1.23468227328132,0.542855961476767,-1.03861673095359
2018,-1.07814686376826,-1.1488768759901,-1.38679203829106
2019,-1.0247477899679,-0.368279804817209,-1.58089514451662
