"Year","OPR","DPR","CCWM"
2015,-1.45818035588297,2.03103051096341,0.319771679106746
2016,0.555142948025002,-1.26686731416779,-0.540854506886464
2017,0.652064030092917,-1.03728411888521,-0.157997964371843
2018,1.61169214570745,-0.223039219971166,1.03096269128616
2019,0.539454512708264,0.312697257531125,0.935393196464648
