"Year","OPR","DPR","CCWM"
2015,-0.438105782646686,-0.0421852752771851,-0.652543994187135
