"Year","OPR","DPR","CCWM"
2015,-0.4168590990205,-0.39792811848525,-1.03145314536179
2016,0.906446022340357,-0.934156489331182,0.258886112965625
2017,1.45680563729885,-1.06165179500155,0.829061733220498
2018,0.366781871790368,0.140739884915272,0.337464967144587
2019,0.362318286070994,-0.154649087978266,0.311628120894165
2020,-0.52389370724014,0.0972391624872911,-0.4447934694972
