"Year","OPR","DPR","CCWM"
2015,0.258326109594372,0.510584590763578,0.942111056925567
2017,0.166803083942836,-0.0312570576899477,0.179925701404719
2018,0.994398420196303,0.317680393135659,0.880606643598424
2019,1.58045258912749,-0.528774412413408,1.48593958051025
