"Year","OPR","DPR","CCWM"
2014,-0.767002419257103,-0.465136510370118,-1.05393344568864
2015,-0.824455445130978,0.116937391648426,-1.00272071031173
2016,-0.755692174488145,1.16004038787324,0.167969779726214
2017,1.96345197250811,-1.7473771101676,0.819471772623915
2018,0.372398686927679,-0.795927252915343,-0.161556228512133
2019,0.581816807162374,-0.663025507188992,0.140371856550591
