"Year","OPR","DPR","CCWM"
2015,-0.601339776611092,0.566650418591506,-0.179012900843957
2016,-0.780650572407312,0.685899831522407,-0.342368227089754
2017,-0.71287104070756,0.197942225451434,-0.708374549142693
2018,-0.820478028415863,0.233093796882757,-0.460637825699916
2019,-0.634995832976265,1.20596101677182,0.265576743904703
