"Year","OPR","DPR","CCWM"
2015,-0.585924863986443,0.556566221959975,-0.169327525107502
2016,-1.01806926423773,1.57620133861965,0.239772512770344
