"Year","OPR","DPR","CCWM"
2015,1.02788205181503,-0.834870430549697,0.45942722784401
2016,-0.648809776267629,0.585122941446267,-0.269384367785104
