"Year","OPR","DPR","CCWM"
2007,-1.07141161881085,0.321737876476145,-0.453909663404878
2008,0.460270277666524,-0.660301775773749,-0.105799416476123
2009,-0.494612930163335,0.756165935198113,0.134437906669892
2011,0.527144937821304,-0.918608293221519,-0.206160987076611
2012,0.680327717033669,-0.157843022039926,0.642375771906287
