"Year","OPR","DPR","CCWM"
2015,0.0504364078369524,-1.28891696223701,-1.40945590557684
2016,0.235671794734146,-0.742687302744061,-0.435849177551937
2017,1.75895767404899,-1.32665861577652,0.958833952805919
2018,-0.194914595369485,-0.333913864701796,-0.318495067438816
2019,1.44383561135544,-1.32342104754625,0.627867602268971
