"Year","OPR","DPR","CCWM"
2016,-1.27614186421381,-1.30199854659408,-2.99915424937015
2017,-1.00329662780148,-0.312077818659455,-1.55294717169231
2018,-1.56566237120813,-0.109799534561931,-1.17684663472597
2019,-1.37657258000873,1.10330487950689,-0.736200393765929
