"Year","OPR","DPR","CCWM"
2015,0.406063799455342,-0.257438213321952,0.264546905083774
2016,0.0405366136364627,0.822999733945291,0.882144852726779
2017,1.15500446326756,0.617598998298242,2.03093030375788
2018,1.08216979890177,0.572434063731717,1.08008917578274
2019,0.975526995069762,-1.16503079643768,0.189046952718126
