"Year","OPR","DPR","CCWM"
2015,1.43507119009364,-1.86448226218188,-0.160527866305611
2016,1.84936606304689,-2.07081145269535,0.362175509998107
2017,1.46272775950604,-0.870346792273285,1.01656602443321
2018,1.44037004092704,0.293237355912058,1.18590239587958
2019,1.20157829544846,-1.60706133615535,0.0834588666343186
