"Year","OPR","DPR","CCWM"
2015,0.0564971922887023,-0.70505060183505,-0.731123236661906
2016,-0.444432665413816,1.45788363520175,0.879628525259303
2017,-0.696905693956344,1.52639561875855,0.562110297895005
2018,-0.765956890874999,0.623225399498123,-0.21219196763936
2019,0.551484069629794,0.568599931694337,1.17238127869405
