"Year","OPR","DPR","CCWM"
2015,-0.083781107190897,0.207849315129162,0.122970828556828
2016,-0.259443488918694,-0.0531819881735552,-0.396802225854796
2017,0.583506011249699,-0.358280184451378,0.395091061590574
2018,-0.121610667367402,0.0785332461119331,-0.0446539261952185
2019,-0.233365764274989,0.224136825520988,-0.0925965172770283
