"Year","OPR","DPR","CCWM"
2015,0.117521679169692,0.299657347144893,0.505910365592356
2016,0.223897389228895,-0.0624398094158626,0.233375782764533
2017,-0.256548861747273,0.344256811950563,0.00205884104111921
2018,1.07292259461923,0.836518824297268,1.2153118633257
2019,-0.0591618260724986,-0.414487805981195,-0.432682124123082
