"Year","OPR","DPR","CCWM"
2015,-0.950882185539101,1.12036195215312,-0.0256504600257943
2016,-1.12007422374647,-0.00246621971953434,-1.48442865161624
2017,-0.110614944950217,-0.661275460011904,-0.761273823799541
2018,-0.431259495357417,-0.451288033063194,-0.5502799068575
2019,-1.39855491509129,-0.359859508736885,-2.03362326563329
2020,-0.446305178763496,0.401034890045078,-0.174758223486055
