"Year","OPR","DPR","CCWM"
2015,0.381381341715586,-0.198446323057394,0.298202411966908
2016,-0.564245109598567,-0.252609331040914,-1.00084163866737
2017,-0.347855826799304,0.695314340149432,0.21790704952757
2018,0.821901975432611,0.352596183471037,0.776195887262792
2019,-0.569556525587666,0.735559318585962,-0.0623069646296252
