"Year","OPR","DPR","CCWM"
2015,-0.443737290583345,-0.26541118734162,-0.916456985265722
