"Year","OPR","DPR","CCWM"
2015,0.0582810533628009,-0.721770198924872,-0.747848739501213
2016,-1.51328913991087,0.205912553677343,-1.79490839854569
2017,0.1184721127794,1.58472382005159,1.64035905767213
2018,-1.04830705900406,-0.980360709382949,-1.27498586601481
2019,0.274547925074581,0.223045957680798,0.531538234034811
