"Year","OPR","DPR","CCWM"
2015,-0.720402442976938,1.32906863429858,0.531662258597166
2016,0.069984656509063,0.0641816928706306,0.157206728202536
