"Year","OPR","DPR","CCWM"
2015,-1.47478881237151,0.571800267108577,-1.37756855701931
2016,-1.52023785835577,1.12321280524258,-0.880658267711522
2017,-1.17526926925113,1.19253940161236,-0.352515600766678
