"Year","OPR","DPR","CCWM"
2015,-0.557491923106922,0.3963977663709,-0.313909296026538
2016,-1.1480855213013,-0.739552605247935,-2.26351278099482
2017,-1.61082344970427,-1.25480132060167,-3.2027952689639
