"Year","OPR","DPR","CCWM"
2015,0.714475081784413,-0.742397730357347,0.133357206393569
2016,-0.199634556404136,1.25545052832436,0.999726700701661
2017,-1.52105225730593,0.202393467165219,-1.71849810592759
2018,-1.0151482127106,-0.499663664088568,-0.99315499676486
2019,-0.556317698109477,2.00345616121858,1.05481741695821
2020,-1.32318801907325,-2.37744072708763,-2.80639829155928
