"Year","OPR","DPR","CCWM"
2015,-0.418332134938913,-0.0501275510936146,-0.634390217261354
2016,1.05681548351962,-0.683131511653816,0.710542892389792
2017,0.865951719092194,-0.226486565046424,0.873631279522601
2018,1.10292661028813,0.179745472456615,0.884018389512354
2019,1.13608173476241,-0.583217415888454,0.891789645306956
