"Year","OPR","DPR","CCWM"
2015,0.0304547101781602,1.08418552909529,1.28607755948987
2016,-1.51644141965121,1.89800099805099,-0.0956579794622669
2017,-1.42485417520752,0.698965698778579,-1.13035022180227
