"Year","OPR","DPR","CCWM"
2015,1.85287053388498,-1.24304643939065,1.12869248315066
2016,1.46588648382784,0.65923264033517,2.60313043806272
2017,0.400829032788376,1.30587241019193,1.73225563577168
2018,0.774526855109824,-0.285655793161584,0.399600678886038
2019,-0.0312004136814239,-0.0376597530598636,-0.0710953786314992
