"Year","OPR","DPR","CCWM"
2015,-0.125885664957964,-0.47235686240111,-0.715613345445786
