"Year","OPR","DPR","CCWM"
2015,0.24968617247298,-0.82695234060055,-0.604600137506601
2016,0.233749073845697,-0.197114966253394,0.110833195272336
2017,1.10065687764091,-0.926913664614043,0.508901160055703
2018,0.0441780489884688,0.0602196985057172,0.0638836640464276
2019,-0.640664896966346,0.55810015130797,-0.303895126954522
2020,-0.206238764554198,0.413056462747593,0.0653645275427911
