"Year","OPR","DPR","CCWM"
2015,-0.161839985849483,0.067200550635038,-0.146062118946768
2019,-0.755006927726778,1.38047406517528,0.269399078848393
