"Year","OPR","DPR","CCWM"
2015,-0.191739910221887,0.1665442001859,-0.073298533474884
2016,-0.339251880201171,1.08741928972579,0.645845427050485
2017,0.170376650114611,-0.475385459560339,-0.233638725296451
2018,0.499293934126796,0.194190587406788,0.46078367001185
2019,-0.0840958692028189,-0.806003176475635,-0.803295164126745
2020,0.0464935544485829,0.0705410226090483,0.0902711677696828
