"Year","OPR","DPR","CCWM"
2015,-0.0795199901257563,-1.092875320098,-1.36370875048405
2016,-0.286410165215482,0.756534461189086,0.38265823910368
2017,-0.235754417399826,-0.269617558313642,-0.549670993096565
2018,-0.793959755720393,-0.185410232123242,-0.666458970777076
2019,-0.297640535066635,-1.65829796046,-1.80609301385246
