"Year","OPR","DPR","CCWM"
2015,-1.21902698137768,1.52308820644307,0.0667047178828758
2016,-0.781303645426318,-0.511506870417692,-1.54865857431343
2017,-0.831138086271219,0.0049798558744376,-1.03843816054794
2018,-0.679327827615866,0.661297030613567,-0.129892863744055
2019,-1.41948366344294,1.05962177695089,-0.826937599551196
