"Year","OPR","DPR","CCWM"
2015,-0.555588404376295,0.625835595423558,-0.048009060759778
2016,-0.867005515931055,-0.12075292469063,-1.26867785753865
