"Year","OPR","DPR","CCWM"
2015,-1.25990182368709,0.998850980273433,-0.591212449885269
2016,-0.898147063276747,0.427059258728149,-0.758399432130094
2017,-0.377870448874265,-0.139971720443986,-0.606001586992329
2018,-0.403670074764711,0.609947309786697,0.0393490904295894
2019,1.70272393946459,-1.30825357698962,0.959646564715933
2020,-0.313234082271327,0.532615249382153,0.0384931448623655
