"Year","OPR","DPR","CCWM"
2015,-0.178679420662985,0.365770526905383,0.173319797670899
2016,-0.823309721120277,0.564783992867558,-0.520736628245533
2017,0.474581667946544,-0.489412077098886,0.134952902663978
2018,-0.920338927983152,0.283899806758654,-0.504653215713956
2019,0.226334955956164,0.283862238448574,0.525006026739653
