"Year","OPR","DPR","CCWM"
2015,-0.324622516625134,-0.504614019722545,-1.02668108081074
2016,0.127594010344361,0.0630860787807918,0.232325462976762
2017,0.393038095739163,-0.583124451943961,-0.0555985634030786
2018,0.562972661770551,0.697993043485307,0.776814291694857
2019,1.70284952560149,-1.18895057687341,1.06338408080985
