"Year","OPR","DPR","CCWM"
2015,0.284824042926951,-0.0947846204108969,0.284001976939351
2016,0.878141135139517,-0.582415517398473,0.575533272122647
2017,0.145145191571807,0.191615594430876,0.362529521071574
2018,0.291376118669112,-0.526322154526486,-0.074616325644006
2019,1.25881337220741,-0.206006565956811,1.37034106537823
