"Year","OPR","DPR","CCWM"
2015,-0.827683271124563,0.686906875839683,-0.35314319764889
2016,-0.634284109501677,0.00245536090228192,-0.836735744050768
2017,-0.81685465222727,0.873836020815219,-0.202674171850099
2018,-0.504369724905635,-0.630098710330598,-0.698509672399095
2019,-1.05738421155591,0.840121972747658,-0.57188441211077
