"Year","OPR","DPR","CCWM"
2015,-0.515673503972479,0.0948834225936143,-0.602224402939568
2016,0.000498912996234008,-0.50131043124619,-0.504007834767251
2017,-1.07672404735984,0.172812590233509,-1.18868481963732
2018,0.264937226284339,0.831052283602876,0.635476339844969
2019,-0.43881386277342,0.311169311574694,-0.26987386821535
