"Year","OPR","DPR","CCWM"
2015,-0.189813264836754,1.08270831088537,0.980638293762867
