"Year","OPR","DPR","CCWM"
2015,0.577627305364918,-0.287053255262973,0.467146143018232
2016,0.213107111171296,0.0894485770518475,0.372005052106279
