"Year","OPR","DPR","CCWM"
2015,-1.06482436840241,0.142135573501679,-1.30526920631828
2016,-0.131395833852257,-0.500462467635103,-0.677661271124098
2017,0.876262161734836,-0.0934816508083504,1.01176641944327
2018,0.259237885625334,-0.836800065679435,-0.26430329232626
2019,0.0199271453028259,-2.05637095668894,-1.76088779410139
2020,-0.239502175032366,-0.270205436143214,-0.405232436595969
