"Year","OPR","DPR","CCWM"
2015,-0.59318666364103,1.15895163229914,0.511883864081269
2016,-1.66364738306541,1.34494146709953,-0.847186619963429
2017,-0.431070505134782,-1.16623614606503,-1.63877349606019
2018,-0.546026750972733,-2.006653070737,-1.46752313639235
2019,0.123142227713301,0.403396319279935,0.501791850607315
