"Year","OPR","DPR","CCWM"
2015,0.243278591785357,-0.401338254868472,-0.125052367675886
2016,-0.340288658596503,0.793232663543922,0.348316759914181
