"Year","OPR","DPR","CCWM"
2015,-0.460079153986862,-0.74880329965554,-1.49367481815406
2016,-1.86273259887891,2.86286874496439,0.4175015773456
2017,-0.986495809100803,0.662813756140257,-0.614214646078259
2018,-0.481258236743242,-0.389637620807111,-0.55286990454967
