"Year","OPR","DPR","CCWM"
2015,0.557732225933592,-1.30252073318321,-0.725517350075987
2016,-1.2994932727989,0.632300587946343,-1.08279597403119
2017,-0.346653742707722,0.0796843272515018,-0.360064864206572
2018,0.253357051257078,0.387294560874643,0.388890640113462
2019,-0.38678743804128,0.50434070210325,-0.0381276845035729
