"Year","OPR","DPR","CCWM"
2016,-1.69137550672676,1.75377692552951,-0.472299483174977
2017,-1.16018578847431,1.2914350597132,-0.240496407954522
2018,-3.63391887203503,0.48264835223499,-2.33540650021213
2019,-1.55384165887351,1.92875958598094,-0.237674727332188
