"Year","OPR","DPR","CCWM"
2015,-0.0777763963780249,-0.636885575830831,-0.838065247236509
2016,-0.309923685207217,0.697280511938335,0.29189721077751
