"Year","OPR","DPR","CCWM"
2015,-0.259923100037774,1.23610190455651,1.05997462090704
