"Year","OPR","DPR","CCWM"
2015,0.298778351612695,-1.27508716925104,-1.05112898584157
2016,-0.406636785881587,0.0813637217846555,-0.456103660987696
2017,-1.23514876524977,1.39864043839941,-0.23366886543894
2018,-0.343420081988946,-0.793236452373561,-0.671204153452089
