"Year","OPR","DPR","CCWM"
2015,-1.36196969287628,2.34687417401495,0.814868145465075
2016,-0.259625382049341,1.08381794940436,0.747572059763837
2017,-0.72845608528362,-0.603196447548981,-1.48203097062082
2018,0.220912436986011,1.00380742148917,0.696819871444658
2019,0.118698751694828,-0.265891561545327,-0.0847753773216752
