"Year","OPR","DPR","CCWM"
2015,-0.0690400131935932,0.00957650159074278,-0.0842156568124634
