"Year","OPR","DPR","CCWM"
2016,1.60446990594027,-1.24312267323127,0.871390904101434
2017,1.4971046706366,-1.07833091586939,0.863939580509398
2018,2.58065106301289,0.575411178901297,2.15160029656292
2019,0.22614249707994,0.354135795093424,0.58578308405556
