"Year","OPR","DPR","CCWM"
2016,-0.473467034208939,2.43335905992671,1.82322240989864
2017,-1.53592906967679,0.00572605063487305,-1.9222885791165
