"Year","OPR","DPR","CCWM"
2016,0.306542002796852,-0.579472479456708,-0.17777439485706
2017,0.758090820273301,-0.571320370698102,0.41367433566544
2018,-0.114485116211816,-0.566933145571878,-0.386210236022883
2019,0.190908632319955,-0.568755116459438,-0.258864275543697
