"Year","OPR","DPR","CCWM"
2016,-0.348621452302619,-0.338408975286807,-0.801928937484451
2017,0.136218087711661,0.259013683315539,0.414766012255976
2018,0.204793101218484,0.570037414617118,0.452357065257509
2019,0.213733420289043,0.224606437206083,0.458049582551702
