"Year","OPR","DPR","CCWM"
2016,0.938155541398798,-0.0381177961090295,1.20288016277139
2017,-0.601052136011694,0.671387587934124,-0.122390517219469
2018,-0.117627852221116,-1.16090010743432,-0.707440613432907
2019,-1.88673246701923,0.0630462117007313,-2.26723491255432
