"Year","OPR","DPR","CCWM"
2016,-0.332061034733068,0.0417797109612873,-0.397283224948811
2017,-0.662795320400903,1.10019896498376,0.203750109348456
2018,-0.422314986452158,0.00239671825271411,-0.300244814413435
2019,-1.20571101630059,0.913258015832637,-0.690928798690046
