"Year","OPR","DPR","CCWM"
2016,0.373349498478299,-1.23038758393688,-0.74465742583098
2017,1.3790478812747,-1.45012438265345,0.365809607289171
2018,0.779796367916508,-0.669788240954695,0.197067022632886
2019,0.624014935819186,0.780928014831235,1.44599447380847
