"Year","OPR","DPR","CCWM"
2016,0.535416345499349,-0.901164104612062,-0.198801856218897
2017,1.04031261272106,-0.801714670214831,0.551013059651528
2018,0.27508599404181,-0.578716904179527,-0.114385731074326
2019,0.647680416344982,-0.602459758787395,0.274014489496683
