"Year","OPR","DPR","CCWM"
2016,0.721185684126096,-1.74901729708416,-0.806546124849537
2017,0.16286494805727,-0.714134238756337,-0.467795936824255
2018,-0.368493075985452,0.54451999151212,0.0293280317662089
2019,0.205994418765133,0.286293263794025,0.502083927499579
