"Year","OPR","DPR","CCWM"
2016,1.36230464149115,-0.451770760564978,1.34763925169597
2017,0.55890203311247,0.0445007019357341,0.743341509494221
2018,-0.225663361939844,-0.681893606964604,-0.527330096461421
