"Year","OPR","DPR","CCWM"
2016,-1.01556443391636,0.707713042893579,-0.631218358306909
2017,-0.92256257752818,0.824755681726819,-0.381542006255209
2018,-0.548767832682413,-1.126428769951,-0.996760967861082
2019,-0.359036389327996,-1.04539104818485,-1.34950516969678
