"Year","OPR","DPR","CCWM"
2016,-0.197376232501684,-0.0102055624788018,-0.271418126527007
2017,-0.714666550995445,-0.587550762564751,-1.44999734026259
2018,-0.807133917741975,0.975031856512567,-0.0526566799221623
