"Year","OPR","DPR","CCWM"
2016,-0.80944257142717,-1.23721025934831,-2.31645233240602
