"Year","OPR","DPR","CCWM"
2016,-0.197545016229701,-0.430401719012547,-0.694651842362725
