"Year","OPR","DPR","CCWM"
2016,-0.766394485358945,0.109811224026363,-0.903453243003843
2017,-0.916147504705492,0.223807042360362,-0.939152030116
