"Year","OPR","DPR","CCWM"
2016,-0.116071834142756,-0.822438141460311,-0.981518511127862
2017,1.65346517113414,-1.04081264829746,1.09549612587121
2018,0.788081567396462,-0.741778997222673,0.164320423427843
2019,0.776222750787351,-1.92008975785427,-0.711801942156368
2020,-1.47323924300441,2.74042776047317,0.33206312035499
