"Year","OPR","DPR","CCWM"
2016,-0.429057505254225,-0.32501870835684,-0.894872187084206
2017,-0.188242998936636,1.14016614380391,0.836960612544508
2018,-1.70171474669009,-0.287233106382968,-1.36927738560415
2019,-0.51382726936565,0.425963647768038,-0.262523378104152
2020,-0.420372819793961,0.275440991054005,-0.230236536350849
