"Year","OPR","DPR","CCWM"
2016,0.917196944616975,-0.192591204105906,1.01964231106759
2017,0.63024114534833,-0.466892901789244,0.351511269339973
2018,0.626746889178582,-0.603650769077894,0.123308777475315
2019,0.420111079787342,0.421832171013193,0.883273672500159
