"Year","OPR","DPR","CCWM"
2016,0.999339758857847,0.336977974757458,1.66143963223128
