"Year","OPR","DPR","CCWM"
2016,-0.783890027446815,2.13584894420295,1.1130058030663
2017,-1.52982112440284,1.55956292013726,-0.452026234686228
2018,0.754124499027133,2.4760414487383,1.86818673770449
2019,-0.967033442332018,1.44264744980904,0.0624422433126836
2020,-0.629737836986039,0.624825560827101,-0.208751708706816
