"Year","OPR","DPR","CCWM"
2016,-0.0768837315879301,-0.217648269746461,-0.320829157320594
2017,0.800803593756313,-2.07574843485533,-0.948807677377561
2018,-0.627699421693227,-0.657859460483664,-0.801475548625327
2019,0.337700175014106,0.403436870140754,0.765880356926455
