"Year","OPR","DPR","CCWM"
2016,-0.429230541038103,0.193499560812489,-0.373110104586447
2017,0.122729020689733,0.264620784758983,0.403114321315417
2018,-2.19081269934316,-1.60520082275091,-2.42629905932706
2019,1.74930435389427,-1.27918273236029,1.04221269818113
