"Year","OPR","DPR","CCWM"
2016,-1.20804529233,0.321977309519074,-1.27420478918372
2017,1.05375876381919,-1.1075535520936,0.2800085334748
2018,-0.973134966103398,0.360109442418662,-0.50142153155014
