"Year","OPR","DPR","CCWM"
2016,0.807354194251801,-1.91295854760966,-0.857577677645142
2017,-1.31968003939255,0.452952069388345,-1.22991855597014
2018,-0.670057429586573,0.132080536736047,-0.407486432336975
2019,0.0200164093895177,0.058225271213655,0.0751870782896934
