"Year","OPR","DPR","CCWM"
2016,-0.519242105496511,-0.0224340341374513,-0.70958225412065
2017,-1.13917144616325,-0.783646688199238,-2.16735643797149
2018,-0.153277831298008,-0.102386941235493,-0.164426335378441
2019,-0.192977216602773,0.823946118935339,0.477884085711487
