"Year","OPR","DPR","CCWM"
2013,-0.0378931745625387,0.334781016575541,0.246961806423983
2014,-0.420434649777387,-0.909049423378687,-1.04758716133603
2015,0.046161459955097,-0.578353077747787,-0.599993080538644
2016,0.433470370526028,0.613544217367691,1.19116864929651
2017,0.720941378119948,-1.04466050352264,-0.0784962203298204
2018,0.438981909290615,1.37295678939709,1.05077048954438
2019,-0.650646232725863,-0.608769932370093,-1.32929566228198
