"Year","OPR","DPR","CCWM"
2016,-1.01676241837169,2.44171497052098,1.11281194344334
2017,-1.66939822575957,-1.10605923991908,-3.13630190937674
2018,-0.0278315871818465,1.48092106919094,0.775448277635884
2019,-1.93325673537127,1.90630976566623,-0.724106965919811
2020,-1.36078395469751,1.45675192104428,-0.382700446287024
