"Year","OPR","DPR","CCWM"
2016,0.112481390589274,-0.796509196255234,-0.653022092925163
2017,-1.15897095503365,0.348733149418336,-1.12631875754383
2018,-0.0410243325547064,0.786667495935072,0.393183879895089
2019,-0.180947959697344,-0.770189515136879,-0.891394952400366
