"Year","OPR","DPR","CCWM"
2016,1.08481798591374,-0.0157283254377123,1.41946548561795
2017,1.52392907537751,-0.183908473580784,1.73950824248646
2018,1.1595180062449,-0.901751649561164,0.34361283779595
2019,-0.734460398707216,0.331739925587923,-0.615861582919688
