"Year","OPR","DPR","CCWM"
2016,0.554401246981344,0.379440089658998,1.11549763954729
2017,0.147224435978351,-1.25844737828583,-0.999777076860041
2018,1.05360598680574,-0.107625824826579,0.694472505768782
2019,1.55130394122453,-1.74410738865185,0.394872970524538
