"Year","OPR","DPR","CCWM"
2016,-0.915054913754634,-0.362565494427656,-1.5756830725062
2017,-0.904542909812181,-0.0363685465086825,-1.16948584157503
2018,-0.712866479232117,-0.182952797988273,-0.607238801753291
2019,-0.234064440911316,2.17464611177434,1.60004273401821
