"Year","OPR","DPR","CCWM"
2016,-0.192560968620954,0.215870392226635,-0.0374570668809979
2017,-0.539556872984605,-0.408630993296056,-1.06181101741398
2018,-1.57712546767243,-0.959547368254078,-1.64138334698701
2019,1.74519592872711,-0.670918904766255,1.56527205024054
