"Year","OPR","DPR","CCWM"
2016,-0.696514754429584,-1.00756612336424,-1.93585781934218
2017,0.11116175074807,-0.602720588555426,-0.427814882849054
2018,-0.23395263021463,0.583412963055692,0.14627685191191
2019,-0.250047228489172,-0.322423940217418,-0.587668963414983
