"Year","OPR","DPR","CCWM"
2016,-0.135938514758777,-0.743986720903541,-0.928826839920893
2017,0.768925328180352,-0.032996342411158,0.933986232613764
2018,0.914265902524237,-0.23219887790522,0.528082769500084
2019,0.377564086165495,-0.709741530638364,-0.151559407039007
