"Year","OPR","DPR","CCWM"
2016,-0.921784333629946,1.48610927962536,0.276469569752726
2017,-0.456236843767874,0.187613510906622,-0.396006244479818
2018,-0.928399375840885,-0.65769990111191,-1.01608895441783
2019,-1.42444280665993,1.13419165433954,-0.768296617176611
2020,-0.683822148429974,0.266168416079055,-0.491232589292879
