"Year","OPR","DPR","CCWM"
2016,-0.300445893647383,-0.599239688988223,-1.00076651650025
2017,0.29628136779904,-0.564084490642006,-0.159111817360201
2018,-0.00300258923106618,-0.896606271488935,-0.483660977986559
2019,0.135146644717046,-0.584445219425001,-0.34111241645537
