"Year","OPR","DPR","CCWM"
2016,0.519780059221596,-0.158250956458158,0.528398888682687
2017,0.128904045441745,-0.233875623512568,-0.0583606773546202
2018,0.416262535706468,-0.729127318393324,-0.0943630255806817
2019,-1.05795613218199,1.62105086573808,0.105440999395969
2020,-0.501626714408016,0.319801857733949,-0.280436010199701
