"Year","OPR","DPR","CCWM"
2016,-0.593029040364516,0.240011206511878,-0.54300519136967
2017,-1.28655128026428,0.281625302234542,-1.34960664264718
2018,0.544003492229451,0.192973008234771,0.492052300974452
2019,-0.222992132666929,0.483340829075638,0.145219969588798
