"Year","OPR","DPR","CCWM"
2016,-0.0146492036585135,0.257542183628686,0.239885017371441
2017,0.174267994106882,0.0606459428215515,0.27580110144598
2018,0.333952913542081,1.64252447197839,1.12054976281776
2019,-0.152336588642162,0.736272123907734,0.451778335261782
