"Year","OPR","DPR","CCWM"
2016,0.200820565391647,0.24274211214368,0.510069201619402
2017,1.04978158894626,-0.620753479954102,0.733232424355581
2018,0.955340120781598,-0.0713618720880495,0.643786239705881
2019,-0.226303563466542,-0.0636510445904481,-0.333772476477958
