"Year","OPR","DPR","CCWM"
2016,-1.15477254029198,0.841980283872432,-0.680235094960905
2018,-1.17281005884617,-1.64792618601336,-1.72239285138377
2019,-1.24939479788775,1.33656681702746,-0.377158555043466
