"Year","OPR","DPR","CCWM"
2016,-0.723815582462457,0.400249892440546,-0.554734151409453
2017,-0.520695478892794,0.272902629729789,-0.396624505921336
2018,-0.221073812063227,0.224071556395045,-0.0375098941630055
2019,-0.501023147298383,-0.42069392842349,-0.981862698369328
