"Year","OPR","DPR","CCWM"
2016,-0.663007191885437,0.647180340609533,-0.225695634635994
2017,-1.56465039012437,1.23468938291829,-0.801536108660135
2018,-0.287061739742237,-0.623289339924281,-0.539695323525966
2019,-0.33159214227235,-0.170292719138565,-0.555939537961565
2020,-0.889487134790434,0.151848492688248,-0.763687816681357
