"Year","OPR","DPR","CCWM"
2016,-0.192996887099046,1.00490921943459,0.756289558761046
2017,-0.524050669467836,1.17060605387011,0.444155370885722
2018,-1.27219651851644,0.837387701238776,-0.458631324801912
2019,0.0308376715747302,-0.632497150929222,-0.511204266042729
