"Year","OPR","DPR","CCWM"
2016,-0.185189001092903,-0.0450113092457444,-0.290332321673007
2017,-0.112014693022197,1.66390908760552,1.42562055568459
2018,-0.825551778820758,0.0549700445990873,-0.559920787933002
2019,-0.036745831910984,-0.0259431728256461,-0.0677473059276743
