"Year","OPR","DPR","CCWM"
2016,0.130745937115858,-0.0637651133995133,0.108794936491608
