"Year","OPR","DPR","CCWM"
2016,-0.941622949408538,1.68455642959961,0.449997768456359
