"Year","OPR","DPR","CCWM"
2016,-0.794939872242687,1.5802091211567,0.539024796817429
2017,-1.53386244071014,0.407303603149244,-1.54169767619327
2018,-0.287240145409739,1.33006549680762,0.509215046173269
2019,-0.92990519778417,-0.286367795154098,-1.39305494833286
