"Year","OPR","DPR","CCWM"
2016,-0.238559641346474,0.951489267837666,0.642228737366357
2017,0.0807238880270663,0.101334819435188,0.196697575106753
2018,-0.171026423980187,-0.552321950176589,-0.418733746856561
2019,-0.876746033153894,0.156205643024589,-0.943375301290536
2020,-0.208230558469456,-1.2168640596847,-0.982353329683501
