"Year","OPR","DPR","CCWM"
2016,-0.358827030322337,0.969436296566844,0.501172791401431
