"Year","OPR","DPR","CCWM"
2016,0.481075099230289,-0.918048883083864,-0.287697444194555
2017,0.0703408073964206,-0.650665415569789,-0.524177026372005
2018,0.0580350025192954,-2.01545853941532,-1.04095331770368
2019,0.317599185954381,-0.728989862150156,-0.242069386598249
2020,-1.26483024996161,2.42991718268837,0.334595091466785
