"Year","OPR","DPR","CCWM"
2016,-1.2367042594007,2.52390820696482,0.904555385452104
2017,-0.710241030574394,1.41097751791937,0.436732870421091
