"Year","OPR","DPR","CCWM"
2016,-0.333944351921518,-0.681904558427858,-1.12830611391903
2017,-1.29852162344853,0.838982487442404,-0.84000059008426
