"Year","OPR","DPR","CCWM"
2016,-0.140116769699607,0.773133197857325,0.592925764034636
2017,-0.960692270682673,1.22372795600084,-0.0538520732673832
2018,-1.28114758032284,-1.10034927572328,-1.50567263397497
