"Year","OPR","DPR","CCWM"
2016,0.0304394554393944,-0.4612416943605,-0.424057056895879
2017,-1.43584141543676,1.691429348464,-0.209953038227438
2018,0.210525295669018,-0.490428314002034,-0.113067056443724
2019,0.168845292845113,-0.304474951098912,-0.0565601923001474
