"Year","OPR","DPR","CCWM"
2016,0.0998210688315828,0.248048443365654,0.381780828228094
