"Year","OPR","DPR","CCWM"
2016,0.00793516020527105,0.559541808345898,0.57378815328886
2017,0.575885380935664,-0.0975324321180483,0.630963541721297
2018,-0.866164603708581,0.875303489724514,-0.148362992052786
2019,-1.65779974959857,0.968707195427783,-1.19916484881548
