"Year","OPR","DPR","CCWM"
2016,-0.849876442474855,0.962207407596991,-0.155801340611736
2017,1.36014593018791,-0.811980319595675,0.942759219559503
2018,0.438255997896551,0.0385211144813673,0.333601342936224
2019,-0.609493988472677,-0.259403427224467,-0.975318212964806
