"Year","OPR","DPR","CCWM"
2016,-0.238760251255722,0.492040692169662,0.179437602521575
