"Year","OPR","DPR","CCWM"
2016,-0.950379066930169,0.343317216914551,-0.911809363856032
2017,-0.725258464100995,0.381890110082891,-0.550774892396597
2018,-1.39442781867251,-0.24582210928514,-1.1276356717911
2019,-0.339753057412898,0.231270263747871,-0.217332292684629
