"Year","OPR","DPR","CCWM"
2016,-1.98761540752896,1.29069850774281,-1.33042793645118
2017,-0.310306332490026,1.69030036496683,1.20159486022585
2018,-2.89572016841177,-2.64002236089573,-3.48534625292094
2019,-0.704581268546723,0.71940253474328,-0.242507796920447
2020,-0.838337485380708,1.37865584357781,0.0729745311477017
