"Year","OPR","DPR","CCWM"
2016,0.819904620326241,-0.479066921283082,0.602522571119082
2017,0.120087164392207,-0.388282379291849,-0.21476645105669
2018,0.807144686160144,-0.239237372835442,0.447818477675014
