"Year","OPR","DPR","CCWM"
2016,-0.745300747523651,1.44609160922397,0.469685488165106
