"Year","OPR","DPR","CCWM"
2016,-0.824356201251052,2.12594978495249,1.04950042765924
