"Year","OPR","DPR","CCWM"
2016,0.261569525997957,-1.79693146175161,-1.46288936368876
2017,0.445386905430981,-1.38780888331833,-0.747331684957277
2018,-0.362224040460357,0.105006403715801,-0.20223408370676
2019,1.55113930751156,-0.277678788373969,1.66787399571821
