"Year","OPR","DPR","CCWM"
2017,-2.11935801978747,0.642317584892884,-2.05531384584351
2018,-1.11718721249206,0.432910806966591,-0.565176968439596
2019,-0.56547326034311,0.496245442981377,-0.265062270235768
