"Year","OPR","DPR","CCWM"
2017,-0.741932757677122,-0.209480336227595,-1.12834761775664
2018,-0.108717949012878,-0.0880719389015989,-0.124922890877543
