"Year","OPR","DPR","CCWM"
2017,1.38574236793351,-1.25107798742484,0.561570082548011
2018,-1.22017301214011,-0.835473109592417,-1.31988673788522
2019,-1.55388585525048,1.577450789278,-0.542747473108805
