"Year","OPR","DPR","CCWM"
2017,-0.740445104143684,0.903015536315277,-0.0793097278483111
2018,-0.493543855748311,-1.53423243851964,-1.17633973839865
