"Year","OPR","DPR","CCWM"
2017,-1.40955978977864,-1.17703178231428,-2.87699496197579
2018,-0.728411113524657,1.10273629549571,0.0721341460768897
