"Year","OPR","DPR","CCWM"
2017,-1.28447997613576,1.34199892340417,-0.348897902896533
2018,-0.748805792732962,-0.872337696015748,-1.00312950491857
2019,-0.931433418718473,-1.64928903819402,-2.57827070490516
