"Year","OPR","DPR","CCWM"
2017,-0.0750498365800505,-1.21754400873489,-1.24024239074118
2018,-1.39209696238873,-1.45700318014037,-1.77642913136177
2019,1.09529866987161,-0.752267259106228,0.694823653797914
