"Year","OPR","DPR","CCWM"
2017,-0.0569806156279049,-0.270724983847452,-0.326342095180955
