"Year","OPR","DPR","CCWM"
2017,-1.02790656944579,-1.52446251863583,-2.72502826618547
2019,0.479049585409363,1.64442495914584,2.01730543849274
