"Year","OPR","DPR","CCWM"
2017,-2.80725124273802,0.990135273983182,-2.5912649433759
2018,-0.203086035071623,-0.214146648106354,-0.260009176384528
