"Year","OPR","DPR","CCWM"
2017,0.185370845467887,-0.739518055336425,-0.463443049158138
2018,-0.639009312230979,-0.656416837147084,-0.808776032833782
