"Year","OPR","DPR","CCWM"
2017,-0.986741748457222,0.643649422985011,-0.632562329283168
2018,-1.9292241324141,0.253114885617288,-1.24152786146439
2019,-0.790661394164897,0.840047263909037,-0.243697442599835
