"Year","OPR","DPR","CCWM"
2017,-0.466056047782879,-0.77217882954117,-1.31176382969608
2018,0.187213129652752,0.371853770124307,0.333371641643935
