"Year","OPR","DPR","CCWM"
2017,-0.324511205302268,0.74731691306053,0.296154892017805
2018,0.54992004366282,1.77604785672955,1.34645776190984
