"Year","OPR","DPR","CCWM"
2017,-0.577424927858734,-0.557374335319807,-1.2493468061208
