"Year","OPR","DPR","CCWM"
2017,0.319661785250303,-0.352667859283223,0.0692343142030717
2018,0.326610381705074,1.62430984163328,1.1055251511455
2019,-1.12419677095861,1.09167332604926,-0.435704124765399
