"Year","OPR","DPR","CCWM"
2017,-2.48390757240216,0.206582599385358,-2.92299317816276
2018,-0.0155791519167471,0.505527846741133,0.260367283478565
2019,-2.1184763409943,-1.17748511205039,-3.62951054687336
