"Year","OPR","DPR","CCWM"
2017,-0.162804565766311,-1.03820451060114,-1.18157077716309
2018,0.00691081366052862,0.539391710564425,0.294611458033296
2019,-0.474846189343727,0.0443757763059054,-0.545857624126405
