"Year","OPR","DPR","CCWM"
2017,-0.287744135637665,0.0211959978638246,-0.341183885210378
2018,0.0194017987967908,-0.0266432874795201,-0.000455780129386113
2019,1.37511818326465,-1.06704265515532,0.765894596835182
