"Year","OPR","DPR","CCWM"
2017,-1.59132002142984,1.65047454224596,-0.44363750300656
