"Year","OPR","DPR","CCWM"
2020,0.14570541070699,0.45430893014948,0.432551812599382
