"Year","OPR","DPR","CCWM"
2007,1.56041923951995,-0.500505576682977,0.636975478794136
2008,0.454274218366348,-0.710344656681213,-0.153380832151232
2009,0.121596032070116,-0.846980448912619,-0.466261449708325
