"Year","OPR","DPR","CCWM"
2017,0.480926959927544,-0.374603813487072,0.250983398320249
2018,-0.173582399434846,0.191243820119999,-0.021231074631163
2019,0.683885834437731,-0.153860382603081,0.708061337110298
2020,-0.256037827665583,-1.00294393008428,-0.891380349054097
