"Year","OPR","DPR","CCWM"
2017,0.951139525312511,-1.4128072208824,-0.136113812760054
2018,1.78661734483126,0.358422636182748,1.46812957037954
2019,0.54679630012704,0.27380562781421,0.910661578218055
2020,1.31794486548004,0.0866855805373153,1.33152807119913
