"Year","OPR","DPR","CCWM"
2017,0.109989260956604,-0.172015152896567,-0.0238717465360708
2018,-0.727440002693077,-1.45248871335353,-1.29944107750088
2019,-0.451886067141996,0.324352203472371,-0.274515798001602
