"Year","OPR","DPR","CCWM"
2017,-1.60022196364931,0.704697507998195,-1.34505153641213
2018,-0.525871431411775,0.467620980982529,-0.124337925090578
