"Year","OPR","DPR","CCWM"
2017,0.133052853255192,-0.0282805730786416,0.140368948271164
2018,-2.07282690506706,-2.70987035187039,-2.93531375288835
