"Year","OPR","DPR","CCWM"
2017,-1.20379808068323,-0.0363769646793493,-1.54507603693592
2018,0.0810975884695217,0.790813423166258,0.48260520486531
2019,-0.396021534414361,-1.56767205678163,-1.84848453776995
