"Year","OPR","DPR","CCWM"
2017,-0.399300535738922,0.915330325572097,0.360437794100311
2018,-0.630344455398513,-0.498749429034742,-0.717914988205548
2019,-1.2188145276563,0.0266038261010302,-1.47687869351718
