"Year","OPR","DPR","CCWM"
2017,1.67494542137423,-0.0388434807175672,2.06558921760454
2018,-2.42060505113834,-1.46520654584269,-2.51518718090635
