"Year","OPR","DPR","CCWM"
2017,0.808732653778488,-0.8568883283586,0.208433135927781
2018,-0.361648413644153,0.288248310999146,-0.103414096573509
2019,0.50077368875463,0.0676500111787422,0.67503084827149
