"Year","OPR","DPR","CCWM"
2017,-1.13871905182478,0.542881225242664,-0.918153646002182
2018,0.429608816749791,0.605951442224793,0.632162402195546
