"Year","OPR","DPR","CCWM"
2007,0.0553606154697789,0.745188315791847,0.598718179129566
2008,-1.53492063383299,0.0337027989544779,-1.45737548695531
2009,-0.569576304676521,2.19837940092246,1.02480114646346
