"Year","OPR","DPR","CCWM"
2017,-1.4686992228234,1.78333079863456,-0.164686402978738
2018,-2.80473505026813,0.445306429540464,-1.76342536231039
2020,-0.981691727145339,0.649481052648113,-0.533660534565488
