"Year","OPR","DPR","CCWM"
2017,-1.86141420539947,1.04949347669002,-1.34831290376235
2018,-0.678614635881637,-0.118627655088433,-0.548237621563709
2019,-0.875544191001436,-0.0632339962788269,-1.13242123773834
2020,-0.272440973865606,-0.559149917856419,-0.622513204744516
