"Year","OPR","DPR","CCWM"
2017,1.026786408662,-0.700714124156375,0.629106759912418
2018,0.660489252604525,1.04246919637317,1.03143981613053
