"Year","OPR","DPR","CCWM"
2017,0.706443757490488,-0.692504647367268,0.234785921812971
2018,-0.162692951015371,-1.31582865094352,-0.822820458429858
2019,0.166618679644304,-0.297440260484216,-0.0531926924826237
