"Year","OPR","DPR","CCWM"
2017,-0.528423117384278,0.499269559790531,-0.193248328706347
2018,-1.77280218156598,-0.458417276302438,-1.51196710925207
2019,-1.52308530529856,-0.0181308756502078,-1.89018045156579
