"Year","OPR","DPR","CCWM"
2017,-0.516582108056161,0.466578988110191,-0.20915818951479
2018,0.666737578723006,-0.954465198035607,-0.0365407895970338
2019,0.359721970863689,0.193995853009099,0.611138377086636
