"Year","OPR","DPR","CCWM"
2017,0.241388307807838,-0.284555389375685,0.0351095927138515
2018,-1.07822605376765,0.311058553745306,-0.60279882550557
2019,0.189274209842831,0.337137413272798,0.525651248694552
