"Year","OPR","DPR","CCWM"
2017,0.215397059236677,-1.09878874440104,-0.763932977406444
2018,-1.8057002068669,1.68027765140351,-0.386882666845642
2019,-0.192962829738141,1.02721736863587,0.654388866517926
