"Year","OPR","DPR","CCWM"
2017,-0.554883047293959,0.159478652290594,-0.546295641382216
2018,-0.292824497256347,-0.747799700477356,-0.610677477922211
2019,0.134165062774956,-0.812473288317488,-0.540302230024569
