"Year","OPR","DPR","CCWM"
2017,-0.223166754096843,-0.5322436027045,-0.781077564033006
2018,-0.869638740781545,-0.0827498761964074,-0.665360455581625
2019,0.882100272892126,0.868007451715808,1.83922164416989
2020,-1.33118503993068,1.61155849982892,-0.254718596377795
