"Year","OPR","DPR","CCWM"
2017,-1.14942831878803,1.11661174234525,-0.391552971078348
2018,-1.30120201619358,0.29183127623716,-0.77232906162453
2019,0.166221281149635,0.824162288445033,0.920132060581672
