"Year","OPR","DPR","CCWM"
2017,-1.18233270107873,0.390523404085759,-1.11630272180968
2018,-0.64254267706365,0.0449137052122284,-0.434653395730887
2019,-0.405157820123613,0.190525657676643,-0.333200834033028
