"Year","OPR","DPR","CCWM"
2017,-0.780716389853745,0.82453497454608,-0.203724714963305
2018,-0.73975244135768,0.283998552082812,-0.375661836665012
2019,0.155093869122605,0.163489753239999,0.332819150007566
