"Year","OPR","DPR","CCWM"
2017,-1.36221490785113,-0.255774750480623,-1.95041305423666
2018,-0.569890606395654,-0.898537724833771,-0.889455032852866
