"Year","OPR","DPR","CCWM"
2017,0.1097944933837,0.0964388982920782,0.228574403709049
2018,-0.326762364171896,0.686700795494901,0.135481033203024
2019,0.807758573778597,-0.718810957996679,0.370000210711094
