"Year","OPR","DPR","CCWM"
2017,-0.287725956619361,0.00575937558679648,-0.35569126283155
2018,-0.253265111580164,1.41777409694497,0.580576533455983
2019,-1.31695591720771,1.10667508810736,-0.659904916083654
