"Year","OPR","DPR","CCWM"
2017,-0.0749984081015156,1.71138625769397,1.51676743993595
2018,-0.615049375889973,0.187528836762589,-0.338432620647479
2019,-1.59326976522175,-1.59482696044276,-3.34549708223174
