"Year","OPR","DPR","CCWM"
2017,-0.215691581127281,-1.27309801980928,-1.46904769850665
2018,0.768307469717691,0.296840960779111,0.707986514661582
2019,-0.729661623383681,1.24375775077687,0.181889374622895
2020,-0.177064256715835,0.169483293595666,-0.0626729034673881
