"Year","OPR","DPR","CCWM"
2017,-1.24272586054256,0.767229084714455,-0.837513819141138
