"Year","OPR","DPR","CCWM"
2017,0.745831296469039,-0.427052317573735,0.534084657436925
2018,1.94963833331564,1.18564794926205,2.02878269181311
2019,-0.312527913669241,0.62170015950129,0.15515792460229
