"Year","OPR","DPR","CCWM"
2017,-1.51862445744923,3.3472668047342,1.24475723307444
2018,1.07233082226926,0.955825433209671,1.27896225330169
