"Year","OPR","DPR","CCWM"
2017,-0.0589138381805658,-0.469498835612907,-0.515870373121206
2018,-0.748102439849549,-0.748565002140012,-0.936155913697774
2019,-0.208661632653354,0.536589717112689,0.209088816479167
