"Year","OPR","DPR","CCWM"
2017,-2.37992986328879,1.94614969604725,-1.15507444726772
