"Year","OPR","DPR","CCWM"
2017,0.134228038469533,-0.326262412850003,-0.138640657055914
2018,-0.811014002197078,-0.135056333605421,-0.651593399027955
2019,0.28829109318998,-0.192992061619255,0.187233261708314
2020,-0.958470988801189,-0.674460415975727,-1.36064773809561
