"Year","OPR","DPR","CCWM"
2017,-0.937780618886519,-1.66911850574354,-2.74807694536384
2018,-0.44900360158057,-0.31002782688348,-0.487086194421542
