"Year","OPR","DPR","CCWM"
2017,-0.972909849195131,-0.321029938856526,-1.52323649229543
2018,-0.648472321696211,0.948013420115903,0.0461172528865576
2019,-0.888721350185499,-1.78282190208005,-2.64164340780315
