"Year","OPR","DPR","CCWM"
2017,0.432762162150885,-1.83183153693975,-1.18112637316763
2018,-0.62521946395306,1.91755568822075,0.583406726325761
2019,0.231329589249695,1.29698819609603,1.41078357434946
