"Year","OPR","DPR","CCWM"
2017,1.76369561193177,-1.55629232367233,0.748630576516224
2018,1.37678345199281,-1.0338792051629,0.427781552920962
2019,1.43792050869048,-1.79219572786699,0.213581707287055
