"Year","OPR","DPR","CCWM"
2017,0.557864820950286,-1.68708688450902,-0.887870080594801
2018,-0.0349281396081866,1.79248243195807,0.937703556379853
2019,-0.233373184551715,-1.34696216418773,-1.45668771108804
2020,-1.39855874877283,2.07138385991767,-0.0249102697575341
