"Year","OPR","DPR","CCWM"
2017,1.37137927906963,-0.91727961485237,0.85774152626083
2018,1.50449585684313,0.326236314655566,1.24940998246427
2019,0.012349603297371,0.0958798661312267,0.0984446647856752
2020,-0.372022018104166,1.07218035450441,0.327776014855029
