"Year","OPR","DPR","CCWM"
2018,0.635705824534551,-0.72886201089244,0.0624614747671913
2019,1.15625344641677,-0.376922865047655,1.0957266819988
