"Year","OPR","DPR","CCWM"
2018,-0.193481432663937,0.456265677805226,0.106889493323029
2019,-0.570588278243293,1.303937849505,0.429909019468947
2020,-0.204181391759899,0.86158236575989,0.355139466297932
