"Year","OPR","DPR","CCWM"
2018,0.393707350903917,-1.21498921969572,-0.371396659796249
2019,0.999777807665867,-1.15680495999158,0.226034023322771
