"Year","OPR","DPR","CCWM"
2018,-0.512406840992354,-0.392776685890809,-0.576795754952251
2019,-0.161811679868122,-0.871029687940941,-0.955397114070094
2020,-0.469464007219383,-1.18397094796392,-1.21414983093041
