"Year","OPR","DPR","CCWM"
2018,-0.711231736400538,-0.406553304108747,-0.726154938534072
