"Year","OPR","DPR","CCWM"
2018,-0.840414423472889,2.74479389576205,0.87402142980963
