"Year","OPR","DPR","CCWM"
2018,-0.731455257581824,-1.53421515185217,-1.34619866467921
2019,-0.268509773737832,-1.60316376768589,-1.72237281755199
