"Year","OPR","DPR","CCWM"
2018,0.837554668486298,0.206701656055696,0.709020075470015
2019,-0.614073723012445,-0.717111788253288,-1.37835253190941
2020,0.585975047649391,-0.425424297050232,0.2943245755012
