"Year","OPR","DPR","CCWM"
2018,-0.93992522061822,0.738460463160634,-0.274518652214244
2019,0.687390230780014,-0.549922994327461,0.368498993894304
