"Year","OPR","DPR","CCWM"
2018,-0.90383926757157,-0.783483536793335,-1.0661044552484
2019,-1.51692858112279,1.12359043155585,-0.89132184007949
