"Year","OPR","DPR","CCWM"
2018,-0.555966279724852,-0.318082513202276,-0.567783029932725
2019,-0.428124327013938,0.749387073856488,0.123757286169379
