"Year","OPR","DPR","CCWM"
2018,-0.0362800813773708,-0.844271666205785,-0.479315040497909
2019,-1.99187950335863,-0.20352557420543,-2.62808459117449
