"Year","OPR","DPR","CCWM"
2017,-3.57577730528844,4.12907660552725,-0.601184262686426
2018,0.372322917726854,-0.73070818931248,-0.126584812211185
2019,-0.821758384078363,0.154289237173074,-0.877366702571522
2020,-0.0368587945075603,1.20066701984756,0.734688783881131
