"Year","OPR","DPR","CCWM"
2018,-0.179284305234559,-0.534565680612987,-0.415093955285157
