"Year","OPR","DPR","CCWM"
2018,0.227234689161574,-1.27814291418176,-0.52417408975695
2019,0.515391520012379,-1.15109409456576,-0.365134661549205
