"Year","OPR","DPR","CCWM"
2018,0.832902361116526,1.04112322520301,1.15381954493192
2019,-1.79164832335324,1.37895891927083,-1.0076956866398
