"Year","OPR","DPR","CCWM"
2018,0.0322520615829921,1.69552536758511,0.933599847723944
2019,-1.42815686644877,1.76944925162817,-0.221315008212834
