"Year","OPR","DPR","CCWM"
2018,0.49191679576489,0.317766083332765,0.521881904514421
2019,0.600264723464999,0.544138790697545,1.21117690722048
