"Year","OPR","DPR","CCWM"
2018,-1.69668483348469,-0.0192651713663823,-1.22177543198692
