"Year","OPR","DPR","CCWM"
2018,0.85010913299963,1.1303845391502,1.21404240644384
2019,0.757324588753357,-0.492095926734136,0.504773620621972
2020,0.168607464329809,-1.0086918884255,-0.483967170105684
