"Year","OPR","DPR","CCWM"
2018,-0.0207700314879975,-0.270901563530877,-0.160315850921521
2019,0.796586088230988,-0.4766113973257,0.566536368342841
2020,-0.707178116894573,-0.7788066542909,-1.18432051238583
