"Year","OPR","DPR","CCWM"
2018,-0.556403491826867,-0.58754320685925,-0.712807482478159
2019,-0.744144584270142,0.102698687080848,-0.826641230937205
