"Year","OPR","DPR","CCWM"
2018,0.180859215744937,-0.139272633748674,0.054337525862579
2019,0.695237250139714,-0.51812584252425,0.405763583240616
