"Year","OPR","DPR","CCWM"
2018,-1.42960404464528,-0.330176538067389,-1.19805346954263
2019,-1.0073437157835,1.65806008348795,0.199861626150299
