"Year","OPR","DPR","CCWM"
2018,1.06025335079676,-0.11094320780475,0.697437127765133
2019,-1.13608646104223,0.834397538123773,-0.673712259434543
