"Year","OPR","DPR","CCWM"
2018,-1.54123225292358,0.529692094363992,-0.815968358611557
