"Year","OPR","DPR","CCWM"
2018,-1.3460509016196,-2.43027335470924,-2.26624138191896
2019,-0.57926921120593,0.0484043615464536,-0.670871739788369
