"Year","OPR","DPR","CCWM"
2018,0.696406646320892,-0.3121478005378,0.329595647063064
2019,0.191340014192625,1.35696027635058,1.41363881288282
