"Year","OPR","DPR","CCWM"
2018,-1.16287104263078,-0.260636386950151,-0.970260571317429
2019,-0.567560382277462,1.05381182438306,0.216467407194002
