"Year","OPR","DPR","CCWM"
2018,-0.755924678643452,-0.30546775092651,-0.703778196486684
2019,-0.188426206795141,-0.0698215874488994,-0.292514849805187
