"Year","OPR","DPR","CCWM"
2018,-1.23498469383537,0.50363902414128,-0.611299933306664
2019,-0.0260217594484039,2.57472117437454,2.20343669081392
