"Year","OPR","DPR","CCWM"
2018,0.983636487233303,0.0655193643675536,0.737501046896908
2019,-0.786482707591184,-1.39667666847645,-2.18055527547391
