"Year","OPR","DPR","CCWM"
2018,-0.496049774097556,0.0188850416114574,-0.344036330954165
2019,-0.000926870278558242,0.154188602233434,0.132731150524104
