"Year","OPR","DPR","CCWM"
2018,0.74802036353542,-1.17724964781022,-0.0981501438756133
2019,0.602956391632685,-0.488052202789325,0.318305858948811
2020,0.758672007883333,0.113034790802015,0.806999462673613
