"Year","OPR","DPR","CCWM"
2018,0.23391283384137,0.378379529071933,0.370219746762666
