"Year","OPR","DPR","CCWM"
2018,-0.467566108478301,0.190349477730494,-0.231615088162906
