"Year","OPR","DPR","CCWM"
2018,-1.67769422308745,-1.90209378516062,-2.21937823537598
2019,-0.852087842349211,1.20358203904687,-0.00366069765799551
