"Year","OPR","DPR","CCWM"
2018,-0.888680089993857,0.157703601652109,-0.54982180735447
2019,-0.971649360962162,1.27331271794497,-0.0902607252536398
