"Year","OPR","DPR","CCWM"
2018,0.188276962467287,-0.107852570346297,0.0765077411166579
2019,0.142553487611065,0.361012281060114,0.488881725065062
