"Year","OPR","DPR","CCWM"
2018,0.0212449612322453,0.615360262396493,0.345644472317948
2019,1.23057816983313,0.778753027425914,2.19059449376799
