"Year","OPR","DPR","CCWM"
2018,-1.19111382522986,0.390299192013571,-0.640844722684655
