"Year","OPR","DPR","CCWM"
2018,-0.0916011134682248,-2.16663662369718,-1.22898247349817
2019,-0.468212240031846,0.139935367037883,-0.45472520442558
