"Year","OPR","DPR","CCWM"
2007,0.555836427316578,0.193944637654974,0.507976916408973
