"Year","OPR","DPR","CCWM"
2018,0.10151104212907,-0.222741804192006,-0.0471435211362094
2019,0.0872640761662865,0.263220445006743,0.335931634319747
