"Year","OPR","DPR","CCWM"
2018,-1.7257097275774,-0.772992554142421,-1.64728400893722
2019,-0.902744439306902,1.2373951469644,-0.0366453230616643
