"Year","OPR","DPR","CCWM"
2018,-1.15360985131663,0.858757760569653,-0.362484044116254
2019,-0.212559487653728,0.298145584172533,-0.00273359557356313
