"Year","OPR","DPR","CCWM"
2018,0.311894690072698,-0.452576651563306,-0.020361521892718
2019,0.974248809741528,-0.969568050309206,0.357181373223201
