"Year","OPR","DPR","CCWM"
2018,-0.379607795328586,-1.11873619710573,-0.871849827590221
2019,-1.50204409279938,0.919144642276489,-1.05051057068477
