"Year","OPR","DPR","CCWM"
2018,-0.41032219923919,1.85297752059884,0.702161567848705
2019,0.0657125538246719,0.661392209694207,0.655114884947645
