"Year","OPR","DPR","CCWM"
2018,0.711512911999533,-0.130259661473955,0.438063444640293
