"Year","OPR","DPR","CCWM"
2018,-0.308108262512778,-2.23937987773297,-1.42263443241089
2019,0.423122011953257,-1.17664545318949,-0.500873949594892
