"Year","OPR","DPR","CCWM"
2018,-1.25999932312269,0.336010192565133,-0.719184402989624
2019,-1.59592112322095,0.750017812640303,-1.31288536410726
