"Year","OPR","DPR","CCWM"
2018,0.112491583999056,-0.169524246495895,-0.010723261715179
2019,-0.877762355494922,-0.233795878799186,-1.2832387799964
