"Year","OPR","DPR","CCWM"
2018,-1.0362754202152,-1.0795676830478,-1.31967382573657
2019,0.0279357316683513,-0.760489511660619,-0.625903000837536
