"Year","OPR","DPR","CCWM"
2018,-0.859150094104484,-0.264085324387365,-0.755256723465146
2019,-0.012880696835532,-0.628455261079098,-0.561498509239373
