"Year","OPR","DPR","CCWM"
2018,-1.72373906726888,-0.158477499586587,-1.31585525837645
2019,0.110047507250424,-0.332279770177559,-0.153062857286333
