"Year","OPR","DPR","CCWM"
2018,0.327604225517977,-1.92951605996257,-0.802326589856789
