"Year","OPR","DPR","CCWM"
2018,0.591566075092165,-0.138905692718157,0.347778370426222
2019,0.621931768568068,-0.661243198389072,0.191288209086349
