"Year","OPR","DPR","CCWM"
2018,-0.766567403395447,-0.648245223130919,-0.895463707916721
