"Year","OPR","DPR","CCWM"
2018,0.135345150529396,0.601570523552774,0.4197060545342
2019,-1.02327267825706,-0.161352771409655,-1.39941859432547
