"Year","OPR","DPR","CCWM"
2018,-0.236836674195377,1.37045508315767,0.566894002444777
2019,0.097632918555686,0.149089247126487,0.249599792699285
