"Year","OPR","DPR","CCWM"
2018,-1.71892713358765,-0.940527660052335,-1.73241499734032
