"Year","OPR","DPR","CCWM"
2018,-1.91625218595149,-2.31864242656264,-2.61341309165945
2019,-0.312103763948306,0.566833859131753,0.108043114452516
