"Year","OPR","DPR","CCWM"
2018,0.198916242750896,0.416184493811979,0.365535193261411
2019,-1.14565166337589,0.991232922772861,-0.549314149332081
