"Year","OPR","DPR","CCWM"
2018,-0.0285648400661037,0.300979745315348,0.14124417372839
2019,-0.648199361828732,1.01068540682483,0.07978236957604
