"Year","OPR","DPR","CCWM"
2018,-0.882326663020896,-0.275226465672178,-0.777788026490763
2019,-0.0516087959801437,0.371365120048718,0.258917758775021
