"Year","OPR","DPR","CCWM"
2018,-1.23811486387086,-0.949712429972562,-1.39404873652841
