"Year","OPR","DPR","CCWM"
2018,-0.370960116279371,-1.46701018705014,-1.05271390634839
