"Year","OPR","DPR","CCWM"
2018,-0.21693903834801,-0.77873453107526,-0.573108798826334
2019,-0.0360209768267037,0.201005767963374,0.130189621632873
