"Year","OPR","DPR","CCWM"
2018,-0.35095864254519,-1.29309876766187,-0.94503479163057
