"Year","OPR","DPR","CCWM"
2018,-1.13818080564971,-0.662975435570637,-1.16870562197045
2019,-0.957161569393698,1.06131068477327,-0.25649825497148
