"Year","OPR","DPR","CCWM"
2018,-1.58994542855048,1.18779385792823,-0.497319767536914
2019,-0.681739227081646,-0.854303365708042,-1.58074190481886
