"Year","OPR","DPR","CCWM"
2018,-0.0735967758566855,-0.610969284954262,-0.380665402466047
2019,-0.0869767343397152,-2.17169394424613,-1.99258019637196
