"Year","OPR","DPR","CCWM"
2018,-1.18474411124447,0.495854803519021,-0.579608739454176
