"Year","OPR","DPR","CCWM"
2008,6.43452432721033,-4.99455679699469,2.05768777389525
