"Year","OPR","DPR","CCWM"
2018,-0.0845113897691272,-1.8025001053996,-1.02836304654158
2019,0.326676518850072,-0.486705346252166,-0.0205383152706118
