"Year","OPR","DPR","CCWM"
2019,-1.34340305953371,0.44378783358474,-1.26799448792237
