"Year","OPR","DPR","CCWM"
2019,0.700787818803331,-0.0296154654272835,0.836736060863142
2020,-1.3601608653965,0.579827269118391,-0.944749618227734
