"Year","OPR","DPR","CCWM"
2019,0.392040497517107,-0.483016255798866,0.0631071633806816
