"Year","OPR","DPR","CCWM"
2019,-1.27656126596628,1.05056810941207,-0.658905819515135
