"Year","OPR","DPR","CCWM"
2019,-0.343691912279962,1.17074598933226,0.593505283815398
