"Year","OPR","DPR","CCWM"
2019,1.19131564078929,-1.42356331096264,0.230148052016326
