"Year","OPR","DPR","CCWM"
2019,-0.496796255507511,0.714000600920596,0.00852000719353289
