"Year","OPR","DPR","CCWM"
2019,0.773574008713812,0.253274803036047,1.17192799005319
