"Year","OPR","DPR","CCWM"
2019,0.517788333118892,0.124612966257358,0.745427712463265
