"Year","OPR","DPR","CCWM"
2019,0.520901125805373,-0.811471388809405,-0.0634819822963237
