"Year","OPR","DPR","CCWM"
2019,0.11950629845954,0.49255536626345,0.574728110606059
