"Year","OPR","DPR","CCWM"
2019,-0.997543816134082,1.69179557275978,0.241212527555395
2020,-1.25551829564394,-1.3581386046867,-2.08688228222468
