"Year","OPR","DPR","CCWM"
2019,-0.256690695584848,-0.118604600420105,-0.418882034569382
