"Year","OPR","DPR","CCWM"
2019,-0.122194559999151,0.466810446265337,0.254917808739935
