"Year","OPR","DPR","CCWM"
2019,-0.976035511988356,1.2077796971859,-0.152556714244347
