"Year","OPR","DPR","CCWM"
2019,-0.447182169042186,0.525879194512636,-0.0937541301700079
2020,-0.715158344198402,0.167621460086903,-0.584799010736487
