"Year","OPR","DPR","CCWM"
2019,-1.21152533094064,-0.479921955331285,-1.90769105373308
