"Year","OPR","DPR","CCWM"
2019,-0.873127344046967,0.414881657977843,-0.714330440275566
