"Year","OPR","DPR","CCWM"
2019,0.423091258112071,-1.31731080093543,-0.623042280333928
