"Year","OPR","DPR","CCWM"
2019,0.649826979876543,-0.165038057597768,0.656440766502244
