"Year","OPR","DPR","CCWM"
2019,0.0206384556216975,-1.182538040712,-1.00132066806016
