"Year","OPR","DPR","CCWM"
2019,-0.25003764930753,0.312605547938482,-0.0363027791121482
