"Year","OPR","DPR","CCWM"
2019,0.413064713040271,-1.05533963314867,-0.407929442829305
