"Year","OPR","DPR","CCWM"
2019,-2.12634188431732,2.45484012017504,-0.485481129684422
