"Year","OPR","DPR","CCWM"
2019,-2.02524953302492,2.01777988848244,-0.740538957894955
