"Year","OPR","DPR","CCWM"
2019,0.968752346561504,-1.37166752709385,0.00130039162814468
