"Year","OPR","DPR","CCWM"
2019,-2.03131761327269,0.944789174878558,-1.67961421646048
