"Year","OPR","DPR","CCWM"
2019,-1.13949359018227,1.02027445730968,-0.516520642583307
