"Year","OPR","DPR","CCWM"
2019,-1.78291520112894,0.0773119621452953,-2.12708252173599
