"Year","OPR","DPR","CCWM"
2019,-0.272537371732791,-0.980494968599536,-1.18670710206756
