"Year","OPR","DPR","CCWM"
2019,-1.55757950480852,2.2084233709812,0.000538856835004705
