"Year","OPR","DPR","CCWM"
2019,-0.978309951595873,1.03707790126209,-0.303564991073181
