"Year","OPR","DPR","CCWM"
2019,-0.596920869566249,0.953350895649727,0.0931102628066841
