"Year","OPR","DPR","CCWM"
2019,-1.84071573824989,0.765838173526533,-1.60041470316513
