"Year","OPR","DPR","CCWM"
2019,-0.366630586346903,0.115180918565822,-0.3512028243916
