"Year","OPR","DPR","CCWM"
2019,0.595753863732715,-1.08056987662082,-0.205002364997579
