"Year","OPR","DPR","CCWM"
2009,-4.57279127018567,-7.10851169129603,-7.99649865004049
