"Year","OPR","DPR","CCWM"
2019,-0.883095360399963,1.09645933260377,-0.134828802527121
