"Year","OPR","DPR","CCWM"
2019,-0.399842536537094,0.763282105431094,0.170627411523936
