"Year","OPR","DPR","CCWM"
2019,0.28926446783949,-1.39042296855436,-0.851219428796323
