"Year","OPR","DPR","CCWM"
2019,0.524579593945035,-0.655086537234159,0.0768237492922139
