"Year","OPR","DPR","CCWM"
2019,0.486328989493095,0.129802596481233,0.711216977696407
