"Year","OPR","DPR","CCWM"
2019,0.813906736886076,-0.873945714596379,0.242873344508345
