"Year","OPR","DPR","CCWM"
2019,-1.05292996055029,-0.230305564254353,-1.49578455503003
