"Year","OPR","DPR","CCWM"
2019,0.303550019124704,-0.669074952050656,-0.207339307654416
