"Year","OPR","DPR","CCWM"
2019,0.0795034776951279,-0.127593039004732,-0.0129368989050372
