"Year","OPR","DPR","CCWM"
2019,0.668590646672033,-0.663644487597247,0.246625719939914
