"Year","OPR","DPR","CCWM"
2019,-0.974820081751482,1.10072801495234,-0.244006846640072
