"Year","OPR","DPR","CCWM"
2019,-0.541966964043211,1.22949931657182,0.400502759411677
