"Year","OPR","DPR","CCWM"
2019,-0.762699082307553,0.706914657359846,-0.324874936162168
2020,-0.502827587819971,1.35715451116788,0.383987619086123
