"Year","OPR","DPR","CCWM"
2019,-1.22853670204374,0.0514062008201278,-1.46730935709781
