"Year","OPR","DPR","CCWM"
2019,-0.475870807483691,-0.527543411183784,-1.04367847295645
