"Year","OPR","DPR","CCWM"
2019,0.218695761765922,0.450650980628445,0.660416293234455
2020,-1.02280304346308,0.692419257492337,-0.545910590321302
