"Year","OPR","DPR","CCWM"
2019,1.23929120262208,-0.557941144151676,1.04075374051927
