"Year","OPR","DPR","CCWM"
2019,0.387891172218173,-0.658647754473667,-0.0944886447055975
2020,-0.819592763200187,1.74088791061395,0.323536724145962
