"Year","OPR","DPR","CCWM"
2019,-0.308868460002924,0.484260867955917,0.0403320504809876
