"Year","OPR","DPR","CCWM"
2019,-0.47127843661018,0.608138019892643,-0.0519891157276747
