"Year","OPR","DPR","CCWM"
2016,-4.88957268812184,-3.87513808079831,-10.3703792310242
2019,0.955412639186855,-1.01542065335891,0.294189172566623
