"Year","OPR","DPR","CCWM"
2019,-0.438402463508864,-1.96959251719765,-2.2496032589623
