"Year","OPR","DPR","CCWM"
2019,-0.557843295081575,-0.621854716566682,-1.22644511547934
