"Year","OPR","DPR","CCWM"
2019,-0.135512788750151,1.23939387600579,0.90931070938101
