"Year","OPR","DPR","CCWM"
2019,0.809939501451428,-1.29932630754248,-0.131339103114824
