"Year","OPR","DPR","CCWM"
2019,0.677796798596382,-1.16625003387303,-0.178423789094284
