"Year","OPR","DPR","CCWM"
2019,-0.444274371493226,1.2170583975174,0.509929958144335
