"Year","OPR","DPR","CCWM"
2019,-1.27825271458128,1.75964655449431,-0.0453412193056355
