"Year","OPR","DPR","CCWM"
2019,-0.155468859762535,0.0254328312701908,-0.169251573901953
