"Year","OPR","DPR","CCWM"
2019,-0.768319131914111,4.07888388098983,2.59586795511556
