"Year","OPR","DPR","CCWM"
2019,0.0316785781511054,0.227799413495572,0.236769627224821
