"Year","OPR","DPR","CCWM"
2019,-0.446907665717285,0.393950674872981,-0.207961171417447
2020,-0.746856199031859,0.699166523305325,-0.274435920061277
