"Year","OPR","DPR","CCWM"
2019,-1.00531391399908,1.88880877263201,0.402703604278804
