"Year","OPR","DPR","CCWM"
2019,-0.617564080024974,0.357121443923611,-0.449961903721398
