"Year","OPR","DPR","CCWM"
2016,0.332893478430448,-3.02800145307449,-2.60783721727386
2019,-0.340181847548667,1.12234480398879,0.555801498461409
