"Year","OPR","DPR","CCWM"
2019,0.871796121137679,0.886854789318624,1.84290438203752
