"Year","OPR","DPR","CCWM"
2019,-1.72731997568538,2.37088602428356,-0.0673025839557557
