"Year","OPR","DPR","CCWM"
2019,-1.29274946486243,1.41528086813968,-0.362172263152455
