"Year","OPR","DPR","CCWM"
2019,-0.91720739836309,-0.360568096980712,-1.44185120256026
