"Year","OPR","DPR","CCWM"
2019,-1.28774364717659,0.940697583153464,-0.768061172578941
