"Year","OPR","DPR","CCWM"
2019,-1.92080944478033,2.05164969560711,-0.582599153992635
