"Year","OPR","DPR","CCWM"
2019,-2.14069183270913,1.13929224786218,-1.64534521069491
