"Year","OPR","DPR","CCWM"
2019,0.732151862447746,-0.347497370848007,0.599339346662952
