"Year","OPR","DPR","CCWM"
2019,-0.94389090295744,-0.494086340857338,-1.59061531936956
