"Year","OPR","DPR","CCWM"
2019,-0.545430627775894,-2.25807646498163,-2.63179290490687
