"Year","OPR","DPR","CCWM"
2019,-1.36607645498279,-0.239989100872194,-1.88957690222053
