"Year","OPR","DPR","CCWM"
2019,0.295750309125681,0.170247877278639,0.511790589724711
