"Year","OPR","DPR","CCWM"
2020,-0.560636077485819,0.540941648191121,-0.195675552703821
