"Year","OPR","DPR","CCWM"
2020,0.0165666756966728,-1.65181675020877,-1.04380036951429
