"Year","OPR","DPR","CCWM"
2007,-0.289389914764228,1.07174694905626,0.621080061708502
2008,0.028238133397689,0.0947326437222059,0.106416837292095
2009,-0.801321541669488,-0.200488537599569,-0.71636734977444
2010,0.183276393061908,0.0609535869295796,0.215814808932475
