"Year","OPR","DPR","CCWM"
2020,1.01107282815337,-0.578156149209976,0.607868006080945
