"Year","OPR","DPR","CCWM"
2007,-0.186890385900762,-0.596827397968921,-0.572235981046624
