"Year","OPR","DPR","CCWM"
2020,-0.954892379230019,-2.19429311093071,-2.33233830953091
