"Year","OPR","DPR","CCWM"
2007,-0.898922018217716,1.66135150662034,0.669856760642196
