"Year","OPR","DPR","CCWM"
2017,1.89023880427913,-2.01112314987099,0.479326044897686
2018,-1.82426021086929,-2.13418518217759,-2.44866934621209
2019,-0.910756584450665,-0.641751432369438,-1.67804530288064
