"Year","OPR","DPR","CCWM"
2017,-1.535269160236,0.77766285095678,-1.19485120839389
