"Year","OPR","DPR","CCWM"
2017,-1.04961592835347,-0.956075337381708,-2.21726291117847
