"Year","OPR","DPR","CCWM"
2017,0.472448126857196,-1.35333385430484,-0.680917635340788
