"Year","OPR","DPR","CCWM"
2017,-1.02379574906008,2.56012727021314,1.12487623936848
