"Year","OPR","DPR","CCWM"
2017,0.550244332043366,-0.328465159448297,0.381410066200774
