"Year","OPR","DPR","CCWM"
2007,-0.66924064809313,-1.74645063182765,-1.7540738062434
2008,-1.98513237117809,-0.412641588430093,-2.26572634860075
