"Year","OPR","DPR","CCWM"
2017,-1.19297654595255,1.67789127100939,0.0821130657036289
