"Year","OPR","DPR","CCWM"
2018,-0.866339275356073,0.580260299213517,-0.306938921092923
