"Year","OPR","DPR","CCWM"
2019,-0.953468492780049,0.0996099531864996,-1.08693482009664
