"Year","OPR","DPR","CCWM"
2019,0.108443783387508,2.09583917079345,1.95313965917199
