"Year","OPR","DPR","CCWM"
2019,-1.79561661715234,0.952984935618739,-1.38242463895216
