"Year","OPR","DPR","CCWM"
2015,0.793405843939505,-3.78610625390144,-3.25039396699967
