"Year","OPR","DPR","CCWM"
2017,-1.85503297493718,0.0764597385517863,-2.25620189263762
