"Year","OPR","DPR","CCWM"
2016,0.51553556808822,-2.5566971472805,-1.89172658380909
2019,-1.64806342508269,1.11844734611555,-1.05717296015586
