"Year","OPR","DPR","CCWM"
2007,-0.837648808944141,-1.03477372710768,-1.32620352060716
2008,-0.254610614138196,-1.61911447529442,-1.59813472648977
2009,1.01733733508168,1.19494981379486,1.52573935590453
2010,2.12696264454777,-0.744339801677608,1.31955576587623
