"Year","OPR","DPR","CCWM"
2017,0.748837870777708,1.93389921531135,2.76017599221423
