"Year","OPR","DPR","CCWM"
2018,-0.0493781219600418,0.945287920621543,0.472405461046441
2019,-0.0170022385901123,-0.218159819023391,-0.210338246019103
