"Year","OPR","DPR","CCWM"
2014,-0.0726190341937691,1.92945773580655,1.31790460629294
2018,-1.7397479662379,2.14403289821508,-0.090735880666977
2019,-2.82241149991454,4.14415157956508,0.12459445395422
