"Year","OPR","DPR","CCWM"
2014,-0.317776205327465,-1.15921120483655,-1.13095439335687
2018,0.182105361110743,1.09249684369484,0.716741839554747
2019,-2.42579417476605,3.64603296767898,0.180221867686352
