"Year","OPR","DPR","CCWM"
2014,-1.27701686925748,0.0486327950701803,-1.16348442123624
2016,-1.93051993725245,1.14211970787593,-1.40446005777324
2017,-0.60703338456545,-0.171481181682592,-0.923273359134287
2018,-3.2408282476925,1.83152365397394,-1.33033510732331
2019,-0.866172511600529,1.67908059687504,0.391849674451914
